Time Stamp,ID,Extended,Dir,Bus,LEN,D1,D2,D3,D4,D5,D6,D7,D8
0,00000480,false,Rx,0,8,1C,AC,00,00,19,40,00,E9,
0,00000580,false,Rx,0,8,80,00,00,14,1C,93,48,14,
0,00000588,false,Rx,0,8,0A,00,70,00,00,00,00,00,
0,00000284,false,Rx,0,6,00,00,00,00,00,00,00,00,
0,00000280,false,Rx,0,8,01,86,00,00,0D,00,28,0D,
0,00000288,false,Rx,0,8,2C,33,10,00,00,75,0D,86,
0,00000380,false,Rx,0,8,00,00,00,00,20,00,00,FE,
0,00000488,false,Rx,0,8,74,00,00,70,FE,FE,00,04,
0,00000480,false,Rx,0,8,1C,AC,00,00,19,40,00,E9,
0,00000284,false,Rx,0,6,01,01,00,00,00,00,00,00,
419000,00000588,false,Rx,0,8,0A,00,70,00,00,00,00,00,
0,00000280,false,Rx,0,8,01,00,00,00,0D,00,28,0D,
0,00000288,false,Rx,0,8,2C,33,10,00,00,75,0D,8D,
0,00000380,false,Rx,0,8,00,00,00,C1,20,00,00,FE,
0,00000488,false,Rx,0,8,93,0D,00,70,FE,FF,FF,10,
0,00000280,false,Rx,0,8,01,00,00,00,0D,00,28,0D,
0,00000288,false,Rx,0,8,2C,33,10,00,00,75,0D,8D,
0,00000380,false,Rx,0,8,00,00,00,C1,20,00,00,FE,
0,00000488,false,Rx,0,8,5C,0D,00,70,FE,FF,00,20,
0,00000480,false,Rx,0,8,1C,AC,00,00,19,40,00,E9,
0,00000284,false,Rx,0,6,02,02,00,00,00,00,00,00,
0,00000588,false,Rx,0,8,0A,00,70,00,00,00,00,00,
0,00000280,false,Rx,0,8,01,00,00,00,0D,00,28,0D,
0,00000288,false,Rx,0,8,2C,33,10,00,00,75,0D,89,
0,00000380,false,Rx,0,8,00,00,00,B9,20,00,00,FE,
0,00000488,false,Rx,0,8,4C,0D,00,70,FE,FF,00,30,
0,00000280,false,Rx,0,8,01,00,00,00,0D,00,28,0D,
0,00000288,false,Rx,0,8,64,33,10,00,00,75,0D,89,
0,00000380,false,Rx,0,8,00,00,00,B9,20,00,00,FE,
0,00000488,false,Rx,0,8,3C,0D,00,70,FE,FF,00,40,
0,00000480,false,Rx,0,8,1C,AC,00,00,19,40,00,E9,
0,00000284,false,Rx,0,6,03,03,00,00,00,00,00,00,
0,00000588,false,Rx,0,8,0A,00,70,00,00,00,00,00,
0,00000280,false,Rx,0,8,01,00,00,00,0D,00,28,0D,
0,00000288,false,Rx,0,8,64,33,11,00,00,75,0D,89,
0,00000380,false,Rx,0,8,00,00,00,B2,20,00,00,FE,
0,00000488,false,Rx,0,8,D3,0D,00,70,FE,FF,FF,50,
0,00000280,false,Rx,0,8,01,00,00,00,35,00,28,35,
0,00000288,false,Rx,0,8,64,33,11,00,00,75,85,89,
0,00000380,false,Rx,0,8,00,00,00,B2,20,00,00,FE,
0,00000488,false,Rx,0,8,DB,35,00,70,FE,FF,FF,60,
0,00000480,false,Rx,0,8,54,AC,00,00,19,40,00,A1,
0,00000284,false,Rx,0,6,04,04,00,00,00,00,00,00,
0,00000588,false,Rx,0,8,0A,00,70,00,00,00,00,00,
0,00000280,false,Rx,0,8,01,00,00,00,34,00,28,34,
0,00000288,false,Rx,0,8,64,33,11,00,00,75,85,8A,
0,00000380,false,Rx,0,8,00,00,00,AC,20,00,00,FE,
0,00000488,false,Rx,0,8,CA,34,00,70,FE,FF,FF,70,
0,00000280,false,Rx,0,8,01,00,00,00,34,00,28,34,
0,00000288,false,Rx,0,8,8A,33,11,00,00,75,85,8A,
0,00000380,false,Rx,0,8,00,00,00,AC,20,00,00,FE,
0,00000488,false,Rx,0,8,3A,34,00,70,FE,FF,FF,80,
0,00000480,false,Rx,0,8,54,AC,00,00,19,40,00,A1,
0,00000284,false,Rx,0,6,05,05,00,00,00,00,00,00,
0,00000588,false,Rx,0,8,0A,00,70,00,00,00,00,00,
0,00000280,false,Rx,0,8,01,00,00,00,34,00,28,34,
0,00000288,false,Rx,0,8,8A,33,11,00,00,75,85,8A,
0,00000380,false,Rx,0,8,00,00,00,A8,20,00,00,FE,
0,00000488,false,Rx,0,8,2A,34,00,70,FE,FF,FF,90,
0,00000280,false,Rx,0,8,01,00,00,00,34,00,28,34,
0,00000288,false,Rx,0,8,8A,33,11,00,00,75,85,8A,
0,00000380,false,Rx,0,8,00,00,00,A8,20,00,00,FE,
0,00000488,false,Rx,0,8,1A,34,00,70,FE,FF,FF,A0,
0,00000480,false,Rx,0,8,54,AC,00,00,19,40,00,A1,
0,00000284,false,Rx,0,6,06,06,00,00,00,00,00,00,
521000,00000588,false,Rx,0,8,0A,00,70,00,00,00,00,00,
0,00000280,false,Rx,0,8,01,00,00,00,34,00,28,34,
0,00000288,false,Rx,0,8,8A,33,11,00,00,75,85,8D,
0,00000380,false,Rx,0,8,00,00,00,A4,20,00,00,FE,
0,00000488,false,Rx,0,8,0A,34,00,70,FE,FF,FF,B0,
0,00000280,false,Rx,0,8,01,00,00,00,34,00,28,34,
0,00000288,false,Rx,0,8,E8,33,11,00,00,75,85,8D,
0,00000380,false,Rx,0,8,00,00,00,A4,20,00,00,FE,
0,00000488,false,Rx,0,8,7A,34,00,70,FE,FF,FF,C0,
0,00000480,false,Rx,0,8,54,AC,00,00,19,40,00,A1,
0,00000284,false,Rx,0,6,07,07,00,00,00,00,00,00,
542000,00000588,false,Rx,0,8,0A,00,70,00,00,00,00,00,
0,00000280,false,Rx,0,8,01,00,00,00,34,00,28,34,
0,00000288,false,Rx,0,8,E8,33,11,00,00,75,85,8D,
0,00000380,false,Rx,0,8,00,00,00,A2,20,00,00,FE,
550000,00000488,false,Rx,0,8,6A,34,00,70,FE,FF,FF,D0,
0,00000280,false,Rx,0,8,01,00,00,00,34,00,28,34,
0,00000288,false,Rx,0,8,E8,33,11,00,00,75,85,8D,
0,00000380,false,Rx,0,8,00,00,00,A2,20,00,00,FE,
0,00000488,false,Rx,0,8,5A,34,00,70,FE,FF,FF,E0,
0,00000480,false,Rx,0,8,84,AC,00,00,19,40,00,71,
0,00000284,false,Rx,0,6,08,08,00,00,00,00,00,00,
562000,00000588,false,Rx,0,8,0A,00,70,00,00,00,00,00,
0,00000280,false,Rx,0,8,01,00,00,00,34,00,28,34,
0,00000288,false,Rx,0,8,E8,33,11,00,00,75,85,8D,
0,00000380,false,Rx,0,8,00,00,00,9F,20,00,00,FE,
0,00000488,false,Rx,0,8,4A,34,00,70,FE,FF,FF,F0,
574000,00000280,false,Rx,0,8,01,00,00,00,34,00,28,34,
0,00000288,false,Rx,0,8,2C,33,11,00,00,75,6F,8D,
0,00000380,false,Rx,0,8,00,00,00,9F,20,00,00,FE,
0,00000488,false,Rx,0,8,45,34,00,70,FE,FF,00,00,
0,00000480,false,Rx,0,8,84,AC,00,00,19,40,00,71,
0,00000284,false,Rx,0,6,09,09,00,00,00,00,00,00,
0,00000588,false,Rx,0,8,0A,00,70,00,00,00,00,00,
0,00000280,false,Rx,0,8,01,00,00,00,33,00,28,33,
0,00000288,false,Rx,0,8,2C,33,D1,00,00,75,6F,8D,
0,00000380,false,Rx,0,8,00,00,00,9E,20,00,00,FE,
0,00000488,false,Rx,0,8,AD,33,00,70,FE,FF,FF,10,
0,00000280,false,Rx,0,8,A1,00,00,00,33,00,28,33,
0,00000288,false,Rx,0,8,2C,33,D1,00,00,75,6F,8D,
0,00000380,false,Rx,0,8,20,00,00,9E,20,00,00,FE,
0,00000488,false,Rx,0,8,62,33,00,70,FE,FF,00,20,
0,00000480,false,Rx,0,8,84,AC,00,00,19,40,00,71,
0,00000284,false,Rx,0,6,0A,0A,00,00,00,00,00,00,
599000,00000588,false,Rx,0,8,0A,00,70,00,00,00,00,00,
0,00000280,false,Rx,0,8,A1,00,00,00,33,00,28,33,
0,00000288,false,Rx,0,8,2C,33,D1,00,00,75,6F,8D,
0,00000380,false,Rx,0,8,20,00,00,9C,20,00,00,FE,
0,00000488,false,Rx,0,8,72,33,00,70,FE,FF,00,30,
0,00000280,false,Rx,0,8,A1,00,00,00,33,00,28,33,
0,00000288,false,Rx,0,8,64,33,D1,00,00,75,6F,8D,
0,00000380,false,Rx,0,8,20,00,00,9C,20,00,00,FE,
0,00000488,false,Rx,0,8,02,33,00,70,FE,FF,00,40,
0,00000480,false,Rx,0,8,84,AC,00,00,19,40,00,71,
0,00000284,false,Rx,0,6,0B,0B,00,00,00,00,00,00,
0,00000588,false,Rx,0,8,0A,00,70,00,00,00,00,00,
0,00000280,false,Rx,0,8,A3,00,00,00,33,FA,28,33,
0,00000288,false,Rx,0,8,64,33,D1,00,00,75,6F,8D,
0,00000380,false,Rx,0,8,30,00,00,9B,20,00,00,FE,
0,00000488,false,Rx,0,8,ED,33,00,70,FE,FF,FF,50,
0,00000280,false,Rx,0,8,A3,00,00,00,33,FA,28,33,
0,00000288,false,Rx,0,8,64,33,D1,00,00,75,6F,8D,
0,00000380,false,Rx,0,8,30,00,00,9B,20,00,00,FE,
0,00000488,false,Rx,0,8,DD,33,00,70,FE,FF,FF,60,
0,00000480,false,Rx,0,8,C2,AC,00,00,19,40,00,37,
0,00000284,false,Rx,0,6,0C,0C,00,00,00,00,00,00,
0,00000588,false,Rx,0,8,0A,00,70,00,00,00,00,00,
0,00000280,false,Rx,0,8,A3,00,00,00,33,FA,28,33,
0,00000288,false,Rx,0,8,64,33,D1,00,00,75,6F,8D,
0,00000380,false,Rx,0,8,30,00,00,9A,20,00,00,FE,
0,00000488,false,Rx,0,8,CD,33,00,70,FE,FF,FF,70,
0,00000280,false,Rx,0,8,A3,00,00,00,33,FA,28,33,
0,00000288,false,Rx,0,8,8A,33,D1,00,00,75,6F,8D,
0,00000380,false,Rx,0,8,30,00,00,9A,20,00,00,FE,
0,00000488,false,Rx,0,8,3D,33,00,70,FE,FF,FF,80,
0,00000480,false,Rx,0,8,C2,AC,00,00,19,40,00,37,
0,00000284,false,Rx,0,6,0D,0D,00,00,00,00,00,00,
0,00000588,false,Rx,0,8,0B,00,70,00,00,80,00,00,
0,00000280,false,Rx,0,8,A3,00,00,00,33,FA,28,33,
0,00000288,false,Rx,0,8,8A,33,D1,00,00,75,6F,8D,
0,00000380,false,Rx,0,8,30,00,00,99,20,00,00,FE,
0,00000488,false,Rx,0,8,2D,33,00,70,FE,FF,FF,90,
0,00000280,false,Rx,0,8,A3,00,00,00,33,FA,28,33,
0,00000288,false,Rx,0,8,8A,33,D1,00,00,75,6F,8D,
0,00000380,false,Rx,0,8,30,00,00,99,20,00,00,FE,
0,00000488,false,Rx,0,8,1D,33,00,70,FE,FF,FF,A0,
0,00000480,false,Rx,0,8,C2,AC,00,00,19,40,00,37,
0,00000284,false,Rx,0,6,0E,0E,00,00,00,00,00,00,
0,00000588,false,Rx,0,8,0B,00,70,00,00,80,00,00,
0,00000280,false,Rx,0,8,A3,00,00,00,33,FA,28,33,
0,00000288,false,Rx,0,8,8A,33,D1,00,00,75,6F,8D,
0,00000380,false,Rx,0,8,30,00,00,99,20,00,00,FE,
0,00000488,false,Rx,0,8,0D,33,00,70,FE,FF,FF,B0,
0,00000280,false,Rx,0,8,A3,00,00,00,33,FA,28,33,
0,00000288,false,Rx,0,8,E8,33,D1,00,00,75,6F,8D,
0,00000380,false,Rx,0,8,30,00,00,99,20,00,00,FE,
0,00000488,false,Rx,0,8,7D,33,00,70,FE,FF,FF,C0,
0,00000480,false,Rx,0,8,C2,AC,00,00,19,40,00,37,
0,00000284,false,Rx,0,6,0F,0F,00,00,00,00,00,00,
0,00000588,false,Rx,0,8,0B,00,70,00,00,80,00,00,
0,00000280,false,Rx,0,8,A3,00,00,00,33,FA,28,33,
0,00000288,false,Rx,0,8,E8,33,D1,00,00,75,6F,87,
0,00000380,false,Rx,0,8,30,00,00,98,20,00,00,FE,
0,00000488,false,Rx,0,8,6D,33,00,70,FE,FF,FF,D0,
0,00000280,false,Rx,0,8,A3,00,00,00,33,FA,28,33,
0,00000288,false,Rx,0,8,E8,33,D1,00,00,75,6F,87,
0,00000380,false,Rx,0,8,30,00,00,98,20,00,00,FE,
0,00000488,false,Rx,0,8,5D,33,00,70,FE,FF,FF,E0,
0,00000480,false,Rx,0,8,1C,AC,00,00,19,40,00,E9,
0,00000284,false,Rx,0,6,00,00,00,00,00,00,00,00,
722000,00000588,false,Rx,0,8,0B,00,70,00,00,80,00,00,
0,00000280,false,Rx,0,8,A3,00,00,00,33,FA,28,33,
0,00000288,false,Rx,0,8,E8,33,D1,00,00,75,75,87,
0,00000380,false,Rx,0,8,30,00,00,98,20,00,00,FE,
730000,00000488,false,Rx,0,8,4D,33,00,70,FE,FF,FF,F0,
0,00000280,false,Rx,0,8,A3,00,00,00,33,FA,28,33,
0,00000288,false,Rx,0,8,2C,33,D1,00,00,75,75,87,
0,00000380,false,Rx,0,8,30,00,00,98,20,00,00,FE,
0,00000488,false,Rx,0,8,42,33,00,70,FE,FF,00,00,
0,00000480,false,Rx,0,8,1C,AC,00,00,19,40,00,E9,
0,00000284,false,Rx,0,6,01,01,00,00,00,00,00,00,
0,00000588,false,Rx,0,8,0B,00,70,00,00,80,00,00,
0,00000010,false,Rx,0,7,55,DC,A5,D3,53,78,80,00,
0,00000280,false,Rx,0,8,A3,00,00,00,33,FA,28,33,
0,00000288,false,Rx,0,8,2C,33,D1,00,00,75,75,87,
0,00000380,false,Rx,0,8,30,00,00,98,20,00,00,FE,
0,00000488,false,Rx,0,8,AD,33,00,70,FE,FF,FF,10,
0,00000280,false,Rx,0,8,A3,00,00,00,33,FA,28,33,
0,00000288,false,Rx,0,8,2C,33,D1,00,00,75,75,87,
0,00000380,false,Rx,0,8,30,00,00,98,20,00,00,FE,
0,00000488,false,Rx,0,8,62,33,00,70,FE,FF,00,20,
0,00000480,false,Rx,0,8,1C,AC,00,00,19,40,00,E9,
0,00000284,false,Rx,0,6,02,02,00,00,00,00,00,00,
763000,00000588,false,Rx,0,8,0B,00,70,00,00,80,00,00,
0,00000280,false,Rx,0,8,A3,00,00,00,33,FA,28,33,
0,00000288,false,Rx,0,8,2C,33,D1,00,00,75,75,87,
0,00000380,false,Rx,0,8,30,00,00,97,20,00,00,FE,
0,00000488,false,Rx,0,8,72,33,00,70,FE,FF,00,30,
0,00000280,false,Rx,0,8,A3,00,00,00,33,FA,28,33,
0,00000288,false,Rx,0,8,64,33,D1,00,00,75,75,87,
0,00000380,false,Rx,0,8,30,00,00,97,20,00,00,FE,
0,00000488,false,Rx,0,8,02,33,00,70,FE,FF,00,40,
0,00000480,false,Rx,0,8,1C,AC,00,00,19,40,00,E9,
0,00000284,false,Rx,0,6,03,03,00,00,00,00,00,00,
779000,00000588,false,Rx,0,8,0B,00,70,00,00,80,00,00,
0,00000280,false,Rx,0,8,A3,00,00,00,33,FA,28,33,
0,00000288,false,Rx,0,8,64,33,D1,00,00,75,75,87,
0,00000380,false,Rx,0,8,30,00,00,97,20,00,00,FE,
0,00000488,false,Rx,0,8,ED,33,00,70,FE,FF,FF,50,
0,00000280,false,Rx,0,8,A3,00,00,00,33,FA,28,33,
0,00000288,false,Rx,0,8,64,33,D1,00,00,75,75,87,
0,00000380,false,Rx,0,8,30,00,00,97,20,00,00,FE,
0,00000488,false,Rx,0,8,DD,33,00,70,FE,FF,FF,60,
0,00000480,false,Rx,0,8,54,AC,00,00,19,40,00,A1,
0,00000284,false,Rx,0,6,04,04,00,00,00,00,00,00,
799000,00000588,false,Rx,0,8,0B,00,70,00,00,80,00,00,
804000,00000010,false,Rx,0,7,57,DE,A7,D5,5B,F5,80,00,
0,00000280,false,Rx,0,8,A3,00,00,00,33,FA,28,33,
0,00000288,false,Rx,0,8,64,33,D1,00,00,75,75,87,
0,00000380,false,Rx,0,8,30,00,00,97,20,00,00,FE,
0,00000488,false,Rx,0,8,CD,33,00,70,FE,FF,FF,70,
0,00000280,false,Rx,0,8,A3,00,00,00,33,FA,28,33,
0,00000288,false,Rx,0,8,8A,33,D1,00,00,75,75,87,
0,00000380,false,Rx,0,8,30,00,00,97,20,00,00,FE,
0,00000488,false,Rx,0,8,3D,33,00,70,FE,FF,FF,80,
0,00000480,false,Rx,0,8,54,AC,00,00,19,40,00,A1,
0,00000284,false,Rx,0,6,05,05,00,00,00,00,00,00,
0,00000588,false,Rx,0,8,0B,00,70,00,00,80,00,00,
0,00000280,false,Rx,0,8,A3,00,00,00,33,FA,28,33,
0,00000288,false,Rx,0,8,8A,33,D1,00,00,75,75,87,
0,00000380,false,Rx,0,8,30,00,00,97,20,00,00,FE,
0,00000488,false,Rx,0,8,2D,33,00,70,FE,FF,FF,90,
0,00000280,false,Rx,0,8,A3,00,00,00,33,FA,28,33,
0,00000288,false,Rx,0,8,8A,33,D1,00,00,75,75,87,
0,00000380,false,Rx,0,8,30,00,00,97,20,00,00,FE,
0,00000488,false,Rx,0,8,1D,33,00,70,FE,FF,FF,A0,
0,00000480,false,Rx,0,8,54,AC,00,00,19,40,00,A1,
0,00000284,false,Rx,0,6,06,06,00,00,00,00,00,00,
0,00000588,false,Rx,0,8,0B,00,70,00,00,80,00,00,
0,00000280,false,Rx,0,8,A3,00,00,00,33,FA,28,33,
0,00000288,false,Rx,0,8,8A,33,D1,00,00,75,75,87,
0,00000380,false,Rx,0,8,30,00,00,97,20,00,00,FE,
0,00000488,false,Rx,0,8,0D,33,00,70,FE,FF,FF,B0,
0,00000280,false,Rx,0,8,A3,00,00,00,33,FA,28,33,
0,00000288,false,Rx,0,8,E8,33,D1,00,00,75,75,87,
0,00000380,false,Rx,0,8,30,00,00,97,20,00,00,FE,
0,00000488,false,Rx,0,8,7D,33,00,70,FE,FF,FF,C0,
0,00000480,false,Rx,0,8,54,2C,00,00,19,40,00,21,
0,00000284,false,Rx,0,6,07,07,00,00,00,00,00,00,
0,00000588,false,Rx,0,8,0B,00,70,00,00,80,00,00,
0,00000010,false,Rx,0,7,55,DC,A5,D3,53,78,80,00,
0,00000280,false,Rx,0,8,A3,00,00,00,33,FA,28,33,
0,00000288,false,Rx,0,8,E8,33,D1,00,00,75,75,87,
0,00000380,false,Rx,0,8,30,00,00,97,20,00,00,FE,
0,00000488,false,Rx,0,8,6D,33,00,70,FE,FF,FF,D0,
0,00000280,false,Rx,0,8,A3,00,00,00,33,FA,28,33,
0,00000288,false,Rx,0,8,E8,33,D1,00,00,75,75,87,
0,00000380,false,Rx,0,8,30,00,00,97,20,00,00,FE,
0,00000488,false,Rx,0,8,5D,33,00,70,FE,FF,FF,E0,
0,00000480,false,Rx,0,8,84,2C,00,00,19,40,00,F1,
0,00000284,false,Rx,0,6,08,08,00,00,00,00,00,00,
0,00000588,false,Rx,0,8,0B,00,70,00,00,80,00,00,
0,00000280,false,Rx,0,8,A3,00,00,00,33,FA,28,33,
0,00000288,false,Rx,0,8,E8,33,D1,00,00,75,75,87,
0,00000380,false,Rx,0,8,30,00,00,97,20,00,00,FE,
0,00000488,false,Rx,0,8,4D,33,00,70,FE,FF,FF,F0,
0,00000280,false,Rx,0,8,A3,00,00,00,33,FA,28,33,
0,00000288,false,Rx,0,8,2C,33,D1,00,00,75,75,87,
0,00000380,false,Rx,0,8,30,00,00,97,20,00,00,FE,
0,00000488,false,Rx,0,8,42,33,00,70,FE,FF,00,00,
0,00000480,false,Rx,0,8,84,2C,00,00,19,40,00,F1,
0,00000284,false,Rx,0,6,09,09,00,00,00,00,00,00,
902000,00000588,false,Rx,0,8,0B,00,70,00,00,80,00,00,
0,00000280,false,Rx,0,8,A3,00,00,00,33,FA,28,33,
0,00000288,false,Rx,0,8,2C,33,D1,00,00,75,75,87,
0,00000380,false,Rx,0,8,30,00,00,97,20,00,00,FE,
910000,00000488,false,Rx,0,8,AD,33,00,70,FE,FF,FF,10,
0,00000280,false,Rx,0,8,A3,00,00,00,33,FA,28,33,
0,00000288,false,Rx,0,8,2C,33,D1,00,00,75,75,87,
0,00000380,false,Rx,0,8,30,00,00,97,20,00,00,FE,
0,00000488,false,Rx,0,8,62,33,00,70,FE,FF,00,20,
0,00000480,false,Rx,0,8,84,2C,00,00,19,40,00,F1,
0,00000284,false,Rx,0,6,0A,0A,00,00,00,00,00,00,
0,00000588,false,Rx,0,8,0B,00,70,00,00,80,00,00,
0,00000010,false,Rx,0,7,57,DE,A7,D5,5B,F5,80,00,
0,00000280,false,Rx,0,8,A3,00,00,00,33,FA,28,33,
0,00000288,false,Rx,0,8,2C,33,D1,00,00,75,75,87,
0,00000380,false,Rx,0,8,30,00,00,97,20,00,00,FE,
931000,00000488,false,Rx,0,8,72,33,00,70,FE,FF,00,30,
0,00000280,false,Rx,0,8,A3,00,00,00,33,FA,28,33,
0,00000288,false,Rx,0,8,64,33,D1,00,00,75,75,87,
0,00000380,false,Rx,0,8,30,00,00,97,20,00,00,FE,
0,00000488,false,Rx,0,8,02,33,00,70,FE,FF,00,40,
0,00000480,false,Rx,0,8,84,2C,00,00,19,40,00,F1,
0,00000284,false,Rx,0,6,0B,0B,00,00,00,00,00,00,
943000,00000588,false,Rx,0,8,0B,00,70,00,00,80,00,00,
0,00000280,false,Rx,0,8,A3,00,00,00,33,FA,28,33,
0,00000288,false,Rx,0,8,64,33,D1,00,00,75,75,87,
0,00000380,false,Rx,0,8,30,00,00,97,20,00,00,FE,
0,00000488,false,Rx,0,8,ED,33,00,70,FE,FF,FF,50,
0,00000280,false,Rx,0,8,A3,00,00,00,33,FA,28,33,
0,00000288,false,Rx,0,8,64,33,D1,00,00,75,75,87,
0,00000380,false,Rx,0,8,30,00,00,97,20,00,00,FE,
0,00000488,false,Rx,0,8,DD,33,00,70,FE,FF,FF,60,
0,00000480,false,Rx,0,8,C2,2C,00,00,19,40,00,B7,
0,00000284,false,Rx,0,6,0C,0C,00,00,00,00,00,00,
0,00000588,false,Rx,0,8,0B,00,70,00,00,80,00,00,
0,00000280,false,Rx,0,8,A3,00,00,00,33,FA,28,33,
0,00000288,false,Rx,0,8,64,33,D1,00,00,75,75,87,
0,00000380,false,Rx,0,8,30,00,00,97,20,00,00,FE,
0,00000488,false,Rx,0,8,CD,33,00,70,FE,FF,FF,70,
0,00000280,false,Rx,0,8,A3,00,00,00,33,FA,28,33,
0,00000288,false,Rx,0,8,8A,33,D1,00,00,75,75,87,
0,00000380,false,Rx,0,8,30,00,00,97,20,00,00,FE,
0,00000488,false,Rx,0,8,3D,33,00,70,FE,FF,FF,80,
0,00000480,false,Rx,0,8,C2,2C,00,00,19,40,00,B7,
0,00000284,false,Rx,0,6,0D,0D,00,00,00,00,00,00,
980000,00000588,false,Rx,0,8,0B,00,70,00,00,80,00,00,
984000,00000010,false,Rx,0,7,55,DC,A5,D3,53,78,80,00,
0,00000280,false,Rx,0,8,A3,00,00,00,33,FA,28,33,
0,00000288,false,Rx,0,8,8A,33,D1,00,00,75,75,87,
0,00000380,false,Rx,0,8,30,00,00,97,20,00,00,FE,
0,00000488,false,Rx,0,8,2D,33,00,70,FE,FF,FF,90,
0,00000280,false,Rx,0,8,A3,00,00,00,33,FA,28,33,
0,00000288,false,Rx,0,8,8A,33,D1,00,00,75,75,87,
0,00000380,false,Rx,0,8,30,00,00,97,20,00,00,FE,
0,00000488,false,Rx,0,8,1D,33,00,70,FE,FF,FF,A0,
0,00000480,false,Rx,0,8,C2,2C,00,00,19,40,00,B7,
0,00000284,false,Rx,0,6,0E,0E,00,00,00,00,00,00,
0,00000588,false,Rx,0,8,0B,00,70,00,00,80,00,00,
0,00000280,false,Rx,0,8,A3,8A,00,00,33,FA,28,33,
0,00000288,false,Rx,0,8,8A,33,D1,00,00,75,75,53,
0,00000380,false,Rx,0,8,30,00,00,97,20,00,00,FE,
0,00000488,false,Rx,0,8,0D,33,00,70,FE,FF,FF,B0,
0,00000280,false,Rx,0,8,A3,8A,00,00,33,FA,28,33,
0,00000288,false,Rx,0,8,E8,33,D1,00,00,75,75,53,
0,00000380,false,Rx,0,8,30,00,00,97,20,00,00,FE,
0,00000488,false,Rx,0,8,7D,33,00,70,FE,FF,FF,C0,
0,00000480,false,Rx,0,8,C2,2C,00,00,19,40,00,B7,
0,00000284,false,Rx,0,6,0F,0F,00,00,00,00,00,00,
0,00000588,false,Rx,0,8,0B,00,70,00,00,80,00,00,
0,00000280,false,Rx,0,8,A3,8A,00,00,33,FA,28,33,
0,00000288,false,Rx,0,8,E8,33,D1,00,00,75,75,53,
0,00000380,false,Rx,0,8,30,00,00,96,20,00,00,FE,
0,00000488,false,Rx,0,8,6D,33,00,70,FE,FF,FF,D0,
0,00000280,false,Rx,0,8,A3,8A,00,00,33,FA,28,33,
0,00000288,false,Rx,0,8,E8,33,D1,00,00,75,75,53,
0,00000380,false,Rx,0,8,30,00,00,96,20,00,00,FE,
0,00000488,false,Rx,0,8,5D,33,00,70,FE,FF,FF,E0,
0,00000480,false,Rx,0,8,1C,2C,00,00,19,40,00,69,
0,00000284,false,Rx,0,6,00,00,00,00,00,00,00,00,
0,00000588,false,Rx,0,8,0B,00,70,00,00,80,00,00,
0,00000010,false,Rx,0,7,57,DE,A7,D5,5B,F5,80,00,
0,00000280,false,Rx,0,8,A3,8A,00,00,33,FA,28,33,
0,00000288,false,Rx,0,8,E8,33,D1,00,00,75,75,53,
0,00000380,false,Rx,0,8,30,00,00,96,20,00,00,FE,
0,00000488,false,Rx,0,8,4D,33,00,70,FE,FF,FF,F0,
0,00000280,false,Rx,0,8,A3,8A,00,00,33,FA,28,33,
0,00000288,false,Rx,0,8,2C,33,D1,00,00,75,75,53,
0,00000380,false,Rx,0,8,30,00,00,96,20,00,00,FE,
0,00000488,false,Rx,0,8,42,33,00,70,FE,FF,00,00,
0,00000480,false,Rx,0,8,1C,2C,00,00,19,40,00,69,
0,00000284,false,Rx,0,6,01,01,00,00,00,00,00,00,
0,00000588,false,Rx,0,8,0B,00,70,00,00,80,00,00,
0,00000280,false,Rx,0,8,A3,8A,00,00,33,FA,28,33,
0,00000288,false,Rx,0,8,2C,33,D1,00,00,75,75,53,
0,00000380,false,Rx,0,8,30,00,00,96,20,00,00,FE,
0,00000488,false,Rx,0,8,AD,33,00,70,FE,FF,FF,10,
0,00000280,false,Rx,0,8,A3,8A,00,00,33,FA,28,33,
0,00000288,false,Rx,0,8,2C,33,D1,00,00,75,75,53,
0,00000380,false,Rx,0,8,30,00,00,96,20,00,00,FE,
0,00000488,false,Rx,0,8,62,33,00,70,FE,FF,00,20,
0,00000480,false,Rx,0,8,1C,2C,00,00,19,40,00,69,
0,00000284,false,Rx,0,6,02,02,00,00,00,00,00,00,
82000,00000588,false,Rx,0,8,0B,00,70,00,00,80,00,00,
0,00000280,false,Rx,0,8,A3,8A,00,00,33,FA,28,33,
0,00000288,false,Rx,0,8,2C,33,D1,00,00,75,75,53,
0,00000380,false,Rx,0,8,30,00,00,96,20,00,00,FE,
0,00000488,false,Rx,0,8,72,33,00,70,FE,FF,00,30,
0,00000280,false,Rx,0,8,A3,8A,00,00,33,FA,28,33,
0,00000288,false,Rx,0,8,64,33,D1,00,00,75,75,53,
0,00000380,false,Rx,0,8,30,00,00,96,20,00,00,FE,
0,00000488,false,Rx,0,8,02,33,00,70,FE,FF,00,40,
0,00000480,false,Rx,0,8,1C,2C,00,00,19,40,00,69,
0,00000284,false,Rx,0,6,03,03,00,00,00,00,00,00,
0,00000588,false,Rx,0,8,0B,00,70,00,00,80,00,00,
0,00000010,false,Rx,0,7,55,DC,A5,D3,53,78,80,00,
0,00000280,false,Rx,0,8,A3,8A,00,00,33,FA,28,33,
0,00000288,false,Rx,0,8,64,33,D1,00,00,75,75,53,
0,00000380,false,Rx,0,8,30,00,00,96,20,00,00,FE,
111000,00000488,false,Rx,0,8,ED,33,00,70,FE,FF,FF,50,
0,00000280,false,Rx,0,8,A3,8A,00,00,33,FA,28,33,
0,00000288,false,Rx,0,8,64,33,D1,00,00,75,75,53,
0,00000380,false,Rx,0,8,30,00,00,96,20,00,00,FE,
0,00000488,false,Rx,0,8,DD,33,00,70,FE,FF,FF,60,
0,00000480,false,Rx,0,8,54,2C,00,00,19,40,00,21,
0,00000284,false,Rx,0,6,04,04,00,00,00,00,00,00,
123000,00000588,false,Rx,0,8,0B,00,70,00,00,80,00,00,
0,00000280,false,Rx,0,8,A3,8A,00,00,33,FA,28,33,
0,00000288,false,Rx,0,8,64,33,D1,00,00,75,75,53,
0,00000380,false,Rx,0,8,30,00,00,96,20,00,00,FE,
0,00000488,false,Rx,0,8,CD,33,00,70,FE,FF,FF,70,
136000,00000280,false,Rx,0,8,A3,8A,00,00,33,FA,28,33,
0,00000288,false,Rx,0,8,8A,33,D1,00,00,75,75,53,
0,00000380,false,Rx,0,8,30,00,00,96,20,00,00,FE,
0,00000488,false,Rx,0,8,3D,33,00,70,FE,FF,FF,80,
0,00000480,false,Rx,0,8,54,2C,00,00,19,40,00,21,
0,00000284,false,Rx,0,6,05,05,00,00,00,00,00,00,
0,00000588,false,Rx,0,8,0B,00,70,00,00,80,00,00,
0,00000280,false,Rx,0,8,A3,8A,00,00,33,FA,28,33,
0,00000288,false,Rx,0,8,8A,33,D1,00,00,75,75,53,
0,00000380,false,Rx,0,8,30,00,00,96,20,00,00,FE,
0,00000488,false,Rx,0,8,2D,33,00,70,FE,FF,FF,90,
0,00000280,false,Rx,0,8,A3,8A,00,00,33,FA,28,33,
0,00000288,false,Rx,0,8,8A,33,D1,00,00,75,75,53,
0,00000380,false,Rx,0,8,30,00,00,96,20,00,00,FE,
0,00000488,false,Rx,0,8,1D,33,00,70,FE,FF,FF,A0,
0,00000480,false,Rx,0,8,54,2C,00,00,19,40,00,21,
0,00000284,false,Rx,0,6,06,06,00,00,00,00,00,00,
160000,00000588,false,Rx,0,8,0B,00,70,00,00,80,00,00,
164000,00000010,false,Rx,0,7,57,DE,A7,D5,5B,F5,80,00,
0,00000280,false,Rx,0,8,A3,8A,00,00,33,FA,28,33,
0,00000288,false,Rx,0,8,8A,33,D1,00,00,75,75,53,
0,00000380,false,Rx,0,8,30,00,00,96,20,00,00,FE,
0,00000488,false,Rx,0,8,0D,33,00,70,FE,FF,FF,B0,
0,00000280,false,Rx,0,8,A3,8A,00,00,33,FA,28,33,
0,00000288,false,Rx,0,8,E8,33,D1,00,00,75,75,53,
0,00000380,false,Rx,0,8,30,00,00,96,20,00,00,FE,
0,00000488,false,Rx,0,8,7D,33,00,70,FE,FF,FF,C0,
0,00000480,false,Rx,0,8,54,2C,00,00,19,40,00,21,
0,00000284,false,Rx,0,6,07,07,00,00,00,00,00,00,
0,00000588,false,Rx,0,8,0B,00,70,00,00,80,00,00,
0,00000280,false,Rx,0,8,A3,8A,00,00,33,FA,28,33,
0,00000288,false,Rx,0,8,E8,33,D1,00,00,75,75,53,
0,00000380,false,Rx,0,8,30,00,00,96,20,00,00,FE,
0,00000488,false,Rx,0,8,6D,33,00,70,FE,FF,FF,D0,
0,00000280,false,Rx,0,8,A3,8A,00,00,33,FA,28,33,
0,00000288,false,Rx,0,8,E8,33,D1,00,00,75,75,53,
0,00000380,false,Rx,0,8,30,00,00,96,20,00,00,FE,
0,00000488,false,Rx,0,8,5D,33,00,70,FE,FF,FF,E0,
0,00000480,false,Rx,0,8,84,2C,00,00,19,40,00,F1,
0,00000284,false,Rx,0,6,08,08,00,00,00,00,00,00,
0,00000588,false,Rx,0,8,0B,00,70,00,00,80,00,00,
0,00000280,false,Rx,0,8,A3,8A,00,00,33,FA,28,33,
0,00000288,false,Rx,0,8,E8,33,D1,00,00,75,75,53,
0,00000380,false,Rx,0,8,30,00,00,96,20,00,00,FE,
0,00000488,false,Rx,0,8,4D,33,00,70,FE,FF,FF,F0,
0,00000280,false,Rx,0,8,A3,8A,00,00,33,FA,28,33,
0,00000288,false,Rx,0,8,2C,33,D1,00,00,75,75,53,
0,00000380,false,Rx,0,8,30,00,00,96,20,00,00,FE,
0,00000488,false,Rx,0,8,42,33,00,70,FE,FF,00,00,
0,00000480,false,Rx,0,8,84,2C,00,00,19,40,00,F1,
0,00000284,false,Rx,0,6,09,09,00,00,00,00,00,00,
0,00000588,false,Rx,0,8,0B,00,70,00,00,80,00,00,
0,00000010,false,Rx,0,7,55,DC,A5,D3,53,78,80,00,
0,00000280,false,Rx,0,8,A3,8A,00,00,33,FA,28,33,
0,00000288,false,Rx,0,8,2C,33,D1,00,00,75,75,53,
0,00000380,false,Rx,0,8,30,00,00,96,20,00,00,FE,
0,00000488,false,Rx,0,8,AD,33,00,70,FE,FF,FF,10,
0,00000280,false,Rx,0,8,A3,8A,00,00,33,FA,28,33,
0,00000288,false,Rx,0,8,2C,33,D1,00,00,75,75,53,
0,00000380,false,Rx,0,8,30,00,00,96,20,00,00,FE,
0,00000488,false,Rx,0,8,62,33,00,70,FE,FF,00,20,
0,00000480,false,Rx,0,8,84,2C,00,00,19,40,00,F1,
0,00000284,false,Rx,0,6,0A,0A,00,00,00,00,00,00,
0,00000588,false,Rx,0,8,0B,00,70,00,00,80,00,00,
0,00000280,false,Rx,0,8,A3,8A,00,00,33,FA,28,33,
0,00000288,false,Rx,0,8,2C,33,D1,00,00,75,75,53,
0,00000380,false,Rx,0,8,30,00,00,96,20,00,00,FE,
0,00000488,false,Rx,0,8,72,33,00,70,FE,FF,00,30,
0,00000280,false,Rx,0,8,A3,8A,00,00,33,FA,28,33,
0,00000288,false,Rx,0,8,64,33,D1,00,00,75,75,53,
0,00000380,false,Rx,0,8,30,00,00,96,20,00,00,FE,
0,00000488,false,Rx,0,8,02,33,00,70,FE,FF,00,40,
0,00000480,false,Rx,0,8,84,2C,00,00,19,40,00,F1,
0,00000284,false,Rx,0,6,0B,0B,00,00,00,00,00,00,
0,00000588,false,Rx,0,8,0B,00,70,00,00,80,00,00,
0,00000280,false,Rx,0,8,A3,8A,00,00,33,FA,28,33,
0,00000288,false,Rx,0,8,64,33,D1,00,00,75,75,53,
0,00000380,false,Rx,0,8,30,00,00,96,20,00,00,FE,
0,00000488,false,Rx,0,8,ED,33,00,70,FE,FF,FF,50,
0,00000280,false,Rx,0,8,A3,8A,00,00,33,FA,28,33,
0,00000288,false,Rx,0,8,64,33,D1,00,00,75,75,53,
0,00000380,false,Rx,0,8,30,00,00,96,20,00,00,FE,
0,00000488,false,Rx,0,8,DD,33,00,70,FE,FF,FF,60,
0,00000480,false,Rx,0,8,C2,2C,00,00,19,40,00,B7,
0,00000284,false,Rx,0,6,0C,0C,00,00,00,00,00,00,
283000,00000588,false,Rx,0,8,0B,00,70,00,00,80,00,00,
0,00000010,false,Rx,0,7,57,DE,A7,D5,5B,F5,80,00,
0,00000280,false,Rx,0,8,A3,8A,00,00,33,FA,28,33,
0,00000288,false,Rx,0,8,64,33,D1,00,00,75,75,53,
0,00000380,false,Rx,0,8,30,00,00,96,20,00,00,FE,
291000,00000488,false,Rx,0,8,CD,33,00,70,FE,FF,FF,70,
0,00000280,false,Rx,0,8,A3,8A,00,00,33,FA,28,33,
0,00000288,false,Rx,0,8,8A,33,D1,00,00,75,75,53,
0,00000380,false,Rx,0,8,30,00,00,96,20,00,00,FE,
0,00000488,false,Rx,0,8,3D,33,00,70,FE,FF,FF,80,
0,00000480,false,Rx,0,8,C2,2C,00,00,19,40,00,B7,
0,00000284,false,Rx,0,6,0D,0D,00,00,00,00,00,00,
303000,00000588,false,Rx,0,8,0B,00,70,00,00,80,00,00,
0,00000280,false,Rx,0,8,A3,8A,00,00,33,FA,28,33,
0,00000288,false,Rx,0,8,8A,33,D1,00,00,75,75,53,
0,00000380,false,Rx,0,8,30,00,00,96,20,00,00,FE,
0,00000488,false,Rx,0,8,2D,33,00,70,FE,FF,FF,90,
0,00000280,false,Rx,0,8,A3,8A,00,00,33,FA,28,33,
0,00000288,false,Rx,0,8,8A,33,D1,00,00,75,75,53,
0,00000380,false,Rx,0,8,30,00,00,96,20,00,00,FE,
0,00000488,false,Rx,0,8,1D,33,00,70,FE,FF,FF,A0,
0,00000480,false,Rx,0,8,C2,2C,00,00,19,40,00,B7,
0,00000284,false,Rx,0,6,0E,0E,00,00,00,00,00,00,
324000,00000588,false,Rx,0,8,0B,00,70,00,00,80,00,00,
0,00000280,false,Rx,0,8,A3,8A,00,00,33,FA,28,33,
0,00000288,false,Rx,0,8,8A,33,D1,00,00,75,75,53,
0,00000380,false,Rx,0,8,30,00,00,96,20,00,00,FE,
0,00000488,false,Rx,0,8,0D,33,00,70,FE,FF,FF,B0,
0,00000280,false,Rx,0,8,A3,8A,00,00,33,FA,28,33,
0,00000288,false,Rx,0,8,E8,33,D1,00,00,75,75,53,
0,00000380,false,Rx,0,8,30,00,00,96,20,00,00,FE,
0,00000488,false,Rx,0,8,7D,33,00,70,FE,FF,FF,C0,
0,00000480,false,Rx,0,8,C2,2C,00,00,19,40,00,B7,
0,00000588,false,Rx,0,8,0B,00,70,00,00,80,00,00,
0,00000284,false,Rx,0,6,0F,0F,00,00,00,00,00,00,
344000,00000010,false,Rx,0,7,55,DC,A5,D3,53,78,80,00,
0,00000280,false,Rx,0,8,A3,8A,00,00,33,FA,28,33,
0,00000288,false,Rx,0,8,E8,33,D1,00,00,75,75,53,
0,00000380,false,Rx,0,8,30,00,00,96,20,00,00,FE,
0,00000488,false,Rx,0,8,6D,33,00,70,FE,FF,FF,D0,
353000,00000580,false,Rx,0,8,81,00,00,7F,00,F0,47,01,
0,00000280,false,Rx,0,8,A3,8A,00,00,33,FA,28,33,
0,00000288,false,Rx,0,8,E8,33,D1,00,00,75,75,53,
0,00000380,false,Rx,0,8,30,00,00,96,20,00,00,FE,
0,00000488,false,Rx,0,8,5D,33,00,70,FE,FF,FF,E0,
0,00000480,false,Rx,0,8,1C,2C,00,00,19,40,00,69,
0,00000284,false,Rx,0,6,00,00,00,00,00,00,00,00,
361000,00000588,false,Rx,0,8,0B,00,70,00,00,80,00,00,
0,00000280,false,Rx,0,8,A3,8A,00,00,33,FA,28,33,
0,00000288,false,Rx,0,8,E8,33,D1,00,00,75,75,53,
0,00000380,false,Rx,0,8,30,00,00,96,20,00,00,FE,
0,00000488,false,Rx,0,8,4D,33,00,70,FE,FF,FF,F0,
0,00000280,false,Rx,0,8,A3,8A,00,00,33,FA,28,33,
0,00000288,false,Rx,0,8,2C,33,D1,00,00,75,75,53,
0,00000380,false,Rx,0,8,30,00,00,96,20,00,00,FE,
0,00000488,false,Rx,0,8,42,33,00,70,FE,FF,00,00,
0,00000480,false,Rx,0,8,1C,2C,00,00,19,40,00,69,
0,00000284,false,Rx,0,6,01,01,00,00,00,00,00,00,
0,00000588,false,Rx,0,8,0B,00,70,00,00,80,00,00,
0,00000280,false,Rx,0,8,A3,8A,00,00,33,FA,28,33,
0,00000288,false,Rx,0,8,2C,33,D1,00,00,75,75,53,
0,00000380,false,Rx,0,8,30,00,00,96,20,00,00,FE,
0,00000488,false,Rx,0,8,AD,33,00,70,FE,FF,FF,10,
0,00000280,false,Rx,0,8,A3,8A,00,00,33,FA,28,33,
0,00000288,false,Rx,0,8,2C,33,D1,00,00,75,75,53,
0,00000380,false,Rx,0,8,30,00,00,96,20,00,00,FE,
0,00000488,false,Rx,0,8,62,33,00,70,FE,FF,00,20,
0,00000480,false,Rx,0,8,1C,2C,00,00,19,40,00,69,
0,00000284,false,Rx,0,6,02,02,00,00,00,00,00,00,
0,00000588,false,Rx,0,8,0B,00,70,00,00,80,00,00,
406000,00000010,false,Rx,0,7,57,DE,A7,D5,5B,F5,80,00,
0,00000280,false,Rx,0,8,A3,8A,00,00,33,FA,28,33,
0,00000288,false,Rx,0,8,2C,33,D1,00,00,75,75,53,
0,00000380,false,Rx,0,8,30,00,00,96,20,00,00,FE,
0,00000488,false,Rx,0,8,72,33,00,70,FE,FF,00,30,
0,00000280,false,Rx,0,8,A3,8A,00,00,33,FA,28,33,
0,00000288,false,Rx,0,8,64,33,D1,00,00,75,75,53,
0,00000380,false,Rx,0,8,30,00,00,96,20,00,00,FE,
0,00000488,false,Rx,0,8,02,33,00,70,FE,FF,00,40,
0,00000480,false,Rx,0,8,1C,2C,00,00,19,40,00,69,
0,00000588,false,Rx,0,8,0B,00,70,00,00,80,00,00,
0,00000284,false,Rx,0,6,03,03,00,00,00,00,00,00,
0,00000280,false,Rx,0,8,A3,8A,00,00,33,FA,28,33,
0,00000288,false,Rx,0,8,64,33,D1,00,00,75,75,53,
0,00000380,false,Rx,0,8,30,00,00,96,20,00,00,FE,
0,00000488,false,Rx,0,8,ED,33,00,70,FE,FF,FF,50,
0,00000280,false,Rx,0,8,A3,8A,00,00,33,FA,28,33,
0,00000288,false,Rx,0,8,64,33,D1,00,00,75,75,53,
0,00000380,false,Rx,0,8,30,00,00,96,20,00,00,FE,
0,00000488,false,Rx,0,8,DD,33,00,70,FE,FF,FF,60,
0,00000480,false,Rx,0,8,54,2C,00,00,19,40,00,21,
0,00000284,false,Rx,0,6,04,04,00,00,00,00,00,00,
0,00000588,false,Rx,0,8,0B,00,70,00,00,80,00,00,
0,00000280,false,Rx,0,8,A3,8A,00,00,33,FA,28,33,
0,00000288,false,Rx,0,8,64,33,D1,00,00,75,75,53,
0,00000380,false,Rx,0,8,30,00,00,96,20,00,00,FE,
0,00000488,false,Rx,0,8,CD,33,00,70,FE,FF,FF,70,
0,00000280,false,Rx,0,8,A3,8A,00,00,33,FA,28,33,
0,00000288,false,Rx,0,8,8A,33,D1,00,00,75,75,53,
0,00000380,false,Rx,0,8,30,00,00,96,20,00,00,FE,
0,00000488,false,Rx,0,8,3D,33,00,70,FE,FF,FF,80,
0,00000480,false,Rx,0,8,54,2C,00,00,19,40,00,21,
0,00000284,false,Rx,0,6,05,05,00,00,00,00,00,00,
463000,00000588,false,Rx,0,8,0B,00,70,00,00,80,00,00,
0,00000010,false,Rx,0,7,55,DC,A5,D3,53,78,80,00,
0,00000280,false,Rx,0,8,A3,8A,00,00,33,FA,28,33,
0,00000288,false,Rx,0,8,8A,33,D1,00,00,75,75,53,
0,00000380,false,Rx,0,8,30,00,00,96,20,00,00,FE,
0,00000488,false,Rx,0,8,2D,33,00,70,FE,FF,FF,90,
0,00000280,false,Rx,0,8,A3,8A,00,00,33,FA,28,33,
0,00000288,false,Rx,0,8,8A,33,D1,00,00,75,75,53,
0,00000380,false,Rx,0,8,30,00,00,96,20,00,00,FE,
0,00000488,false,Rx,0,8,1D,33,00,70,FE,FF,FF,A0,
0,00000480,false,Rx,0,8,54,2C,00,00,19,40,00,21,
0,00000588,false,Rx,0,8,0B,00,70,00,00,80,00,00,
484000,00000284,false,Rx,0,6,06,06,00,00,00,00,00,00,
0,00000280,false,Rx,0,8,A3,8A,00,00,33,FA,28,33,
0,00000288,false,Rx,0,8,8A,33,D1,00,00,75,75,53,
0,00000380,false,Rx,0,8,30,00,00,96,20,00,00,FE,
492000,00000488,false,Rx,0,8,0D,33,00,70,FE,FF,FF,B0,
0,00000280,false,Rx,0,8,B3,8A,00,00,33,FA,28,33,
0,00000288,false,Rx,0,8,E8,33,D1,00,00,75,75,53,
0,00000380,false,Rx,0,8,30,00,00,96,20,00,00,FE,
0,00000488,false,Rx,0,8,7D,33,00,70,FE,FF,FF,C0,
0,00000480,false,Rx,0,8,54,2C,00,00,19,40,00,21,
0,00000284,false,Rx,0,6,07,07,00,00,00,00,00,00,
504000,00000588,false,Rx,0,8,0B,00,70,00,00,80,00,00,
0,00000280,false,Rx,0,8,B3,8A,00,00,33,FA,28,33,
0,00000288,false,Rx,0,8,E8,33,D1,00,00,75,75,53,
0,00000380,false,Rx,0,8,30,00,00,96,20,00,00,FE,
0,00000488,false,Rx,0,8,6D,33,00,70,FE,FF,FF,D0,
517000,00000280,false,Rx,0,8,B3,8A,00,00,33,FA,28,33,
0,00000288,false,Rx,0,8,E8,33,D1,00,00,75,75,53,
0,00000380,false,Rx,0,8,30,00,00,96,20,00,00,FE,
0,00000488,false,Rx,0,8,5D,33,00,70,FE,FF,FF,E0,
0,00000480,false,Rx,0,8,84,2C,00,00,19,40,00,F1,
0,00000284,false,Rx,0,6,08,08,00,00,00,00,00,00,
0,00000588,false,Rx,0,8,0B,00,70,00,00,80,00,00,
525000,00000010,false,Rx,0,7,57,DE,A7,D5,5B,F5,80,00,
0,00000280,false,Rx,0,8,B3,8A,00,00,33,FA,28,33,
0,00000288,false,Rx,0,8,E8,33,D1,00,00,75,75,53,
0,00000380,false,Rx,0,8,30,00,00,96,20,00,00,FE,
0,00000488,false,Rx,0,8,4D,33,00,70,FE,FF,FF,F0,
0,00000280,false,Rx,0,8,B3,8A,00,00,33,FA,28,33,
0,00000288,false,Rx,0,8,2C,33,D1,00,00,75,75,53,
0,00000380,false,Rx,0,8,30,00,00,96,20,00,00,FE,
0,00000488,false,Rx,0,8,42,33,00,70,FE,FF,00,00,
0,00000480,false,Rx,0,8,84,2C,00,00,19,40,00,F1,
0,00000284,false,Rx,0,6,09,09,00,00,00,00,00,00,
0,00000588,false,Rx,0,8,0B,00,70,00,00,80,00,00,
0,00000280,false,Rx,0,8,B3,8A,00,00,33,FA,28,33,
0,00000288,false,Rx,0,8,2C,33,D1,00,00,75,75,53,
0,00000380,false,Rx,0,8,30,00,00,96,20,00,00,FE,
0,00000488,false,Rx,0,8,AD,33,00,70,FE,FF,FF,10,
0,00000280,false,Rx,0,8,B3,8A,00,00,33,FA,28,33,
0,00000288,false,Rx,0,8,2C,33,D1,00,00,75,75,53,
0,00000380,false,Rx,0,8,30,00,00,96,20,00,00,FE,
0,00000488,false,Rx,0,8,62,33,00,70,FE,FF,00,20,
0,00000480,false,Rx,0,8,84,2C,00,00,19,40,00,F1,
0,00000588,false,Rx,0,8,0B,00,70,00,00,80,00,00,
0,00000284,false,Rx,0,6,0A,0A,00,00,00,00,00,00,
0,00000280,false,Rx,0,8,B3,8A,00,00,33,FA,28,33,
0,00000288,false,Rx,0,8,2C,33,D1,00,00,75,75,53,
0,00000380,false,Rx,0,8,30,00,00,96,20,00,00,FE,
0,00000488,false,Rx,0,8,72,33,00,70,FE,FF,00,30,
0,00000280,false,Rx,0,8,B3,8A,00,00,33,FA,28,33,
0,00000288,false,Rx,0,8,64,33,D1,00,00,75,75,53,
0,00000380,false,Rx,0,8,30,00,00,96,20,00,00,FE,
0,00000488,false,Rx,0,8,02,33,00,70,FE,FF,00,40,
0,00000480,false,Rx,0,8,84,2C,00,00,19,40,00,F1,
0,00000284,false,Rx,0,6,0B,0B,00,00,00,00,00,00,
0,00000588,false,Rx,0,8,0B,00,70,00,00,80,00,00,
586000,00000010,false,Rx,0,7,55,DC,A5,D3,53,78,80,00,
0,00000280,false,Rx,0,8,B3,8A,00,00,33,FA,28,33,
0,00000288,false,Rx,0,8,64,33,D1,00,00,75,75,53,
0,00000380,false,Rx,0,8,30,00,00,96,20,00,00,FE,
0,00000488,false,Rx,0,8,ED,33,00,70,FE,FF,FF,50,
0,00000280,false,Rx,0,8,B3,8A,00,00,33,FA,28,33,
0,00000288,false,Rx,0,8,64,33,D1,00,00,75,75,53,
0,00000380,false,Rx,0,8,30,00,00,96,20,00,00,FE,
0,00000488,false,Rx,0,8,DD,33,00,70,FE,FF,FF,60,
0,00000480,false,Rx,0,8,C2,2C,00,00,19,40,00,B7,
0,00000284,false,Rx,0,6,0C,0C,00,00,00,00,00,00,
0,00000588,false,Rx,0,8,0B,00,70,00,00,80,00,00,
0,00000280,false,Rx,0,8,B3,8A,00,00,33,FA,28,33,
0,00000288,false,Rx,0,8,64,33,D1,00,00,75,75,53,
0,00000380,false,Rx,0,8,30,00,00,96,20,00,00,FE,
0,00000488,false,Rx,0,8,CD,33,00,70,FE,FF,FF,70,
0,00000280,false,Rx,0,8,B3,8A,00,00,33,FA,28,33,
0,00000288,false,Rx,0,8,8A,33,D1,00,00,75,75,53,
0,00000380,false,Rx,0,8,30,00,00,96,20,00,00,FE,
0,00000488,false,Rx,0,8,3D,33,00,70,FE,FF,FF,80,
0,00000480,false,Rx,0,8,C2,2C,00,00,19,40,00,B7,
0,00000284,false,Rx,0,6,0D,0D,00,00,00,00,00,00,
0,00000588,false,Rx,0,8,0B,00,70,00,00,80,00,00,
0,00000280,false,Rx,0,8,B3,8A,00,00,33,FA,28,33,
0,00000288,false,Rx,0,8,8A,33,D1,00,00,75,75,53,
0,00000380,false,Rx,0,8,30,00,00,96,20,00,00,FE,
0,00000488,false,Rx,0,8,2D,33,00,70,FE,FF,FF,90,
0,00000280,false,Rx,0,8,B3,8A,00,00,33,FA,28,33,
0,00000288,false,Rx,0,8,8A,33,D1,00,00,75,75,53,
0,00000380,false,Rx,0,8,30,00,00,96,20,00,00,FE,
0,00000488,false,Rx,0,8,1D,33,00,70,FE,FF,FF,A0,
0,00000480,false,Rx,0,8,C2,2C,00,00,19,40,00,B7,
0,00000284,false,Rx,0,6,0E,0E,00,00,00,00,00,00,
0,00000588,false,Rx,0,8,0B,00,70,00,00,80,00,00,
0,00000010,false,Rx,0,7,57,DE,A7,D5,5B,F5,80,00,
0,00000280,false,Rx,0,8,B3,8A,00,00,33,FA,28,33,
0,00000288,false,Rx,0,8,8A,33,D1,00,00,75,75,53,
0,00000380,false,Rx,0,8,30,00,00,96,20,00,00,FE,
0,00000488,false,Rx,0,8,0D,33,00,70,FE,FF,FF,B0,
0,00000280,false,Rx,0,8,B3,8A,00,00,33,FA,28,33,
0,00000288,false,Rx,0,8,E8,33,D1,00,00,75,75,53,
0,00000380,false,Rx,0,8,30,00,00,96,20,00,00,FE,
0,00000488,false,Rx,0,8,7D,33,00,70,FE,FF,FF,C0,
0,00000480,false,Rx,0,8,C2,2C,00,00,19,40,00,B7,
664000,00000588,false,Rx,0,8,0B,00,70,00,00,80,00,00,
0,00000284,false,Rx,0,6,0F,0F,00,00,00,00,00,00,
0,00000280,false,Rx,0,8,B3,8A,00,00,33,FA,28,33,
0,00000288,false,Rx,0,8,E8,33,D1,00,00,75,75,53,
0,00000380,false,Rx,0,8,30,00,00,96,20,00,00,FE,
672000,00000488,false,Rx,0,8,6D,33,00,70,FE,FF,FF,D0,
0,00000280,false,Rx,0,8,B3,8A,00,00,33,FA,28,33,
0,00000288,false,Rx,0,8,E8,33,D1,00,00,75,75,53,
0,00000380,false,Rx,0,8,30,00,00,96,20,00,00,FE,
0,00000488,false,Rx,0,8,5D,33,00,70,FE,FF,FF,E0,
0,00000480,false,Rx,0,8,1C,2C,00,00,19,40,00,69,
0,00000284,false,Rx,0,6,00,00,00,00,00,00,00,00,
685000,00000588,false,Rx,0,8,0B,00,70,00,00,80,00,00,
0,00000280,false,Rx,0,8,B3,8A,00,00,33,FA,28,33,
0,00000288,false,Rx,0,8,E8,33,D1,00,00,75,75,53,
0,00000380,false,Rx,0,8,30,00,00,96,20,00,00,FE,
0,00000488,false,Rx,0,8,4D,33,00,70,FE,FF,FF,F0,
0,00000280,false,Rx,0,8,B3,8A,00,00,33,FA,28,33,
0,00000288,false,Rx,0,8,2C,33,D1,00,00,75,75,53,
0,00000380,false,Rx,0,8,30,00,00,96,20,00,00,FE,
0,00000488,false,Rx,0,8,42,33,00,70,FE,FF,00,00,
0,00000480,false,Rx,0,8,1C,2C,00,00,19,40,00,69,
0,00000284,false,Rx,0,6,01,01,00,00,00,00,00,00,
705000,00000588,false,Rx,0,8,0B,00,70,00,00,80,00,00,
0,00000010,false,Rx,0,7,55,DC,A5,D3,53,78,80,00,
0,00000280,false,Rx,0,8,B3,8A,00,00,33,FA,28,33,
0,00000288,false,Rx,0,8,2C,33,D1,00,00,75,75,53,
0,00000380,false,Rx,0,8,30,00,00,96,20,00,00,FE,
0,00000488,false,Rx,0,8,AD,33,00,70,FE,FF,FF,10,
0,00000280,false,Rx,0,8,B3,8A,00,00,33,FA,28,33,
0,00000288,false,Rx,0,8,2C,33,D1,00,00,75,75,53,
0,00000380,false,Rx,0,8,30,00,00,96,20,00,00,FE,
0,00000488,false,Rx,0,8,62,33,00,70,FE,FF,00,20,
0,00000480,false,Rx,0,8,1C,2C,00,00,19,40,00,69,
0,00000284,false,Rx,0,6,02,02,00,00,00,00,00,00,
721000,00000588,false,Rx,0,8,0B,00,70,00,00,80,00,00,
0,00000280,false,Rx,0,8,B3,8A,00,00,33,FA,28,33,
0,00000288,false,Rx,0,8,2C,33,D1,00,00,75,75,53,
0,00000380,false,Rx,0,8,30,00,00,96,20,00,00,FE,
734000,00000488,false,Rx,0,8,72,33,00,70,FE,FF,00,30,
0,00000280,false,Rx,0,8,B3,8A,00,00,33,FA,28,33,
0,00000288,false,Rx,0,8,64,33,D1,00,00,75,75,53,
0,00000380,false,Rx,0,8,30,00,00,96,20,00,00,FE,
0,00000488,false,Rx,0,8,02,33,00,70,FE,FF,00,40,
0,00000480,false,Rx,0,8,1C,2C,00,00,19,40,00,69,
0,00000588,false,Rx,0,8,0B,00,70,00,00,80,00,00,
0,00000284,false,Rx,0,6,03,03,00,00,00,00,00,00,
0,00000280,false,Rx,0,8,B3,8A,00,00,33,FA,28,33,
0,00000288,false,Rx,0,8,64,33,D1,00,00,75,75,53,
0,00000380,false,Rx,0,8,30,00,00,96,20,00,00,FE,
0,00000488,false,Rx,0,8,ED,33,00,70,FE,FF,FF,50,
0,00000280,false,Rx,0,8,B3,8A,00,00,33,FA,28,33,
0,00000288,false,Rx,0,8,64,33,D1,00,00,75,75,53,
0,00000380,false,Rx,0,8,30,00,00,96,20,00,00,FE,
0,00000488,false,Rx,0,8,DD,33,00,70,FE,FF,FF,60,
0,00000480,false,Rx,0,8,54,2C,00,00,19,40,00,21,
0,00000284,false,Rx,0,6,04,04,00,00,00,00,00,00,
0,00000588,false,Rx,0,8,0B,00,70,00,00,80,00,00,
766000,00000010,false,Rx,0,7,57,DE,A7,D5,5B,F5,80,00,
0,00000280,false,Rx,0,8,B3,8A,00,00,33,FA,28,33,
0,00000288,false,Rx,0,8,64,33,D1,00,00,75,75,53,
0,00000380,false,Rx,0,8,30,00,00,96,20,00,00,FE,
0,00000488,false,Rx,0,8,CD,33,00,70,FE,FF,FF,70,
0,00000280,false,Rx,0,8,B3,8A,00,00,33,FA,28,33,
0,00000288,false,Rx,0,8,8A,33,D1,00,00,75,75,53,
0,00000380,false,Rx,0,8,30,00,00,96,20,00,00,FE,
0,00000488,false,Rx,0,8,3D,33,00,70,FE,FF,FF,80,
0,00000480,false,Rx,0,8,54,2C,00,00,19,40,00,21,
0,00000588,false,Rx,0,8,0B,00,70,00,00,80,00,00,
783000,00000284,false,Rx,0,6,05,05,00,00,00,00,00,00,
0,00000280,false,Rx,0,8,B3,8A,00,00,33,FA,28,33,
0,00000288,false,Rx,0,8,8A,33,D1,00,00,75,75,53,
0,00000380,false,Rx,0,8,30,00,00,96,20,00,00,FE,
0,00000488,false,Rx,0,8,2D,33,00,70,FE,FF,FF,90,
0,00000280,false,Rx,0,8,B3,8A,00,00,33,FA,28,33,
0,00000288,false,Rx,0,8,8A,33,D1,00,00,75,75,53,
0,00000380,false,Rx,0,8,30,00,00,96,20,00,00,FE,
0,00000488,false,Rx,0,8,1D,33,00,70,FE,FF,FF,A0,
0,00000480,false,Rx,0,8,54,2C,00,00,19,40,00,21,
0,00000588,false,Rx,0,8,0B,00,70,00,00,80,00,00,
0,00000284,false,Rx,0,6,06,06,00,00,00,00,00,00,
0,00000280,false,Rx,0,8,B3,8A,00,00,33,FA,28,33,
0,00000288,false,Rx,0,8,8A,33,D1,00,00,75,75,53,
0,00000380,false,Rx,0,8,30,00,00,96,20,00,00,FE,
0,00000488,false,Rx,0,8,0D,33,00,70,FE,FF,FF,B0,
0,00000280,false,Rx,0,8,B3,8A,00,00,33,FA,28,33,
0,00000288,false,Rx,0,8,E8,33,D1,00,00,75,75,53,
0,00000380,false,Rx,0,8,30,00,00,96,20,00,00,FE,
0,00000488,false,Rx,0,8,7D,33,00,70,FE,FF,FF,C0,
0,00000480,false,Rx,0,8,54,2C,00,00,19,40,00,21,
0,00000588,false,Rx,0,8,0B,00,70,00,00,80,00,00,
0,00000284,false,Rx,0,6,07,07,00,00,00,00,00,00,
0,00000010,false,Rx,0,7,55,DC,A5,D3,53,78,80,00,
0,00000280,false,Rx,0,8,B3,8A,00,00,33,FA,28,33,
0,00000288,false,Rx,0,8,E8,33,D1,00,00,75,75,53,
0,00000380,false,Rx,0,8,30,00,00,96,20,00,00,FE,
0,00000488,false,Rx,0,8,6D,33,00,70,FE,FF,FF,D0,
0,00000280,false,Rx,0,8,B3,8A,00,00,33,FA,28,33,
0,00000288,false,Rx,0,8,E8,33,D1,00,00,75,75,53,
0,00000380,false,Rx,0,8,30,00,00,96,20,00,00,FE,
0,00000488,false,Rx,0,8,5D,33,00,70,FE,FF,FF,E0,
0,00000480,false,Rx,0,8,84,2C,00,00,19,40,00,F1,
0,00000588,false,Rx,0,8,0B,00,70,00,00,80,00,00,
0,00000284,false,Rx,0,6,08,08,00,00,00,00,00,00,
848000,00000280,false,Rx,0,8,B3,8A,00,00,33,FA,28,33,
0,00000288,false,Rx,0,8,E8,33,D1,00,00,75,75,53,
0,00000380,false,Rx,0,8,30,00,00,96,20,00,00,FE,
0,00000488,false,Rx,0,8,4D,33,00,70,FE,FF,FF,F0,
0,00000280,false,Rx,0,8,B3,8A,00,00,33,FA,28,33,
0,00000288,false,Rx,0,8,2C,33,D1,00,00,75,75,53,
0,00000380,false,Rx,0,8,30,00,00,96,20,00,00,FE,
0,00000488,false,Rx,0,8,42,33,00,70,FE,FF,00,00,
0,00000480,false,Rx,0,8,84,2C,00,00,19,40,00,F1,
865000,00000588,false,Rx,0,8,0B,00,70,00,00,80,00,00,
0,00000284,false,Rx,0,6,09,09,00,00,00,00,00,00,
0,00000280,false,Rx,0,8,B3,8A,00,00,33,FA,28,33,
0,00000288,false,Rx,0,8,2C,33,D1,00,00,75,75,53,
0,00000380,false,Rx,0,8,30,00,00,96,20,00,00,FE,
873000,00000488,false,Rx,0,8,AD,33,00,70,FE,FF,FF,10,
0,00000280,false,Rx,0,8,B3,8A,00,00,33,FA,28,33,
0,00000288,false,Rx,0,8,2C,33,D1,00,00,75,75,53,
0,00000380,false,Rx,0,8,30,00,00,96,20,00,00,FE,
0,00000488,false,Rx,0,8,62,33,00,70,FE,FF,00,20,
0,00000480,false,Rx,0,8,84,2C,00,00,19,40,00,F1,
0,00000588,false,Rx,0,8,0B,00,70,00,00,80,00,00,
0,00000284,false,Rx,0,6,0A,0A,00,00,00,00,00,00,
0,00000010,false,Rx,0,7,57,DE,A7,D5,5B,F5,80,00,
0,00000280,false,Rx,0,8,B3,8A,00,00,33,FA,28,33,
0,00000288,false,Rx,0,8,2C,33,D1,00,00,75,75,53,
0,00000380,false,Rx,0,8,30,00,00,96,20,00,00,FE,
0,00000488,false,Rx,0,8,72,33,00,70,FE,FF,00,30,
0,00000280,false,Rx,0,8,B3,8A,00,00,33,FA,28,33,
0,00000288,false,Rx,0,8,64,33,D1,00,00,75,75,53,
0,00000380,false,Rx,0,8,30,00,00,96,20,00,00,FE,
0,00000488,false,Rx,0,8,00,33,00,72,FE,FF,00,40,
0,00000480,false,Rx,0,8,84,2C,00,00,19,40,00,F1,
0,00000588,false,Rx,0,8,0B,00,72,00,00,80,00,00,
0,00000284,false,Rx,0,6,0B,0B,00,00,00,00,00,00,
0,00000280,false,Rx,0,8,B3,8A,00,00,33,FA,28,33,
0,00000288,false,Rx,0,8,64,33,D1,00,00,75,75,53,
0,00000380,false,Rx,0,8,30,00,00,96,20,00,00,FE,
0,00000488,false,Rx,0,8,EF,33,00,72,FE,FF,FF,50,
0,00000280,false,Rx,0,8,B3,8A,00,00,33,FA,28,33,
0,00000288,false,Rx,0,8,64,33,D1,00,00,75,75,53,
0,00000380,false,Rx,0,8,30,00,00,96,20,00,00,FE,
0,00000488,false,Rx,0,8,DF,33,00,72,FE,FF,FF,60,
0,00000480,false,Rx,0,8,C2,2C,00,00,19,40,00,B7,
0,00000588,false,Rx,0,8,0B,00,72,00,00,80,00,00,
0,00000284,false,Rx,0,6,0C,0C,00,00,00,00,00,00,
0,00000280,false,Rx,0,8,B3,8A,00,00,33,FA,28,33,
0,00000288,false,Rx,0,8,64,33,D1,00,00,75,75,53,
0,00000380,false,Rx,0,8,30,00,00,96,20,00,00,FE,
0,00000488,false,Rx,0,8,CF,33,00,72,FE,FF,FF,70,
939000,00000280,false,Rx,0,8,B3,8A,00,00,33,FA,28,33,
0,00000288,false,Rx,0,8,8A,33,D1,00,00,75,75,53,
0,00000380,false,Rx,0,8,30,00,00,96,20,00,00,FE,
0,00000488,false,Rx,0,8,3F,33,00,72,FE,FF,FF,80,
0,00000480,false,Rx,0,8,C2,2C,00,00,19,40,00,B7,
0,00000588,false,Rx,0,8,0B,00,72,00,00,80,00,00,
0,00000284,false,Rx,0,6,0D,0D,00,00,00,00,00,00,
947000,00000010,false,Rx,0,7,55,DC,A5,D3,53,78,80,00,
0,00000280,false,Rx,0,8,B3,8A,00,00,33,FA,28,33,
0,00000288,false,Rx,0,8,8A,33,D1,00,00,75,75,53,
0,00000380,false,Rx,0,8,30,00,00,96,20,00,00,FE,
0,00000488,false,Rx,0,8,2F,33,00,72,FE,FF,FF,90,
0,00000280,false,Rx,0,8,B3,8A,00,00,33,FA,28,33,
0,00000288,false,Rx,0,8,8A,33,D1,00,00,75,75,53,
0,00000380,false,Rx,0,8,30,00,00,96,20,00,00,FE,
0,00000488,false,Rx,0,8,1F,33,00,72,FE,FF,FF,A0,
0,00000480,false,Rx,0,8,C2,2C,00,00,19,40,00,B7,
0,00000588,false,Rx,0,8,0B,00,72,00,00,80,00,00,
963000,00000284,false,Rx,0,6,0E,0E,00,00,00,00,00,00,
0,00000280,false,Rx,0,8,B3,8A,00,00,33,FA,28,33,
0,00000288,false,Rx,0,8,8A,33,D1,00,00,75,75,53,
0,00000380,false,Rx,0,8,30,00,00,96,20,00,00,FE,
0,00000488,false,Rx,0,8,0F,33,00,72,FE,FF,FF,B0,
0,00000280,false,Rx,0,8,B3,8A,00,00,33,FA,28,33,
0,00000288,false,Rx,0,8,E8,33,D1,00,00,75,75,53,
0,00000380,false,Rx,0,8,30,00,00,96,20,00,00,FE,
0,00000488,false,Rx,0,8,7F,33,00,72,FE,FF,FF,C0,
0,00000480,false,Rx,0,8,C2,2C,00,00,19,40,00,B7,
0,00000588,false,Rx,0,8,0B,00,72,00,00,80,00,00,
0,00000284,false,Rx,0,6,0F,0F,00,00,00,00,00,00,
988000,00000280,false,Rx,0,8,B3,8A,00,00,33,FA,28,33,
0,00000288,false,Rx,0,8,E8,33,D1,00,00,75,75,53,
0,00000380,false,Rx,0,8,30,00,00,96,20,00,00,FE,
0,00000488,false,Rx,0,8,6F,33,00,72,FE,FF,FF,D0,
0,00000280,false,Rx,0,8,B3,8A,00,00,33,FA,28,33,
0,00000288,false,Rx,0,8,E8,33,D1,00,00,75,75,53,
0,00000380,false,Rx,0,8,30,00,00,96,20,00,00,FE,
0,00000488,false,Rx,0,8,5F,33,00,72,FE,FF,FF,E0,
0,00000480,false,Rx,0,8,1C,2C,00,00,19,40,00,69,
0,00000588,false,Rx,0,8,0B,00,72,00,00,80,00,00,
0,00000284,false,Rx,0,6,00,00,00,00,00,00,00,00,
8000,00000010,false,Rx,0,7,57,DE,A7,D5,5B,F5,80,00,
0,00000280,false,Rx,0,8,B3,8A,00,00,33,FA,28,33,
0,00000288,false,Rx,0,8,E8,33,D1,00,00,75,75,53,
0,00000380,false,Rx,0,8,30,00,00,96,20,00,00,FE,
0,00000488,false,Rx,0,8,4F,33,00,72,FE,FF,FF,F0,
0,00000280,false,Rx,0,8,B3,8A,00,00,33,FA,28,33,
0,00000288,false,Rx,0,8,2C,33,D1,00,00,75,75,53,
0,00000380,false,Rx,0,8,30,00,00,96,20,00,00,FE,
0,00000488,false,Rx,0,8,40,33,00,72,FE,FF,00,00,
0,00000480,false,Rx,0,8,1C,2C,00,00,19,40,00,69,
0,00000588,false,Rx,0,8,0B,00,72,00,00,80,00,00,
0,00000284,false,Rx,0,6,01,01,00,00,00,00,00,00,
0,00000280,false,Rx,0,8,B3,8A,00,00,33,FA,28,33,
0,00000288,false,Rx,0,8,2C,33,D1,00,00,75,74,53,
0,00000380,false,Rx,0,8,30,00,00,96,20,00,00,FE,
0,00000488,false,Rx,0,8,AF,33,00,72,FE,FF,FF,10,
0,00000280,false,Rx,0,8,B3,8A,00,00,33,FA,28,33,
0,00000288,false,Rx,0,8,2C,33,D1,00,00,75,74,53,
0,00000380,false,Rx,0,8,30,00,00,96,20,00,00,FE,
0,00000488,false,Rx,0,8,60,33,00,72,FE,FF,00,20,
0,00000480,false,Rx,0,8,1C,2C,00,00,19,40,00,69,
45000,00000588,false,Rx,0,8,0B,00,72,00,00,80,00,00,
0,00000284,false,Rx,0,6,02,02,00,00,00,00,00,00,
0,00000280,false,Rx,0,8,B3,8A,00,00,33,FA,28,33,
0,00000288,false,Rx,0,8,2C,33,D1,00,00,75,74,53,
0,00000380,false,Rx,0,8,30,00,00,96,20,00,00,FE,
0,00000488,false,Rx,0,8,70,33,00,72,FE,FF,00,30,
0,00000280,false,Rx,0,8,B3,8A,00,00,33,FA,28,33,
0,00000288,false,Rx,0,8,64,33,D1,00,00,75,74,53,
0,00000380,false,Rx,0,8,30,00,00,96,20,00,00,FE,
0,00000488,false,Rx,0,8,00,33,00,72,FE,FF,00,40,
0,00000480,false,Rx,0,8,1C,2C,00,00,19,40,00,69,
0,00000588,false,Rx,0,8,0B,00,72,00,00,80,00,00,
0,00000284,false,Rx,0,6,03,03,00,00,00,00,00,00,
0,00000010,false,Rx,0,7,55,DC,A5,D3,53,78,80,00,
0,00000280,false,Rx,0,8,B3,8A,00,00,33,FA,28,33,
0,00000288,false,Rx,0,8,64,33,D1,00,00,75,74,53,
0,00000380,false,Rx,0,8,30,00,00,96,20,00,00,FE,
0,00000488,false,Rx,0,8,EF,33,00,72,FE,FF,FF,50,
0,00000280,false,Rx,0,8,B3,8A,00,00,33,FA,28,33,
0,00000288,false,Rx,0,8,64,33,D1,00,00,75,74,53,
0,00000380,false,Rx,0,8,30,00,00,96,20,00,00,FE,
0,00000488,false,Rx,0,8,DF,33,00,72,FE,FF,FF,60,
0,00000480,false,Rx,0,8,54,2C,00,00,19,40,00,21,
0,00000588,false,Rx,0,8,0B,00,72,00,00,80,00,00,
86000,00000284,false,Rx,0,6,04,04,00,00,00,00,00,00,
0,00000280,false,Rx,0,8,B3,8A,00,00,33,FA,28,33,
0,00000288,false,Rx,0,8,64,33,D1,00,00,75,74,53,
0,00000380,false,Rx,0,8,30,00,00,96,20,00,00,FE,
94000,00000488,false,Rx,0,8,CF,33,00,72,FE,FF,FF,70,
0,00000280,false,Rx,0,8,B3,8A,00,00,33,FA,28,33,
0,00000288,false,Rx,0,8,8A,33,D1,00,00,75,74,53,
0,00000380,false,Rx,0,8,30,00,00,96,20,00,00,FE,
0,00000488,false,Rx,0,8,3F,33,00,72,FE,FF,FF,80,
0,00000480,false,Rx,0,8,54,2C,00,00,19,40,00,21,
0,00000588,false,Rx,0,8,0B,00,72,00,00,80,00,00,
0,00000284,false,Rx,0,6,05,05,00,00,00,00,00,00,
0,00000280,false,Rx,0,8,B3,8A,00,00,33,FA,28,33,
0,00000288,false,Rx,0,8,8A,33,D1,00,00,75,74,53,
0,00000380,false,Rx,0,8,30,00,00,96,20,00,00,FE,
0,00000488,false,Rx,0,8,2F,33,00,72,FE,FF,FF,90,
0,00000280,false,Rx,0,8,B3,8A,00,00,33,FA,28,33,
0,00000288,false,Rx,0,8,8A,33,D1,00,00,75,74,53,
0,00000380,false,Rx,0,8,30,00,00,96,20,00,00,FE,
0,00000488,false,Rx,0,8,1F,33,00,72,FE,FF,FF,A0,
0,00000480,false,Rx,0,8,54,2C,00,00,19,40,00,21,
0,00000588,false,Rx,0,8,0B,00,72,00,00,80,00,00,
0,00000284,false,Rx,0,6,06,06,00,00,00,00,00,00,
127000,00000010,false,Rx,0,7,57,DE,A7,D5,5B,F5,80,00,
0,00000280,false,Rx,0,8,B3,8A,00,00,33,FA,28,33,
0,00000288,false,Rx,0,8,8A,33,D1,00,00,75,74,53,
0,00000380,false,Rx,0,8,30,00,00,96,20,00,00,FE,
0,00000488,false,Rx,0,8,0F,33,00,72,FE,FF,FF,B0,
0,00000280,false,Rx,0,8,B3,8A,00,00,33,FA,28,33,
0,00000288,false,Rx,0,8,E8,33,D1,00,00,75,74,53,
0,00000380,false,Rx,0,8,30,00,00,96,20,00,00,FE,
0,00000488,false,Rx,0,8,7F,33,00,72,FE,FF,FF,C0,
0,00000480,false,Rx,0,8,54,2C,00,00,19,40,00,21,
0,00000588,false,Rx,0,8,0B,00,72,00,00,80,00,00,
0,00000284,false,Rx,0,6,07,07,00,00,00,00,00,00,
0,00000280,false,Rx,0,8,B3,8A,00,00,33,FA,28,33,
0,00000288,false,Rx,0,8,E8,33,D1,00,00,75,74,53,
0,00000380,false,Rx,0,8,30,00,00,96,20,00,00,FE,
0,00000488,false,Rx,0,8,6F,33,00,72,FE,FF,FF,D0,
0,00000280,false,Rx,0,8,B3,8A,00,00,33,FA,28,33,
0,00000288,false,Rx,0,8,E8,33,D1,00,00,75,74,53,
0,00000380,false,Rx,0,8,30,00,00,96,20,00,00,FE,
0,00000488,false,Rx,0,8,5F,33,00,72,FE,FF,FF,E0,
0,00000480,false,Rx,0,8,84,2C,00,00,19,40,00,F1,
0,00000588,false,Rx,0,8,0B,00,72,00,00,80,00,00,
164000,00000284,false,Rx,0,6,08,08,00,00,00,00,00,00,
0,00000280,false,Rx,0,8,B3,8A,00,00,33,FA,28,33,
0,00000288,false,Rx,0,8,E8,33,D1,00,00,75,74,53,
0,00000380,false,Rx,0,8,30,00,00,96,20,00,00,FE,
0,00000488,false,Rx,0,8,4F,33,00,72,FE,FF,FF,F0,
0,00000280,false,Rx,0,8,B3,8A,00,00,33,FA,28,33,
0,00000288,false,Rx,0,8,2C,33,D1,00,00,75,74,53,
0,00000380,false,Rx,0,8,30,00,00,96,20,00,00,FE,
0,00000488,false,Rx,0,8,40,33,00,72,FE,FF,00,00,
0,00000480,false,Rx,0,8,84,2C,00,00,19,40,00,F1,
0,00000588,false,Rx,0,8,0B,00,72,00,00,80,00,00,
0,00000284,false,Rx,0,6,09,09,00,00,00,00,00,00,
188000,00000010,false,Rx,0,7,55,DC,A5,D3,53,78,80,00,
0,00000280,false,Rx,0,8,B3,8A,00,00,33,FA,28,33,
0,00000288,false,Rx,0,8,2C,33,D1,00,00,75,74,53,
0,00000380,false,Rx,0,8,30,00,00,96,20,00,00,FE,
0,00000488,false,Rx,0,8,AF,33,00,72,FE,FF,FF,10,
0,00000280,false,Rx,0,8,B3,8A,00,00,33,FA,28,33,
0,00000288,false,Rx,0,8,2C,33,D1,00,00,75,74,53,
0,00000380,false,Rx,0,8,30,00,00,96,20,00,00,FE,
0,00000488,false,Rx,0,8,60,33,00,72,FE,FF,00,20,
0,00000480,false,Rx,0,8,84,2C,00,00,19,40,00,F1,
0,00000588,false,Rx,0,8,0B,00,72,00,00,80,00,00,
0,00000284,false,Rx,0,6,0A,0A,00,00,00,00,00,00,
0,00000280,false,Rx,0,8,B3,8A,00,00,33,FA,28,33,
0,00000288,false,Rx,0,8,2C,33,D1,00,00,75,74,53,
0,00000380,false,Rx,0,8,30,00,00,96,20,00,00,FE,
0,00000488,false,Rx,0,8,70,33,00,72,FE,FF,00,30,
0,00000280,false,Rx,0,8,B3,8A,00,00,33,FA,28,33,
0,00000288,false,Rx,0,8,64,33,D1,00,00,75,74,53,
0,00000380,false,Rx,0,8,30,00,00,96,20,00,00,FE,
0,00000488,false,Rx,0,8,00,33,00,72,FE,FF,00,40,
0,00000480,false,Rx,0,8,84,2C,00,00,19,40,00,F1,
225000,00000588,false,Rx,0,8,0B,00,72,00,00,80,00,00,
0,00000284,false,Rx,0,6,0B,0B,00,00,00,00,00,00,
0,00000280,false,Rx,0,8,B3,8A,00,00,33,FA,28,33,
0,00000288,false,Rx,0,8,64,33,D1,00,00,75,74,53,
0,00000380,false,Rx,0,8,30,00,00,96,20,00,00,FE,
0,00000488,false,Rx,0,8,EF,33,00,72,FE,FF,FF,50,
0,00000280,false,Rx,0,8,B3,8A,00,00,33,FA,28,33,
0,00000288,false,Rx,0,8,64,33,D1,00,00,75,74,53,
0,00000380,false,Rx,0,8,30,00,00,96,20,00,00,FE,
0,00000488,false,Rx,0,8,DF,33,00,72,FE,FF,FF,60,
0,00000480,false,Rx,0,8,C2,2C,00,00,19,40,00,B7,
246000,00000588,false,Rx,0,8,0B,00,72,00,00,80,00,00,
0,00000284,false,Rx,0,6,0C,0C,00,00,00,00,00,00,
0,00000010,false,Rx,0,7,57,DE,A7,D5,5B,F5,80,00,
0,00000280,false,Rx,0,8,B3,8A,00,00,33,FA,28,33,
0,00000288,false,Rx,0,8,64,33,D1,00,00,75,74,53,
0,00000380,false,Rx,0,8,30,00,00,96,20,00,00,FE,
0,00000488,false,Rx,0,8,CF,33,00,72,FE,FF,FF,70,
0,00000280,false,Rx,0,8,B3,8A,00,00,33,FA,28,33,
0,00000288,false,Rx,0,8,8A,33,D1,00,00,75,74,53,
0,00000380,false,Rx,0,8,30,00,00,96,20,00,00,FE,
0,00000488,false,Rx,0,8,3F,33,00,72,FE,FF,FF,80,
0,00000480,false,Rx,0,8,C2,2C,00,00,19,40,00,B7,
0,00000588,false,Rx,0,8,0B,00,72,00,00,80,00,00,
266000,00000284,false,Rx,0,6,0D,0D,00,00,00,00,00,00,
0,00000280,false,Rx,0,8,B3,8A,00,00,33,FA,28,33,
0,00000288,false,Rx,0,8,8A,33,D1,00,00,75,74,53,
0,00000380,false,Rx,0,8,30,00,00,96,20,00,00,FE,
0,00000488,false,Rx,0,8,2F,33,00,72,FE,FF,FF,90,
0,00000280,false,Rx,0,8,B3,8A,00,00,33,FA,28,33,
0,00000288,false,Rx,0,8,8A,33,D1,00,00,75,74,53,
0,00000380,false,Rx,0,8,30,00,00,96,20,00,00,FE,
0,00000488,false,Rx,0,8,1F,33,00,72,FE,FF,FF,A0,
0,00000480,false,Rx,0,8,C2,2C,00,00,19,40,00,B7,
0,00000588,false,Rx,0,8,0B,00,72,00,00,80,00,00,
0,00000284,false,Rx,0,6,0E,0E,00,00,00,00,00,00,
0,00000280,false,Rx,0,8,B3,8A,00,00,33,FA,28,33,
0,00000288,false,Rx,0,8,8A,33,D1,00,00,75,74,53,
0,00000380,false,Rx,0,8,30,00,00,96,20,00,00,FE,
295000,00000488,false,Rx,0,8,0F,33,00,72,FE,FF,FF,B0,
0,00000280,false,Rx,0,8,B3,8A,00,00,33,FA,28,33,
0,00000288,false,Rx,0,8,E8,33,D1,00,00,75,74,53,
0,00000380,false,Rx,0,8,30,00,00,96,20,00,00,FE,
0,00000488,false,Rx,0,8,7F,33,00,72,FE,FF,FF,C0,
0,00000480,false,Rx,0,8,C2,2C,00,00,19,40,00,B7,
0,00000284,false,Rx,0,6,0F,0F,00,00,00,00,00,00,
0,00000588,false,Rx,0,8,0B,00,72,00,00,80,00,00,
0,00000010,false,Rx,0,7,55,DC,A5,D3,53,78,80,00,
0,00000280,false,Rx,0,8,B3,8A,00,00,33,FA,28,33,
0,00000288,false,Rx,0,8,E8,33,D1,00,00,75,74,53,
0,00000380,false,Rx,0,8,30,00,00,96,20,00,00,FE,
0,00000488,false,Rx,0,8,6F,33,00,72,FE,FF,FF,D0,
319000,00000280,false,Rx,0,8,B3,8A,00,00,33,FA,28,33,
0,00000288,false,Rx,0,8,E8,33,D1,00,00,75,74,53,
0,00000380,false,Rx,0,8,30,00,00,96,20,00,00,FE,
0,00000488,false,Rx,0,8,5F,33,00,72,FE,FF,FF,E0,
0,00000480,false,Rx,0,8,1C,2C,00,00,19,40,00,69,
0,00000588,false,Rx,0,8,0B,00,72,00,00,80,00,00,
0,00000284,false,Rx,0,6,00,00,00,00,00,00,00,00,
0,00000280,false,Rx,0,8,B3,8A,00,00,33,FA,28,33,
0,00000288,false,Rx,0,8,E8,33,D1,00,00,75,74,53,
0,00000380,false,Rx,0,8,30,00,00,96,20,00,00,FE,
0,00000488,false,Rx,0,8,4F,33,00,72,FE,FF,FF,F0,
0,00000280,false,Rx,0,8,B3,8A,00,00,33,FA,28,33,
0,00000288,false,Rx,0,8,2C,33,D1,00,00,75,74,53,
0,00000380,false,Rx,0,8,30,00,00,96,20,00,00,FE,
0,00000488,false,Rx,0,8,40,33,00,72,FE,FF,00,00,
0,00000480,false,Rx,0,8,1C,2C,00,00,19,40,00,69,
0,00000588,false,Rx,0,8,0B,00,72,00,00,80,00,00,
344000,00000284,false,Rx,0,6,01,01,00,00,00,00,00,00,
0,00000280,false,Rx,0,8,B3,8A,00,00,33,FA,28,33,
0,00000288,false,Rx,0,8,2C,33,D1,00,00,75,74,53,
0,00000380,false,Rx,0,8,30,00,00,96,20,00,00,FE,
0,00000488,false,Rx,0,8,AF,33,00,72,FE,FF,FF,10,
356000,00000580,false,Rx,0,8,82,00,00,14,1C,93,48,14,
0,00000280,false,Rx,0,8,B3,8A,00,00,33,FA,28,33,
0,00000288,false,Rx,0,8,2C,33,D1,00,00,75,74,53,
0,00000380,false,Rx,0,8,30,00,00,96,20,00,00,FE,
0,00000488,false,Rx,0,8,60,33,00,72,FE,FF,00,20,
0,00000480,false,Rx,0,8,1C,2C,00,00,19,40,00,69,
0,00000588,false,Rx,0,8,0B,00,72,00,00,80,00,00,
0,00000284,false,Rx,0,6,02,02,00,00,00,00,00,00,
369000,00000010,false,Rx,0,7,57,DE,A7,D5,5B,F5,80,00,
0,00000280,false,Rx,0,8,B3,8A,00,00,33,FA,28,33,
0,00000288,false,Rx,0,8,2C,33,D1,00,00,75,74,53,
0,00000380,false,Rx,0,8,30,00,00,96,20,00,00,FE,
0,00000488,false,Rx,0,8,70,33,00,72,FE,FF,00,30,
0,00000280,false,Rx,0,8,B3,8A,00,00,33,FA,28,33,
0,00000288,false,Rx,0,8,64,33,D1,00,00,75,74,53,
0,00000380,false,Rx,0,8,30,00,00,96,20,00,00,FE,
0,00000488,false,Rx,0,8,00,33,00,72,FE,FF,00,40,
0,00000480,false,Rx,0,8,1C,2C,00,00,19,40,00,69,
0,00000284,false,Rx,0,6,03,03,00,00,00,00,00,00,
0,00000588,false,Rx,0,8,0B,00,72,00,00,80,00,00,
0,00000280,false,Rx,0,8,B3,8A,00,00,33,FA,28,33,
0,00000288,false,Rx,0,8,64,33,D1,00,00,75,74,53,
0,00000380,false,Rx,0,8,30,00,00,96,20,00,00,FE,
0,00000488,false,Rx,0,8,EF,33,00,72,FE,FF,FF,50,
0,00000280,false,Rx,0,8,B3,8A,00,00,33,FA,28,33,
0,00000288,false,Rx,0,8,64,33,D5,00,00,75,74,53,
0,00000380,false,Rx,0,8,B0,06,00,96,20,00,00,FE,
0,00000488,false,Rx,0,8,DF,33,00,72,FE,FF,FF,60,
0,00000480,false,Rx,0,8,54,2C,00,00,19,40,00,21,
0,00000588,false,Rx,0,8,0B,00,72,00,00,80,00,00,
0,00000284,false,Rx,0,6,04,04,00,00,00,00,00,00,
410000,00000280,false,Rx,0,8,B3,8A,00,00,33,FA,28,33,
0,00000288,false,Rx,0,8,64,33,D5,00,00,75,74,53,
0,00000380,false,Rx,0,8,B0,06,00,96,20,00,00,FE,
0,00000488,false,Rx,0,8,CF,33,00,72,FE,FF,FF,70,
0,00000280,false,Rx,0,8,B3,8A,00,00,33,FA,28,33,
0,00000288,false,Rx,0,8,8A,33,D5,00,00,75,74,53,
0,00000380,false,Rx,0,8,B0,06,00,96,20,00,00,FE,
0,00000488,false,Rx,0,8,3F,33,00,72,FE,FF,FF,80,
0,00000480,false,Rx,0,8,54,2C,00,00,19,40,00,21,
426000,00000588,false,Rx,0,8,0B,00,72,00,00,80,00,00,
0,00000284,false,Rx,0,6,05,05,00,00,00,00,00,00,
0,00000010,false,Rx,0,7,55,DC,A5,D3,53,78,80,00,
0,00000280,false,Rx,0,8,B3,8A,00,00,33,FA,28,33,
0,00000288,false,Rx,0,8,8A,33,D5,00,00,75,74,53,
0,00000380,false,Rx,0,8,B0,06,00,96,20,00,00,FE,
0,00000488,false,Rx,0,8,2F,33,00,72,FE,FF,FF,90,
0,00000280,false,Rx,0,8,B3,8A,00,00,33,FA,28,33,
0,00000288,false,Rx,0,8,8A,33,D5,00,00,75,74,53,
0,00000380,false,Rx,0,8,B0,06,00,96,20,00,00,FE,
0,00000488,false,Rx,0,8,1F,33,00,72,FE,FF,FF,A0,
0,00000480,false,Rx,0,8,54,2C,00,00,19,40,00,21,
0,00000588,false,Rx,0,8,0B,00,72,00,00,80,00,00,
446000,00000284,false,Rx,0,6,06,06,00,00,00,00,00,00,
0,00000280,false,Rx,0,8,B3,8A,00,00,33,FA,28,33,
0,00000288,false,Rx,0,8,8A,33,D5,00,00,75,74,53,
0,00000380,false,Rx,0,8,B0,06,00,96,20,00,00,FE,
0,00000488,false,Rx,0,8,0F,33,00,72,FE,FF,FF,B0,
0,00000280,false,Rx,0,8,B3,8A,00,00,33,FA,28,33,
0,00000288,false,Rx,0,8,E8,33,D5,00,00,75,74,53,
0,00000380,false,Rx,0,8,B0,06,00,96,20,00,00,FE,
0,00000488,false,Rx,0,8,7F,33,00,72,FE,FF,FF,C0,
0,00000480,false,Rx,0,8,54,2C,00,00,19,40,00,21,
0,00000284,false,Rx,0,6,07,07,00,00,00,00,00,00,
467000,00000588,false,Rx,0,8,0B,00,72,00,00,80,00,00,
0,00000280,false,Rx,0,8,B3,8A,00,00,33,FA,28,33,
0,00000288,false,Rx,0,8,E8,33,D5,00,00,75,74,53,
0,00000380,false,Rx,0,8,B0,06,00,96,20,00,00,FE,
475000,00000488,false,Rx,0,8,6F,33,00,72,FE,FF,FF,D0,
0,00000280,false,Rx,0,8,B3,8A,00,00,33,FA,28,33,
0,00000288,false,Rx,0,8,E8,33,D5,00,00,75,74,53,
0,00000380,false,Rx,0,8,B0,06,00,96,20,00,00,FE,
0,00000488,false,Rx,0,8,5F,33,00,72,FE,FF,FF,E0,
0,00000480,false,Rx,0,8,84,2C,00,00,19,40,00,F1,
0,00000588,false,Rx,0,8,0B,00,72,00,00,80,00,00,
0,00000284,false,Rx,0,6,08,08,00,00,00,00,00,00,
487000,00000010,false,Rx,0,7,57,DE,A7,D5,5B,F5,80,00,
0,00000280,false,Rx,0,8,B3,8A,00,00,33,FA,28,33,
0,00000288,false,Rx,0,8,E8,33,D5,00,00,75,74,53,
0,00000380,false,Rx,0,8,B0,06,00,96,20,00,00,FE,
0,00000488,false,Rx,0,8,4F,33,00,72,FE,FF,FF,F0,
0,00000280,false,Rx,0,8,B3,8A,00,00,33,FA,28,33,
0,00000288,false,Rx,0,8,2C,33,D5,00,00,75,74,53,
0,00000380,false,Rx,0,8,B0,0C,00,96,20,00,00,FE,
0,00000488,false,Rx,0,8,40,33,00,72,FE,FF,00,00,
0,00000480,false,Rx,0,8,84,2C,00,00,19,40,00,F1,
0,00000588,false,Rx,0,8,0B,00,72,00,00,80,00,00,
0,00000284,false,Rx,0,6,09,09,00,00,00,00,00,00,
0,00000280,false,Rx,0,8,B3,8A,00,00,33,FA,28,33,
0,00000288,false,Rx,0,8,2C,33,D5,00,00,75,74,53,
0,00000380,false,Rx,0,8,B0,0C,00,96,20,00,00,FE,
0,00000488,false,Rx,0,8,AF,33,00,72,FE,FF,FF,10,
0,00000280,false,Rx,0,8,B3,8A,00,00,33,FA,28,33,
0,00000288,false,Rx,0,8,2C,33,D5,00,00,75,74,53,
0,00000380,false,Rx,0,8,B0,0C,00,96,20,00,00,FE,
0,00000488,false,Rx,0,8,60,33,00,72,FE,FF,00,20,
0,00000480,false,Rx,0,8,84,2C,00,00,19,40,00,F1,
524000,00000588,false,Rx,0,8,0B,00,72,00,00,80,00,00,
0,00000284,false,Rx,0,6,0A,0A,00,00,00,00,00,00,
0,00000280,false,Rx,0,8,B3,8A,00,00,33,FA,28,33,
0,00000288,false,Rx,0,8,2C,33,D5,00,00,75,74,53,
0,00000380,false,Rx,0,8,B0,0C,00,96,20,00,00,FE,
0,00000488,false,Rx,0,8,70,33,00,72,FE,FF,00,30,
0,00000280,false,Rx,0,8,B3,8A,00,00,33,FA,28,33,
0,00000288,false,Rx,0,8,64,33,D5,00,00,75,74,53,
0,00000380,false,Rx,0,8,B0,0C,00,96,20,00,00,FE,
0,00000488,false,Rx,0,8,00,33,00,72,FE,FF,00,40,
0,00000480,false,Rx,0,8,84,2C,00,00,19,40,00,F1,
0,00000284,false,Rx,0,6,0B,0B,00,00,00,00,00,00,
545000,00000588,false,Rx,0,8,0B,00,72,00,00,80,00,00,
549000,00000010,false,Rx,0,7,55,DC,A5,D3,53,78,80,00,
0,00000280,false,Rx,0,8,B3,8A,00,00,33,FA,28,33,
0,00000288,false,Rx,0,8,64,33,D5,00,00,75,74,53,
0,00000380,false,Rx,0,8,B0,0C,00,96,20,00,00,FE,
0,00000488,false,Rx,0,8,EF,33,00,72,FE,FF,FF,50,
0,00000280,false,Rx,0,8,B3,8A,00,00,33,FA,28,33,
0,00000288,false,Rx,0,8,64,33,D5,00,00,75,74,53,
0,00000380,false,Rx,0,8,B0,0C,00,96,20,00,00,FE,
0,00000488,false,Rx,0,8,DF,33,00,72,FE,FF,FF,60,
0,00000480,false,Rx,0,8,C2,2C,00,00,19,40,00,B7,
0,00000588,false,Rx,0,8,0B,00,72,00,00,80,00,00,
0,00000284,false,Rx,0,6,0C,0C,00,00,00,00,00,00,
0,00000280,false,Rx,0,8,B3,8A,00,00,33,FA,28,33,
0,00000288,false,Rx,0,8,64,33,D5,00,00,75,74,53,
0,00000380,false,Rx,0,8,B0,0C,00,96,20,00,00,FE,
0,00000488,false,Rx,0,8,CF,33,00,72,FE,FF,FF,70,
0,00000280,false,Rx,0,8,B3,8A,00,00,33,FA,28,33,
0,00000288,false,Rx,0,8,8A,33,D5,00,00,75,74,53,
0,00000380,false,Rx,0,8,B0,0C,00,96,20,00,00,FE,
0,00000488,false,Rx,0,8,3F,33,00,72,FE,FF,FF,80,
0,00000480,false,Rx,0,8,C2,2C,00,00,19,40,00,B7,
0,00000284,false,Rx,0,6,0D,0D,00,00,00,00,00,00,
0,00000588,false,Rx,0,8,0B,00,72,00,00,80,00,00,
0,00000280,false,Rx,0,8,B3,8A,00,00,33,FA,28,33,
0,00000288,false,Rx,0,8,8A,33,D5,00,00,75,74,53,
0,00000380,false,Rx,0,8,B0,0C,00,96,20,00,00,FE,
0,00000488,false,Rx,0,8,2F,33,00,72,FE,FF,FF,90,
0,00000280,false,Rx,0,8,B3,8A,00,00,33,FA,28,33,
0,00000288,false,Rx,0,8,8A,33,D5,00,00,75,74,53,
0,00000380,false,Rx,0,8,B0,12,00,96,20,00,00,FE,
0,00000488,false,Rx,0,8,1F,33,00,72,FE,FF,FF,A0,
0,00000480,false,Rx,0,8,C2,2C,00,00,19,40,00,B7,
606000,00000588,false,Rx,0,8,0B,00,72,00,00,80,00,00,
0,00000284,false,Rx,0,6,0E,0E,00,00,00,00,00,00,
0,00000010,false,Rx,0,7,57,DE,A7,D5,5B,F5,80,00,
0,00000280,false,Rx,0,8,B3,8A,00,00,33,FA,28,33,
0,00000288,false,Rx,0,8,8A,33,D5,00,00,75,74,53,
0,00000380,false,Rx,0,8,B0,12,00,96,20,00,00,FE,
0,00000488,false,Rx,0,8,0F,33,00,72,FE,FF,FF,B0,
0,00000280,false,Rx,0,8,B3,8A,00,00,33,FA,28,33,
0,00000288,false,Rx,0,8,E8,33,D5,00,00,75,74,53,
0,00000380,false,Rx,0,8,B0,12,00,96,20,00,00,FE,
0,00000488,false,Rx,0,8,7F,33,00,72,FE,FF,FF,C0,
0,00000480,false,Rx,0,8,C2,2C,00,00,19,40,00,B7,
0,00000284,false,Rx,0,6,0F,0F,00,00,00,00,00,00,
0,00000588,false,Rx,0,8,0B,00,72,00,00,80,00,00,
0,00000280,false,Rx,0,8,B3,8A,00,00,33,FA,28,33,
0,00000288,false,Rx,0,8,E8,33,D5,00,00,75,74,53,
0,00000380,false,Rx,0,8,B0,12,00,96,20,00,00,FE,
0,00000488,false,Rx,0,8,6F,33,00,72,FE,FF,FF,D0,
0,00000280,false,Rx,0,8,B3,8A,00,00,33,FA,28,33,
0,00000288,false,Rx,0,8,E8,33,D5,00,00,75,74,53,
0,00000380,false,Rx,0,8,B0,12,00,96,20,00,00,FE,
0,00000488,false,Rx,0,8,5F,33,00,72,FE,FF,FF,E0,
0,00000480,false,Rx,0,8,1C,2C,00,00,19,40,00,69,
0,00000588,false,Rx,0,8,0B,00,72,00,00,80,00,00,
647000,00000284,false,Rx,0,6,00,00,00,00,00,00,00,00,
0,00000280,false,Rx,0,8,B3,8A,00,00,33,FA,28,33,
0,00000288,false,Rx,0,8,E8,33,D5,00,00,75,74,53,
0,00000380,false,Rx,0,8,B0,12,00,96,20,00,00,FE,
655000,00000488,false,Rx,0,8,4F,33,00,72,FE,FF,FF,F0,
0,00000280,false,Rx,0,8,B3,8A,00,00,33,FA,28,33,
0,00000288,false,Rx,0,8,2C,33,D5,00,00,75,74,53,
0,00000380,false,Rx,0,8,B0,12,00,96,20,00,00,FE,
0,00000488,false,Rx,0,8,40,33,00,72,FE,FF,00,00,
0,00000480,false,Rx,0,8,1C,2C,00,00,19,40,00,69,
0,00000284,false,Rx,0,6,01,01,00,00,00,00,00,00,
0,00000588,false,Rx,0,8,0B,00,72,00,00,80,00,00,
0,00000010,false,Rx,0,7,55,DC,A5,D3,53,78,80,00,
0,00000280,false,Rx,0,8,B3,8A,00,00,33,FA,28,33,
0,00000288,false,Rx,0,8,2C,33,D5,00,00,75,74,53,
0,00000380,false,Rx,0,8,B0,12,00,96,20,00,00,FE,
676000,00000488,false,Rx,0,8,AF,33,00,72,FE,FF,FF,10,
0,00000280,false,Rx,0,8,B3,8A,00,00,33,FA,28,33,
0,00000288,false,Rx,0,8,2C,33,D5,00,00,75,74,53,
0,00000380,false,Rx,0,8,B0,12,00,96,20,00,00,FE,
0,00000488,false,Rx,0,8,60,33,00,72,FE,FF,00,20,
0,00000480,false,Rx,0,8,1C,2C,00,00,19,40,00,69,
0,00000588,false,Rx,0,8,0B,00,72,00,00,80,00,00,
0,00000284,false,Rx,0,6,02,02,00,00,00,00,00,00,
0,00000280,false,Rx,0,8,B3,8A,00,00,33,FA,28,33,
0,00000288,false,Rx,0,8,2C,33,D5,00,00,75,74,53,
0,00000380,false,Rx,0,8,B0,12,00,96,20,00,00,FE,
0,00000488,false,Rx,0,8,70,33,00,72,FE,FF,00,30,
0,00000280,false,Rx,0,8,B3,8A,00,00,33,FA,28,33,
0,00000288,false,Rx,0,8,64,33,D5,00,00,75,74,53,
0,00000380,false,Rx,0,8,B0,17,00,96,20,00,00,FE,
0,00000488,false,Rx,0,8,00,33,00,72,FE,FF,00,40,
0,00000480,false,Rx,0,8,1C,2C,00,00,19,40,00,69,
0,00000284,false,Rx,0,6,03,03,00,00,00,00,00,00,
0,00000588,false,Rx,0,8,0B,00,72,00,00,80,00,00,
0,00000280,false,Rx,0,8,B3,8A,00,00,33,FA,28,33,
0,00000288,false,Rx,0,8,64,33,D5,00,00,75,74,53,
0,00000380,false,Rx,0,8,B0,17,00,96,20,00,00,FE,
0,00000488,false,Rx,0,8,EF,33,00,72,FE,FF,FF,50,
0,00000280,false,Rx,0,8,B3,8A,00,00,33,FA,28,33,
0,00000288,false,Rx,0,8,64,33,D5,00,00,75,74,53,
0,00000380,false,Rx,0,8,B0,17,00,96,20,00,00,FE,
0,00000488,false,Rx,0,8,DF,33,00,72,FE,FF,FF,60,
0,00000480,false,Rx,0,8,54,2C,00,00,19,40,00,21,
0,00000588,false,Rx,0,8,0B,00,72,00,00,80,00,00,
725000,00000284,false,Rx,0,6,04,04,00,00,00,00,00,00,
729000,00000010,false,Rx,0,7,57,DE,A7,D5,5B,F5,80,00,
0,00000280,false,Rx,0,8,B3,8A,00,00,33,FA,28,33,
0,00000288,false,Rx,0,8,64,33,D5,00,00,75,73,53,
0,00000380,false,Rx,0,8,B0,17,00,96,20,00,00,FE,
0,00000488,false,Rx,0,8,CF,33,00,72,FE,FF,FF,70,
0,00000280,false,Rx,0,8,B3,8A,00,00,33,FA,28,33,
0,00000288,false,Rx,0,8,8A,33,D5,00,00,75,73,53,
0,00000380,false,Rx,0,8,B0,17,00,96,20,00,00,FE,
0,00000488,false,Rx,0,8,3F,33,00,72,FE,FF,FF,80,
0,00000480,false,Rx,0,8,54,2C,00,00,19,40,00,21,
0,00000284,false,Rx,0,6,05,05,00,00,00,00,00,00,
0,00000588,false,Rx,0,8,0B,00,72,00,00,80,00,00,
0,00000280,false,Rx,0,8,B3,8A,00,00,33,FA,28,33,
0,00000288,false,Rx,0,8,8A,33,D5,00,00,75,73,53,
0,00000380,false,Rx,0,8,B0,17,00,96,20,00,00,FE,
0,00000488,false,Rx,0,8,2F,33,00,72,FE,FF,FF,90,
0,00000280,false,Rx,0,8,B3,8A,00,00,33,FA,28,33,
0,00000288,false,Rx,0,8,8A,33,D5,00,00,75,73,53,
0,00000380,false,Rx,0,8,B0,17,00,96,20,00,00,FE,
0,00000488,false,Rx,0,8,1F,33,00,72,FE,FF,FF,A0,
0,00000480,false,Rx,0,8,54,2C,00,00,19,40,00,21,
0,00000284,false,Rx,0,6,06,06,00,00,00,00,00,00,
0,00000588,false,Rx,0,8,0B,00,72,00,00,80,00,00,
0,00000280,false,Rx,0,8,B3,8A,00,00,33,FA,28,33,
0,00000288,false,Rx,0,8,8A,33,D5,00,00,75,73,53,
0,00000380,false,Rx,0,8,B0,17,00,96,20,00,00,FE,
0,00000488,false,Rx,0,8,0F,33,00,72,FE,FF,FF,B0,
0,00000280,false,Rx,0,8,B3,8A,00,00,33,FA,28,33,
0,00000288,false,Rx,0,8,E8,33,D5,00,00,75,73,53,
0,00000380,false,Rx,0,8,B0,17,00,96,20,00,00,FE,
0,00000488,false,Rx,0,8,7F,33,00,72,FE,FF,FF,C0,
0,00000480,false,Rx,0,8,54,2C,00,00,19,40,00,21,
0,00000284,false,Rx,0,6,07,07,00,00,00,00,00,00,
0,00000588,false,Rx,0,8,0B,00,72,00,00,80,00,00,
790000,00000280,false,Rx,0,8,B3,8A,00,00,33,FA,28,33,
0,00000288,false,Rx,0,8,E8,33,D5,00,00,75,73,53,
0,00000380,false,Rx,0,8,B0,17,00,96,20,00,00,FE,
0,00000488,false,Rx,0,8,6F,33,00,72,FE,FF,FF,D0,
0,00000280,false,Rx,0,8,B3,8A,00,00,33,FA,28,33,
0,00000288,false,Rx,0,8,E8,33,D5,00,00,75,73,53,
0,00000380,false,Rx,0,8,B0,1C,00,96,20,00,00,FE,
0,00000488,false,Rx,0,8,5F,33,00,72,FE,FF,FF,E0,
0,00000480,false,Rx,0,8,84,2C,00,00,19,40,00,F1,
0,00000284,false,Rx,0,6,08,08,00,00,00,00,00,00,
0,00000588,false,Rx,0,8,0B,00,72,00,00,80,00,00,
0,00000280,false,Rx,0,8,B3,8A,00,00,33,FA,28,33,
0,00000288,false,Rx,0,8,E8,33,D5,00,00,75,73,53,
0,00000380,false,Rx,0,8,B0,1C,00,96,20,00,00,FE,
0,00000488,false,Rx,0,8,4F,33,00,72,FE,FF,FF,F0,
0,00000280,false,Rx,0,8,B3,8A,00,00,33,FA,28,33,
0,00000288,false,Rx,0,8,2C,33,D5,00,00,75,73,53,
0,00000380,false,Rx,0,8,B0,1C,00,96,20,00,00,FE,
0,00000488,false,Rx,0,8,40,33,00,72,FE,FF,00,00,
0,00000480,false,Rx,0,8,84,2C,00,00,19,40,00,F1,
0,00000284,false,Rx,0,6,09,09,00,00,00,00,00,00,
827000,00000588,false,Rx,0,8,0B,00,72,00,00,80,00,00,
0,00000280,false,Rx,0,8,B3,8A,00,00,33,FA,28,33,
0,00000288,false,Rx,0,8,2C,33,D5,00,00,75,73,53,
0,00000380,false,Rx,0,8,B0,1C,00,96,20,00,00,FE,
0,00000488,false,Rx,0,8,AF,33,00,72,FE,FF,FF,10,
0,00000280,false,Rx,0,8,B3,8A,00,00,33,FA,28,33,
0,00000288,false,Rx,0,8,2C,33,D5,00,00,75,73,53,
0,00000380,false,Rx,0,8,B0,1C,00,96,20,00,00,FE,
0,00000488,false,Rx,0,8,60,33,00,72,FE,FF,00,20,
0,00000480,false,Rx,0,8,84,2C,00,00,19,40,00,F1,
0,00000284,false,Rx,0,6,0A,0A,00,00,00,00,00,00,
848000,00000588,false,Rx,0,8,0B,00,72,00,00,80,00,00,
0,00000280,false,Rx,0,8,B3,8A,00,00,33,FA,28,33,
0,00000288,false,Rx,0,8,2C,33,D5,00,00,75,73,53,
0,00000380,false,Rx,0,8,B0,1C,00,96,20,00,00,FE,
856000,00000488,false,Rx,0,8,70,33,00,72,FE,FF,00,30,
0,00000280,false,Rx,0,8,B3,8A,00,00,33,FA,28,33,
0,00000288,false,Rx,0,8,64,33,D5,00,00,75,73,53,
0,00000380,false,Rx,0,8,B0,1C,00,96,20,00,00,FE,
0,00000488,false,Rx,0,8,00,33,00,72,FE,FF,00,40,
0,00000480,false,Rx,0,8,84,2C,00,00,19,40,00,F1,
0,00000284,false,Rx,0,6,0B,0B,00,00,00,00,00,00,
868000,00000588,false,Rx,0,8,0B,00,72,00,00,80,00,00,
0,00000280,false,Rx,0,8,B3,8A,00,00,33,FA,28,33,
0,00000288,false,Rx,0,8,64,33,D5,00,00,75,73,53,
0,00000380,false,Rx,0,8,B0,1C,00,96,20,00,00,FE,
0,00000488,false,Rx,0,8,EF,33,00,72,FE,FF,FF,50,
0,00000280,false,Rx,0,8,B3,8A,00,00,33,FA,28,33,
0,00000288,false,Rx,0,8,64,33,D5,00,00,75,73,53,
0,00000380,false,Rx,0,8,B0,1C,00,96,20,00,00,FE,
0,00000488,false,Rx,0,8,DF,33,00,72,FE,FF,FF,60,
0,00000480,false,Rx,0,8,C2,2C,00,00,19,40,00,B7,
0,00000284,false,Rx,0,6,0C,0C,00,00,00,00,00,00,
0,00000588,false,Rx,0,8,0B,00,72,00,00,80,00,00,
0,00000280,false,Rx,0,8,B3,8A,00,00,33,FA,28,33,
0,00000288,false,Rx,0,8,64,33,D5,00,00,75,73,53,
0,00000380,false,Rx,0,8,B0,1C,00,96,20,00,00,FE,
0,00000488,false,Rx,0,8,CF,33,00,72,FE,FF,FF,70,
0,00000280,false,Rx,0,8,B3,8A,00,00,33,FA,28,33,
0,00000288,false,Rx,0,8,8A,33,D5,00,00,75,73,53,
0,00000380,false,Rx,0,8,B0,21,00,96,20,00,00,FE,
0,00000488,false,Rx,0,8,3F,33,00,72,FE,FF,FF,80,
0,00000480,false,Rx,0,8,C2,2C,00,00,19,40,00,B7,
0,00000284,false,Rx,0,6,0D,0D,00,00,00,00,00,00,
905000,00000588,false,Rx,0,8,0B,00,72,00,00,80,00,00,
0,00000280,false,Rx,0,8,B3,8A,00,00,33,FA,28,33,
0,00000288,false,Rx,0,8,8A,33,D5,00,00,75,73,53,
0,00000380,false,Rx,0,8,B0,21,00,96,20,00,00,FE,
0,00000488,false,Rx,0,8,2F,33,00,72,FE,FF,FF,90,
0,00000280,false,Rx,0,8,B3,8A,00,00,33,FA,28,33,
0,00000288,false,Rx,0,8,8A,33,D5,00,00,75,73,53,
0,00000380,false,Rx,0,8,B0,21,00,96,20,00,00,FE,
0,00000488,false,Rx,0,8,1F,33,00,72,FE,FF,FF,A0,
0,00000480,false,Rx,0,8,C2,2C,00,00,19,40,00,B7,
0,00000284,false,Rx,0,6,0E,0E,00,00,00,00,00,00,
0,00000588,false,Rx,0,8,0B,00,72,00,00,80,00,00,
0,00000280,false,Rx,0,8,B3,8A,00,00,33,FA,28,33,
0,00000288,false,Rx,0,8,8A,33,D5,00,00,75,72,53,
0,00000380,false,Rx,0,8,B0,21,00,96,20,00,00,FE,
0,00000488,false,Rx,0,8,0F,33,00,72,FE,FF,FF,B0,
0,00000280,false,Rx,0,8,B3,8A,00,00,33,FA,28,33,
0,00000288,false,Rx,0,8,E8,33,D5,00,00,75,72,53,
0,00000380,false,Rx,0,8,B0,21,00,96,20,00,00,FE,
0,00000488,false,Rx,0,8,7F,33,00,72,FE,FF,FF,C0,
0,00000480,false,Rx,0,8,C2,2C,00,00,19,40,00,B7,
0,00000284,false,Rx,0,6,0F,0F,00,00,00,00,00,00,
0,00000588,false,Rx,0,8,0B,00,72,00,00,80,00,00,
0,00000280,false,Rx,0,8,B3,8A,00,00,33,FA,28,33,
0,00000288,false,Rx,0,8,E8,33,D5,00,00,75,72,53,
0,00000380,false,Rx,0,8,B0,21,00,96,20,00,00,FE,
0,00000488,false,Rx,0,8,6F,33,00,72,FE,FF,FF,D0,
0,00000280,false,Rx,0,8,B3,8A,00,00,33,FA,28,33,
0,00000288,false,Rx,0,8,E8,33,D5,00,00,75,72,53,
0,00000380,false,Rx,0,8,B0,21,00,96,20,00,00,FE,
0,00000488,false,Rx,0,8,5F,33,00,72,FE,FF,FF,E0,
0,00000480,false,Rx,0,8,1C,2C,00,00,19,40,00,69,
0,00000284,false,Rx,0,6,00,00,00,00,00,00,00,00,
0,00000588,false,Rx,0,8,0B,00,72,00,00,80,00,00,
0,00000280,false,Rx,0,8,B3,8A,00,00,33,FA,28,33,
0,00000288,false,Rx,0,8,E8,33,D5,00,00,75,72,53,
0,00000380,false,Rx,0,8,B0,21,00,96,20,00,00,FE,
0,00000488,false,Rx,0,8,4F,33,00,72,FE,FF,FF,F0,
0,00000280,false,Rx,0,8,B3,8A,00,00,33,FA,28,33,
0,00000288,false,Rx,0,8,2C,33,D5,00,00,75,72,53,
0,00000380,false,Rx,0,8,B0,21,00,96,20,00,00,FE,
0,00000488,false,Rx,0,8,40,33,00,72,FE,FF,00,00,
0,00000480,false,Rx,0,8,1C,2C,00,00,19,40,00,69,
0,00000284,false,Rx,0,6,01,01,00,00,00,00,00,00,
0,00000588,false,Rx,0,8,0B,00,72,00,00,80,00,00,
0,00000280,false,Rx,0,8,B3,8A,00,00,33,FA,28,33,
0,00000288,false,Rx,0,8,2C,33,D5,00,00,75,72,53,
0,00000380,false,Rx,0,8,B0,21,00,96,20,00,00,FE,
0,00000488,false,Rx,0,8,AF,33,00,72,FE,FF,FF,10,
0,00000280,false,Rx,0,8,B3,8A,00,00,33,FA,28,33,
0,00000288,false,Rx,0,8,2C,33,D5,00,00,75,72,53,
0,00000380,false,Rx,0,8,B0,26,00,96,20,00,00,FE,
0,00000488,false,Rx,0,8,60,33,00,72,FE,FF,00,20,
0,00000480,false,Rx,0,8,1C,2C,00,00,19,40,00,69,
0,00000284,false,Rx,0,6,02,02,00,00,00,00,00,00,
0,00000588,false,Rx,0,8,0B,00,72,00,00,80,00,00,
0,00000280,false,Rx,0,8,B3,8A,00,00,33,FA,28,33,
0,00000288,false,Rx,0,8,2C,33,D5,00,00,75,72,53,
0,00000380,false,Rx,0,8,B0,26,00,96,20,00,00,FE,
0,00000488,false,Rx,0,8,70,33,00,72,FE,FF,00,30,
0,00000280,false,Rx,0,8,B3,8A,00,00,33,FA,28,33,
0,00000288,false,Rx,0,8,64,33,D5,00,00,75,72,53,
0,00000380,false,Rx,0,8,B0,26,00,96,20,00,00,FE,
0,00000488,false,Rx,0,8,00,33,00,72,FE,FF,00,40,
0,00000480,false,Rx,0,8,1C,2C,00,00,19,40,00,69,
0,00000284,false,Rx,0,6,03,03,00,00,00,00,00,00,
28000,00000588,false,Rx,0,8,0B,00,72,00,00,80,00,00,
0,00000280,false,Rx,0,8,B3,8A,00,00,33,FA,28,33,
0,00000288,false,Rx,0,8,64,33,D5,00,00,75,71,53,
0,00000380,false,Rx,0,8,B0,26,00,96,20,00,00,FE,
36000,00000488,false,Rx,0,8,EF,33,00,72,FE,FF,FF,50,
0,00000280,false,Rx,0,8,B3,8A,00,00,33,FA,28,33,
0,00000288,false,Rx,0,8,64,33,D5,00,00,75,71,53,
0,00000380,false,Rx,0,8,B0,26,00,96,20,00,00,FE,
0,00000488,false,Rx,0,8,DF,33,00,72,FE,FF,FF,60,
0,00000480,false,Rx,0,8,54,2C,00,00,19,40,00,21,
0,00000284,false,Rx,0,6,04,04,00,00,00,00,00,00,
49000,00000588,false,Rx,0,8,0B,00,72,00,00,80,00,00,
0,00000280,false,Rx,0,8,B3,8A,00,00,33,FA,28,33,
0,00000288,false,Rx,0,8,64,33,D5,00,00,75,71,53,
0,00000380,false,Rx,0,8,B0,26,00,96,20,00,00,FE,
0,00000488,false,Rx,0,8,CF,33,00,72,FE,FF,FF,70,
0,00000280,false,Rx,0,8,B3,8A,00,00,33,FA,28,33,
0,00000288,false,Rx,0,8,8A,33,D5,00,00,75,71,53,
0,00000380,false,Rx,0,8,B0,26,00,96,20,00,00,FE,
0,00000488,false,Rx,0,8,3F,33,00,72,FE,FF,FF,80,
0,00000480,false,Rx,0,8,54,2C,00,00,19,40,00,21,
0,00000284,false,Rx,0,6,05,05,00,00,00,00,00,00,
69000,00000588,false,Rx,0,8,0B,00,72,00,00,80,00,00,
0,00000280,false,Rx,0,8,B3,8A,00,00,33,FA,28,33,
0,00000288,false,Rx,0,8,8A,33,D5,00,00,75,71,53,
0,00000380,false,Rx,0,8,B0,26,00,96,20,00,00,FE,
0,00000488,false,Rx,0,8,2F,33,00,72,FE,FF,FF,90,
0,00000280,false,Rx,0,8,B3,8A,00,00,33,FA,28,33,
0,00000288,false,Rx,0,8,8A,33,D5,00,00,75,71,53,
0,00000380,false,Rx,0,8,B0,26,00,96,20,00,00,FE,
0,00000488,false,Rx,0,8,1F,33,00,72,FE,FF,FF,A0,
0,00000480,false,Rx,0,8,54,2C,00,00,19,40,00,21,
0,00000284,false,Rx,0,6,06,06,00,00,00,00,00,00,
0,00000588,false,Rx,0,8,0B,00,72,00,00,80,00,00,
0,00000280,false,Rx,0,8,B3,8A,00,00,33,FA,28,33,
0,00000288,false,Rx,0,8,8A,33,D5,00,00,75,71,53,
0,00000380,false,Rx,0,8,B0,26,00,96,20,00,00,FE,
0,00000488,false,Rx,0,8,0F,33,00,72,FE,FF,FF,B0,
0,00000280,false,Rx,0,8,B3,8A,00,00,33,FA,28,33,
0,00000288,false,Rx,0,8,E8,33,D5,00,00,75,71,53,
0,00000380,false,Rx,0,8,B0,2B,00,96,20,00,00,FE,
0,00000488,false,Rx,0,8,7F,33,00,72,FE,FF,FF,C0,
0,00000480,false,Rx,0,8,54,2C,00,00,19,40,00,21,
0,00000284,false,Rx,0,6,07,07,00,00,00,00,00,00,
106000,00000588,false,Rx,0,8,0B,00,72,00,00,80,00,00,
0,00000280,false,Rx,0,8,B3,8A,00,00,33,FA,28,33,
0,00000288,false,Rx,0,8,E8,33,D5,00,00,75,71,53,
0,00000380,false,Rx,0,8,B0,2B,00,96,20,00,00,FE,
0,00000488,false,Rx,0,8,6F,33,00,72,FE,FF,FF,D0,
0,00000280,false,Rx,0,8,B3,8A,00,00,33,FA,28,33,
0,00000288,false,Rx,0,8,E8,33,D5,00,00,75,71,53,
0,00000380,false,Rx,0,8,B0,2B,00,96,20,00,00,FE,
0,00000488,false,Rx,0,8,5F,33,00,72,FE,FF,FF,E0,
0,00000480,false,Rx,0,8,84,2C,00,00,19,40,00,F1,
0,00000284,false,Rx,0,6,08,08,00,00,00,00,00,00,
0,00000588,false,Rx,0,8,0B,00,72,00,00,80,00,00,
0,00000280,false,Rx,0,8,B3,8A,00,00,33,FA,28,33,
0,00000288,false,Rx,0,8,E8,33,D5,00,00,75,70,53,
0,00000380,false,Rx,0,8,B0,2B,00,96,20,00,00,FE,
0,00000488,false,Rx,0,8,4F,33,00,72,FE,FF,FF,F0,
0,00000280,false,Rx,0,8,B3,8A,00,00,33,FA,28,33,
0,00000288,false,Rx,0,8,2C,33,D5,00,00,75,70,53,
0,00000380,false,Rx,0,8,B0,2B,00,96,20,00,00,FE,
0,00000488,false,Rx,0,8,40,33,00,72,FE,FF,00,00,
0,00000480,false,Rx,0,8,84,2C,00,00,19,40,00,F1,
0,00000284,false,Rx,0,6,09,09,00,00,00,00,00,00,
0,00000588,false,Rx,0,8,0B,00,72,00,00,80,00,00,
0,00000280,false,Rx,0,8,B3,8A,00,00,33,FA,28,33,
0,00000288,false,Rx,0,8,2C,33,D5,00,00,75,70,53,
0,00000380,false,Rx,0,8,B0,2B,00,96,20,00,00,FE,
0,00000488,false,Rx,0,8,AF,33,00,72,FE,FF,FF,10,
0,00000280,false,Rx,0,8,B3,8A,00,00,33,FA,28,33,
0,00000288,false,Rx,0,8,2C,33,D5,00,00,75,70,53,
0,00000380,false,Rx,0,8,B0,2B,00,96,20,00,00,FE,
0,00000488,false,Rx,0,8,60,33,00,72,FE,FF,00,20,
0,00000480,false,Rx,0,8,84,2C,00,00,19,40,00,F1,
0,00000284,false,Rx,0,6,0A,0A,00,00,00,00,00,00,
0,00000588,false,Rx,0,8,0B,00,72,00,00,80,00,00,
0,00000280,false,Rx,0,8,B3,8A,00,00,33,FA,28,33,
0,00000288,false,Rx,0,8,2C,33,D5,00,00,75,70,53,
0,00000380,false,Rx,0,8,B0,2B,00,96,20,00,00,FE,
0,00000488,false,Rx,0,8,70,33,00,72,FE,FF,00,30,
0,00000280,false,Rx,0,8,B3,8A,00,00,33,FA,28,33,
0,00000288,false,Rx,0,8,64,33,D5,00,00,75,70,53,
0,00000380,false,Rx,0,8,B0,2B,00,96,20,00,00,FE,
0,00000488,false,Rx,0,8,00,33,00,72,FE,FF,00,40,
0,00000480,false,Rx,0,8,84,2C,00,00,19,40,00,F1,
0,00000284,false,Rx,0,6,0B,0B,00,00,00,00,00,00,
0,00000588,false,Rx,0,8,0B,00,72,00,00,80,00,00,
0,00000280,false,Rx,0,8,B3,8A,00,00,33,FA,28,33,
0,00000288,false,Rx,0,8,64,33,D5,00,00,75,70,53,
0,00000380,false,Rx,0,8,B0,2B,00,96,20,00,00,FE,
0,00000488,false,Rx,0,8,EF,33,00,72,FE,FF,FF,50,
0,00000280,false,Rx,0,8,B3,8A,00,00,33,FA,28,33,
0,00000288,false,Rx,0,8,64,33,D5,00,00,75,70,53,
0,00000380,false,Rx,0,8,B0,2F,00,96,20,00,00,FE,
0,00000488,false,Rx,0,8,DF,33,00,72,FE,FF,FF,60,
0,00000480,false,Rx,0,8,C2,2C,00,00,19,40,00,B7,
0,00000284,false,Rx,0,6,0C,0C,00,00,00,00,00,00,
208000,00000588,false,Rx,0,8,0B,00,72,00,00,80,00,00,
0,00000280,false,Rx,0,8,B3,8A,00,00,33,FA,28,33,
0,00000288,false,Rx,0,8,64,33,D5,00,00,75,70,53,
0,00000380,false,Rx,0,8,B0,2F,00,96,20,00,00,FE,
0,00000488,false,Rx,0,8,CF,33,00,72,FE,FF,FF,70,
0,00000280,false,Rx,0,8,B3,8A,00,00,33,FA,28,33,
0,00000288,false,Rx,0,8,8A,33,D5,00,00,75,70,53,
0,00000380,false,Rx,0,8,B0,2F,00,96,20,00,00,FE,
0,00000488,false,Rx,0,8,3F,33,00,72,FE,FF,FF,80,
0,00000480,false,Rx,0,8,C2,2C,00,00,19,40,00,B7,
0,00000284,false,Rx,0,6,0D,0D,00,00,00,00,00,00,
229000,00000588,false,Rx,0,8,0B,00,72,00,00,80,00,00,
0,00000280,false,Rx,0,8,B3,8A,00,00,33,FA,28,33,
0,00000288,false,Rx,0,8,8A,33,D5,00,00,75,70,53,
0,00000380,false,Rx,0,8,B0,2F,00,96,20,00,00,FE,
237000,00000488,false,Rx,0,8,2F,33,00,72,FE,FF,FF,90,
0,00000280,false,Rx,0,8,B3,8A,00,00,33,FA,28,33,
0,00000288,false,Rx,0,8,8A,33,D5,00,00,75,70,53,
0,00000380,false,Rx,0,8,B0,2F,00,96,20,00,00,FE,
0,00000488,false,Rx,0,8,1F,33,00,72,FE,FF,FF,A0,
0,00000480,false,Rx,0,8,C2,2C,00,00,19,40,00,B7,
0,00000284,false,Rx,0,6,0E,0E,00,00,00,00,00,00,
249000,00000588,false,Rx,0,8,0B,00,72,00,00,80,00,00,
0,00000280,false,Rx,0,8,B3,8A,00,00,33,FA,28,33,
0,00000288,false,Rx,0,8,8A,33,D5,00,00,75,70,53,
0,00000380,false,Rx,0,8,B0,2F,00,96,20,00,00,FE,
0,00000488,false,Rx,0,8,0F,33,00,72,FE,FF,FF,B0,
262000,00000280,false,Rx,0,8,B3,8A,00,00,33,FA,28,33,
0,00000288,false,Rx,0,8,E8,33,D5,00,00,75,70,53,
0,00000380,false,Rx,0,8,B0,2F,00,96,20,00,00,FE,
0,00000488,false,Rx,0,8,7F,33,00,72,FE,FF,FF,C0,
0,00000480,false,Rx,0,8,C2,2C,00,00,19,40,00,B7,
0,00000284,false,Rx,0,6,0F,0F,00,00,00,00,00,00,
0,00000588,false,Rx,0,8,0B,00,72,00,00,80,00,00,
0,00000280,false,Rx,0,8,B3,8A,00,00,33,FA,28,33,
0,00000288,false,Rx,0,8,E8,33,D5,00,00,75,70,53,
0,00000380,false,Rx,0,8,B0,2F,00,96,20,00,00,FE,
0,00000488,false,Rx,0,8,6F,33,00,72,FE,FF,FF,D0,
0,00000280,false,Rx,0,8,B3,8A,00,00,33,FA,28,33,
0,00000288,false,Rx,0,8,E8,33,D5,00,00,75,70,53,
0,00000380,false,Rx,0,8,B0,2F,00,96,20,00,00,FE,
0,00000488,false,Rx,0,8,5F,33,00,72,FE,FF,FF,E0,
0,00000480,false,Rx,0,8,1C,2C,00,00,19,40,00,69,
0,00000284,false,Rx,0,6,00,00,00,00,00,00,00,00,
286000,00000588,false,Rx,0,8,0B,00,72,00,00,80,00,00,
0,00000280,false,Rx,0,8,B3,8A,00,00,33,FA,28,33,
0,00000288,false,Rx,0,8,E8,33,D5,00,00,75,70,53,
0,00000380,false,Rx,0,8,B0,2F,00,96,20,00,00,FE,
0,00000488,false,Rx,0,8,4F,33,00,72,FE,FF,FF,F0,
0,00000280,false,Rx,0,8,B3,8A,00,00,33,FA,28,33,
0,00000288,false,Rx,0,8,2C,33,D5,00,00,75,70,53,
0,00000380,false,Rx,0,8,B0,33,00,96,20,00,00,FE,
0,00000488,false,Rx,0,8,40,33,00,72,FE,FF,00,00,
0,00000480,false,Rx,0,8,1C,2C,00,00,19,40,00,69,
0,00000284,false,Rx,0,6,01,01,00,00,00,00,00,00,
0,00000588,false,Rx,0,8,0B,00,72,00,00,80,00,00,
0,00000280,false,Rx,0,8,B3,8A,00,00,33,FA,28,33,
0,00000288,false,Rx,0,8,2C,33,D5,00,00,75,70,53,
0,00000380,false,Rx,0,8,B0,33,00,96,20,00,00,FE,
0,00000488,false,Rx,0,8,AF,33,00,72,FE,FF,FF,10,
0,00000280,false,Rx,0,8,B3,8A,00,00,33,FA,28,33,
0,00000288,false,Rx,0,8,2C,33,D5,00,00,75,70,53,
0,00000380,false,Rx,0,8,B0,33,00,96,20,00,00,FE,
0,00000488,false,Rx,0,8,60,33,00,72,FE,FF,00,20,
0,00000480,false,Rx,0,8,1C,2C,00,00,19,40,00,69,
0,00000284,false,Rx,0,6,02,02,00,00,00,00,00,00,
0,00000588,false,Rx,0,8,0B,00,72,00,00,80,00,00,
0,00000280,false,Rx,0,8,B3,8A,00,00,33,FA,28,33,
0,00000288,false,Rx,0,8,2C,33,D5,00,00,75,6F,53,
0,00000380,false,Rx,0,8,B0,33,00,96,20,00,00,FE,
0,00000488,false,Rx,0,8,70,33,00,72,FE,FF,00,30,
0,00000280,false,Rx,0,8,B3,8A,00,00,33,FA,28,33,
0,00000288,false,Rx,0,8,64,33,D5,00,00,75,6F,53,
0,00000380,false,Rx,0,8,B0,33,00,96,20,00,00,FE,
0,00000488,false,Rx,0,8,00,33,00,72,FE,FF,00,40,
0,00000480,false,Rx,0,8,1C,2C,00,00,19,40,00,69,
0,00000284,false,Rx,0,6,03,03,00,00,00,00,00,00,
0,00000588,false,Rx,0,8,0B,00,72,00,00,80,00,00,
0,00000280,false,Rx,0,8,B3,8A,00,00,33,FA,28,33,
0,00000288,false,Rx,0,8,64,33,D5,00,00,75,6F,53,
0,00000380,false,Rx,0,8,B0,33,00,96,20,00,00,FE,
0,00000488,false,Rx,0,8,EF,33,00,72,FE,FF,FF,50,
0,00000580,false,Rx,0,8,83,00,00,11,1F,E0,0C,46,
0,00000280,false,Rx,0,8,B3,8A,00,00,33,FA,28,33,
0,00000288,false,Rx,0,8,64,33,D5,00,00,75,6F,53,
0,00000380,false,Rx,0,8,B0,33,00,96,20,00,00,FE,
0,00000488,false,Rx,0,8,DF,33,00,72,FE,FF,FF,60,
0,00000480,false,Rx,0,8,54,2C,00,00,19,40,00,21,
0,00000284,false,Rx,0,6,04,04,00,00,00,00,00,00,
0,00000588,false,Rx,0,8,0B,00,72,00,00,80,00,00,
0,00000280,false,Rx,0,8,B3,8A,00,00,33,FA,28,33,
0,00000288,false,Rx,0,8,64,33,D5,00,00,75,6F,53,
0,00000380,false,Rx,0,8,B0,33,00,96,20,00,00,FE,
0,00000488,false,Rx,0,8,CF,33,00,72,FE,FF,FF,70,
0,00000280,false,Rx,0,8,B3,8A,00,00,33,FA,28,33,
0,00000288,false,Rx,0,8,8A,33,D5,00,00,75,6F,53,
0,00000380,false,Rx,0,8,B0,33,00,96,20,00,00,FE,
0,00000488,false,Rx,0,8,3F,33,00,72,FE,FF,FF,80,
0,00000480,false,Rx,0,8,54,2C,00,00,19,40,00,21,
0,00000284,false,Rx,0,6,05,05,00,00,00,00,00,00,
0,00000588,false,Rx,0,8,0B,00,72,00,00,80,00,00,
0,00000280,false,Rx,0,8,B3,8A,00,00,33,FA,28,33,
0,00000288,false,Rx,0,8,8A,33,D5,00,00,75,6F,53,
0,00000380,false,Rx,0,8,B0,33,00,96,20,00,00,FE,
0,00000488,false,Rx,0,8,2F,33,00,72,FE,FF,FF,90,
0,00000280,false,Rx,0,8,B3,8A,00,00,33,FA,28,33,
0,00000288,false,Rx,0,8,8A,33,D5,00,00,75,6F,53,
0,00000380,false,Rx,0,8,B0,37,00,96,20,00,00,FE,
0,00000488,false,Rx,0,8,1F,33,00,72,FE,FF,FF,A0,
0,00000480,false,Rx,0,8,54,2C,00,00,19,40,00,21,
0,00000284,false,Rx,0,6,06,06,00,00,00,00,00,00,
409000,00000588,false,Rx,0,8,0B,00,72,00,00,80,00,00,
0,00000280,false,Rx,0,8,B3,8A,00,00,33,FA,28,33,
0,00000288,false,Rx,0,8,8A,33,D5,00,00,75,6F,53,
0,00000380,false,Rx,0,8,B0,37,00,96,20,00,00,FE,
417000,00000488,false,Rx,0,8,0F,33,00,72,FE,FF,FF,B0,
0,00000280,false,Rx,0,8,B3,8A,00,00,33,FA,28,33,
0,00000288,false,Rx,0,8,E8,33,D5,00,00,75,6F,53,
0,00000380,false,Rx,0,8,B0,37,00,96,20,00,00,FE,
0,00000488,false,Rx,0,8,7F,33,00,72,FE,FF,FF,C0,
0,00000480,false,Rx,0,8,54,2C,00,00,19,40,00,21,
0,00000284,false,Rx,0,6,07,07,00,00,00,00,00,00,
429000,00000588,false,Rx,0,8,0B,00,72,00,00,80,00,00,
0,00000280,false,Rx,0,8,B3,8A,00,00,33,FA,28,33,
0,00000288,false,Rx,0,8,E8,33,D5,00,00,75,6E,53,
0,00000380,false,Rx,0,8,B0,37,00,96,20,00,00,FE,
0,00000488,false,Rx,0,8,6F,33,00,72,FE,FF,FF,D0,
0,00000280,false,Rx,0,8,B3,8A,00,00,33,FA,28,33,
0,00000288,false,Rx,0,8,E8,33,D5,00,00,75,6E,53,
0,00000380,false,Rx,0,8,B0,37,00,96,20,00,00,FE,
0,00000488,false,Rx,0,8,5F,33,00,72,FE,FF,FF,E0,
0,00000480,false,Rx,0,8,84,2C,00,00,19,40,00,F1,
0,00000284,false,Rx,0,6,08,08,00,00,00,00,00,00,
0,00000588,false,Rx,0,8,0B,00,72,00,00,80,00,00,
0,00000280,false,Rx,0,8,B3,8A,00,00,33,FA,28,33,
0,00000288,false,Rx,0,8,E8,33,D5,00,00,75,6E,53,
0,00000380,false,Rx,0,8,B0,37,00,96,20,00,00,FE,
0,00000488,false,Rx,0,8,4F,33,00,72,FE,FF,FF,F0,
0,00000280,false,Rx,0,8,B3,8A,00,00,33,FA,28,33,
0,00000288,false,Rx,0,8,2C,33,D5,00,00,75,6E,53,
0,00000380,false,Rx,0,8,B0,37,00,96,20,00,00,FE,
0,00000488,false,Rx,0,8,40,33,00,72,FE,FF,00,00,
0,00000480,false,Rx,0,8,84,2C,00,00,19,40,00,F1,
0,00000284,false,Rx,0,6,09,09,00,00,00,00,00,00,
466000,00000588,false,Rx,0,8,0B,00,72,00,00,80,00,00,
0,00000280,false,Rx,0,8,B3,8A,00,00,33,FA,28,33,
0,00000288,false,Rx,0,8,2C,33,D5,00,00,75,6E,53,
0,00000380,false,Rx,0,8,B0,37,00,96,20,00,00,FE,
0,00000488,false,Rx,0,8,AF,33,00,72,FE,FF,FF,10,
0,00000280,false,Rx,0,8,B3,8A,00,00,33,FA,28,33,
0,00000288,false,Rx,0,8,2C,33,D5,00,00,75,6E,53,
0,00000380,false,Rx,0,8,B0,37,00,96,20,00,00,FE,
0,00000488,false,Rx,0,8,60,33,00,72,FE,FF,00,20,
0,00000480,false,Rx,0,8,84,2C,00,00,19,40,00,F1,
0,00000284,false,Rx,0,6,0A,0A,00,00,00,00,00,00,
487000,00000588,false,Rx,0,8,0B,00,72,00,00,80,00,00,
0,00000280,false,Rx,0,8,B3,8A,00,00,33,FA,28,33,
0,00000288,false,Rx,0,8,2C,33,D5,00,00,75,6E,53,
0,00000380,false,Rx,0,8,B0,37,00,96,20,00,00,FE,
0,00000488,false,Rx,0,8,70,33,00,72,FE,FF,00,30,
0,00000280,false,Rx,0,8,B3,8A,00,00,33,FA,28,33,
0,00000288,false,Rx,0,8,64,33,D5,00,00,75,6E,53,
0,00000380,false,Rx,0,8,B0,3A,00,96,20,00,00,FE,
0,00000488,false,Rx,0,8,00,33,00,72,FE,FF,00,40,
0,00000480,false,Rx,0,8,84,2C,00,00,19,40,00,F1,
0,00000284,false,Rx,0,6,0B,0B,00,00,00,00,00,00,
0,00000588,false,Rx,0,8,0B,00,72,00,00,80,00,00,
0,00000280,false,Rx,0,8,B3,8A,00,00,33,FA,28,33,
0,00000288,false,Rx,0,8,64,33,D5,00,00,75,6E,53,
0,00000380,false,Rx,0,8,B0,3A,00,96,20,00,00,FE,
0,00000488,false,Rx,0,8,EF,33,00,72,FE,FF,FF,50,
0,00000280,false,Rx,0,8,B3,8A,00,00,33,FA,28,33,
0,00000288,false,Rx,0,8,64,33,D5,00,00,75,6E,53,
0,00000380,false,Rx,0,8,B0,3A,00,96,20,00,00,FE,
0,00000488,false,Rx,0,8,DF,33,00,72,FE,FF,FF,60,
0,00000480,false,Rx,0,8,C2,2C,00,00,19,40,00,B7,
0,00000284,false,Rx,0,6,0C,0C,00,00,00,00,00,00,
0,00000588,false,Rx,0,8,0B,00,72,00,00,80,00,00,
0,00000280,false,Rx,0,8,B3,8A,00,00,33,FA,28,33,
0,00000288,false,Rx,0,8,64,33,D5,00,00,75,6D,53,
0,00000380,false,Rx,0,8,B0,3A,00,96,20,00,00,FE,
0,00000488,false,Rx,0,8,CF,33,00,72,FE,FF,FF,70,
0,00000280,false,Rx,0,8,B3,8A,00,00,33,FA,28,33,
0,00000288,false,Rx,0,8,8A,33,D5,00,00,75,6D,53,
0,00000380,false,Rx,0,8,B0,3A,00,96,20,00,00,FE,
0,00000488,false,Rx,0,8,3F,33,00,72,FE,FF,FF,80,
0,00000480,false,Rx,0,8,C2,2C,00,00,19,40,00,B7,
0,00000284,false,Rx,0,6,0D,0D,00,00,00,00,00,00,
0,00000588,false,Rx,0,8,0B,00,72,00,00,80,00,00,
0,00000280,false,Rx,0,8,B3,8A,00,00,33,FA,28,33,
0,00000288,false,Rx,0,8,8A,33,D5,00,00,75,6D,53,
0,00000380,false,Rx,0,8,B0,3A,00,96,20,00,00,FE,
0,00000488,false,Rx,0,8,2F,33,00,72,FE,FF,FF,90,
0,00000280,false,Rx,0,8,B3,8A,00,00,33,FA,28,33,
0,00000288,false,Rx,0,8,8A,33,D5,00,00,75,6D,53,
0,00000380,false,Rx,0,8,B0,3A,00,96,20,00,00,FE,
0,00000488,false,Rx,0,8,1F,33,00,72,FE,FF,FF,A0,
0,00000480,false,Rx,0,8,C2,2C,00,00,19,40,00,B7,
0,00000284,false,Rx,0,6,0E,0E,00,00,00,00,00,00,
0,00000588,false,Rx,0,8,0B,00,72,00,00,80,00,00,
0,00000280,false,Rx,0,8,B3,8A,00,00,33,FA,28,33,
0,00000288,false,Rx,0,8,8A,33,D5,00,00,75,6D,53,
0,00000380,false,Rx,0,8,B0,3A,00,96,20,00,00,FE,
0,00000488,false,Rx,0,8,0F,33,00,72,FE,FF,FF,B0,
0,00000280,false,Rx,0,8,B3,8A,00,00,33,FA,28,33,
0,00000288,false,Rx,0,8,E8,33,D5,00,00,75,6D,53,
0,00000380,false,Rx,0,8,B0,3A,00,96,20,00,00,FE,
0,00000488,false,Rx,0,8,7F,33,00,72,FE,FF,FF,C0,
0,00000480,false,Rx,0,8,C2,2C,00,00,19,40,00,B7,
0,00000284,false,Rx,0,6,0F,0F,00,00,00,00,00,00,
589000,00000588,false,Rx,0,8,0B,00,72,00,00,80,00,00,
0,00000280,false,Rx,0,8,B3,8A,00,00,33,FA,28,33,
0,00000288,false,Rx,0,8,E8,33,D5,00,00,75,6D,53,
0,00000380,false,Rx,0,8,B0,3A,00,96,20,00,00,FE,
597000,00000488,false,Rx,0,8,6F,33,00,72,FE,FF,FF,D0,
0,00000280,false,Rx,0,8,B3,8A,00,00,33,FA,28,33,
0,00000288,false,Rx,0,8,E8,33,D5,00,00,75,6D,53,
0,00000380,false,Rx,0,8,B0,3E,00,96,20,00,00,FE,
0,00000488,false,Rx,0,8,5F,33,00,72,FE,FF,FF,E0,
0,00000480,false,Rx,0,8,1C,2C,00,00,19,40,00,69,
0,00000284,false,Rx,0,6,00,00,00,00,00,00,00,00,
610000,00000588,false,Rx,0,8,0B,00,72,00,00,80,00,00,
0,00000280,false,Rx,0,8,B3,8A,00,00,33,FA,28,33,
0,00000288,false,Rx,0,8,E8,33,D5,00,00,75,6D,53,
0,00000380,false,Rx,0,8,B0,3E,00,96,20,00,00,FE,
618000,00000488,false,Rx,0,8,4F,33,00,72,FE,FF,FF,F0,
0,00000280,false,Rx,0,8,B3,8A,00,00,33,FA,28,33,
0,00000288,false,Rx,0,8,2C,33,D5,00,00,75,6D,53,
0,00000380,false,Rx,0,8,B0,3E,00,96,20,00,00,FE,
0,00000488,false,Rx,0,8,40,33,00,72,FE,FF,00,00,
0,00000480,false,Rx,0,8,1C,2C,00,00,19,40,00,69,
0,00000284,false,Rx,0,6,01,01,00,00,00,00,00,00,
630000,00000588,false,Rx,0,8,0B,00,72,00,00,80,00,00,
0,00000280,false,Rx,0,8,B3,8A,00,00,33,FA,28,33,
0,00000288,false,Rx,0,8,2C,33,D5,00,00,75,6C,53,
0,00000380,false,Rx,0,8,B0,3E,00,96,20,00,00,FE,
0,00000488,false,Rx,0,8,AF,33,00,72,FE,FF,FF,10,
0,00000280,false,Rx,0,8,B3,8A,00,00,33,FA,28,33,
0,00000288,false,Rx,0,8,2C,33,D5,00,00,75,6C,53,
0,00000380,false,Rx,0,8,B0,3E,00,96,20,00,00,FE,
0,00000488,false,Rx,0,8,60,33,00,72,FE,FF,00,20,
0,00000480,false,Rx,0,8,1C,2C,00,00,19,40,00,69,
0,00000284,false,Rx,0,6,02,02,00,00,00,00,00,00,
0,00000588,false,Rx,0,8,0B,00,72,00,00,80,00,00,
0,00000280,false,Rx,0,8,B3,8A,00,00,33,FA,28,33,
0,00000288,false,Rx,0,8,2C,33,D5,00,00,75,6C,53,
0,00000380,false,Rx,0,8,B0,3E,00,96,20,00,00,FE,
0,00000488,false,Rx,0,8,70,33,00,72,FE,FF,00,30,
0,00000280,false,Rx,0,8,B3,8A,00,00,33,FA,28,33,
0,00000288,false,Rx,0,8,64,33,D5,00,00,75,6C,53,
0,00000380,false,Rx,0,8,B0,3E,00,96,20,00,00,FE,
0,00000488,false,Rx,0,8,00,33,00,72,FE,FF,00,40,
0,00000480,false,Rx,0,8,1C,2C,00,00,19,40,00,69,
0,00000284,false,Rx,0,6,03,03,00,00,00,00,00,00,
667000,00000588,false,Rx,0,8,0B,00,72,00,00,80,00,00,
0,00000280,false,Rx,0,8,B3,8A,00,00,33,FA,28,33,
0,00000288,false,Rx,0,8,64,33,D5,00,00,75,6C,53,
0,00000380,false,Rx,0,8,B0,3E,00,96,20,00,00,FE,
0,00000488,false,Rx,0,8,EF,33,00,72,FE,FF,FF,50,
0,00000280,false,Rx,0,8,B3,8A,00,00,33,FA,28,33,
0,00000288,false,Rx,0,8,64,33,D5,00,00,75,6C,53,
0,00000380,false,Rx,0,8,B0,3E,00,96,20,00,00,FE,
0,00000488,false,Rx,0,8,DF,33,00,72,FE,FF,FF,60,
0,00000480,false,Rx,0,8,54,2C,00,00,19,40,00,21,
0,00000284,false,Rx,0,6,04,04,00,00,00,00,00,00,
0,00000588,false,Rx,0,8,0B,00,72,00,00,80,00,00,
0,00000280,false,Rx,0,8,B3,8A,00,00,33,FA,28,33,
0,00000288,false,Rx,0,8,64,33,D5,00,00,75,6C,53,
0,00000380,false,Rx,0,8,B0,3E,00,96,20,00,00,FE,
0,00000488,false,Rx,0,8,CF,33,00,72,FE,FF,FF,70,
0,00000280,false,Rx,0,8,B3,8A,00,00,33,FA,28,33,
0,00000288,false,Rx,0,8,8A,33,D5,00,00,75,6C,53,
0,00000380,false,Rx,0,8,B0,41,00,96,20,00,00,FE,
0,00000488,false,Rx,0,8,3F,33,00,72,FE,FF,FF,80,
0,00000480,false,Rx,0,8,54,2C,00,00,19,40,00,21,
0,00000284,false,Rx,0,6,05,05,00,00,00,00,00,00,
0,00000588,false,Rx,0,8,0B,00,72,00,00,80,00,00,
0,00000280,false,Rx,0,8,B3,8A,00,00,33,FA,28,33,
0,00000288,false,Rx,0,8,8A,33,D5,00,00,75,6C,53,
0,00000380,false,Rx,0,8,B0,41,00,96,20,00,00,FE,
0,00000488,false,Rx,0,8,2F,33,00,72,FE,FF,FF,90,
0,00000280,false,Rx,0,8,B3,8A,00,00,33,FA,28,33,
0,00000288,false,Rx,0,8,8A,33,D5,00,00,75,6C,53,
0,00000380,false,Rx,0,8,B0,41,00,96,20,00,00,FE,
0,00000488,false,Rx,0,8,1F,33,00,72,FE,FF,FF,A0,
0,00000480,false,Rx,0,8,54,2C,00,00,19,40,00,21,
0,00000284,false,Rx,0,6,06,06,00,00,00,00,00,00,
0,00000588,false,Rx,0,8,0B,00,72,00,00,80,00,00,
732000,00000280,false,Rx,0,8,B3,8A,00,00,33,FA,28,33,
0,00000288,false,Rx,0,8,8A,33,D5,00,00,75,6B,53,
0,00000380,false,Rx,0,8,B0,41,00,96,20,00,00,FE,
0,00000488,false,Rx,0,8,0F,33,00,72,FE,FF,FF,B0,
0,00000280,false,Rx,0,8,B3,8A,00,00,33,FA,28,33,
0,00000288,false,Rx,0,8,E8,33,D5,00,00,75,6B,53,
0,00000380,false,Rx,0,8,B0,41,00,96,20,00,00,FE,
0,00000488,false,Rx,0,8,7F,33,00,72,FE,FF,FF,C0,
0,00000480,false,Rx,0,8,54,2C,00,00,19,40,00,21,
0,00000284,false,Rx,0,6,07,07,00,00,00,00,00,00,
0,00000588,false,Rx,0,8,0B,00,72,00,00,80,00,00,
0,00000280,false,Rx,0,8,B3,8A,00,00,33,FA,28,33,
0,00000288,false,Rx,0,8,E8,33,D5,00,00,75,6B,53,
0,00000380,false,Rx,0,8,B0,41,00,96,20,00,00,FE,
0,00000488,false,Rx,0,8,6F,33,00,72,FE,FF,FF,D0,
0,00000280,false,Rx,0,8,B3,8A,00,00,33,FA,28,33,
0,00000288,false,Rx,0,8,E8,33,D5,00,00,75,6B,53,
0,00000380,false,Rx,0,8,B0,41,00,96,20,00,00,FE,
0,00000488,false,Rx,0,8,5F,33,00,72,FE,FF,FF,E0,
0,00000480,false,Rx,0,8,84,2C,00,00,19,40,00,F1,
0,00000284,false,Rx,0,6,08,08,00,00,00,00,00,00,
769000,00000588,false,Rx,0,8,0B,00,72,00,00,80,00,00,
0,00000280,false,Rx,0,8,B3,8A,00,00,33,FA,28,33,
0,00000288,false,Rx,0,8,E8,33,D5,00,00,75,6B,53,
0,00000380,false,Rx,0,8,B0,41,00,96,20,00,00,FE,
0,00000488,false,Rx,0,8,4F,33,00,72,FE,FF,FF,F0,
0,00000280,false,Rx,0,8,B3,8A,00,00,33,FA,28,33,
0,00000288,false,Rx,0,8,2C,33,D5,00,00,75,6B,53,
0,00000380,false,Rx,0,8,B0,41,00,96,20,00,00,FE,
0,00000488,false,Rx,0,8,40,33,00,72,FE,FF,00,00,
0,00000480,false,Rx,0,8,84,2C,00,00,19,40,00,F1,
0,00000284,false,Rx,0,6,09,09,00,00,00,00,00,00,
790000,00000588,false,Rx,0,8,0B,00,72,00,00,80,00,00,
0,00000280,false,Rx,0,8,B3,8A,00,00,33,FA,28,33,
0,00000288,false,Rx,0,8,2C,33,D5,00,00,75,6B,53,
0,00000380,false,Rx,0,8,B0,41,00,96,20,00,00,FE,
798000,00000488,false,Rx,0,8,AF,33,00,72,FE,FF,FF,10,
0,00000280,false,Rx,0,8,B3,8A,00,00,33,FA,28,33,
0,00000288,false,Rx,0,8,2C,33,D5,00,00,75,6B,53,
0,00000380,false,Rx,0,8,B0,44,00,96,20,00,00,FE,
0,00000488,false,Rx,0,8,60,33,00,72,FE,FF,00,20,
0,00000480,false,Rx,0,8,84,2C,00,00,19,40,00,F1,
0,00000284,false,Rx,0,6,0A,0A,00,00,00,00,00,00,
810000,00000588,false,Rx,0,8,0B,00,72,00,00,80,00,00,
0,00000280,false,Rx,0,8,B3,8A,00,00,33,FA,28,33,
0,00000288,false,Rx,0,8,2C,33,D5,00,00,75,6B,53,
0,00000380,false,Rx,0,8,B0,44,00,96,20,00,00,FE,
0,00000488,false,Rx,0,8,70,33,00,72,FE,FF,00,30,
0,00000280,false,Rx,0,8,B3,8A,00,00,33,FA,28,33,
0,00000288,false,Rx,0,8,64,33,D5,00,00,75,6B,53,
0,00000380,false,Rx,0,8,B0,44,00,96,20,00,00,FE,
0,00000488,false,Rx,0,8,00,33,00,72,FE,FF,00,40,
0,00000480,false,Rx,0,8,84,2C,00,00,19,40,00,F1,
0,00000284,false,Rx,0,6,0B,0B,00,00,00,00,00,00,
0,00000588,false,Rx,0,8,0B,00,72,00,00,80,00,00,
0,00000280,false,Rx,0,8,B3,8A,00,00,33,FA,28,33,
0,00000288,false,Rx,0,8,64,33,D5,00,00,75,6A,53,
0,00000380,false,Rx,0,8,B0,44,00,96,20,00,00,FE,
0,00000488,false,Rx,0,8,EF,33,00,72,FE,FF,FF,50,
0,00000280,false,Rx,0,8,B3,8A,00,00,33,FA,28,33,
0,00000288,false,Rx,0,8,64,33,D5,00,00,75,6A,53,
0,00000380,false,Rx,0,8,B0,44,00,96,20,00,00,FE,
0,00000488,false,Rx,0,8,DF,33,00,72,FE,FF,FF,60,
0,00000480,false,Rx,0,8,C2,2C,00,00,19,40,00,B7,
0,00000284,false,Rx,0,6,0C,0C,00,00,00,00,00,00,
847000,00000588,false,Rx,0,8,0B,00,72,00,00,80,00,00,
0,00000280,false,Rx,0,8,B3,8A,00,00,33,FA,28,33,
0,00000288,false,Rx,0,8,64,33,D5,00,00,75,6A,53,
0,00000380,false,Rx,0,8,B0,44,00,96,20,00,00,FE,
0,00000488,false,Rx,0,8,CF,33,00,72,FE,FF,FF,70,
0,00000280,false,Rx,0,8,B3,8A,00,00,33,FA,28,33,
0,00000288,false,Rx,0,8,8A,33,D5,00,00,75,6A,53,
0,00000380,false,Rx,0,8,B0,44,00,96,20,00,00,FE,
0,00000488,false,Rx,0,8,3F,33,00,72,FE,FF,FF,80,
0,00000480,false,Rx,0,8,C2,2C,00,00,19,40,00,B7,
0,00000284,false,Rx,0,6,0D,0D,00,00,00,00,00,00,
0,00000588,false,Rx,0,8,0B,00,72,00,00,80,00,00,
0,00000280,false,Rx,0,8,B3,8A,00,00,33,FA,28,33,
0,00000288,false,Rx,0,8,8A,33,D5,00,00,75,6A,53,
0,00000380,false,Rx,0,8,B0,44,00,96,20,00,00,FE,
0,00000488,false,Rx,0,8,2F,33,00,72,FE,FF,FF,90,
0,00000280,false,Rx,0,8,B3,8A,00,00,33,FA,28,33,
0,00000288,false,Rx,0,8,8A,33,D5,00,00,75,6A,53,
0,00000380,false,Rx,0,8,B0,44,00,96,20,00,00,FE,
0,00000488,false,Rx,0,8,1F,33,00,72,FE,FF,FF,A0,
0,00000480,false,Rx,0,8,C2,2C,00,00,19,40,00,B7,
0,00000284,false,Rx,0,6,0E,0E,00,00,00,00,00,00,
0,00000588,false,Rx,0,8,0B,00,72,00,00,80,00,00,
0,00000280,false,Rx,0,8,B3,8A,00,00,33,FA,28,33,
0,00000288,false,Rx,0,8,8A,33,D5,00,00,75,6A,53,
0,00000380,false,Rx,0,8,B0,44,00,96,20,00,00,FE,
0,00000488,false,Rx,0,8,0F,33,00,72,FE,FF,FF,B0,
0,00000280,false,Rx,0,8,B3,8A,00,00,33,FA,28,33,
0,00000288,false,Rx,0,8,E8,33,D5,00,00,75,6A,53,
0,00000380,false,Rx,0,8,B0,47,00,96,20,00,00,FE,
0,00000488,false,Rx,0,8,7F,33,00,72,FE,FF,FF,C0,
0,00000480,false,Rx,0,8,C2,2C,00,00,19,40,00,B7,
0,00000284,false,Rx,0,6,0F,0F,00,00,00,00,00,00,
0,00000588,false,Rx,0,8,0B,00,72,00,00,80,00,00,
0,00000280,false,Rx,0,8,B3,8A,00,00,33,FA,28,33,
0,00000288,false,Rx,0,8,E8,33,D5,00,00,75,6A,53,
0,00000380,false,Rx,0,8,B0,47,00,96,20,00,00,FE,
0,00000488,false,Rx,0,8,6F,33,00,72,FE,FF,FF,D0,
0,00000280,false,Rx,0,8,B3,8A,00,00,33,FA,28,33,
0,00000288,false,Rx,0,8,E8,33,D5,00,00,75,6A,53,
0,00000380,false,Rx,0,8,B0,47,00,96,20,00,00,FE,
0,00000488,false,Rx,0,8,5F,33,00,72,FE,FF,FF,E0,
0,00000480,false,Rx,0,8,1C,2C,00,00,19,40,00,69,
0,00000284,false,Rx,0,6,00,00,00,00,00,00,00,00,
0,00000588,false,Rx,0,8,0B,00,72,00,00,80,00,00,
0,00000280,false,Rx,0,8,B3,8A,00,00,33,FA,28,33,
0,00000288,false,Rx,0,8,E8,33,D5,00,00,75,69,53,
0,00000380,false,Rx,0,8,B0,47,00,96,20,00,00,FE,
0,00000488,false,Rx,0,8,4F,33,00,72,FE,FF,FF,F0,
0,00000280,false,Rx,0,8,B3,8A,00,00,33,FA,28,33,
0,00000288,false,Rx,0,8,2C,33,D5,00,00,75,69,53,
0,00000380,false,Rx,0,8,B0,47,00,96,20,00,00,FE,
0,00000488,false,Rx,0,8,40,33,00,72,FE,FF,00,00,
0,00000480,false,Rx,0,8,1C,2C,00,00,19,40,00,69,
0,00000284,false,Rx,0,6,01,01,00,00,00,00,00,00,
0,00000588,false,Rx,0,8,0B,00,72,00,00,80,00,00,
0,00000280,false,Rx,0,8,B3,8A,00,00,33,FA,28,33,
0,00000288,false,Rx,0,8,2C,33,D5,00,00,75,69,53,
0,00000380,false,Rx,0,8,B0,47,00,96,20,00,00,FE,
0,00000488,false,Rx,0,8,AF,33,00,72,FE,FF,FF,10,
0,00000280,false,Rx,0,8,B3,8A,00,00,33,FA,28,33,
0,00000288,false,Rx,0,8,2C,33,D5,00,00,75,69,53,
0,00000380,false,Rx,0,8,B0,47,00,96,20,00,00,FE,
0,00000488,false,Rx,0,8,60,33,00,72,FE,FF,00,20,
0,00000480,false,Rx,0,8,1C,2C,00,00,19,40,00,69,
0,00000284,false,Rx,0,6,02,02,00,00,00,00,00,00,
970000,00000588,false,Rx,0,8,0B,00,72,00,00,80,00,00,
0,00000280,false,Rx,0,8,B3,8A,00,00,33,FA,28,33,
0,00000288,false,Rx,0,8,2C,33,D5,00,00,75,69,53,
0,00000380,false,Rx,0,8,B0,47,00,96,20,00,00,FE,
978000,00000488,false,Rx,0,8,70,33,00,72,FE,FF,00,30,
0,00000280,false,Rx,0,8,B3,8A,00,00,33,FA,28,33,
0,00000288,false,Rx,0,8,64,33,D5,00,00,75,69,53,
0,00000380,false,Rx,0,8,B0,47,00,96,20,00,00,FE,
0,00000488,false,Rx,0,8,00,33,00,72,FE,FF,00,40,
0,00000480,false,Rx,0,8,1C,2C,00,00,19,40,00,69,
0,00000284,false,Rx,0,6,03,03,00,00,00,00,00,00,
991000,00000588,false,Rx,0,8,0B,00,72,00,00,80,00,00,
0,00000280,false,Rx,0,8,B3,8A,00,00,33,FA,28,33,
0,00000288,false,Rx,0,8,64,33,D5,00,00,75,69,53,
0,00000380,false,Rx,0,8,B0,47,00,96,20,00,00,FE,
999000,00000488,false,Rx,0,8,EF,33,00,72,FE,FF,FF,50,
0,00000280,false,Rx,0,8,B3,8A,00,00,33,FA,28,33,
0,00000288,false,Rx,0,8,64,33,D5,00,00,75,69,53,
0,00000380,false,Rx,0,8,B0,4A,00,96,20,00,00,FE,
0,00000488,false,Rx,0,8,DF,33,00,72,FE,FF,FF,60,
0,00000480,false,Rx,0,8,54,2C,00,00,19,40,00,21,
0,00000284,false,Rx,0,6,04,04,00,00,00,00,00,00,
11000,00000588,false,Rx,0,8,0B,00,72,00,00,80,00,00,
0,00000280,false,Rx,0,8,B3,8A,00,00,33,FA,28,33,
0,00000288,false,Rx,0,8,64,33,D5,00,00,75,69,53,
0,00000380,false,Rx,0,8,B0,4A,00,96,20,00,00,FE,
0,00000488,false,Rx,0,8,CF,33,00,72,FE,FF,FF,70,
0,00000280,false,Rx,0,8,B3,8A,00,00,33,FA,28,33,
0,00000288,false,Rx,0,8,8A,33,D5,00,00,75,69,53,
0,00000380,false,Rx,0,8,B0,4A,00,96,20,00,00,FE,
0,00000488,false,Rx,0,8,3F,33,00,72,FE,FF,FF,80,
0,00000480,false,Rx,0,8,54,2C,00,00,19,40,00,21,
0,00000284,false,Rx,0,6,05,05,00,00,00,00,00,00,
0,00000588,false,Rx,0,8,0B,00,72,00,00,80,00,00,
0,00000280,false,Rx,0,8,B3,8A,00,00,33,FA,28,33,
0,00000288,false,Rx,0,8,8A,33,D5,00,00,75,69,53,
0,00000380,false,Rx,0,8,B0,4A,00,96,20,00,00,FE,
0,00000488,false,Rx,0,8,2F,33,00,72,FE,FF,FF,90,
0,00000280,false,Rx,0,8,B3,8A,00,00,33,FA,28,33,
0,00000288,false,Rx,0,8,8A,33,D5,00,00,75,69,53,
0,00000380,false,Rx,0,8,B0,4A,00,96,20,00,00,FE,
0,00000488,false,Rx,0,8,1F,33,00,72,FE,FF,FF,A0,
0,00000480,false,Rx,0,8,54,2C,00,00,19,40,00,21,
0,00000284,false,Rx,0,6,06,06,00,00,00,00,00,00,
48000,00000588,false,Rx,0,8,0B,00,72,00,00,80,00,00,
0,00000280,false,Rx,0,8,B3,8A,00,00,33,FA,28,33,
0,00000288,false,Rx,0,8,8A,33,D5,00,00,75,69,53,
0,00000380,false,Rx,0,8,B0,4A,00,96,20,00,00,FE,
0,00000488,false,Rx,0,8,0F,33,00,72,FE,FF,FF,B0,
0,00000280,false,Rx,0,8,B3,8A,00,00,33,FA,28,33,
0,00000288,false,Rx,0,8,E8,33,D5,00,00,75,69,53,
0,00000380,false,Rx,0,8,B0,4A,00,96,20,00,00,FE,
0,00000488,false,Rx,0,8,7F,33,00,72,FE,FF,FF,C0,
0,00000480,false,Rx,0,8,54,2C,00,00,19,40,00,21,
0,00000284,false,Rx,0,6,07,07,00,00,00,00,00,00,
0,00000588,false,Rx,0,8,0B,00,72,00,00,80,00,00,
0,00000280,false,Rx,0,8,B3,8A,00,00,33,FA,28,33,
0,00000288,false,Rx,0,8,E8,33,D5,00,00,75,69,53,
0,00000380,false,Rx,0,8,B0,4A,00,96,20,00,00,FE,
0,00000488,false,Rx,0,8,6F,33,00,72,FE,FF,FF,D0,
0,00000280,false,Rx,0,8,B3,8A,00,00,33,FA,28,33,
0,00000288,false,Rx,0,8,E8,33,D5,00,00,75,69,53,
0,00000380,false,Rx,0,8,B0,4A,00,96,20,00,00,FE,
0,00000488,false,Rx,0,8,5F,33,00,72,FE,FF,FF,E0,
0,00000480,false,Rx,0,8,84,2C,00,00,19,40,00,F1,
0,00000284,false,Rx,0,6,08,08,00,00,00,00,00,00,
0,00000588,false,Rx,0,8,0B,00,72,00,00,80,00,00,
0,00000280,false,Rx,0,8,B3,8A,00,00,33,FA,28,33,
0,00000288,false,Rx,0,8,E8,33,D5,00,00,75,69,53,
0,00000380,false,Rx,0,8,B0,4A,00,96,20,00,00,FE,
0,00000488,false,Rx,0,8,4F,33,00,72,FE,FF,FF,F0,
0,00000280,false,Rx,0,8,B3,8A,00,00,33,FA,28,33,
0,00000288,false,Rx,0,8,2C,33,D5,00,00,75,69,53,
0,00000380,false,Rx,0,8,B0,4D,00,96,20,00,00,FE,
0,00000488,false,Rx,0,8,40,33,00,72,FE,FF,00,00,
0,00000480,false,Rx,0,8,84,2C,00,00,19,40,00,F1,
0,00000284,false,Rx,0,6,09,09,00,00,00,00,00,00,
0,00000588,false,Rx,0,8,0B,00,72,00,00,80,00,00,
0,00000280,false,Rx,0,8,B3,8A,00,00,33,FA,28,33,
0,00000288,false,Rx,0,8,2C,33,D5,00,00,75,69,53,
0,00000380,false,Rx,0,8,B0,4D,00,96,20,00,00,FE,
0,00000488,false,Rx,0,8,AF,33,00,72,FE,FF,FF,10,
0,00000280,false,Rx,0,8,B3,8A,00,00,33,FA,28,33,
0,00000288,false,Rx,0,8,2C,33,D5,00,00,75,69,53,
0,00000380,false,Rx,0,8,B0,4D,00,96,20,00,00,FE,
0,00000488,false,Rx,0,8,60,33,00,72,FE,FF,00,20,
0,00000480,false,Rx,0,8,84,2C,00,00,19,40,00,F1,
0,00000284,false,Rx,0,6,0A,0A,00,00,00,00,00,00,
0,00000588,false,Rx,0,8,0B,00,72,00,00,80,00,00,
0,00000280,false,Rx,0,8,B3,8A,00,00,33,FA,28,33,
0,00000288,false,Rx,0,8,2C,33,D5,00,00,75,68,53,
0,00000380,false,Rx,0,8,B0,4D,00,96,20,00,00,FE,
0,00000488,false,Rx,0,8,70,33,00,72,FE,FF,00,30,
0,00000280,false,Rx,0,8,B3,8A,00,00,33,FA,28,33,
0,00000288,false,Rx,0,8,64,33,D5,00,00,75,68,53,
0,00000380,false,Rx,0,8,B0,4D,00,96,20,00,00,FE,
0,00000488,false,Rx,0,8,00,33,00,72,FE,FF,00,40,
0,00000480,false,Rx,0,8,84,2C,00,00,19,40,00,F1,
0,00000284,false,Rx,0,6,0B,0B,00,00,00,00,00,00,
150000,00000588,false,Rx,0,8,0B,00,72,00,00,80,00,00,
0,00000280,false,Rx,0,8,B3,8A,00,00,33,FA,28,33,
0,00000288,false,Rx,0,8,64,33,D5,00,00,75,68,53,
0,00000380,false,Rx,0,8,B0,4D,00,96,20,00,00,FE,
0,00000488,false,Rx,0,8,EF,33,00,72,FE,FF,FF,50,
0,00000280,false,Rx,0,8,B3,8A,00,00,33,FA,28,33,
0,00000288,false,Rx,0,8,64,33,D5,00,00,75,68,53,
0,00000380,false,Rx,0,8,B0,4D,00,96,20,00,00,FE,
0,00000488,false,Rx,0,8,DF,33,00,72,FE,FF,FF,60,
0,00000480,false,Rx,0,8,C2,2C,00,00,19,40,00,B7,
0,00000284,false,Rx,0,6,0C,0C,00,00,00,00,00,00,
171000,00000588,false,Rx,0,8,0B,00,72,00,00,80,00,00,
0,00000280,false,Rx,0,8,B3,8A,00,00,33,FA,28,33,
0,00000288,false,Rx,0,8,64,33,D5,00,00,75,68,53,
0,00000380,false,Rx,0,8,B0,4D,00,96,20,00,00,FE,
179000,00000488,false,Rx,0,8,CF,33,00,72,FE,FF,FF,70,
0,00000280,false,Rx,0,8,B3,8A,00,00,33,FA,28,33,
0,00000288,false,Rx,0,8,8A,33,D5,00,00,75,68,53,
0,00000380,false,Rx,0,8,B0,4D,00,96,20,00,00,FE,
0,00000488,false,Rx,0,8,3F,33,00,72,FE,FF,FF,80,
0,00000480,false,Rx,0,8,C2,2C,00,00,19,40,00,B7,
0,00000284,false,Rx,0,6,0D,0D,00,00,00,00,00,00,
191000,00000588,false,Rx,0,8,0B,00,72,00,00,80,00,00,
0,00000280,false,Rx,0,8,B3,8A,00,00,33,FA,28,33,
0,00000288,false,Rx,0,8,8A,33,D5,00,00,75,68,53,
0,00000380,false,Rx,0,8,B0,4D,00,96,20,00,00,FE,
0,00000488,false,Rx,0,8,2F,33,00,72,FE,FF,FF,90,
204000,00000280,false,Rx,0,8,B3,8A,00,00,33,FA,28,33,
0,00000288,false,Rx,0,8,8A,33,D5,00,00,75,68,53,
0,00000380,false,Rx,0,8,B0,4F,00,96,20,00,00,FE,
0,00000488,false,Rx,0,8,1F,33,00,72,FE,FF,FF,A0,
0,00000480,false,Rx,0,8,C2,2C,00,00,19,40,00,B7,
0,00000284,false,Rx,0,6,0E,0E,00,00,00,00,00,00,
0,00000588,false,Rx,0,8,0B,00,72,00,00,80,00,00,
0,00000280,false,Rx,0,8,B3,8A,00,00,33,FA,28,33,
0,00000288,false,Rx,0,8,8A,33,D5,00,00,75,68,53,
0,00000380,false,Rx,0,8,B0,4F,00,96,20,00,00,FE,
0,00000488,false,Rx,0,8,0F,33,00,72,FE,FF,FF,B0,
0,00000280,false,Rx,0,8,B3,8A,00,00,33,FA,28,33,
0,00000288,false,Rx,0,8,E8,33,D5,00,00,75,68,53,
0,00000380,false,Rx,0,8,B0,4F,00,96,20,00,00,FE,
0,00000488,false,Rx,0,8,7F,33,00,72,FE,FF,FF,C0,
0,00000480,false,Rx,0,8,C2,2C,00,00,19,40,00,B7,
0,00000284,false,Rx,0,6,0F,0F,00,00,00,00,00,00,
228000,00000588,false,Rx,0,8,0B,00,72,00,00,80,00,00,
0,00000280,false,Rx,0,8,B3,8A,00,00,33,FA,28,33,
0,00000288,false,Rx,0,8,E8,33,D5,00,00,75,67,53,
0,00000380,false,Rx,0,8,B0,4F,00,96,20,00,00,FE,
0,00000488,false,Rx,0,8,6F,33,00,72,FE,FF,FF,D0,
0,00000280,false,Rx,0,8,B3,8A,00,00,33,FA,28,33,
0,00000288,false,Rx,0,8,E8,33,D5,00,00,75,67,53,
0,00000380,false,Rx,0,8,B0,4F,00,96,20,00,00,FE,
0,00000488,false,Rx,0,8,5F,33,00,72,FE,FF,FF,E0,
0,00000480,false,Rx,0,8,1C,2C,00,00,19,40,00,69,
0,00000284,false,Rx,0,6,00,00,00,00,00,00,00,00,
0,00000588,false,Rx,0,8,0B,00,72,00,00,80,00,00,
0,00000280,false,Rx,0,8,B3,8A,00,00,33,FA,28,33,
0,00000288,false,Rx,0,8,E8,33,D5,00,00,75,67,53,
0,00000380,false,Rx,0,8,B0,4F,00,96,20,00,00,FE,
0,00000488,false,Rx,0,8,4F,33,00,72,FE,FF,FF,F0,
0,00000280,false,Rx,0,8,B3,8A,00,00,33,FA,28,33,
0,00000288,false,Rx,0,8,2C,33,D5,00,00,75,67,53,
0,00000380,false,Rx,0,8,B0,4F,00,96,20,00,00,FE,
0,00000488,false,Rx,0,8,40,33,00,72,FE,FF,00,00,
0,00000480,false,Rx,0,8,1C,2C,00,00,19,40,00,69,
0,00000284,false,Rx,0,6,01,01,00,00,00,00,00,00,
0,00000588,false,Rx,0,8,0B,00,72,00,00,80,00,00,
0,00000280,false,Rx,0,8,B3,8A,00,00,33,FA,28,33,
0,00000288,false,Rx,0,8,2C,33,D5,00,00,75,67,53,
0,00000380,false,Rx,0,8,B0,4F,00,96,20,00,00,FE,
0,00000488,false,Rx,0,8,AF,33,00,72,FE,FF,FF,10,
0,00000280,false,Rx,0,8,B3,8A,00,00,33,FA,28,33,
0,00000288,false,Rx,0,8,2C,33,D5,00,00,75,67,53,
0,00000380,false,Rx,0,8,B0,4F,00,96,20,00,00,FE,
0,00000488,false,Rx,0,8,60,33,00,72,FE,FF,00,20,
0,00000480,false,Rx,0,8,1C,2C,00,00,19,40,00,69,
0,00000284,false,Rx,0,6,02,02,00,00,00,00,00,00,
0,00000588,false,Rx,0,8,0B,00,72,00,00,80,00,00,
0,00000280,false,Rx,0,8,B3,8A,00,00,33,FA,28,33,
0,00000288,false,Rx,0,8,2C,33,D5,00,00,75,67,53,
0,00000380,false,Rx,0,8,B0,4F,00,96,20,00,00,FE,
0,00000488,false,Rx,0,8,70,33,00,72,FE,FF,00,30,
0,00000280,false,Rx,0,8,B3,8A,00,00,33,FA,28,33,
0,00000288,false,Rx,0,8,64,33,D5,00,00,75,67,53,
0,00000380,false,Rx,0,8,B0,52,00,96,20,00,00,FE,
0,00000488,false,Rx,0,8,00,33,00,72,FE,FF,00,40,
0,00000480,false,Rx,0,8,1C,2C,00,00,19,40,00,69,
0,00000284,false,Rx,0,6,03,03,00,00,00,00,00,00,
0,00000588,false,Rx,0,8,0B,00,72,00,00,80,00,00,
0,00000280,false,Rx,0,8,B3,8A,00,00,33,FA,28,33,
0,00000288,false,Rx,0,8,64,33,D5,00,00,75,67,53,
0,00000380,false,Rx,0,8,B0,52,00,96,20,00,00,FE,
0,00000488,false,Rx,0,8,EF,33,00,72,FE,FF,FF,50,
0,00000280,false,Rx,0,8,B3,8A,00,00,33,FA,28,33,
0,00000288,false,Rx,0,8,64,33,D5,00,00,75,67,53,
0,00000380,false,Rx,0,8,B0,52,00,96,20,00,00,FE,
0,00000488,false,Rx,0,8,DF,33,00,72,FE,FF,FF,60,
0,00000480,false,Rx,0,8,54,2C,00,00,19,40,00,21,
0,00000284,false,Rx,0,6,04,04,00,00,00,00,00,00,
0,00000588,false,Rx,0,8,0B,00,72,00,00,80,00,00,
0,00000280,false,Rx,0,8,B3,8A,00,00,33,FA,28,33,
0,00000288,false,Rx,0,8,64,33,D5,00,00,75,66,53,
0,00000380,false,Rx,0,8,B0,52,00,96,20,00,00,FE,
0,00000488,false,Rx,0,8,CF,33,00,72,FE,FF,FF,70,
0,00000280,false,Rx,0,8,B3,8A,00,00,33,FA,28,33,
0,00000288,false,Rx,0,8,8A,33,D5,00,00,75,66,53,
0,00000380,false,Rx,0,8,B0,52,00,96,20,00,00,FE,
0,00000488,false,Rx,0,8,3F,33,00,72,FE,FF,FF,80,
0,00000480,false,Rx,0,8,54,2C,00,00,19,40,00,21,
0,00000284,false,Rx,0,6,05,05,00,00,00,00,00,00,
351000,00000588,false,Rx,0,8,0B,00,72,00,00,80,00,00,
0,00000280,false,Rx,0,8,B3,8A,00,00,33,FA,28,33,
0,00000288,false,Rx,0,8,8A,33,D5,00,00,75,66,53,
0,00000380,false,Rx,0,8,B0,52,00,96,20,00,00,FE,
0,00000488,false,Rx,0,8,2F,33,00,72,FE,FF,FF,90,
0,00000580,false,Rx,0,8,84,00,00,14,1C,93,48,14,
0,00000280,false,Rx,0,8,B3,8A,00,00,33,FA,28,33,
0,00000288,false,Rx,0,8,8A,33,D5,00,00,75,66,53,
0,00000380,false,Rx,0,8,B0,52,00,96,20,00,00,FE,
0,00000488,false,Rx,0,8,1F,33,00,72,FE,FF,FF,A0,
0,00000480,false,Rx,0,8,54,2C,00,00,19,41,00,20,
0,00000284,false,Rx,0,6,06,06,00,00,00,00,00,00,
371000,00000588,false,Rx,0,8,0B,00,72,00,00,80,00,00,
0,00000280,false,Rx,0,8,B3,8A,00,00,33,FA,28,33,
0,00000288,false,Rx,0,8,8A,33,D5,00,00,75,66,53,
0,00000380,false,Rx,0,8,B0,52,00,96,20,00,00,FE,
0,00000488,false,Rx,0,8,0F,33,00,72,FE,FF,FF,B0,
0,00000280,false,Rx,0,8,B3,8A,00,00,33,FA,28,33,
0,00000288,false,Rx,0,8,E8,33,D5,00,00,75,66,53,
0,00000380,false,Rx,0,8,B0,52,00,96,20,00,00,FE,
0,00000488,false,Rx,0,8,7F,33,00,72,FE,FF,FF,C0,
0,00000480,false,Rx,0,8,54,2C,00,00,19,41,00,20,
0,00000284,false,Rx,0,6,07,07,00,00,00,00,00,00,
392000,00000588,false,Rx,0,8,0B,00,72,00,00,80,00,00,
0,00000280,false,Rx,0,8,B3,8A,00,00,33,FA,28,33,
0,00000288,false,Rx,0,8,E8,33,D5,00,00,75,66,53,
0,00000380,false,Rx,0,8,B0,52,00,96,20,00,00,FE,
0,00000488,false,Rx,0,8,6F,33,00,72,FE,FF,FF,D0,
0,00000280,false,Rx,0,8,B3,8A,00,00,33,FA,28,33,
0,00000288,false,Rx,0,8,E8,33,D5,00,00,75,66,53,
0,00000380,false,Rx,0,8,B0,54,00,96,20,00,00,FE,
0,00000488,false,Rx,0,8,5F,33,00,72,FE,FF,FF,E0,
0,00000480,false,Rx,0,8,84,2C,00,00,19,41,00,F0,
0,00000284,false,Rx,0,6,08,08,00,00,00,00,00,00,
408000,00000588,false,Rx,0,8,0B,00,72,00,00,80,00,00,
0,00000280,false,Rx,0,8,B3,8A,00,00,33,FA,28,33,
0,00000288,false,Rx,0,8,E8,33,D5,00,00,75,66,53,
0,00000380,false,Rx,0,8,B0,54,00,96,20,00,00,FE,
0,00000488,false,Rx,0,8,4F,33,00,72,FE,FF,FF,F0,
0,00000280,false,Rx,0,8,B3,8A,00,00,33,FA,28,33,
0,00000288,false,Rx,0,8,2C,33,D5,00,00,75,66,53,
0,00000380,false,Rx,0,8,B0,54,00,96,20,00,00,FE,
0,00000488,false,Rx,0,8,40,33,00,72,FE,FF,00,00,
0,00000480,false,Rx,0,8,84,2C,00,00,19,41,00,F0,
0,00000284,false,Rx,0,6,09,09,00,00,00,00,00,00,
429000,00000588,false,Rx,0,8,0B,00,72,00,00,80,00,00,
0,00000280,false,Rx,0,8,B3,8A,00,00,33,FA,28,33,
0,00000288,false,Rx,0,8,2C,33,D5,00,00,75,66,53,
0,00000380,false,Rx,0,8,B0,54,00,96,20,00,00,FE,
0,00000488,false,Rx,0,8,AF,33,00,72,FE,FF,FF,10,
0,00000280,false,Rx,0,8,B3,8A,00,00,33,FA,28,33,
0,00000288,false,Rx,0,8,2C,33,D5,00,00,75,66,53,
0,00000380,false,Rx,0,8,B0,54,00,96,20,00,00,FE,
0,00000488,false,Rx,0,8,60,33,00,72,FE,FF,00,20,
0,00000480,false,Rx,0,8,84,2C,00,00,19,41,00,F0,
0,00000284,false,Rx,0,6,0A,0A,00,00,00,00,00,00,
0,00000588,false,Rx,0,8,0B,00,72,00,00,80,00,00,
0,00000280,false,Rx,0,8,B3,8A,00,00,33,FA,28,33,
0,00000288,false,Rx,0,8,2C,33,D5,00,00,75,66,53,
0,00000380,false,Rx,0,8,B0,54,00,96,20,00,00,FE,
0,00000488,false,Rx,0,8,70,33,00,72,FE,FF,00,30,
0,00000280,false,Rx,0,8,B3,8A,00,00,33,FA,28,33,
0,00000288,false,Rx,0,8,64,33,D5,00,00,75,66,53,
0,00000380,false,Rx,0,8,B0,54,00,96,20,00,00,FE,
0,00000488,false,Rx,0,8,00,33,00,72,FE,FF,00,40,
0,00000480,false,Rx,0,8,84,2C,00,00,19,41,00,F0,
0,00000284,false,Rx,0,6,0B,0B,00,00,00,00,00,00,
0,00000588,false,Rx,0,8,0B,00,72,00,00,80,00,00,
0,00000280,false,Rx,0,8,B3,8A,00,00,33,FA,28,33,
0,00000288,false,Rx,0,8,64,33,D5,00,00,75,66,53,
0,00000380,false,Rx,0,8,B0,54,00,96,20,00,00,FE,
0,00000488,false,Rx,0,8,EF,33,00,72,FE,FF,FF,50,
0,00000280,false,Rx,0,8,B3,8A,00,00,33,FA,28,33,
0,00000288,false,Rx,0,8,64,33,D5,00,00,75,66,53,
0,00000380,false,Rx,0,8,B0,54,00,96,20,00,00,FE,
0,00000488,false,Rx,0,8,DF,33,00,72,FE,FF,FF,60,
0,00000480,false,Rx,0,8,C2,2C,00,00,19,41,00,B6,
0,00000284,false,Rx,0,6,0C,0C,00,00,00,00,00,00,
0,00000588,false,Rx,0,8,0B,00,72,00,00,80,00,00,
0,00000280,false,Rx,0,8,B3,8A,00,00,33,FA,28,33,
0,00000288,false,Rx,0,8,64,33,D5,00,00,75,66,53,
0,00000380,false,Rx,0,8,B0,54,00,96,20,00,00,FE,
0,00000488,false,Rx,0,8,CF,33,00,72,FE,FF,FF,70,
0,00000280,false,Rx,0,8,B3,8A,00,00,33,FA,28,33,
0,00000288,false,Rx,0,8,8A,33,D5,00,00,75,66,53,
0,00000380,false,Rx,0,8,B0,56,00,96,20,00,00,FE,
0,00000488,false,Rx,0,8,3F,33,00,72,FE,FF,FF,80,
0,00000480,false,Rx,0,8,C2,2C,00,00,19,41,00,B6,
0,00000284,false,Rx,0,6,0D,0D,00,00,00,00,00,00,
0,00000588,false,Rx,0,8,0B,00,72,00,00,80,00,00,
0,00000280,false,Rx,0,8,B3,8A,00,00,33,FA,28,33,
0,00000288,false,Rx,0,8,8A,33,D5,00,00,75,66,53,
0,00000380,false,Rx,0,8,B0,56,00,96,20,00,00,FE,
0,00000488,false,Rx,0,8,2F,33,00,72,FE,FF,FF,90,
0,00000280,false,Rx,0,8,B3,8A,00,00,33,FA,28,33,
0,00000288,false,Rx,0,8,8A,33,D5,00,00,75,66,53,
0,00000380,false,Rx,0,8,B0,56,00,96,20,00,00,FE,
0,00000488,false,Rx,0,8,1F,33,00,72,FE,FF,FF,A0,
0,00000480,false,Rx,0,8,C2,2C,00,00,19,41,00,B6,
0,00000284,false,Rx,0,6,0E,0E,00,00,00,00,00,00,
531000,00000588,false,Rx,0,8,0B,00,72,00,00,80,00,00,
0,00000280,false,Rx,0,8,B3,8A,00,00,33,FA,28,33,
0,00000288,false,Rx,0,8,8A,33,D5,00,00,75,65,53,
0,00000380,false,Rx,0,8,B0,56,00,96,20,00,00,FE,
539000,00000488,false,Rx,0,8,0F,33,00,72,FE,FF,FF,B0,
0,00000280,false,Rx,0,8,B3,8A,00,00,33,FA,28,33,
0,00000288,false,Rx,0,8,E8,33,D5,00,00,75,65,53,
0,00000380,false,Rx,0,8,B0,56,00,96,20,00,00,FE,
0,00000488,false,Rx,0,8,7F,33,00,72,FE,FF,FF,C0,
0,00000480,false,Rx,0,8,C2,2C,00,00,19,41,00,B6,
0,00000284,false,Rx,0,6,0F,0F,00,00,00,00,00,00,
552000,00000588,false,Rx,0,8,0B,00,72,00,00,80,00,00,
0,00000280,false,Rx,0,8,B3,8A,00,00,33,FA,28,33,
0,00000288,false,Rx,0,8,E8,33,D5,00,00,75,65,53,
0,00000380,false,Rx,0,8,B0,56,00,96,20,00,00,FE,
560000,00000488,false,Rx,0,8,6F,33,00,72,FE,FF,FF,D0,
0,00000280,false,Rx,0,8,B3,8A,00,00,33,FA,28,33,
0,00000288,false,Rx,0,8,E8,33,D5,00,00,75,65,53,
0,00000380,false,Rx,0,8,B0,56,00,96,20,00,00,FE,
0,00000488,false,Rx,0,8,5F,33,00,72,FE,FF,FF,E0,
0,00000480,false,Rx,0,8,1C,2C,00,00,19,41,00,68,
0,00000284,false,Rx,0,6,00,00,00,00,00,00,00,00,
572000,00000588,false,Rx,0,8,0B,00,72,00,00,80,00,00,
0,00000280,false,Rx,0,8,B3,8A,00,00,33,FA,28,33,
0,00000288,false,Rx,0,8,E8,33,D5,00,00,75,65,53,
0,00000380,false,Rx,0,8,B0,56,00,96,20,00,00,FE,
0,00000488,false,Rx,0,8,4F,33,00,72,FE,FF,FF,F0,
585000,00000280,false,Rx,0,8,B3,8A,00,00,33,FA,28,33,
0,00000288,false,Rx,0,8,2C,33,D5,00,00,75,65,53,
0,00000380,false,Rx,0,8,B0,56,00,96,20,00,00,FE,
0,00000488,false,Rx,0,8,40,33,00,72,FE,FF,00,00,
0,00000480,false,Rx,0,8,1C,2C,00,00,19,41,00,68,
0,00000284,false,Rx,0,6,01,01,00,00,00,00,00,00,
0,00000588,false,Rx,0,8,0B,00,72,00,00,80,00,00,
0,00000280,false,Rx,0,8,B3,8A,00,00,33,FA,28,33,
0,00000288,false,Rx,0,8,2C,33,D5,00,00,75,65,53,
0,00000380,false,Rx,0,8,B0,56,00,96,20,00,00,FE,
0,00000488,false,Rx,0,8,AF,33,00,72,FE,FF,FF,10,
0,00000280,false,Rx,0,8,B3,8A,00,00,33,FA,28,33,
0,00000288,false,Rx,0,8,2C,33,D5,00,00,75,65,53,
0,00000380,false,Rx,0,8,B0,58,00,96,20,00,00,FE,
0,00000488,false,Rx,0,8,60,33,00,72,FE,FF,00,20,
0,00000480,false,Rx,0,8,1C,2C,00,00,19,41,00,68,
0,00000284,false,Rx,0,6,02,02,00,00,00,00,00,00,
609000,00000588,false,Rx,0,8,0B,00,72,00,00,80,00,00,
0,00000280,false,Rx,0,8,B3,8A,00,00,33,FA,28,33,
0,00000288,false,Rx,0,8,2C,33,D5,00,00,75,65,53,
0,00000380,false,Rx,0,8,B0,58,00,96,20,00,00,FE,
0,00000488,false,Rx,0,8,70,33,00,72,FE,FF,00,30,
0,00000280,false,Rx,0,8,B3,8A,00,00,33,FA,28,33,
0,00000288,false,Rx,0,8,64,33,D5,00,00,75,65,53,
0,00000380,false,Rx,0,8,B0,58,00,96,20,00,00,FE,
0,00000488,false,Rx,0,8,00,33,00,72,FE,FF,00,40,
0,00000480,false,Rx,0,8,1C,2C,00,00,19,41,00,68,
0,00000284,false,Rx,0,6,03,03,00,00,00,00,00,00,
0,00000588,false,Rx,0,8,0B,00,72,00,00,80,00,00,
0,00000280,false,Rx,0,8,B3,8A,00,00,33,FA,28,33,
0,00000288,false,Rx,0,8,64,33,D5,00,00,75,64,53,
0,00000380,false,Rx,0,8,B0,58,00,96,20,00,00,FE,
0,00000488,false,Rx,0,8,EF,33,00,72,FE,FF,FF,50,
0,00000280,false,Rx,0,8,B3,8A,00,00,33,FA,28,33,
0,00000288,false,Rx,0,8,64,33,D5,00,00,75,64,53,
0,00000380,false,Rx,0,8,B0,58,00,96,20,00,00,FE,
0,00000488,false,Rx,0,8,DF,33,00,72,FE,FF,FF,60,
0,00000480,false,Rx,0,8,54,2C,00,00,19,41,00,20,
0,00000284,false,Rx,0,6,04,04,00,00,00,00,00,00,
0,00000588,false,Rx,0,8,0B,00,72,00,00,80,00,00,
0,00000280,false,Rx,0,8,B3,8A,00,00,33,FA,28,33,
0,00000288,false,Rx,0,8,64,33,D5,00,00,75,64,53,
0,00000380,false,Rx,0,8,B0,58,00,96,20,00,00,FE,
0,00000488,false,Rx,0,8,CF,33,00,72,FE,FF,FF,70,
0,00000280,false,Rx,0,8,B3,8A,00,00,33,FA,28,33,
0,00000288,false,Rx,0,8,8A,33,D5,00,00,75,64,53,
0,00000380,false,Rx,0,8,B0,58,00,96,20,00,00,FE,
0,00000488,false,Rx,0,8,3F,33,00,72,FE,FF,FF,80,
0,00000480,false,Rx,0,8,54,2C,00,00,19,41,00,20,
0,00000284,false,Rx,0,6,05,05,00,00,00,00,00,00,
0,00000588,false,Rx,0,8,0B,00,72,00,00,80,00,00,
675000,00000280,false,Rx,0,8,B3,8A,00,00,33,FA,28,33,
0,00000288,false,Rx,0,8,8A,33,D5,00,00,75,64,53,
0,00000380,false,Rx,0,8,B0,58,00,96,20,00,00,FE,
0,00000488,false,Rx,0,8,2F,33,00,72,FE,FF,FF,90,
0,00000280,false,Rx,0,8,B3,8A,00,00,33,FA,28,33,
0,00000288,false,Rx,0,8,8A,33,D5,00,00,75,64,53,
0,00000380,false,Rx,0,8,B0,58,00,96,20,00,00,FE,
0,00000488,false,Rx,0,8,1F,33,00,72,FE,FF,FF,A0,
0,00000480,false,Rx,0,8,54,2C,00,00,19,41,00,20,
0,00000284,false,Rx,0,6,06,06,00,00,00,00,00,00,
0,00000588,false,Rx,0,8,0B,00,72,00,00,80,00,00,
0,00000280,false,Rx,0,8,B3,8A,00,00,33,FA,28,33,
0,00000288,false,Rx,0,8,8A,33,D5,00,00,75,64,53,
0,00000380,false,Rx,0,8,B0,58,00,96,20,00,00,FE,
0,00000488,false,Rx,0,8,0F,33,00,72,FE,FF,FF,B0,
0,00000280,false,Rx,0,8,B3,8A,00,00,33,FA,28,33,
0,00000288,false,Rx,0,8,E8,33,D5,00,00,75,64,53,
0,00000380,false,Rx,0,8,B0,5A,00,96,20,00,00,FE,
0,00000488,false,Rx,0,8,7F,33,00,72,FE,FF,FF,C0,
0,00000480,false,Rx,0,8,54,2C,00,00,19,41,00,20,
0,00000284,false,Rx,0,6,07,07,00,00,00,00,00,00,
0,00000588,false,Rx,0,8,0B,00,72,00,00,80,00,00,
0,00000280,false,Rx,0,8,B3,8A,00,00,33,FA,28,33,
0,00000288,false,Rx,0,8,E8,33,D5,00,00,75,64,53,
0,00000380,false,Rx,0,8,B0,5A,00,96,20,00,00,FE,
0,00000488,false,Rx,0,8,6F,33,00,72,FE,FF,FF,D0,
0,00000280,false,Rx,0,8,B3,8A,00,00,33,FA,28,33,
0,00000288,false,Rx,0,8,E8,33,D5,00,00,75,64,53,
0,00000380,false,Rx,0,8,B0,5A,00,96,20,00,00,FE,
0,00000488,false,Rx,0,8,5F,33,00,72,FE,FF,FF,E0,
0,00000480,false,Rx,0,8,84,2C,00,00,19,41,00,F0,
0,00000284,false,Rx,0,6,08,08,00,00,00,00,00,00,
732000,00000588,false,Rx,0,8,0B,00,72,00,00,80,00,00,
0,00000280,false,Rx,0,8,B3,8A,00,00,33,FA,28,33,
0,00000288,false,Rx,0,8,E8,33,D5,00,00,75,64,53,
0,00000380,false,Rx,0,8,B0,5A,00,96,20,00,00,FE,
740000,00000488,false,Rx,0,8,4F,33,00,72,FE,FF,FF,F0,
0,00000280,false,Rx,0,8,B3,8A,00,00,33,FA,28,33,
0,00000288,false,Rx,0,8,2C,33,D5,00,00,75,64,53,
0,00000380,false,Rx,0,8,B0,5A,00,96,20,00,00,FE,
0,00000488,false,Rx,0,8,40,33,00,72,FE,FF,00,00,
0,00000480,false,Rx,0,8,84,2C,00,00,19,41,00,F0,
0,00000284,false,Rx,0,6,09,09,00,00,00,00,00,00,
753000,00000588,false,Rx,0,8,0B,00,72,00,00,80,00,00,
0,00000280,false,Rx,0,8,B3,8A,00,00,33,FA,28,33,
0,00000288,false,Rx,0,8,2C,33,D5,00,00,75,64,53,
0,00000380,false,Rx,0,8,B0,5A,00,96,20,00,00,FE,
0,00000488,false,Rx,0,8,AF,33,00,72,FE,FF,FF,10,
0,00000280,false,Rx,0,8,B3,8A,00,00,33,FA,28,33,
0,00000288,false,Rx,0,8,2C,33,D5,00,00,75,64,53,
0,00000380,false,Rx,0,8,B0,5A,00,96,20,00,00,FE,
0,00000488,false,Rx,0,8,60,33,00,72,FE,FF,00,20,
0,00000480,false,Rx,0,8,84,2C,00,00,19,41,00,F0,
0,00000284,false,Rx,0,6,0A,0A,00,00,00,00,00,00,
0,00000588,false,Rx,0,8,0B,00,72,00,00,80,00,00,
0,00000280,false,Rx,0,8,B3,8A,00,00,33,FA,28,33,
0,00000288,false,Rx,0,8,2C,33,D5,00,00,75,64,53,
0,00000380,false,Rx,0,8,B0,5A,00,96,20,00,00,FE,
0,00000488,false,Rx,0,8,70,33,00,72,FE,FF,00,30,
0,00000280,false,Rx,0,8,B3,8A,00,00,33,FA,28,33,
0,00000288,false,Rx,0,8,64,33,D5,00,00,75,64,53,
0,00000380,false,Rx,0,8,B0,5A,00,96,20,00,00,FE,
0,00000488,false,Rx,0,8,00,33,00,72,FE,FF,00,40,
0,00000480,false,Rx,0,8,84,2C,00,00,19,41,00,F0,
0,00000284,false,Rx,0,6,0B,0B,00,00,00,00,00,00,
0,00000588,false,Rx,0,8,0B,00,72,00,00,80,00,00,
0,00000280,false,Rx,0,8,B3,8A,00,00,33,FA,28,33,
0,00000288,false,Rx,0,8,64,33,D5,00,00,75,64,53,
0,00000380,false,Rx,0,8,B0,5A,00,96,20,00,00,FE,
0,00000488,false,Rx,0,8,EF,33,00,72,FE,FF,FF,50,
0,00000280,false,Rx,0,8,B3,8A,00,00,33,FA,28,33,
0,00000288,false,Rx,0,8,64,33,D5,00,00,75,64,53,
0,00000380,false,Rx,0,8,B0,5C,00,96,20,00,00,FE,
0,00000488,false,Rx,0,8,DF,33,00,72,FE,FF,FF,60,
0,00000480,false,Rx,0,8,C2,2C,00,00,19,41,00,B6,
0,00000284,false,Rx,0,6,0C,0C,00,00,00,00,00,00,
0,00000588,false,Rx,0,8,0B,00,72,00,00,80,00,00,
0,00000280,false,Rx,0,8,B3,8A,00,00,33,FA,28,33,
0,00000288,false,Rx,0,8,64,33,D5,00,00,75,64,53,
0,00000380,false,Rx,0,8,B0,5C,00,96,20,00,00,FE,
0,00000488,false,Rx,0,8,CF,33,00,72,FE,FF,FF,70,
0,00000280,false,Rx,0,8,B3,8A,00,00,33,FA,28,33,
0,00000288,false,Rx,0,8,8A,33,D5,00,00,75,64,53,
0,00000380,false,Rx,0,8,B0,5C,00,96,20,00,00,FE,
0,00000488,false,Rx,0,8,3F,33,00,72,FE,FF,FF,80,
0,00000480,false,Rx,0,8,C2,2C,00,00,19,41,00,B6,
0,00000284,false,Rx,0,6,0D,0D,00,00,00,00,00,00,
0,00000588,false,Rx,0,8,0B,00,72,00,00,80,00,00,
0,00000280,false,Rx,0,8,B3,8A,00,00,33,FA,28,33,
0,00000288,false,Rx,0,8,8A,33,D5,00,00,75,63,53,
0,00000380,false,Rx,0,8,B0,5C,00,96,20,00,00,FE,
0,00000488,false,Rx,0,8,2F,33,00,72,FE,FF,FF,90,
0,00000280,false,Rx,0,8,B3,8A,00,00,33,FA,28,33,
0,00000288,false,Rx,0,8,8A,33,D5,00,00,75,63,53,
0,00000380,false,Rx,0,8,B0,5C,00,96,20,00,00,FE,
0,00000488,false,Rx,0,8,1F,33,00,72,FE,FF,FF,A0,
0,00000480,false,Rx,0,8,C2,2C,00,00,19,41,00,B6,
0,00000284,false,Rx,0,6,0E,0E,00,00,00,00,00,00,
0,00000588,false,Rx,0,8,0B,00,72,00,00,80,00,00,
0,00000280,false,Rx,0,8,B3,8A,00,00,33,FA,28,33,
0,00000288,false,Rx,0,8,8A,33,D5,00,00,75,63,53,
0,00000380,false,Rx,0,8,B0,5C,00,96,20,00,00,FE,
0,00000488,false,Rx,0,8,0F,33,00,72,FE,FF,FF,B0,
0,00000280,false,Rx,0,8,B3,8A,00,00,33,FA,28,33,
0,00000288,false,Rx,0,8,E8,33,D5,00,00,75,63,53,
0,00000380,false,Rx,0,8,B0,5C,00,96,20,00,00,FE,
0,00000488,false,Rx,0,8,7F,33,00,72,FE,FF,FF,C0,
0,00000480,false,Rx,0,8,C2,2C,00,00,19,41,00,B6,
0,00000284,false,Rx,0,6,0F,0F,00,00,00,00,00,00,
0,00000588,false,Rx,0,8,0B,00,72,00,00,80,00,00,
0,00000280,false,Rx,0,8,B3,8A,00,00,33,FA,28,33,
0,00000288,false,Rx,0,8,E8,33,D5,00,00,75,63,53,
0,00000380,false,Rx,0,8,B0,5C,00,96,20,00,00,FE,
0,00000488,false,Rx,0,8,6F,33,00,72,FE,FF,FF,D0,
0,00000280,false,Rx,0,8,B3,8A,00,00,33,FA,28,33,
0,00000288,false,Rx,0,8,E8,33,D5,00,00,75,63,53,
0,00000380,false,Rx,0,8,B0,5C,00,96,20,00,00,FE,
0,00000488,false,Rx,0,8,5F,33,00,72,FE,FF,FF,E0,
0,00000480,false,Rx,0,8,1C,2C,00,00,19,41,00,68,
0,00000284,false,Rx,0,6,00,00,00,00,00,00,00,00,
0,00000588,false,Rx,0,8,0B,00,72,00,00,80,00,00,
0,00000280,false,Rx,0,8,B3,8A,00,00,33,FA,28,33,
0,00000288,false,Rx,0,8,E8,33,D5,00,00,75,63,53,
0,00000380,false,Rx,0,8,B0,5C,00,96,20,00,00,FE,
0,00000488,false,Rx,0,8,4F,33,00,72,FE,FF,FF,F0,
0,00000280,false,Rx,0,8,B3,8A,00,00,33,FA,28,33,
0,00000288,false,Rx,0,8,2C,33,D5,00,00,75,63,53,
0,00000380,false,Rx,0,8,B0,5E,00,96,20,00,00,FE,
0,00000488,false,Rx,0,8,40,33,00,72,FE,FF,00,00,
0,00000480,false,Rx,0,8,1C,2C,00,00,19,41,00,68,
0,00000284,false,Rx,0,6,01,01,00,00,00,00,00,00,
912000,00000588,false,Rx,0,8,0B,00,72,00,00,80,00,00,
0,00000280,false,Rx,0,8,B3,8A,00,00,33,FA,28,33,
0,00000288,false,Rx,0,8,2C,33,D5,00,00,75,63,53,
0,00000380,false,Rx,0,8,B0,5E,00,96,20,00,00,FE,
921000,00000488,false,Rx,0,8,AF,33,00,72,FE,FF,FF,10,
0,00000280,false,Rx,0,8,B3,8A,00,00,33,FA,28,33,
0,00000288,false,Rx,0,8,2C,33,D5,00,00,75,63,53,
0,00000380,false,Rx,0,8,B0,5E,00,96,20,00,00,FE,
0,00000488,false,Rx,0,8,60,33,00,72,FE,FF,00,20,
0,00000480,false,Rx,0,8,1C,2C,00,00,19,41,00,68,
0,00000284,false,Rx,0,6,02,02,00,00,00,00,00,00,
933000,00000588,false,Rx,0,8,0B,00,72,00,00,80,00,00,
0,00000280,false,Rx,0,8,B3,8A,00,00,33,FA,28,33,
0,00000288,false,Rx,0,8,2C,33,D5,00,00,75,62,53,
0,00000380,false,Rx,0,8,B0,5E,00,96,20,00,00,FE,
941000,00000488,false,Rx,0,8,70,33,00,72,FE,FF,00,30,
0,00000280,false,Rx,0,8,B3,8A,00,00,33,FA,28,33,
0,00000288,false,Rx,0,8,64,33,D5,00,00,75,62,53,
0,00000380,false,Rx,0,8,B0,5E,00,96,20,00,00,FE,
0,00000488,false,Rx,0,8,00,33,00,72,FE,FF,00,40,
0,00000480,false,Rx,0,8,1C,2C,00,00,19,41,00,68,
0,00000284,false,Rx,0,6,03,03,00,00,00,00,00,00,
953000,00000588,false,Rx,0,8,0B,00,72,00,00,80,00,00,
0,00000280,false,Rx,0,8,B3,8A,00,00,33,FA,28,33,
0,00000288,false,Rx,0,8,64,33,D5,00,00,75,62,53,
0,00000380,false,Rx,0,8,B0,5E,00,96,20,00,00,FE,
0,00000488,false,Rx,0,8,EF,33,00,72,FE,FF,FF,50,
0,00000280,false,Rx,0,8,B3,8A,00,00,33,FA,28,33,
0,00000288,false,Rx,0,8,64,33,D5,00,00,75,62,53,
0,00000380,false,Rx,0,8,B0,5E,00,96,20,00,00,FE,
0,00000488,false,Rx,0,8,DF,33,00,72,FE,FF,FF,60,
0,00000480,false,Rx,0,8,54,2C,00,00,19,41,00,20,
0,00000284,false,Rx,0,6,04,04,00,00,00,00,00,00,
0,00000588,false,Rx,0,8,0B,00,72,00,00,80,00,00,
0,00000280,false,Rx,0,8,B3,8A,00,00,33,FA,28,33,
0,00000288,false,Rx,0,8,64,33,D5,00,00,75,62,53,
0,00000380,false,Rx,0,8,B0,5E,00,96,20,00,00,FE,
0,00000488,false,Rx,0,8,CF,33,00,72,FE,FF,FF,70,
0,00000280,false,Rx,0,8,B3,8A,00,00,33,FA,28,33,
0,00000288,false,Rx,0,8,8A,33,D5,00,00,75,62,53,
0,00000380,false,Rx,0,8,B0,5E,00,96,20,00,00,FE,
0,00000488,false,Rx,0,8,3F,33,00,72,FE,FF,FF,80,
0,00000480,false,Rx,0,8,54,2C,00,00,19,41,00,20,
0,00000284,false,Rx,0,6,05,05,00,00,00,00,00,00,
990000,00000588,false,Rx,0,8,0B,00,72,00,00,80,00,00,
0,00000280,false,Rx,0,8,B3,8A,00,00,33,FA,28,33,
0,00000288,false,Rx,0,8,8A,33,D5,00,00,75,62,53,
0,00000380,false,Rx,0,8,B0,5E,00,96,20,00,00,FE,
0,00000488,false,Rx,0,8,2F,33,00,72,FE,FF,FF,90,
0,00000280,false,Rx,0,8,B3,8A,00,00,33,FA,28,33,
0,00000288,false,Rx,0,8,8A,33,D5,00,00,75,62,53,
0,00000380,false,Rx,0,8,B0,5F,00,96,20,00,00,FE,
0,00000488,false,Rx,0,8,1F,33,00,72,FE,FF,FF,A0,
0,00000480,false,Rx,0,8,54,2C,00,00,19,41,00,20,
0,00000284,false,Rx,0,6,06,06,00,00,00,00,00,00,
0,00000588,false,Rx,0,8,0B,00,72,00,00,80,00,00,
0,00000280,false,Rx,0,8,B3,8A,00,00,33,FA,28,33,
0,00000288,false,Rx,0,8,8A,33,D5,00,00,75,62,53,
0,00000380,false,Rx,0,8,B0,5F,00,96,20,00,00,FE,
0,00000488,false,Rx,0,8,0F,33,00,72,FE,FF,FF,B0,
0,00000280,false,Rx,0,8,B3,8A,00,00,33,FA,28,33,
0,00000288,false,Rx,0,8,E8,33,D5,00,00,75,62,53,
0,00000380,false,Rx,0,8,B0,5F,00,96,20,00,00,FE,
0,00000488,false,Rx,0,8,7F,33,00,72,FE,FF,FF,C0,
0,00000480,false,Rx,0,8,54,2C,00,00,19,41,00,20,
0,00000284,false,Rx,0,6,07,07,00,00,00,00,00,00,
0,00000588,false,Rx,0,8,0B,00,72,00,00,80,00,00,
0,00000280,false,Rx,0,8,B3,8A,00,00,33,FA,28,33,
0,00000288,false,Rx,0,8,E8,33,D5,00,00,75,62,53,
0,00000380,false,Rx,0,8,B0,5F,00,96,20,00,00,FE,
0,00000488,false,Rx,0,8,6F,33,00,72,FE,FF,FF,D0,
0,00000280,false,Rx,0,8,B3,8A,00,00,33,FA,28,33,
0,00000288,false,Rx,0,8,E8,33,D5,00,00,75,62,53,
0,00000380,false,Rx,0,8,B0,5F,00,96,20,00,00,FE,
0,00000488,false,Rx,0,8,5F,33,00,72,FE,FF,FF,E0,
0,00000480,false,Rx,0,8,84,2C,00,00,19,41,00,F0,
0,00000284,false,Rx,0,6,08,08,00,00,00,00,00,00,
0,00000588,false,Rx,0,8,0B,00,72,00,00,80,00,00,
56000,00000280,false,Rx,0,8,B3,8A,00,00,33,FA,28,33,
0,00000288,false,Rx,0,8,E8,33,D5,00,00,75,62,53,
0,00000380,false,Rx,0,8,B0,5F,00,96,20,00,00,FE,
0,00000488,false,Rx,0,8,4F,33,00,72,FE,FF,FF,F0,
0,00000280,false,Rx,0,8,B3,8A,00,00,33,FA,28,33,
0,00000288,false,Rx,0,8,2C,33,D5,00,00,75,62,53,
0,00000380,false,Rx,0,8,B0,5F,00,96,20,00,00,FE,
0,00000488,false,Rx,0,8,40,33,00,72,FE,FF,00,00,
0,00000480,false,Rx,0,8,84,2C,00,00,19,41,00,F0,
0,00000284,false,Rx,0,6,09,09,00,00,00,00,00,00,
0,00000588,false,Rx,0,8,0B,00,72,00,00,80,00,00,
0,00000280,false,Rx,0,8,B3,8A,00,00,33,FA,28,33,
0,00000288,false,Rx,0,8,2C,33,D5,00,00,75,62,53,
0,00000380,false,Rx,0,8,B0,5F,00,96,20,00,00,FE,
0,00000488,false,Rx,0,8,AF,33,00,72,FE,FF,FF,10,
0,00000280,false,Rx,0,8,B3,8A,00,00,33,FA,28,33,
0,00000288,false,Rx,0,8,2C,33,D5,00,00,75,62,53,
0,00000380,false,Rx,0,8,B0,5F,00,96,20,00,00,FE,
0,00000488,false,Rx,0,8,60,33,00,72,FE,FF,00,20,
0,00000480,false,Rx,0,8,84,2C,00,00,19,41,00,F0,
0,00000284,false,Rx,0,6,0A,0A,00,00,00,00,00,00,
93000,00000588,false,Rx,0,8,0B,00,72,00,00,80,00,00,
0,00000280,false,Rx,0,8,B3,8A,00,00,33,FA,28,33,
0,00000288,false,Rx,0,8,2C,33,D5,00,00,75,62,53,
0,00000380,false,Rx,0,8,B0,5F,00,96,20,00,00,FE,
0,00000488,false,Rx,0,8,70,33,00,72,FE,FF,00,30,
0,00000280,false,Rx,0,8,B3,8A,00,00,33,FA,28,33,
0,00000288,false,Rx,0,8,64,33,D5,00,00,75,62,53,
0,00000380,false,Rx,0,8,B0,61,00,96,20,00,00,FE,
0,00000488,false,Rx,0,8,00,33,00,72,FE,FF,00,40,
0,00000480,false,Rx,0,8,84,2C,00,00,19,41,00,F0,
0,00000284,false,Rx,0,6,0B,0B,00,00,00,00,00,00,
113000,00000588,false,Rx,0,8,0B,00,72,00,00,80,00,00,
0,00000280,false,Rx,0,8,B3,8A,00,00,33,FA,28,33,
0,00000288,false,Rx,0,8,64,33,D5,00,00,75,62,53,
0,00000380,false,Rx,0,8,B0,61,00,96,20,00,00,FE,
121000,00000488,false,Rx,0,8,EF,33,00,72,FE,FF,FF,50,
0,00000280,false,Rx,0,8,B3,8A,00,00,33,FA,28,33,
0,00000288,false,Rx,0,8,64,33,D5,00,00,75,62,53,
0,00000380,false,Rx,0,8,B0,61,00,96,20,00,00,FE,
0,00000488,false,Rx,0,8,DF,33,00,72,FE,FF,FF,60,
0,00000480,false,Rx,0,8,C2,2C,00,00,19,41,00,B6,
0,00000284,false,Rx,0,6,0C,0C,00,00,00,00,00,00,
133000,00000588,false,Rx,0,8,0B,00,72,00,00,80,00,00,
0,00000280,false,Rx,0,8,B3,8A,00,00,33,FA,28,33,
0,00000288,false,Rx,0,8,64,33,D5,00,00,75,61,53,
0,00000380,false,Rx,0,8,B0,61,00,96,20,00,00,FE,
0,00000488,false,Rx,0,8,CF,33,00,72,FE,FF,FF,70,
146000,00000280,false,Rx,0,8,B3,8A,00,00,33,FA,28,33,
0,00000288,false,Rx,0,8,8A,33,D5,00,00,75,61,53,
0,00000380,false,Rx,0,8,B0,61,00,96,20,00,00,FE,
0,00000488,false,Rx,0,8,3F,33,00,72,FE,FF,FF,80,
0,00000480,false,Rx,0,8,C2,2C,00,00,19,41,00,B6,
0,00000284,false,Rx,0,6,0D,0D,00,00,00,00,00,00,
0,00000588,false,Rx,0,8,0B,00,72,00,00,80,00,00,
0,00000280,false,Rx,0,8,B3,8A,00,00,33,FA,28,33,
0,00000288,false,Rx,0,8,8A,33,D5,00,00,75,61,53,
0,00000380,false,Rx,0,8,B0,61,00,96,20,00,00,FE,
0,00000488,false,Rx,0,8,2F,33,00,72,FE,FF,FF,90,
0,00000280,false,Rx,0,8,B3,8A,00,00,33,FA,28,33,
0,00000288,false,Rx,0,8,8A,33,D5,00,00,75,61,53,
0,00000380,false,Rx,0,8,B0,61,00,96,20,00,00,FE,
0,00000488,false,Rx,0,8,1F,33,00,72,FE,FF,FF,A0,
0,00000480,false,Rx,0,8,C2,2C,00,00,19,41,00,B6,
0,00000284,false,Rx,0,6,0E,0E,00,00,00,00,00,00,
0,00000588,false,Rx,0,8,0B,00,72,00,00,80,00,00,
0,00000280,false,Rx,0,8,B3,8A,00,00,33,FA,28,33,
0,00000288,false,Rx,0,8,8A,33,D5,00,00,75,61,53,
0,00000380,false,Rx,0,8,B0,61,00,96,20,00,00,FE,
0,00000488,false,Rx,0,8,0F,33,00,72,FE,FF,FF,B0,
0,00000280,false,Rx,0,8,B3,8A,00,00,33,FA,28,33,
0,00000288,false,Rx,0,8,E8,33,D5,00,00,75,61,53,
0,00000380,false,Rx,0,8,B0,61,00,96,20,00,00,FE,
0,00000488,false,Rx,0,8,7F,33,00,72,FE,FF,FF,C0,
0,00000480,false,Rx,0,8,C2,2C,00,00,19,41,00,B6,
0,00000284,false,Rx,0,6,0F,0F,00,00,00,00,00,00,
0,00000588,false,Rx,0,8,0B,00,72,00,00,80,00,00,
0,00000280,false,Rx,0,8,B3,8A,00,00,33,FA,28,33,
0,00000288,false,Rx,0,8,E8,33,D5,00,00,75,61,53,
0,00000380,false,Rx,0,8,B0,61,00,96,20,00,00,FE,
0,00000488,false,Rx,0,8,6F,33,00,72,FE,FF,FF,D0,
0,00000280,false,Rx,0,8,B3,8A,00,00,33,FA,28,33,
0,00000288,false,Rx,0,8,E8,33,D5,00,00,75,61,53,
0,00000380,false,Rx,0,8,B0,63,00,96,20,00,00,FE,
0,00000488,false,Rx,0,8,5F,33,00,72,FE,FF,FF,E0,
0,00000480,false,Rx,0,8,1C,2C,00,00,19,41,00,68,
0,00000284,false,Rx,0,6,00,00,00,00,00,00,00,00,
0,00000588,false,Rx,0,8,0B,00,72,00,00,80,00,00,
0,00000280,false,Rx,0,8,B3,8A,00,00,33,FA,28,33,
0,00000288,false,Rx,0,8,E8,33,D5,00,00,75,61,53,
0,00000380,false,Rx,0,8,B0,63,00,96,20,00,00,FE,
0,00000488,false,Rx,0,8,4F,33,00,72,FE,FF,FF,F0,
0,00000280,false,Rx,0,8,B3,8A,00,00,33,FA,28,33,
0,00000288,false,Rx,0,8,2C,33,D5,00,00,75,61,53,
0,00000380,false,Rx,0,8,B0,63,00,96,20,00,00,FE,
0,00000488,false,Rx,0,8,40,33,00,72,FE,FF,00,00,
0,00000480,false,Rx,0,8,1C,2C,00,00,19,41,00,68,
0,00000284,false,Rx,0,6,01,01,00,00,00,00,00,00,
0,00000588,false,Rx,0,8,0B,00,72,00,00,80,00,00,
0,00000280,false,Rx,0,8,B3,8A,00,00,33,FA,28,33,
0,00000288,false,Rx,0,8,2C,33,D5,00,00,75,61,53,
0,00000380,false,Rx,0,8,B0,63,00,96,20,00,00,FE,
0,00000488,false,Rx,0,8,AF,33,00,72,FE,FF,FF,10,
0,00000280,false,Rx,0,8,B3,8A,00,00,33,FA,28,33,
0,00000288,false,Rx,0,8,2C,33,D5,00,00,75,61,53,
0,00000380,false,Rx,0,8,B0,63,00,96,20,00,00,FE,
0,00000488,false,Rx,0,8,60,33,00,72,FE,FF,00,20,
0,00000480,false,Rx,0,8,1C,2C,00,00,19,41,00,68,
0,00000284,false,Rx,0,6,02,02,00,00,00,00,00,00,
0,00000588,false,Rx,0,8,0B,00,72,00,00,80,00,00,
0,00000280,false,Rx,0,8,B3,8A,00,00,33,FA,28,33,
0,00000288,false,Rx,0,8,2C,33,D5,00,00,75,61,53,
0,00000380,false,Rx,0,8,B0,63,00,96,20,00,00,FE,
0,00000488,false,Rx,0,8,70,33,00,72,FE,FF,00,30,
0,00000280,false,Rx,0,8,B3,8A,00,00,33,FA,28,33,
0,00000288,false,Rx,0,8,64,33,D5,00,00,75,61,53,
0,00000380,false,Rx,0,8,B0,63,00,96,20,00,00,FE,
0,00000488,false,Rx,0,8,00,33,00,72,FE,FF,00,40,
0,00000480,false,Rx,0,8,1C,2C,00,00,19,41,00,68,
0,00000284,false,Rx,0,6,03,03,00,00,00,00,00,00,
0,00000588,false,Rx,0,8,0B,00,72,00,00,80,00,00,
0,00000280,false,Rx,0,8,B3,8A,00,00,33,FA,28,33,
0,00000288,false,Rx,0,8,64,33,D5,00,00,75,61,53,
0,00000380,false,Rx,0,8,B0,63,00,96,20,00,00,FE,
0,00000488,false,Rx,0,8,EF,33,00,72,FE,FF,FF,50,
0,00000280,false,Rx,0,8,B3,8A,00,00,33,FA,28,33,
0,00000288,false,Rx,0,8,64,33,D5,00,00,75,61,53,
0,00000380,false,Rx,0,8,B0,63,00,96,20,00,00,FE,
0,00000488,false,Rx,0,8,DF,33,00,72,FE,FF,FF,60,
0,00000480,false,Rx,0,8,54,2C,00,00,19,41,00,20,
0,00000284,false,Rx,0,6,04,04,00,00,00,00,00,00,
293000,00000588,false,Rx,0,8,0B,00,72,00,00,80,00,00,
0,00000280,false,Rx,0,8,B3,8A,00,00,33,FA,28,33,
0,00000288,false,Rx,0,8,64,33,D5,00,00,75,61,53,
0,00000380,false,Rx,0,8,B0,63,00,96,20,00,00,FE,
301000,00000488,false,Rx,0,8,CF,33,00,72,FE,FF,FF,70,
0,00000280,false,Rx,0,8,B3,8A,00,00,33,FA,28,33,
0,00000288,false,Rx,0,8,8A,33,D5,00,00,75,61,53,
0,00000380,false,Rx,0,8,B0,64,00,96,20,00,00,FE,
0,00000488,false,Rx,0,8,3F,33,00,72,FE,FF,FF,80,
0,00000480,false,Rx,0,8,54,2C,00,00,19,41,00,20,
0,00000284,false,Rx,0,6,05,05,00,00,00,00,00,00,
314000,00000588,false,Rx,0,8,0B,00,72,00,00,80,00,00,
0,00000280,false,Rx,0,8,B3,8A,00,00,33,FA,28,33,
0,00000288,false,Rx,0,8,8A,33,D5,00,00,75,61,53,
0,00000380,false,Rx,0,8,B0,64,00,96,20,00,00,FE,
0,00000488,false,Rx,0,8,2F,33,00,72,FE,FF,FF,90,
0,00000280,false,Rx,0,8,B3,8A,00,00,33,FA,28,33,
0,00000288,false,Rx,0,8,8A,33,D5,00,00,75,61,53,
0,00000380,false,Rx,0,8,B0,64,00,96,20,00,00,FE,
0,00000488,false,Rx,0,8,1F,33,00,72,FE,FF,FF,A0,
0,00000480,false,Rx,0,8,54,2C,00,00,19,41,00,20,
0,00000284,false,Rx,0,6,06,06,00,00,00,00,00,00,
334000,00000588,false,Rx,0,8,0B,00,72,00,00,80,00,00,
0,00000280,false,Rx,0,8,B3,8A,00,00,33,FA,28,33,
0,00000288,false,Rx,0,8,8A,33,D5,00,00,75,60,53,
0,00000380,false,Rx,0,8,B0,64,00,96,20,00,00,FE,
0,00000488,false,Rx,0,8,0F,33,00,72,FE,FF,FF,B0,
0,00000280,false,Rx,0,8,B3,8A,00,00,33,FA,28,33,
0,00000288,false,Rx,0,8,E8,33,D5,00,00,75,60,53,
0,00000380,false,Rx,0,8,B0,64,00,96,20,00,00,FE,
0,00000488,false,Rx,0,8,7F,33,00,72,FE,FF,FF,C0,
0,00000480,false,Rx,0,8,54,2C,00,00,19,41,00,20,
0,00000284,false,Rx,0,6,07,07,00,00,00,00,00,00,
0,00000588,false,Rx,0,8,0B,00,72,00,00,80,00,00,
0,00000280,false,Rx,0,8,B3,8A,00,00,33,FA,28,33,
0,00000288,false,Rx,0,8,E8,33,D5,00,00,75,60,53,
0,00000380,false,Rx,0,8,B0,64,00,96,20,00,00,FE,
0,00000488,false,Rx,0,8,6F,33,00,72,FE,FF,FF,D0,
363000,00000580,false,Rx,0,8,85,00,00,7F,00,F0,47,01,
0,00000280,false,Rx,0,8,B3,8A,00,00,33,FA,28,33,
0,00000288,false,Rx,0,8,E8,33,D5,00,00,75,60,53,
0,00000380,false,Rx,0,8,B0,64,00,96,20,00,00,FE,
0,00000488,false,Rx,0,8,5F,33,00,72,FE,FF,FF,E0,
0,00000480,false,Rx,0,8,84,2C,00,00,19,41,00,F0,
0,00000284,false,Rx,0,6,08,08,00,00,00,00,00,00,
371000,00000588,false,Rx,0,8,0B,00,72,00,00,80,00,00,
0,00000280,false,Rx,0,8,B3,8A,00,00,33,FA,28,33,
0,00000288,false,Rx,0,8,E8,33,D5,00,00,75,60,53,
0,00000380,false,Rx,0,8,B0,64,00,96,20,00,00,FE,
0,00000488,false,Rx,0,8,4F,33,00,72,FE,FF,FF,F0,
0,00000280,false,Rx,0,8,B3,8A,00,00,33,FA,28,33,
0,00000288,false,Rx,0,8,2C,33,D5,00,00,75,60,53,
0,00000380,false,Rx,0,8,B0,64,00,96,20,00,00,FE,
0,00000488,false,Rx,0,8,40,33,00,72,FE,FF,00,00,
0,00000480,false,Rx,0,8,84,2C,00,00,19,41,00,F0,
0,00000284,false,Rx,0,6,09,09,00,00,00,00,00,00,
0,00000588,false,Rx,0,8,0B,00,72,00,00,80,00,00,
0,00000280,false,Rx,0,8,B3,8A,00,00,33,FA,28,33,
0,00000288,false,Rx,0,8,2C,33,D5,00,00,75,60,53,
0,00000380,false,Rx,0,8,B0,64,00,96,20,00,00,FE,
0,00000488,false,Rx,0,8,AF,33,00,72,FE,FF,FF,10,
0,00000280,false,Rx,0,8,B3,8A,00,00,33,FA,28,33,
0,00000288,false,Rx,0,8,2C,33,D5,00,00,75,60,53,
0,00000380,false,Rx,0,8,B0,65,00,96,20,00,00,FE,
0,00000488,false,Rx,0,8,60,33,00,72,FE,FF,00,20,
0,00000480,false,Rx,0,8,84,2C,00,00,19,41,00,F0,
0,00000284,false,Rx,0,6,0A,0A,00,00,00,00,00,00,
0,00000588,false,Rx,0,8,0B,00,72,00,00,80,00,00,
0,00000280,false,Rx,0,8,B3,8A,00,00,33,FA,28,33,
0,00000288,false,Rx,0,8,2C,33,D5,00,00,75,60,53,
0,00000380,false,Rx,0,8,B0,65,00,96,20,00,00,FE,
0,00000488,false,Rx,0,8,70,33,00,72,FE,FF,00,30,
0,00000280,false,Rx,0,8,B3,8A,00,00,33,FA,28,33,
0,00000288,false,Rx,0,8,64,33,D5,00,00,75,60,53,
0,00000380,false,Rx,0,8,B0,65,00,96,20,00,00,FE,
0,00000488,false,Rx,0,8,00,33,00,72,FE,FF,00,40,
0,00000480,false,Rx,0,8,84,2C,00,00,19,41,00,F0,
0,00000284,false,Rx,0,6,0B,0B,00,00,00,00,00,00,
0,00000588,false,Rx,0,8,0B,00,72,00,00,80,00,00,
0,00000280,false,Rx,0,8,B3,8A,00,00,33,FA,28,33,
0,00000288,false,Rx,0,8,64,33,D5,00,00,75,60,53,
0,00000380,false,Rx,0,8,B0,65,00,96,20,00,00,FE,
0,00000488,false,Rx,0,8,EF,33,00,72,FE,FF,FF,50,
0,00000280,false,Rx,0,8,B3,8A,00,00,33,FA,28,33,
0,00000288,false,Rx,0,8,64,33,D5,00,00,75,60,53,
0,00000380,false,Rx,0,8,B0,65,00,96,20,00,00,FE,
0,00000488,false,Rx,0,8,DF,33,00,72,FE,FF,FF,60,
0,00000480,false,Rx,0,8,C2,2C,00,00,19,41,00,B6,
0,00000284,false,Rx,0,6,0C,0C,00,00,00,00,00,00,
0,00000588,false,Rx,0,8,0B,00,72,00,00,80,00,00,
0,00000280,false,Rx,0,8,B3,8A,00,00,33,FA,28,33,
0,00000288,false,Rx,0,8,64,33,D5,00,00,75,60,53,
0,00000380,false,Rx,0,8,B0,65,00,96,20,00,00,FE,
0,00000488,false,Rx,0,8,CF,33,00,72,FE,FF,FF,70,
0,00000280,false,Rx,0,8,B3,8A,00,00,33,FA,28,33,
0,00000288,false,Rx,0,8,8A,33,D5,00,00,75,60,53,
0,00000380,false,Rx,0,8,B0,65,00,96,20,00,00,FE,
0,00000488,false,Rx,0,8,3F,33,00,72,FE,FF,FF,80,
0,00000480,false,Rx,0,8,C2,2C,00,00,19,41,00,B6,
0,00000284,false,Rx,0,6,0D,0D,00,00,00,00,00,00,
473000,00000588,false,Rx,0,8,0B,00,72,00,00,80,00,00,
0,00000280,false,Rx,0,8,B3,8A,00,00,33,FA,28,33,
0,00000288,false,Rx,0,8,8A,33,D5,00,00,75,60,53,
0,00000380,false,Rx,0,8,B0,65,00,96,20,00,00,FE,
0,00000488,false,Rx,0,8,2F,33,00,72,FE,FF,FF,90,
0,00000280,false,Rx,0,8,B3,8A,00,00,33,FA,28,33,
0,00000288,false,Rx,0,8,8A,33,D5,00,00,75,60,53,
0,00000380,false,Rx,0,8,B0,65,00,96,20,00,00,FE,
0,00000488,false,Rx,0,8,1F,33,00,72,FE,FF,FF,A0,
0,00000480,false,Rx,0,8,C2,2C,00,00,19,41,00,B6,
0,00000284,false,Rx,0,6,0E,0E,00,00,00,00,00,00,
494000,00000588,false,Rx,0,8,0B,00,72,00,00,80,00,00,
0,00000280,false,Rx,0,8,B3,8A,00,00,33,FA,28,33,
0,00000288,false,Rx,0,8,8A,33,D5,00,00,75,60,53,
0,00000380,false,Rx,0,8,B0,65,00,96,20,00,00,FE,
502000,00000488,false,Rx,0,8,0F,33,00,72,FE,FF,FF,B0,
0,00000280,false,Rx,0,8,B3,8A,00,00,33,FA,28,33,
0,00000288,false,Rx,0,8,E8,33,D5,00,00,75,60,53,
0,00000380,false,Rx,0,8,B0,67,00,96,20,00,00,FE,
0,00000488,false,Rx,0,8,7F,33,00,72,FE,FF,FF,C0,
0,00000480,false,Rx,0,8,C2,2C,00,00,19,41,00,B6,
0,00000284,false,Rx,0,6,0F,0F,00,00,00,00,00,00,
514000,00000588,false,Rx,0,8,0B,00,72,00,00,80,00,00,
0,00000280,false,Rx,0,8,B3,8A,00,00,33,FA,28,33,
0,00000288,false,Rx,0,8,E8,33,D5,00,00,75,60,53,
0,00000380,false,Rx,0,8,B0,67,00,96,20,00,00,FE,
0,00000488,false,Rx,0,8,6F,33,00,72,FE,FF,FF,D0,
527000,00000280,false,Rx,0,8,B3,8A,00,00,33,FA,28,33,
0,00000288,false,Rx,0,8,E8,33,D5,00,00,75,60,53,
0,00000380,false,Rx,0,8,B0,67,00,96,20,00,00,FE,
0,00000488,false,Rx,0,8,5F,33,00,72,FE,FF,FF,E0,
0,00000480,false,Rx,0,8,1C,2C,00,00,19,41,00,68,
0,00000284,false,Rx,0,6,00,00,00,00,00,00,00,00,
0,00000588,false,Rx,0,8,0B,00,72,00,00,80,00,00,
0,00000280,false,Rx,0,8,B3,8A,00,00,33,FA,28,33,
0,00000288,false,Rx,0,8,E8,33,D5,00,00,75,5F,53,
0,00000380,false,Rx,0,8,B0,67,00,96,20,00,00,FE,
0,00000488,false,Rx,0,8,4F,33,00,72,FE,FF,FF,F0,
0,00000280,false,Rx,0,8,B3,8A,00,00,33,FA,28,33,
0,00000288,false,Rx,0,8,2C,33,D5,00,00,75,5F,53,
0,00000380,false,Rx,0,8,B0,67,00,96,20,00,00,FE,
0,00000488,false,Rx,0,8,40,33,00,72,FE,FF,00,00,
0,00000480,false,Rx,0,8,1C,2C,00,00,19,41,00,68,
0,00000284,false,Rx,0,6,01,01,00,00,00,00,00,00,
551000,00000588,false,Rx,0,8,0B,00,72,00,00,80,00,00,
0,00000280,false,Rx,0,8,B3,8A,00,00,33,FA,28,33,
0,00000288,false,Rx,0,8,2C,33,D5,00,00,75,5F,53,
0,00000380,false,Rx,0,8,B0,67,00,96,20,00,00,FE,
0,00000488,false,Rx,0,8,AF,33,00,72,FE,FF,FF,10,
0,00000280,false,Rx,0,8,B3,8A,00,00,33,FA,28,33,
0,00000288,false,Rx,0,8,2C,33,D5,00,00,75,5F,53,
0,00000380,false,Rx,0,8,B0,67,00,96,20,00,00,FE,
0,00000488,false,Rx,0,8,60,33,00,72,FE,FF,00,20,
0,00000480,false,Rx,0,8,1C,2C,00,00,19,41,00,68,
0,00000284,false,Rx,0,6,02,02,00,00,00,00,00,00,
0,00000588,false,Rx,0,8,0B,00,72,00,00,80,00,00,
0,00000280,false,Rx,0,8,B3,8A,00,00,33,FA,28,33,
0,00000288,false,Rx,0,8,2C,33,D5,00,00,75,5F,53,
0,00000380,false,Rx,0,8,B0,67,00,96,20,00,00,FE,
0,00000488,false,Rx,0,8,70,33,00,72,FE,FF,00,30,
0,00000280,false,Rx,0,8,B3,8A,00,00,33,FA,28,33,
0,00000288,false,Rx,0,8,64,33,D5,00,00,75,5F,53,
0,00000380,false,Rx,0,8,B0,67,00,96,20,00,00,FE,
0,00000488,false,Rx,0,8,00,33,00,72,FE,FF,00,40,
0,00000480,false,Rx,0,8,1C,2C,00,00,19,41,00,68,
0,00000284,false,Rx,0,6,03,03,00,00,00,00,00,00,
0,00000588,false,Rx,0,8,0B,00,72,00,00,80,00,00,
0,00000280,false,Rx,0,8,B3,8A,00,00,33,FA,28,33,
0,00000288,false,Rx,0,8,64,33,D5,00,00,75,5F,53,
0,00000380,false,Rx,0,8,B0,67,00,96,20,00,00,FE,
0,00000488,false,Rx,0,8,EF,33,00,72,FE,FF,FF,50,
0,00000280,false,Rx,0,8,B3,8A,00,00,33,FA,28,33,
0,00000288,false,Rx,0,8,64,33,D5,00,00,75,5F,53,
0,00000380,false,Rx,0,8,B0,68,00,96,20,00,00,FE,
0,00000488,false,Rx,0,8,DF,33,00,72,FE,FF,FF,60,
0,00000480,false,Rx,0,8,54,2C,00,00,19,41,00,20,
0,00000284,false,Rx,0,6,04,04,00,00,00,00,00,00,
0,00000588,false,Rx,0,8,0B,00,72,00,00,80,00,00,
617000,00000280,false,Rx,0,8,B3,8A,00,00,33,FA,28,33,
0,00000288,false,Rx,0,8,64,33,D5,00,00,75,5F,53,
0,00000380,false,Rx,0,8,B0,68,00,96,20,00,00,FE,
0,00000488,false,Rx,0,8,CF,33,00,72,FE,FF,FF,70,
0,00000280,false,Rx,0,8,B3,8A,00,00,33,FA,28,33,
0,00000288,false,Rx,0,8,8A,33,D5,00,00,75,5F,53,
0,00000380,false,Rx,0,8,B0,68,00,96,20,00,00,FE,
0,00000488,false,Rx,0,8,3F,33,00,72,FE,FF,FF,80,
0,00000480,false,Rx,0,8,54,2C,00,00,19,41,00,20,
0,00000284,false,Rx,0,6,05,05,00,00,00,00,00,00,
0,00000588,false,Rx,0,8,0B,00,72,00,00,80,00,00,
0,00000280,false,Rx,0,8,B3,8A,00,00,33,FA,28,33,
0,00000288,false,Rx,0,8,8A,33,D5,00,00,75,5F,53,
0,00000380,false,Rx,0,8,B0,68,00,96,20,00,00,FE,
0,00000488,false,Rx,0,8,2F,33,00,72,FE,FF,FF,90,
0,00000280,false,Rx,0,8,B3,8A,00,00,33,FA,28,33,
0,00000288,false,Rx,0,8,8A,33,D5,00,00,75,5F,53,
0,00000380,false,Rx,0,8,B0,68,00,96,20,00,00,FE,
0,00000488,false,Rx,0,8,1F,33,00,72,FE,FF,FF,A0,
0,00000480,false,Rx,0,8,54,2C,00,00,19,41,00,20,
0,00000284,false,Rx,0,6,06,06,00,00,00,00,00,00,
0,00000588,false,Rx,0,8,0B,00,72,00,00,80,00,00,
0,00000280,false,Rx,0,8,B3,8A,00,00,33,FA,28,33,
0,00000288,false,Rx,0,8,8A,33,D5,00,00,75,5F,53,
0,00000380,false,Rx,0,8,B0,68,00,96,20,00,00,FE,
0,00000488,false,Rx,0,8,0F,33,00,72,FE,FF,FF,B0,
0,00000280,false,Rx,0,8,B3,8A,00,00,33,FA,28,33,
0,00000288,false,Rx,0,8,E8,33,D5,00,00,75,5F,53,
0,00000380,false,Rx,0,8,B0,68,00,96,20,00,00,FE,
0,00000488,false,Rx,0,8,7F,33,00,72,FE,FF,FF,C0,
0,00000480,false,Rx,0,8,54,2C,00,00,19,41,00,20,
0,00000284,false,Rx,0,6,07,07,00,00,00,00,00,00,
674000,00000588,false,Rx,0,8,0B,00,72,00,00,80,00,00,
0,00000280,false,Rx,0,8,B3,8A,00,00,33,FA,28,33,
0,00000288,false,Rx,0,8,E8,33,D5,00,00,75,5F,53,
0,00000380,false,Rx,0,8,B0,68,00,96,20,00,00,FE,
682000,00000488,false,Rx,0,8,6F,33,00,72,FE,FF,FF,D0,
0,00000280,false,Rx,0,8,B3,8A,00,00,33,FA,28,33,
0,00000288,false,Rx,0,8,E8,33,D5,00,00,75,5F,53,
0,00000380,false,Rx,0,8,B0,68,00,96,20,00,00,FE,
0,00000488,false,Rx,0,8,5F,33,00,72,FE,FF,FF,E0,
0,00000480,false,Rx,0,8,84,2C,00,00,19,41,00,F0,
0,00000284,false,Rx,0,6,08,08,00,00,00,00,00,00,
695000,00000588,false,Rx,0,8,0B,00,72,00,00,80,00,00,
0,00000280,false,Rx,0,8,B3,8A,00,00,33,FA,28,33,
0,00000288,false,Rx,0,8,E8,33,D5,00,00,75,5F,53,
0,00000380,false,Rx,0,8,B0,68,00,96,20,00,00,FE,
0,00000488,false,Rx,0,8,4F,33,00,72,FE,FF,FF,F0,
0,00000280,false,Rx,0,8,B3,8A,00,00,33,FA,28,33,
0,00000288,false,Rx,0,8,2C,33,D5,00,00,75,5F,53,
0,00000380,false,Rx,0,8,B0,69,00,96,20,00,00,FE,
0,00000488,false,Rx,0,8,40,33,00,72,FE,FF,00,00,
0,00000480,false,Rx,0,8,84,2C,00,00,19,41,00,F0,
0,00000284,false,Rx,0,6,09,09,00,00,00,00,00,00,
0,00000588,false,Rx,0,8,0B,00,72,00,00,80,00,00,
0,00000280,false,Rx,0,8,B3,8A,00,00,33,FA,28,33,
0,00000288,false,Rx,0,8,2C,33,D5,00,00,75,5F,53,
0,00000380,false,Rx,0,8,B0,69,00,96,20,00,00,FE,
0,00000488,false,Rx,0,8,AF,33,00,72,FE,FF,FF,10,
0,00000280,false,Rx,0,8,B3,8A,00,00,33,FA,28,33,
0,00000288,false,Rx,0,8,2C,33,D5,00,00,75,5F,53,
0,00000380,false,Rx,0,8,B0,69,00,96,20,00,00,FE,
0,00000488,false,Rx,0,8,60,33,00,72,FE,FF,00,20,
0,00000480,false,Rx,0,8,84,2C,00,00,19,41,00,F0,
0,00000284,false,Rx,0,6,0A,0A,00,00,00,00,00,00,
731000,00000588,false,Rx,0,8,0B,00,72,00,00,80,00,00,
0,00000280,false,Rx,0,8,B3,8A,00,00,33,FA,28,33,
0,00000288,false,Rx,0,8,2C,33,D5,00,00,75,5F,53,
0,00000380,false,Rx,0,8,B0,69,00,96,20,00,00,FE,
0,00000488,false,Rx,0,8,70,33,00,72,FE,FF,00,30,
0,00000280,false,Rx,0,8,B3,8A,00,00,33,FA,28,33,
0,00000288,false,Rx,0,8,64,33,D5,00,00,75,5F,53,
0,00000380,false,Rx,0,8,B0,69,00,96,20,00,00,FE,
0,00000488,false,Rx,0,8,00,33,00,72,FE,FF,00,40,
0,00000480,false,Rx,0,8,84,2C,00,00,19,41,00,F0,
0,00000284,false,Rx,0,6,0B,0B,00,00,00,00,00,00,
752000,00000588,false,Rx,0,8,0B,00,72,00,00,80,00,00,
0,00000280,false,Rx,0,8,B3,8A,00,00,33,FA,28,33,
0,00000288,false,Rx,0,8,64,33,D5,00,00,75,5F,53,
0,00000380,false,Rx,0,8,B0,69,00,96,20,00,00,FE,
0,00000488,false,Rx,0,8,EF,33,00,72,FE,FF,FF,50,
0,00000280,false,Rx,0,8,B3,8A,00,00,33,FA,28,33,
0,00000288,false,Rx,0,8,64,33,D5,00,00,75,5F,53,
0,00000380,false,Rx,0,8,B0,69,00,96,20,00,00,FE,
0,00000488,false,Rx,0,8,DF,33,00,72,FE,FF,FF,60,
0,00000480,false,Rx,0,8,C2,2C,00,00,19,41,00,B6,
0,00000284,false,Rx,0,6,0C,0C,00,00,00,00,00,00,
0,00000588,false,Rx,0,8,0B,00,72,00,00,80,00,00,
0,00000280,false,Rx,0,8,B3,8A,00,00,33,FA,28,33,
0,00000288,false,Rx,0,8,64,33,D5,00,00,75,5F,53,
0,00000380,false,Rx,0,8,B0,69,00,96,20,00,00,FE,
0,00000488,false,Rx,0,8,CF,33,00,72,FE,FF,FF,70,
0,00000280,false,Rx,0,8,B3,8A,00,00,33,FA,28,33,
0,00000288,false,Rx,0,8,8A,33,D5,00,00,75,5F,53,
0,00000380,false,Rx,0,8,B0,69,00,96,20,00,00,FE,
0,00000488,false,Rx,0,8,3F,33,00,72,FE,FF,FF,80,
0,00000480,false,Rx,0,8,C2,2C,00,00,19,41,00,B6,
0,00000284,false,Rx,0,6,0D,0D,00,00,00,00,00,00,
0,00000588,false,Rx,0,8,0B,00,72,00,00,80,00,00,
0,00000280,false,Rx,0,8,B3,8A,00,00,33,FA,28,33,
0,00000288,false,Rx,0,8,8A,33,D5,00,00,75,5F,53,
0,00000380,false,Rx,0,8,B0,69,00,96,20,00,00,FE,
0,00000488,false,Rx,0,8,2F,33,00,72,FE,FF,FF,90,
0,00000280,false,Rx,0,8,B3,8A,00,00,33,FA,28,33,
0,00000288,false,Rx,0,8,8A,33,D5,00,00,75,5F,53,
0,00000380,false,Rx,0,8,B0,6A,00,96,20,00,00,FE,
0,00000488,false,Rx,0,8,1F,33,00,72,FE,FF,FF,A0,
0,00000480,false,Rx,0,8,C2,2C,00,00,19,41,00,B6,
0,00000284,false,Rx,0,6,0E,0E,00,00,00,00,00,00,
0,00000588,false,Rx,0,8,0B,00,72,00,00,80,00,00,
0,00000280,false,Rx,0,8,B3,8A,00,00,33,FA,28,33,
0,00000288,false,Rx,0,8,8A,33,D5,00,00,75,5F,53,
0,00000380,false,Rx,0,8,B0,6A,00,96,20,00,00,FE,
0,00000488,false,Rx,0,8,0F,33,00,72,FE,FF,FF,B0,
0,00000280,false,Rx,0,8,B3,8A,00,00,33,FA,28,33,
0,00000288,false,Rx,0,8,E8,33,D5,00,00,75,5F,53,
0,00000380,false,Rx,0,8,B0,6A,00,96,20,00,00,FE,
0,00000488,false,Rx,0,8,7F,33,00,72,FE,FF,FF,C0,
0,00000480,false,Rx,0,8,C2,2C,00,00,19,41,00,B6,
0,00000284,false,Rx,0,6,0F,0F,00,00,00,00,00,00,
0,00000588,false,Rx,0,8,0B,00,72,00,00,80,00,00,
0,00000280,false,Rx,0,8,B3,8A,00,00,33,FA,28,33,
0,00000288,false,Rx,0,8,E8,33,D5,00,00,75,5E,53,
0,00000380,false,Rx,0,8,B0,6A,00,96,20,00,00,FE,
0,00000488,false,Rx,0,8,6F,33,00,72,FE,FF,FF,D0,
0,00000280,false,Rx,0,8,B3,8A,00,00,33,FA,28,33,
0,00000288,false,Rx,0,8,E8,33,D5,00,00,75,5E,53,
0,00000380,false,Rx,0,8,B0,6A,00,96,20,00,00,FE,
0,00000488,false,Rx,0,8,5F,33,00,72,FE,FF,FF,E0,
0,00000480,false,Rx,0,8,1C,2C,00,00,19,41,00,68,
0,00000284,false,Rx,0,6,00,00,00,00,00,00,00,00,
855000,00000588,false,Rx,0,8,0B,00,72,00,00,80,00,00,
0,00000280,false,Rx,0,8,B3,8A,00,00,33,FA,28,33,
0,00000288,false,Rx,0,8,E8,33,D5,00,00,75,5E,53,
0,00000380,false,Rx,0,8,B0,6A,00,96,20,00,00,FE,
863000,00000488,false,Rx,0,8,4F,33,00,72,FE,FF,FF,F0,
0,00000280,false,Rx,0,8,B3,8A,00,00,33,FA,28,33,
0,00000288,false,Rx,0,8,2C,33,D5,00,00,75,5E,53,
0,00000380,false,Rx,0,8,B0,6A,00,96,20,00,00,FE,
0,00000488,false,Rx,0,8,40,33,00,72,FE,FF,00,00,
0,00000480,false,Rx,0,8,1C,2C,00,00,19,41,00,68,
0,00000284,false,Rx,0,6,01,01,00,00,00,00,00,00,
875000,00000588,false,Rx,0,8,0B,00,72,00,00,80,00,00,
0,00000280,false,Rx,0,8,B3,8A,00,00,33,FA,28,33,
0,00000288,false,Rx,0,8,2C,33,D5,00,00,75,5E,53,
0,00000380,false,Rx,0,8,B0,6A,00,96,20,00,00,FE,
883000,00000488,false,Rx,0,8,AF,33,00,72,FE,FF,FF,10,
0,00000280,false,Rx,0,8,B3,8A,00,00,33,FA,28,33,
0,00000288,false,Rx,0,8,2C,33,D5,00,00,75,5E,53,
0,00000380,false,Rx,0,8,B0,6A,00,96,20,00,00,FE,
0,00000488,false,Rx,0,8,60,33,00,72,FE,FF,00,20,
0,00000480,false,Rx,0,8,1C,2C,00,00,19,41,00,68,
0,00000284,false,Rx,0,6,02,02,00,00,00,00,00,00,
895000,00000588,false,Rx,0,8,0B,00,72,00,00,80,00,00,
0,00000280,false,Rx,0,8,B3,8A,00,00,33,FA,28,33,
0,00000288,false,Rx,0,8,2C,33,D5,00,00,75,5E,53,
0,00000380,false,Rx,0,8,B0,6A,00,96,20,00,00,FE,
0,00000488,false,Rx,0,8,70,33,00,72,FE,FF,00,30,
0,00000280,false,Rx,0,8,B3,8A,00,00,33,FA,28,33,
0,00000288,false,Rx,0,8,64,33,D5,00,00,75,5E,53,
0,00000380,false,Rx,0,8,B0,6B,00,96,20,00,00,FE,
0,00000488,false,Rx,0,8,00,33,00,72,FE,FF,00,40,
0,00000480,false,Rx,0,8,1C,2C,00,00,19,41,00,68,
0,00000284,false,Rx,0,6,03,03,00,00,00,00,00,00,
0,00000588,false,Rx,0,8,0B,00,72,00,00,80,00,00,
0,00000280,false,Rx,0,8,B3,8A,00,00,33,FA,28,33,
0,00000288,false,Rx,0,8,64,33,D5,00,00,75,5E,53,
0,00000380,false,Rx,0,8,B0,6B,00,96,20,00,00,FE,
0,00000488,false,Rx,0,8,EF,33,00,72,FE,FF,FF,50,
0,00000280,false,Rx,0,8,B3,8A,00,00,33,FA,28,33,
0,00000288,false,Rx,0,8,64,33,D5,00,00,75,5E,53,
0,00000380,false,Rx,0,8,B0,6B,00,96,20,00,00,FE,
0,00000488,false,Rx,0,8,DF,33,00,72,FE,FF,FF,60,
0,00000480,false,Rx,0,8,54,2C,00,00,19,41,00,20,
0,00000284,false,Rx,0,6,04,04,00,00,00,00,00,00,
0,00000588,false,Rx,0,8,0B,00,72,00,00,80,00,00,
0,00000280,false,Rx,0,8,B3,8A,00,00,33,FA,28,33,
0,00000288,false,Rx,0,8,64,33,D5,00,00,75,5E,53,
0,00000380,false,Rx,0,8,B0,6B,00,96,20,00,00,FE,
0,00000488,false,Rx,0,8,CF,33,00,72,FE,FF,FF,70,
0,00000280,false,Rx,0,8,B3,8A,00,00,33,FA,28,33,
0,00000288,false,Rx,0,8,8A,33,D5,00,00,75,5E,53,
0,00000380,false,Rx,0,8,B0,6B,00,96,20,00,00,FE,
0,00000488,false,Rx,0,8,3F,33,00,72,FE,FF,FF,80,
0,00000480,false,Rx,0,8,54,2C,00,00,19,41,00,20,
0,00000284,false,Rx,0,6,05,05,00,00,00,00,00,00,
0,00000588,false,Rx,0,8,0B,00,72,00,00,80,00,00,
0,00000280,false,Rx,0,8,B3,8A,00,00,33,FA,28,33,
0,00000288,false,Rx,0,8,8A,33,D5,00,00,75,5E,53,
0,00000380,false,Rx,0,8,B0,6B,00,96,20,00,00,FE,
0,00000488,false,Rx,0,8,2F,33,00,72,FE,FF,FF,90,
0,00000280,false,Rx,0,8,B3,8A,00,00,33,FA,28,33,
0,00000288,false,Rx,0,8,8A,33,D5,00,00,75,5E,53,
0,00000380,false,Rx,0,8,B0,6B,00,96,20,00,00,FE,
0,00000488,false,Rx,0,8,1F,33,00,72,FE,FF,FF,A0,
0,00000480,false,Rx,0,8,54,2C,00,00,19,41,00,20,
0,00000284,false,Rx,0,6,06,06,00,00,00,00,00,00,
0,00000588,false,Rx,0,8,0B,00,72,00,00,80,00,00,
0,00000280,false,Rx,0,8,B3,8A,00,00,33,FA,28,33,
0,00000288,false,Rx,0,8,8A,33,D5,00,00,75,5E,53,
0,00000380,false,Rx,0,8,B0,6B,00,96,20,00,00,FE,
0,00000488,false,Rx,0,8,0F,33,00,72,FE,FF,FF,B0,
0,00000280,false,Rx,0,8,B3,8A,00,00,33,FA,28,33,
0,00000288,false,Rx,0,8,E8,33,D5,00,00,75,5E,53,
0,00000380,false,Rx,0,8,B0,6B,00,96,20,00,00,FE,
0,00000488,false,Rx,0,8,7F,33,00,72,FE,FF,FF,C0,
0,00000480,false,Rx,0,8,54,2C,00,00,19,41,00,20,
0,00000284,false,Rx,0,6,07,07,00,00,00,00,00,00,
0,00000588,false,Rx,0,8,0B,00,72,00,00,80,00,00,
998000,00000280,false,Rx,0,8,B3,8A,00,00,33,FA,28,33,
0,00000288,false,Rx,0,8,E8,33,D5,00,00,75,5E,53,
0,00000380,false,Rx,0,8,B0,6B,00,96,20,00,00,FE,
0,00000488,false,Rx,0,8,6F,33,00,72,FE,FF,FF,D0,
0,00000280,false,Rx,0,8,B3,8A,00,00,33,FA,28,33,
0,00000288,false,Rx,0,8,E8,33,D5,00,00,75,5E,53,
0,00000380,false,Rx,0,8,B0,6C,00,96,20,00,00,FE,
0,00000488,false,Rx,0,8,5F,33,00,72,FE,FF,FF,E0,
0,00000480,false,Rx,0,8,84,2C,00,00,19,41,00,F0,
0,00000284,false,Rx,0,6,08,08,00,00,00,00,00,00,
0,00000588,false,Rx,0,8,0B,00,72,00,00,80,00,00,
0,00000280,false,Rx,0,8,B3,8A,00,00,33,FA,28,33,
0,00000288,false,Rx,0,8,E8,33,D5,00,00,75,5E,53,
0,00000380,false,Rx,0,8,B0,6C,00,96,20,00,00,FE,
0,00000488,false,Rx,0,8,4F,33,00,72,FE,FF,FF,F0,
0,00000280,false,Rx,0,8,B3,8A,00,00,33,FA,28,33,
0,00000288,false,Rx,0,8,2C,33,D5,00,00,75,5E,53,
0,00000380,false,Rx,0,8,B0,6C,00,96,20,00,00,FE,
0,00000488,false,Rx,0,8,40,33,00,72,FE,FF,00,00,
0,00000480,false,Rx,0,8,84,2C,00,00,19,41,00,F0,
0,00000284,false,Rx,0,6,09,09,00,00,00,00,00,00,
35000,00000588,false,Rx,0,8,0B,00,72,00,00,80,00,00,
0,00000280,false,Rx,0,8,B3,8A,00,00,33,FA,28,33,
0,00000288,false,Rx,0,8,2C,33,D5,00,00,75,5D,53,
0,00000380,false,Rx,0,8,B0,6C,00,96,20,00,00,FE,
0,00000488,false,Rx,0,8,AF,33,00,72,FE,FF,FF,10,
0,00000280,false,Rx,0,8,B3,8A,00,00,33,FA,28,33,
0,00000288,false,Rx,0,8,2C,33,D5,00,00,75,5D,53,
0,00000380,false,Rx,0,8,B0,6C,00,96,20,00,00,FE,
0,00000488,false,Rx,0,8,60,33,00,72,FE,FF,00,20,
0,00000480,false,Rx,0,8,84,2C,00,00,19,41,00,F0,
0,00000284,false,Rx,0,6,0A,0A,00,00,00,00,00,00,
55000,00000588,false,Rx,0,8,0B,00,72,00,00,80,00,00,
0,00000280,false,Rx,0,8,B3,8A,00,00,33,FA,28,33,
0,00000288,false,Rx,0,8,2C,33,D5,00,00,75,5D,53,
0,00000380,false,Rx,0,8,B0,6C,00,96,20,00,00,FE,
63000,00000488,false,Rx,0,8,70,33,00,72,FE,FF,00,30,
0,00000280,false,Rx,0,8,B3,8A,00,00,33,FA,28,33,
0,00000288,false,Rx,0,8,64,33,D5,00,00,75,5D,53,
0,00000380,false,Rx,0,8,B0,6C,00,96,20,00,00,FE,
0,00000488,false,Rx,0,8,00,33,00,72,FE,FF,00,40,
0,00000480,false,Rx,0,8,84,2C,00,00,19,41,00,F0,
0,00000284,false,Rx,0,6,0B,0B,00,00,00,00,00,00,
76000,00000588,false,Rx,0,8,0B,00,72,00,00,80,00,00,
0,00000280,false,Rx,0,8,B3,8A,00,00,33,FA,28,33,
0,00000288,false,Rx,0,8,64,33,D5,00,00,75,5D,53,
0,00000380,false,Rx,0,8,B0,6C,00,96,20,00,00,FE,
0,00000488,false,Rx,0,8,EF,33,00,72,FE,FF,FF,50,
88000,00000280,false,Rx,0,8,B3,8A,00,00,33,FA,28,33,
0,00000288,false,Rx,0,8,64,33,D5,00,00,75,5D,53,
0,00000380,false,Rx,0,8,B0,6C,00,96,20,00,00,FE,
0,00000488,false,Rx,0,8,DF,33,00,72,FE,FF,FF,60,
0,00000480,false,Rx,0,8,C2,2C,00,00,19,41,00,B6,
0,00000284,false,Rx,0,6,0C,0C,00,00,00,00,00,00,
0,00000588,false,Rx,0,8,0B,00,72,00,00,80,00,00,
0,00000280,false,Rx,0,8,B3,8A,00,00,33,FA,28,33,
0,00000288,false,Rx,0,8,64,33,D5,00,00,75,5D,53,
0,00000380,false,Rx,0,8,B0,6C,00,96,20,00,00,FE,
0,00000488,false,Rx,0,8,CF,33,00,72,FE,FF,FF,70,
0,00000280,false,Rx,0,8,B3,8A,00,00,33,FA,28,33,
0,00000288,false,Rx,0,8,8A,33,D5,00,00,75,5D,53,
0,00000380,false,Rx,0,8,B0,6D,00,96,20,00,00,FE,
0,00000488,false,Rx,0,8,3F,33,00,72,FE,FF,FF,80,
0,00000480,false,Rx,0,8,C2,2C,00,00,19,41,00,B6,
0,00000284,false,Rx,0,6,0D,0D,00,00,00,00,00,00,
0,00000588,false,Rx,0,8,0B,00,72,00,00,80,00,00,
0,00000280,false,Rx,0,8,B3,8A,00,00,33,FA,28,33,
0,00000288,false,Rx,0,8,8A,33,D5,00,00,75,5D,53,
0,00000380,false,Rx,0,8,B0,6D,00,96,20,00,00,FE,
0,00000488,false,Rx,0,8,2F,33,00,72,FE,FF,FF,90,
0,00000280,false,Rx,0,8,B3,8A,00,00,33,FA,28,33,
0,00000288,false,Rx,0,8,8A,33,D5,00,00,75,5D,53,
0,00000380,false,Rx,0,8,B0,6D,00,96,20,00,00,FE,
0,00000488,false,Rx,0,8,1F,33,00,72,FE,FF,FF,A0,
0,00000480,false,Rx,0,8,C2,2C,00,00,19,41,00,B6,
0,00000284,false,Rx,0,6,0E,0E,00,00,00,00,00,00,
0,00000588,false,Rx,0,8,0B,00,72,00,00,80,00,00,
0,00000280,false,Rx,0,8,B3,8A,00,00,33,FA,28,33,
0,00000288,false,Rx,0,8,8A,33,D5,00,00,75,5D,53,
0,00000380,false,Rx,0,8,B0,6D,00,96,20,00,00,FE,
0,00000488,false,Rx,0,8,0F,33,00,72,FE,FF,FF,B0,
0,00000280,false,Rx,0,8,B3,8A,00,00,33,FA,28,33,
0,00000288,false,Rx,0,8,E8,33,D5,00,00,75,5D,53,
0,00000380,false,Rx,0,8,B0,6D,00,96,20,00,00,FE,
0,00000488,false,Rx,0,8,7F,33,00,72,FE,FF,FF,C0,
0,00000480,false,Rx,0,8,C2,2C,00,00,19,41,00,B6,
0,00000284,false,Rx,0,6,0F,0F,00,00,00,00,00,00,
0,00000588,false,Rx,0,8,0B,00,72,00,00,80,00,00,
0,00000280,false,Rx,0,8,B3,8A,00,00,33,FA,28,33,
0,00000288,false,Rx,0,8,E8,33,D5,00,00,75,5D,53,
0,00000380,false,Rx,0,8,B0,6D,00,96,20,00,00,FE,
0,00000488,false,Rx,0,8,6F,33,00,72,FE,FF,FF,D0,
0,00000280,false,Rx,0,8,B3,8A,00,00,33,FA,28,33,
0,00000288,false,Rx,0,8,E8,33,D5,00,00,75,5D,53,
0,00000380,false,Rx,0,8,B0,6D,00,96,20,00,00,FE,
0,00000488,false,Rx,0,8,5F,33,00,72,FE,FF,FF,E0,
0,00000480,false,Rx,0,8,1C,2C,00,00,19,41,00,68,
0,00000284,false,Rx,0,6,00,00,00,00,00,00,00,00,
0,00000588,false,Rx,0,8,0B,00,72,00,00,80,00,00,
0,00000280,false,Rx,0,8,B3,8A,00,00,33,FA,28,33,
0,00000288,false,Rx,0,8,E8,33,D5,00,00,75,5D,53,
0,00000380,false,Rx,0,8,B0,6D,00,96,20,00,00,FE,
0,00000488,false,Rx,0,8,4F,33,00,72,FE,FF,FF,F0,
0,00000280,false,Rx,0,8,B3,8A,00,00,33,FA,28,33,
0,00000288,false,Rx,0,8,2C,33,D5,00,00,75,5D,53,
0,00000380,false,Rx,0,8,B0,6D,00,96,20,00,00,FE,
0,00000488,false,Rx,0,8,40,33,00,72,FE,FF,00,00,
0,00000480,false,Rx,0,8,1C,2C,00,00,19,41,00,68,
0,00000284,false,Rx,0,6,01,01,00,00,00,00,00,00,
0,00000588,false,Rx,0,8,0B,00,72,00,00,80,00,00,
0,00000280,false,Rx,0,8,B3,8A,00,00,33,FA,28,33,
0,00000288,false,Rx,0,8,2C,33,D5,00,00,75,5D,53,
0,00000380,false,Rx,0,8,B0,6D,00,96,20,00,00,FE,
0,00000488,false,Rx,0,8,AF,33,00,72,FE,FF,FF,10,
0,00000280,false,Rx,0,8,B3,8A,00,00,33,FA,28,33,
0,00000288,false,Rx,0,8,2C,33,D5,00,00,75,5D,53,
0,00000380,false,Rx,0,8,B0,6E,00,96,20,00,00,FE,
0,00000488,false,Rx,0,8,60,33,00,72,FE,FF,00,20,
0,00000480,false,Rx,0,8,1C,2C,00,00,19,41,00,68,
0,00000284,false,Rx,0,6,02,02,00,00,00,00,00,00,
0,00000588,false,Rx,0,8,0B,00,72,00,00,80,00,00,
0,00000280,false,Rx,0,8,B3,8A,00,00,33,FA,28,33,
0,00000288,false,Rx,0,8,2C,33,D5,00,00,75,5D,53,
0,00000380,false,Rx,0,8,B0,6E,00,96,20,00,00,FE,
0,00000488,false,Rx,0,8,70,33,00,72,FE,FF,00,30,
0,00000280,false,Rx,0,8,B3,8A,00,00,33,FA,28,33,
0,00000288,false,Rx,0,8,64,33,D5,00,00,75,5D,53,
0,00000380,false,Rx,0,8,B0,6E,00,96,20,00,00,FE,
0,00000488,false,Rx,0,8,00,33,00,72,FE,FF,00,40,
0,00000480,false,Rx,0,8,1C,2C,00,00,19,41,00,68,
0,00000284,false,Rx,0,6,03,03,00,00,00,00,00,00,
235000,00000588,false,Rx,0,8,0B,00,72,00,00,80,00,00,
0,00000280,false,Rx,0,8,B3,8A,00,00,33,FA,28,33,
0,00000288,false,Rx,0,8,64,33,D5,00,00,75,5D,53,
0,00000380,false,Rx,0,8,B0,6E,00,96,20,00,00,FE,
244000,00000488,false,Rx,0,8,EF,33,00,72,FE,FF,FF,50,
0,00000280,false,Rx,0,8,B3,8A,00,00,33,FA,28,33,
0,00000288,false,Rx,0,8,64,33,D5,00,00,75,5D,53,
0,00000380,false,Rx,0,8,B0,6E,00,96,20,00,00,FE,
0,00000488,false,Rx,0,8,DF,33,00,72,FE,FF,FF,60,
0,00000480,false,Rx,0,8,54,2C,00,00,19,41,00,20,
0,00000284,false,Rx,0,6,04,04,00,00,00,00,00,00,
256000,00000588,false,Rx,0,8,0B,00,72,00,00,80,00,00,
0,00000280,false,Rx,0,8,B3,8A,00,00,33,FA,28,33,
0,00000288,false,Rx,0,8,64,33,D5,00,00,75,5D,53,
0,00000380,false,Rx,0,8,B0,6E,00,96,20,00,00,FE,
0,00000488,false,Rx,0,8,CF,33,00,72,FE,FF,FF,70,
0,00000280,false,Rx,0,8,B3,8A,00,00,33,FA,28,33,
0,00000288,false,Rx,0,8,8A,33,D5,00,00,75,5D,53,
0,00000380,false,Rx,0,8,B0,6E,00,96,20,00,00,FE,
0,00000488,false,Rx,0,8,3F,33,00,72,FE,FF,FF,80,
0,00000480,false,Rx,0,8,54,2C,00,00,19,41,00,20,
0,00000284,false,Rx,0,6,05,05,00,00,00,00,00,00,
276000,00000588,false,Rx,0,8,0B,00,72,00,00,80,00,00,
0,00000280,false,Rx,0,8,B3,8A,00,00,33,FA,28,33,
0,00000288,false,Rx,0,8,8A,33,D5,00,00,75,5D,53,
0,00000380,false,Rx,0,8,B0,6E,00,96,20,00,00,FE,
0,00000488,false,Rx,0,8,2F,33,00,72,FE,FF,FF,90,
0,00000280,false,Rx,0,8,B3,8A,00,00,33,FA,28,33,
0,00000288,false,Rx,0,8,8A,33,D5,00,00,75,5D,53,
0,00000380,false,Rx,0,8,B0,6E,00,96,20,00,00,FE,
0,00000488,false,Rx,0,8,1F,33,00,72,FE,FF,FF,A0,
0,00000480,false,Rx,0,8,54,2C,00,00,19,41,00,20,
0,00000284,false,Rx,0,6,06,06,00,00,00,00,00,00,
0,00000588,false,Rx,0,8,0B,00,72,00,00,80,00,00,
0,00000280,false,Rx,0,8,B3,8A,00,00,33,FA,28,33,
0,00000288,false,Rx,0,8,8A,33,D5,00,00,75,5D,53,
0,00000380,false,Rx,0,8,B0,6E,00,96,20,00,00,FE,
0,00000488,false,Rx,0,8,0F,33,00,72,FE,FF,FF,B0,
0,00000280,false,Rx,0,8,B3,8A,00,00,33,FA,28,33,
0,00000288,false,Rx,0,8,E8,33,D5,00,00,75,5D,53,
0,00000380,false,Rx,0,8,B0,6F,00,96,20,00,00,FE,
0,00000488,false,Rx,0,8,7F,33,00,72,FE,FF,FF,C0,
0,00000480,false,Rx,0,8,54,2C,00,00,19,41,00,20,
0,00000284,false,Rx,0,6,07,07,00,00,00,00,00,00,
313000,00000588,false,Rx,0,8,0B,00,72,00,00,80,00,00,
0,00000280,false,Rx,0,8,B3,8A,00,00,33,FA,28,33,
0,00000288,false,Rx,0,8,E8,33,D5,00,00,75,5D,53,
0,00000380,false,Rx,0,8,B0,6F,00,96,20,00,00,FE,
0,00000488,false,Rx,0,8,6F,33,00,72,FE,FF,FF,D0,
0,00000280,false,Rx,0,8,B3,8A,00,00,33,FA,28,33,
0,00000288,false,Rx,0,8,E8,33,D5,00,00,75,5D,53,
0,00000380,false,Rx,0,8,B0,6F,00,96,20,00,00,FE,
0,00000488,false,Rx,0,8,5F,33,00,72,FE,FF,FF,E0,
0,00000480,false,Rx,0,8,84,2C,00,00,19,41,00,F0,
0,00000284,false,Rx,0,6,08,08,00,00,00,00,00,00,
0,00000588,false,Rx,0,8,0B,00,72,00,00,80,00,00,
0,00000280,false,Rx,0,8,B3,8A,00,00,33,FA,28,33,
0,00000288,false,Rx,0,8,E8,33,D5,00,00,75,5C,53,
0,00000380,false,Rx,0,8,B0,6F,00,96,20,00,00,FE,
0,00000488,false,Rx,0,8,4F,33,00,72,FE,FF,FF,F0,
0,00000280,false,Rx,0,8,B3,8A,00,00,33,FA,28,33,
0,00000288,false,Rx,0,8,2C,33,D5,00,00,75,5C,53,
0,00000380,false,Rx,0,8,B0,6F,00,96,20,00,00,FE,
0,00000488,false,Rx,0,8,40,33,00,72,FE,FF,00,00,
0,00000480,false,Rx,0,8,84,2C,00,00,19,41,00,F0,
0,00000284,false,Rx,0,6,09,09,00,00,00,00,00,00,
0,00000588,false,Rx,0,8,0B,00,72,00,00,80,00,00,
0,00000280,false,Rx,0,8,B3,8A,00,00,33,FA,28,33,
0,00000288,false,Rx,0,8,2C,33,D5,00,00,75,5C,53,
0,00000380,false,Rx,0,8,B0,6F,00,96,20,00,00,FE,
0,00000488,false,Rx,0,8,AF,33,00,72,FE,FF,FF,10,
366000,00000580,false,Rx,0,8,86,00,00,14,1C,93,48,14,
0,00000280,false,Rx,0,8,B3,8A,00,00,33,FA,28,33,
0,00000288,false,Rx,0,8,2C,33,D5,00,00,75,5C,53,
0,00000380,false,Rx,0,8,B0,6F,00,96,20,00,00,FE,
0,00000488,false,Rx,0,8,60,33,00,72,FE,FF,00,20,
0,00000480,false,Rx,0,8,84,2C,00,00,19,41,00,F0,
0,00000284,false,Rx,0,6,0A,0A,00,00,00,00,00,00,
0,00000588,false,Rx,0,8,0B,00,72,00,00,80,00,00,
0,00000280,false,Rx,0,8,B3,8A,00,00,33,FA,28,33,
0,00000288,false,Rx,0,8,2C,33,D5,00,00,75,5C,53,
0,00000380,false,Rx,0,8,B0,6F,00,96,20,00,00,FE,
0,00000488,false,Rx,0,8,70,33,00,72,FE,FF,00,30,
0,00000280,false,Rx,0,8,B3,8A,00,00,33,FA,28,33,
0,00000288,false,Rx,0,8,64,33,D5,00,00,75,5C,53,
0,00000380,false,Rx,0,8,B0,6F,00,96,20,00,00,FE,
0,00000488,false,Rx,0,8,00,33,00,72,FE,FF,00,40,
0,00000480,false,Rx,0,8,84,2C,00,00,19,41,00,F0,
0,00000284,false,Rx,0,6,0B,0B,00,00,00,00,00,00,
0,00000588,false,Rx,0,8,0B,00,72,00,00,80,00,00,
0,00000280,false,Rx,0,8,B3,8A,00,00,33,FA,28,33,
0,00000288,false,Rx,0,8,64,33,D5,00,00,75,5C,53,
0,00000380,false,Rx,0,8,B0,6F,00,96,20,00,00,FE,
0,00000488,false,Rx,0,8,EF,33,00,72,FE,FF,FF,50,
0,00000280,false,Rx,0,8,B3,8A,00,00,33,FA,28,33,
0,00000288,false,Rx,0,8,64,33,D5,00,00,75,5C,53,
0,00000380,false,Rx,0,8,B0,70,00,96,20,00,00,FE,
0,00000488,false,Rx,0,8,DF,33,00,72,FE,FF,FF,60,
0,00000480,false,Rx,0,8,C2,2C,00,00,19,41,00,B6,
0,00000284,false,Rx,0,6,0C,0C,00,00,00,00,00,00,
416000,00000588,false,Rx,0,8,0B,00,72,00,00,80,00,00,
0,00000280,false,Rx,0,8,B3,8A,00,00,33,FA,28,33,
0,00000288,false,Rx,0,8,64,33,D5,00,00,75,5C,53,
0,00000380,false,Rx,0,8,B0,70,00,96,20,00,00,FE,
0,00000488,false,Rx,0,8,CF,33,00,72,FE,FF,FF,70,
0,00000280,false,Rx,0,8,B3,8A,00,00,33,FA,28,33,
0,00000288,false,Rx,0,8,8A,33,D5,00,00,75,5C,53,
0,00000380,false,Rx,0,8,B0,70,00,96,20,00,00,FE,
0,00000488,false,Rx,0,8,3F,33,00,72,FE,FF,FF,80,
0,00000480,false,Rx,0,8,C2,2C,00,00,19,41,00,B6,
0,00000284,false,Rx,0,6,0D,0D,00,00,00,00,00,00,
436000,00000588,false,Rx,0,8,0B,00,72,00,00,80,00,00,
0,00000280,false,Rx,0,8,B3,8A,00,00,33,FA,28,33,
0,00000288,false,Rx,0,8,8A,33,D5,00,00,75,5C,53,
0,00000380,false,Rx,0,8,B0,70,00,96,20,00,00,FE,
444000,00000488,false,Rx,0,8,2F,33,00,72,FE,FF,FF,90,
0,00000280,false,Rx,0,8,B3,8A,00,00,33,FA,28,33,
0,00000288,false,Rx,0,8,8A,33,D5,00,00,75,5C,53,
0,00000380,false,Rx,0,8,B0,70,00,96,20,00,00,FE,
0,00000488,false,Rx,0,8,1F,33,00,72,FE,FF,FF,A0,
0,00000480,false,Rx,0,8,C2,2C,00,00,19,41,00,B6,
0,00000284,false,Rx,0,6,0E,0E,00,00,00,00,00,00,
457000,00000588,false,Rx,0,8,0B,00,72,00,00,80,00,00,
0,00000280,false,Rx,0,8,B3,8A,00,00,33,FA,28,33,
0,00000288,false,Rx,0,8,8A,33,D5,00,00,75,5C,53,
0,00000380,false,Rx,0,8,B0,70,00,96,20,00,00,FE,
0,00000488,false,Rx,0,8,0F,33,00,72,FE,FF,FF,B0,
469000,00000280,false,Rx,0,8,B3,8A,00,00,33,FA,28,33,
0,00000288,false,Rx,0,8,E8,33,D5,00,00,75,5C,53,
0,00000380,false,Rx,0,8,B0,70,00,96,20,00,00,FE,
0,00000488,false,Rx,0,8,7F,33,00,72,FE,FF,FF,C0,
0,00000480,false,Rx,0,8,C2,2C,00,00,19,41,00,B6,
0,00000284,false,Rx,0,6,0F,0F,00,00,00,00,00,00,
0,00000588,false,Rx,0,8,0B,00,72,00,00,80,00,00,
0,00000280,false,Rx,0,8,B3,8A,00,00,33,FA,28,33,
0,00000288,false,Rx,0,8,E8,33,D5,00,00,75,5C,53,
0,00000380,false,Rx,0,8,B0,70,00,96,20,00,00,FE,
0,00000488,false,Rx,0,8,6F,33,00,72,FE,FF,FF,D0,
0,00000280,false,Rx,0,8,B3,8A,00,00,33,FA,28,33,
0,00000288,false,Rx,0,8,E8,33,D5,00,00,75,5C,53,
0,00000380,false,Rx,0,8,B0,70,00,96,20,00,00,FE,
0,00000488,false,Rx,0,8,5F,33,00,72,FE,FF,FF,E0,
0,00000480,false,Rx,0,8,1C,2C,00,00,19,41,00,68,
0,00000284,false,Rx,0,6,00,00,00,00,00,00,00,00,
0,00000588,false,Rx,0,8,0B,00,72,00,00,80,00,00,
0,00000280,false,Rx,0,8,B3,8A,00,00,33,FA,28,33,
0,00000288,false,Rx,0,8,E8,33,D5,00,00,75,5C,53,
0,00000380,false,Rx,0,8,B0,70,00,96,20,00,00,FE,
0,00000488,false,Rx,0,8,4F,33,00,72,FE,FF,FF,F0,
0,00000280,false,Rx,0,8,B3,8A,00,00,33,FA,28,33,
0,00000288,false,Rx,0,8,2C,33,D5,00,00,75,5C,53,
0,00000380,false,Rx,0,8,B0,71,00,96,20,00,00,FE,
0,00000488,false,Rx,0,8,40,33,00,72,FE,FF,00,00,
0,00000480,false,Rx,0,8,1C,2C,00,00,19,41,00,68,
0,00000284,false,Rx,0,6,01,01,00,00,00,00,00,00,
0,00000588,false,Rx,0,8,0B,00,72,00,00,80,00,00,
0,00000280,false,Rx,0,8,B3,8A,00,00,33,FA,28,33,
0,00000288,false,Rx,0,8,2C,33,D5,00,00,75,5C,53,
0,00000380,false,Rx,0,8,B0,71,00,96,20,00,00,FE,
0,00000488,false,Rx,0,8,AF,33,00,72,FE,FF,FF,10,
0,00000280,false,Rx,0,8,B3,8A,00,00,33,FA,28,33,
0,00000288,false,Rx,0,8,2C,33,D5,00,00,75,5C,53,
0,00000380,false,Rx,0,8,B0,71,00,96,20,00,00,FE,
0,00000488,false,Rx,0,8,60,33,00,72,FE,FF,00,20,
0,00000480,false,Rx,0,8,1C,2C,00,00,19,41,00,68,
0,00000284,false,Rx,0,6,02,02,00,00,00,00,00,00,
0,00000588,false,Rx,0,8,0B,00,72,00,00,80,00,00,
0,00000280,false,Rx,0,8,B3,8A,00,00,33,FA,28,33,
0,00000288,false,Rx,0,8,2C,33,D5,00,00,75,5C,53,
0,00000380,false,Rx,0,8,B0,71,00,96,20,00,00,FE,
0,00000488,false,Rx,0,8,70,33,00,72,FE,FF,00,30,
0,00000280,false,Rx,0,8,B3,8A,00,00,33,FA,28,33,
0,00000288,false,Rx,0,8,64,33,D5,00,00,75,5C,53,
0,00000380,false,Rx,0,8,B0,71,00,96,20,00,00,FE,
0,00000488,false,Rx,0,8,00,33,00,72,FE,FF,00,40,
0,00000480,false,Rx,0,8,1C,2C,00,00,19,41,00,68,
0,00000284,false,Rx,0,6,03,03,00,00,00,00,00,00,
0,00000588,false,Rx,0,8,0B,00,72,00,00,80,00,00,
559000,00000280,false,Rx,0,8,B3,8A,00,00,33,FA,28,33,
0,00000288,false,Rx,0,8,64,33,D5,00,00,75,5C,53,
0,00000380,false,Rx,0,8,B0,71,00,96,20,00,00,FE,
0,00000488,false,Rx,0,8,EF,33,00,72,FE,FF,FF,50,
0,00000280,false,Rx,0,8,B3,8A,00,00,33,FA,28,33,
0,00000288,false,Rx,0,8,64,33,D5,00,00,75,5C,53,
0,00000380,false,Rx,0,8,B0,71,00,96,20,00,00,FE,
0,00000488,false,Rx,0,8,DF,33,00,72,FE,FF,FF,60,
0,00000480,false,Rx,0,8,54,2C,00,00,19,41,00,20,
0,00000284,false,Rx,0,6,04,04,00,00,00,00,00,00,
0,00000588,false,Rx,0,8,0B,00,72,00,00,80,00,00,
0,00000280,false,Rx,0,8,B3,8A,00,00,33,FA,28,33,
0,00000288,false,Rx,0,8,64,33,D5,00,00,75,5C,53,
0,00000380,false,Rx,0,8,B0,71,00,96,20,00,00,FE,
0,00000488,false,Rx,0,8,CF,33,00,72,FE,FF,FF,70,
0,00000280,false,Rx,0,8,B3,8A,00,00,33,FA,28,33,
0,00000288,false,Rx,0,8,8A,33,D5,00,00,75,5C,53,
0,00000380,false,Rx,0,8,B0,71,00,96,20,00,00,FE,
0,00000488,false,Rx,0,8,3F,33,00,72,FE,FF,FF,80,
0,00000480,false,Rx,0,8,54,2C,00,00,19,41,00,20,
0,00000588,false,Rx,0,8,0B,00,72,00,00,80,00,00,
0,00000284,false,Rx,0,6,05,05,00,00,00,00,00,00,
0,00000280,false,Rx,0,8,B3,8A,00,00,33,FA,28,33,
0,00000288,false,Rx,0,8,8A,33,D5,00,00,75,5C,53,
0,00000380,false,Rx,0,8,B0,71,00,96,20,00,00,FE,
0,00000488,false,Rx,0,8,2F,33,00,72,FE,FF,FF,90,
0,00000280,false,Rx,0,8,B3,8A,00,00,33,FA,28,33,
0,00000288,false,Rx,0,8,8A,33,D5,00,00,75,5C,53,
0,00000380,false,Rx,0,8,B0,71,00,96,20,00,00,FE,
0,00000488,false,Rx,0,8,1F,33,00,72,FE,FF,FF,A0,
0,00000480,false,Rx,0,8,54,2C,00,00,19,41,00,20,
0,00000284,false,Rx,0,6,06,06,00,00,00,00,00,00,
616000,00000588,false,Rx,0,8,0B,00,72,00,00,80,00,00,
0,00000280,false,Rx,0,8,B3,8A,00,00,33,FA,28,33,
0,00000288,false,Rx,0,8,8A,33,D5,00,00,75,5C,53,
0,00000380,false,Rx,0,8,B0,71,00,96,20,00,00,FE,
625000,00000488,false,Rx,0,8,0F,33,00,72,FE,FF,FF,B0,
0,00000280,false,Rx,0,8,B3,8A,00,00,33,FA,28,33,
0,00000288,false,Rx,0,8,E8,33,D5,00,00,75,5C,53,
0,00000380,false,Rx,0,8,B0,71,00,96,20,00,00,FE,
0,00000488,false,Rx,0,8,7F,33,00,72,FE,FF,FF,C0,
0,00000480,false,Rx,0,8,54,2C,00,00,19,41,00,20,
637000,00000588,false,Rx,0,8,0B,00,72,00,00,80,00,00,
0,00000284,false,Rx,0,6,07,07,00,00,00,00,00,00,
0,00000280,false,Rx,0,8,B3,8A,00,00,33,FA,28,33,
0,00000288,false,Rx,0,8,E8,33,D5,00,00,75,5C,53,
0,00000380,false,Rx,0,8,B0,71,00,96,20,00,00,FE,
0,00000488,false,Rx,0,8,6F,33,00,72,FE,FF,FF,D0,
0,00000280,false,Rx,0,8,B3,8A,00,00,33,FA,28,33,
0,00000288,false,Rx,0,8,E8,33,D5,00,00,75,5C,53,
0,00000380,false,Rx,0,8,B0,71,00,96,20,00,00,FE,
0,00000488,false,Rx,0,8,5F,33,00,72,FE,FF,FF,E0,
0,00000480,false,Rx,0,8,84,2C,00,00,19,41,00,F0,
0,00000284,false,Rx,0,6,08,08,00,00,00,00,00,00,
0,00000588,false,Rx,0,8,0B,00,72,00,00,80,00,00,
0,00000280,false,Rx,0,8,B3,8A,00,00,33,FA,28,33,
0,00000288,false,Rx,0,8,E8,33,D5,00,00,75,5C,53,
0,00000380,false,Rx,0,8,B0,71,00,96,20,00,00,FE,
0,00000488,false,Rx,0,8,4F,33,00,72,FE,FF,FF,F0,
0,00000280,false,Rx,0,8,B3,8A,00,00,33,FA,28,33,
0,00000288,false,Rx,0,8,2C,33,D5,00,00,75,5C,53,
0,00000380,false,Rx,0,8,B0,71,00,96,20,00,00,FE,
0,00000488,false,Rx,0,8,40,33,00,72,FE,FF,00,00,
0,00000480,false,Rx,0,8,84,2C,00,00,19,41,00,F0,
0,00000588,false,Rx,0,8,0B,00,72,00,00,80,00,00,
0,00000284,false,Rx,0,6,09,09,00,00,00,00,00,00,
0,00000280,false,Rx,0,8,B3,8A,00,00,33,FA,28,33,
0,00000288,false,Rx,0,8,2C,33,D5,00,00,75,5C,53,
0,00000380,false,Rx,0,8,B0,71,00,96,20,00,00,FE,
0,00000488,false,Rx,0,8,AF,33,00,72,FE,FF,FF,10,
0,00000280,false,Rx,0,8,B3,8A,00,00,33,FA,28,33,
0,00000288,false,Rx,0,8,2C,33,D5,00,00,75,5C,53,
0,00000380,false,Rx,0,8,B0,71,00,96,20,00,00,FE,
0,00000488,false,Rx,0,8,60,33,00,72,FE,FF,00,20,
0,00000480,false,Rx,0,8,84,2C,00,00,19,41,00,F0,
0,00000284,false,Rx,0,6,0A,0A,00,00,00,00,00,00,
694000,00000588,false,Rx,0,8,0B,00,72,00,00,80,00,00,
0,00000280,false,Rx,0,8,B3,8A,00,00,33,FA,28,33,
0,00000288,false,Rx,0,8,2C,33,D5,00,00,75,5C,53,
0,00000380,false,Rx,0,8,B0,71,00,96,20,00,00,FE,
0,00000488,false,Rx,0,8,70,33,00,72,FE,FF,00,30,
0,00000280,false,Rx,0,8,B3,8A,00,00,33,FA,28,33,
0,00000288,false,Rx,0,8,64,33,D5,00,00,75,5C,53,
0,00000380,false,Rx,0,8,B0,72,00,96,20,00,00,FE,
0,00000488,false,Rx,0,8,00,33,00,72,FE,FF,00,40,
0,00000480,false,Rx,0,8,84,2C,00,00,19,41,00,F0,
0,00000284,false,Rx,0,6,0B,0B,00,00,00,00,00,00,
0,00000588,false,Rx,0,8,0B,00,72,00,00,80,00,00,
0,00000280,false,Rx,0,8,B3,8A,00,00,33,FA,28,33,
0,00000288,false,Rx,0,8,64,33,D5,00,00,75,5C,53,
0,00000380,false,Rx,0,8,B0,72,00,96,20,00,00,FE,
0,00000488,false,Rx,0,8,EF,33,00,72,FE,FF,FF,50,
0,00000280,false,Rx,0,8,B3,8A,00,00,33,FA,28,33,
0,00000288,false,Rx,0,8,64,33,D5,00,00,75,5C,53,
0,00000380,false,Rx,0,8,B0,72,00,96,20,00,00,FE,
0,00000488,false,Rx,0,8,DF,33,00,72,FE,FF,FF,60,
0,00000480,false,Rx,0,8,C2,2C,00,00,19,41,00,B6,
0,00000588,false,Rx,0,8,0B,00,72,00,00,80,00,00,
735000,00000284,false,Rx,0,6,0C,0C,00,00,00,00,00,00,
0,00000280,false,Rx,0,8,B3,8A,00,00,33,FA,28,33,
0,00000288,false,Rx,0,8,64,33,D5,00,00,75,5B,53,
0,00000380,false,Rx,0,8,B0,72,00,96,20,00,00,FE,
0,00000488,false,Rx,0,8,CF,33,00,72,FE,FF,FF,70,
0,00000280,false,Rx,0,8,B3,8A,00,00,33,FA,28,33,
0,00000288,false,Rx,0,8,8A,33,D5,00,00,75,5B,53,
0,00000380,false,Rx,0,8,B0,72,00,96,20,00,00,FE,
0,00000488,false,Rx,0,8,3F,33,00,72,FE,FF,FF,80,
0,00000480,false,Rx,0,8,C2,2C,00,00,19,41,00,B6,
0,00000588,false,Rx,0,8,0B,00,72,00,00,80,00,00,
0,00000284,false,Rx,0,6,0D,0D,00,00,00,00,00,00,
0,00000280,false,Rx,0,8,B3,8A,00,00,33,FA,28,33,
0,00000288,false,Rx,0,8,8A,33,D5,00,00,75,5B,53,
0,00000380,false,Rx,0,8,B0,72,00,96,20,00,00,FE,
0,00000488,false,Rx,0,8,2F,33,00,72,FE,FF,FF,90,
0,00000280,false,Rx,0,8,B3,8A,00,00,33,FA,28,33,
0,00000288,false,Rx,0,8,8A,33,D5,00,00,75,5B,53,
0,00000380,false,Rx,0,8,B0,72,00,96,20,00,00,FE,
0,00000488,false,Rx,0,8,1F,33,00,72,FE,FF,FF,A0,
0,00000480,false,Rx,0,8,C2,2C,00,00,19,41,00,B6,
0,00000284,false,Rx,0,6,0E,0E,00,00,00,00,00,00,
0,00000588,false,Rx,0,8,0B,00,72,00,00,80,00,00,
0,00000280,false,Rx,0,8,B3,8A,00,00,33,FA,28,33,
0,00000288,false,Rx,0,8,8A,33,D5,00,00,75,5B,53,
0,00000380,false,Rx,0,8,B0,72,00,96,20,00,00,FE,
0,00000488,false,Rx,0,8,0F,33,00,72,FE,FF,FF,B0,
0,00000280,false,Rx,0,8,B3,8A,00,00,33,FA,28,33,
0,00000288,false,Rx,0,8,E8,33,D5,00,00,75,5B,53,
0,00000380,false,Rx,0,8,B0,72,00,96,20,00,00,FE,
0,00000488,false,Rx,0,8,7F,33,00,72,FE,FF,FF,C0,
0,00000480,false,Rx,0,8,C2,2C,00,00,19,41,00,B6,
0,00000284,false,Rx,0,6,0F,0F,00,00,00,00,00,00,
0,00000588,false,Rx,0,8,0B,00,72,00,00,80,00,00,
0,00000280,false,Rx,0,8,B3,8A,00,00,33,FA,28,33,
0,00000288,false,Rx,0,8,E8,33,D5,00,00,75,5B,53,
0,00000380,false,Rx,0,8,B0,72,00,96,20,00,00,FE,
805000,00000488,false,Rx,0,8,6F,33,00,72,FE,FF,FF,D0,
0,00000280,false,Rx,0,8,B3,8A,00,00,33,FA,28,33,
0,00000288,false,Rx,0,8,E8,33,D5,00,00,75,5B,53,
0,00000380,false,Rx,0,8,B0,73,00,96,20,00,00,FE,
0,00000488,false,Rx,0,8,5F,33,00,72,FE,FF,FF,E0,
0,00000480,false,Rx,0,8,1C,2C,00,00,19,41,00,68,
0,00000284,false,Rx,0,6,00,00,00,00,00,00,00,00,
817000,00000588,false,Rx,0,8,0B,00,72,00,00,80,00,00,
0,00000280,false,Rx,0,8,B3,8A,00,00,33,FA,28,33,
0,00000288,false,Rx,0,8,E8,33,D5,00,00,75,5B,53,
0,00000380,false,Rx,0,8,B0,73,00,96,20,00,00,FE,
825000,00000488,false,Rx,0,8,4F,33,00,72,FE,FF,FF,F0,
0,00000280,false,Rx,0,8,B3,8A,00,00,33,FA,28,33,
0,00000288,false,Rx,0,8,2C,33,D5,00,00,75,5B,53,
0,00000380,false,Rx,0,8,B0,73,00,96,20,00,00,FE,
0,00000488,false,Rx,0,8,40,33,00,72,FE,FF,00,00,
0,00000480,false,Rx,0,8,1C,2C,00,00,19,41,00,68,
0,00000588,false,Rx,0,8,0B,00,72,00,00,80,00,00,
838000,00000284,false,Rx,0,6,01,01,00,00,00,00,00,00,
0,00000280,false,Rx,0,8,B3,8A,00,00,33,FA,28,33,
0,00000288,false,Rx,0,8,2C,33,D5,00,00,75,5B,53,
0,00000380,false,Rx,0,8,B0,73,00,96,20,00,00,FE,
0,00000488,false,Rx,0,8,AF,33,00,72,FE,FF,FF,10,
0,00000280,false,Rx,0,8,B3,8A,00,00,33,FA,28,33,
0,00000288,false,Rx,0,8,2C,33,D5,00,00,75,5B,53,
0,00000380,false,Rx,0,8,B0,73,00,96,20,00,00,FE,
0,00000488,false,Rx,0,8,60,33,00,72,FE,FF,00,20,
0,00000480,false,Rx,0,8,1C,2C,00,00,19,41,00,68,
0,00000284,false,Rx,0,6,02,02,00,00,00,00,00,00,
0,00000588,false,Rx,0,8,0B,00,72,00,00,80,00,00,
0,00000280,false,Rx,0,8,B3,8A,00,00,33,FA,28,33,
0,00000288,false,Rx,0,8,2C,33,D5,00,00,75,5B,53,
0,00000380,false,Rx,0,8,B0,73,00,96,20,00,00,FE,
866000,00000488,false,Rx,0,8,70,33,00,72,FE,FF,00,30,
0,00000280,false,Rx,0,8,B3,8A,00,00,33,FA,28,33,
0,00000288,false,Rx,0,8,64,33,D5,00,00,75,5B,53,
0,00000380,false,Rx,0,8,B0,73,00,96,20,00,00,FE,
0,00000488,false,Rx,0,8,00,33,00,72,FE,FF,00,40,
0,00000480,false,Rx,0,8,1C,2C,00,00,19,41,00,68,
0,00000284,false,Rx,0,6,03,03,00,00,00,00,00,00,
879000,00000588,false,Rx,0,8,0B,00,72,00,00,80,00,00,
0,00000280,false,Rx,0,8,B3,8A,00,00,33,FA,28,33,
0,00000288,false,Rx,0,8,64,33,D5,00,00,75,5B,53,
0,00000380,false,Rx,0,8,B0,73,00,96,20,00,00,FE,
0,00000488,false,Rx,0,8,EF,33,00,72,FE,FF,FF,50,
0,00000280,false,Rx,0,8,B3,8A,00,00,33,FA,28,33,
0,00000288,false,Rx,0,8,64,33,D5,00,00,75,5B,53,
0,00000380,false,Rx,0,8,B0,73,00,96,20,00,00,FE,
0,00000488,false,Rx,0,8,DF,33,00,72,FE,FF,FF,60,
0,00000480,false,Rx,0,8,54,2C,00,00,19,41,00,20,
0,00000284,false,Rx,0,6,04,04,00,00,00,00,00,00,
0,00000588,false,Rx,0,8,0B,00,72,00,00,80,00,00,
0,00000280,false,Rx,0,8,B3,8A,00,00,33,FA,28,33,
0,00000288,false,Rx,0,8,64,33,D5,00,00,75,5B,53,
0,00000380,false,Rx,0,8,B0,73,00,96,20,00,00,FE,
0,00000488,false,Rx,0,8,CF,33,00,72,FE,FF,FF,70,
0,00000280,false,Rx,0,8,B3,8A,00,00,33,FA,28,33,
0,00000288,false,Rx,0,8,8A,33,D5,00,00,75,5B,53,
0,00000380,false,Rx,0,8,B0,73,00,96,20,00,00,FE,
0,00000488,false,Rx,0,8,3F,33,00,72,FE,FF,FF,80,
0,00000480,false,Rx,0,8,54,2C,00,00,19,41,00,20,
0,00000284,false,Rx,0,6,05,05,00,00,00,00,00,00,
0,00000588,false,Rx,0,8,0B,00,72,00,00,80,00,00,
0,00000280,false,Rx,0,8,B3,8A,00,00,33,FA,28,33,
0,00000288,false,Rx,0,8,8A,33,D5,00,00,75,5B,53,
0,00000380,false,Rx,0,8,B0,73,00,96,20,00,00,FE,
0,00000488,false,Rx,0,8,2F,33,00,72,FE,FF,FF,90,
0,00000280,false,Rx,0,8,B3,8A,00,00,33,FA,28,33,
0,00000288,false,Rx,0,8,8A,33,D5,00,00,75,5B,53,
0,00000380,false,Rx,0,8,B0,73,00,96,20,00,00,FE,
0,00000488,false,Rx,0,8,1F,33,00,72,FE,FF,FF,A0,
0,00000480,false,Rx,0,8,54,2C,00,00,19,41,00,20,
0,00000284,false,Rx,0,6,06,06,00,00,00,00,00,00,
0,00000588,false,Rx,0,8,0B,00,72,00,00,80,00,00,
940000,00000280,false,Rx,0,8,B3,8A,00,00,33,FA,28,33,
0,00000288,false,Rx,0,8,8A,33,D5,00,00,75,5B,53,
0,00000380,false,Rx,0,8,B0,73,00,96,20,00,00,FE,
0,00000488,false,Rx,0,8,0F,33,00,72,FE,FF,FF,B0,
0,00000280,false,Rx,0,8,B3,8A,00,00,33,FA,28,33,
0,00000288,false,Rx,0,8,E8,33,D5,00,00,75,5B,53,
0,00000380,false,Rx,0,8,B0,73,00,96,20,00,00,FE,
0,00000488,false,Rx,0,8,7F,33,00,72,FE,FF,FF,C0,
0,00000480,false,Rx,0,8,54,2C,00,00,19,41,00,20,
0,00000284,false,Rx,0,6,07,07,00,00,00,00,00,00,
0,00000588,false,Rx,0,8,0B,00,72,00,00,80,00,00,
0,00000280,false,Rx,0,8,B3,8A,00,00,33,FA,28,33,
0,00000288,false,Rx,0,8,E8,33,D5,00,00,75,5B,53,
0,00000380,false,Rx,0,8,B0,73,00,96,20,00,00,FE,
0,00000488,false,Rx,0,8,6F,33,00,72,FE,FF,FF,D0,
0,00000280,false,Rx,0,8,B3,8A,00,00,33,FA,28,33,
0,00000288,false,Rx,0,8,E8,33,D5,00,00,75,5B,53,
0,00000380,false,Rx,0,8,B0,73,00,96,20,00,00,FE,
0,00000488,false,Rx,0,8,5F,33,00,72,FE,FF,FF,E0,
0,00000480,false,Rx,0,8,84,2C,00,00,19,41,00,F0,
0,00000588,false,Rx,0,8,0B,00,72,00,00,80,00,00,
0,00000284,false,Rx,0,6,08,08,00,00,00,00,00,00,
0,00000280,false,Rx,0,8,B3,8A,00,00,33,FA,28,33,
0,00000288,false,Rx,0,8,E8,33,D5,00,00,75,5B,53,
0,00000380,false,Rx,0,8,B0,73,00,96,20,00,00,FE,
0,00000488,false,Rx,0,8,4F,33,00,72,FE,FF,FF,F0,
0,00000280,false,Rx,0,8,B3,8A,00,00,33,FA,28,33,
0,00000288,false,Rx,0,8,2C,33,D5,00,00,75,5B,53,
0,00000380,false,Rx,0,8,B0,73,00,96,20,00,00,FE,
0,00000488,false,Rx,0,8,40,33,00,72,FE,FF,00,00,
0,00000480,false,Rx,0,8,84,2C,00,00,19,41,00,F0,
0,00000284,false,Rx,0,6,09,09,00,00,00,00,00,00,
0,00000588,false,Rx,0,8,0B,00,72,00,00,80,00,00,
0,00000280,false,Rx,0,8,B3,8A,00,00,33,FA,28,33,
0,00000288,false,Rx,0,8,2C,33,D5,00,00,75,5B,53,
0,00000380,false,Rx,0,8,B0,73,00,96,20,00,00,FE,
5000,00000488,false,Rx,0,8,AF,33,00,72,FE,FF,FF,10,
0,00000280,false,Rx,0,8,B3,8A,00,00,33,FA,28,33,
0,00000288,false,Rx,0,8,2C,33,D5,00,00,75,5B,53,
0,00000380,false,Rx,0,8,B0,74,00,96,20,00,00,FE,
0,00000488,false,Rx,0,8,60,33,00,72,FE,FF,00,20,
0,00000480,false,Rx,0,8,84,2C,00,00,19,41,00,F0,
0,00000588,false,Rx,0,8,0B,00,72,00,00,80,00,00,
18000,00000284,false,Rx,0,6,0A,0A,00,00,00,00,00,00,
0,00000280,false,Rx,0,8,B3,8A,00,00,33,FA,28,33,
0,00000288,false,Rx,0,8,2C,33,D5,00,00,75,5B,53,
0,00000380,false,Rx,0,8,B0,74,00,96,20,00,00,FE,
0,00000488,false,Rx,0,8,70,33,00,72,FE,FF,00,30,
0,00000280,false,Rx,0,8,B3,8A,00,00,33,FA,28,33,
0,00000288,false,Rx,0,8,64,33,D5,00,00,75,5B,53,
0,00000380,false,Rx,0,8,B0,74,00,96,20,00,00,FE,
0,00000488,false,Rx,0,8,00,33,00,72,FE,FF,00,40,
0,00000480,false,Rx,0,8,84,2C,00,00,19,41,00,F0,
0,00000284,false,Rx,0,6,0B,0B,00,00,00,00,00,00,
38000,00000588,false,Rx,0,8,0B,00,72,00,00,80,00,00,
0,00000280,false,Rx,0,8,B3,8A,00,00,33,FA,28,33,
0,00000288,false,Rx,0,8,64,33,D5,00,00,75,5B,53,
0,00000380,false,Rx,0,8,B0,74,00,96,20,00,00,FE,
0,00000488,false,Rx,0,8,EF,33,00,72,FE,FF,FF,50,
0,00000280,false,Rx,0,8,B3,8A,00,00,33,FA,28,33,
0,00000288,false,Rx,0,8,64,33,D5,00,00,75,5B,53,
0,00000380,false,Rx,0,8,B0,74,00,96,20,00,00,FE,
0,00000488,false,Rx,0,8,DF,33,00,72,FE,FF,FF,60,
0,00000480,false,Rx,0,8,C2,2C,00,00,19,41,00,B6,
0,00000588,false,Rx,0,8,0B,00,72,00,00,80,00,00,
0,00000284,false,Rx,0,6,0C,0C,00,00,00,00,00,00,
0,00000280,false,Rx,0,8,B3,8A,00,00,33,FA,28,33,
0,00000288,false,Rx,0,8,64,33,D5,00,00,75,5B,53,
0,00000380,false,Rx,0,8,B0,74,00,96,20,00,00,FE,
0,00000488,false,Rx,0,8,CF,33,00,72,FE,FF,FF,70,
0,00000280,false,Rx,0,8,B3,8A,00,00,33,FA,28,33,
0,00000288,false,Rx,0,8,8A,33,D5,00,00,75,5B,53,
0,00000380,false,Rx,0,8,B0,74,00,96,20,00,00,FE,
0,00000488,false,Rx,0,8,3F,33,00,72,FE,FF,FF,80,
0,00000480,false,Rx,0,8,C2,2C,00,00,19,41,00,B6,
0,00000284,false,Rx,0,6,0D,0D,00,00,00,00,00,00,
79000,00000588,false,Rx,0,8,0B,00,72,00,00,80,00,00,
0,00000280,false,Rx,0,8,B3,8A,00,00,33,FA,28,33,
0,00000288,false,Rx,0,8,8A,33,D5,00,00,75,5B,53,
0,00000380,false,Rx,0,8,B0,74,00,96,20,00,00,FE,
0,00000488,false,Rx,0,8,2F,33,00,72,FE,FF,FF,90,
0,00000280,false,Rx,0,8,B3,8A,00,00,33,FA,28,33,
0,00000288,false,Rx,0,8,8A,33,D5,00,00,75,5B,53,
0,00000380,false,Rx,0,8,B0,74,00,96,20,00,00,FE,
0,00000488,false,Rx,0,8,1F,33,00,72,FE,FF,FF,A0,
0,00000480,false,Rx,0,8,C2,2C,00,00,19,41,00,B6,
0,00000284,false,Rx,0,6,0E,0E,00,00,00,00,00,00,
96000,00000588,false,Rx,0,8,0B,00,72,00,00,80,00,00,
0,00000280,false,Rx,0,8,B3,8A,00,00,33,FA,28,33,
0,00000288,false,Rx,0,8,8A,33,D5,00,00,75,5B,53,
0,00000380,false,Rx,0,8,B0,74,00,96,20,00,00,FE,
0,00000488,false,Rx,0,8,0F,33,00,72,FE,FF,FF,B0,
0,00000280,false,Rx,0,8,B3,8A,00,00,33,FA,28,33,
0,00000288,false,Rx,0,8,E8,33,D5,00,00,75,5B,53,
0,00000380,false,Rx,0,8,B0,75,00,96,20,00,00,FE,
0,00000488,false,Rx,0,8,7F,33,00,72,FE,FF,FF,C0,
0,00000480,false,Rx,0,8,C2,2C,00,00,19,41,00,B6,
0,00000284,false,Rx,0,6,0F,0F,00,00,00,00,00,00,
116000,00000588,false,Rx,0,8,0B,00,72,00,00,80,00,00,
0,00000280,false,Rx,0,8,B3,8A,00,00,33,FA,28,33,
0,00000288,false,Rx,0,8,E8,33,D5,00,00,75,5B,53,
0,00000380,false,Rx,0,8,B0,75,00,96,20,00,00,FE,
0,00000488,false,Rx,0,8,6F,33,00,72,FE,FF,FF,D0,
0,00000280,false,Rx,0,8,B3,8A,00,00,33,FA,28,33,
0,00000288,false,Rx,0,8,E8,33,D5,00,00,75,5B,53,
0,00000380,false,Rx,0,8,B0,75,00,96,20,00,00,FE,
0,00000488,false,Rx,0,8,5F,33,00,72,FE,FF,FF,E0,
0,00000480,false,Rx,0,8,1C,2C,00,00,19,41,00,68,
0,00000284,false,Rx,0,6,00,00,00,00,00,00,00,00,
0,00000588,false,Rx,0,8,0B,00,72,00,00,80,00,00,
0,00000280,false,Rx,0,8,B3,8A,00,00,33,FA,28,33,
0,00000288,false,Rx,0,8,E8,33,D5,00,00,75,5B,53,
0,00000380,false,Rx,0,8,B0,75,00,96,20,00,00,FE,
0,00000488,false,Rx,0,8,4F,33,00,72,FE,FF,FF,F0,
0,00000280,false,Rx,0,8,B3,8A,00,00,33,FA,28,33,
0,00000288,false,Rx,0,8,2C,33,D5,00,00,75,5B,53,
0,00000380,false,Rx,0,8,B0,75,00,96,20,00,00,FE,
0,00000488,false,Rx,0,8,40,33,00,72,FE,FF,00,00,
0,00000480,false,Rx,0,8,1C,2C,00,00,19,41,00,68,
0,00000284,false,Rx,0,6,01,01,00,00,00,00,00,00,
0,00000588,false,Rx,0,8,0B,00,72,00,00,80,00,00,
0,00000280,false,Rx,0,8,B3,8A,00,00,33,FA,28,33,
0,00000288,false,Rx,0,8,2C,33,D5,00,00,75,5B,53,
0,00000380,false,Rx,0,8,B0,75,00,96,20,00,00,FE,
0,00000488,false,Rx,0,8,AF,33,00,72,FE,FF,FF,10,
0,00000280,false,Rx,0,8,B3,8A,00,00,33,FA,28,33,
0,00000288,false,Rx,0,8,2C,33,D5,00,00,75,5B,53,
0,00000380,false,Rx,0,8,B0,75,00,96,20,00,00,FE,
0,00000488,false,Rx,0,8,60,33,00,72,FE,FF,00,20,
0,00000480,false,Rx,0,8,1C,2C,00,00,19,41,00,68,
0,00000284,false,Rx,0,6,02,02,00,00,00,00,00,00,
0,00000588,false,Rx,0,8,0B,00,72,00,00,80,00,00,
0,00000280,false,Rx,0,8,B3,8A,00,00,33,FA,28,33,
0,00000288,false,Rx,0,8,2C,33,D5,00,00,75,5B,53,
0,00000380,false,Rx,0,8,B0,75,00,96,20,00,00,FE,
0,00000488,false,Rx,0,8,70,33,00,72,FE,FF,00,30,
0,00000280,false,Rx,0,8,B3,8A,00,00,33,FA,28,33,
0,00000288,false,Rx,0,8,64,33,D5,00,00,75,5B,53,
0,00000380,false,Rx,0,8,B0,75,00,96,20,00,00,FE,
0,00000488,false,Rx,0,8,00,33,00,72,FE,FF,00,40,
0,00000480,false,Rx,0,8,1C,2C,00,00,19,41,00,68,
0,00000284,false,Rx,0,6,03,03,00,00,00,00,00,00,
0,00000588,false,Rx,0,8,0B,00,72,00,00,80,00,00,
0,00000280,false,Rx,0,8,B3,8A,00,00,33,FA,28,33,
0,00000288,false,Rx,0,8,64,33,D5,00,00,75,5B,53,
0,00000380,false,Rx,0,8,B0,75,00,96,20,00,00,FE,
0,00000488,false,Rx,0,8,EF,33,00,72,FE,FF,FF,50,
0,00000280,false,Rx,0,8,B3,8A,00,00,33,FA,28,33,
0,00000288,false,Rx,0,8,64,33,D5,00,00,75,5B,53,
0,00000380,false,Rx,0,8,B0,75,00,96,20,00,00,FE,
0,00000488,false,Rx,0,8,DF,33,00,72,FE,FF,FF,60,
0,00000480,false,Rx,0,8,54,2C,00,00,19,41,00,20,
0,00000284,false,Rx,0,6,04,04,00,00,00,00,00,00,
218000,00000588,false,Rx,0,8,0B,00,72,00,00,80,00,00,
0,00000280,false,Rx,0,8,B3,8A,00,00,33,FA,28,33,
0,00000288,false,Rx,0,8,64,33,D5,00,00,75,5B,53,
0,00000380,false,Rx,0,8,B0,75,00,96,20,00,00,FE,
227000,00000488,false,Rx,0,8,CF,33,00,72,FE,FF,FF,70,
0,00000280,false,Rx,0,8,B3,8A,00,00,33,FA,28,33,
0,00000288,false,Rx,0,8,8A,33,D5,00,00,75,5B,53,
0,00000380,false,Rx,0,8,B0,75,00,96,20,00,00,FE,
0,00000488,false,Rx,0,8,3F,33,00,72,FE,FF,FF,80,
0,00000480,false,Rx,0,8,54,2C,00,00,19,41,00,20,
0,00000284,false,Rx,0,6,05,05,00,00,00,00,00,00,
239000,00000588,false,Rx,0,8,0B,00,72,00,00,80,00,00,
0,00000280,false,Rx,0,8,B3,8A,00,00,33,FA,28,33,
0,00000288,false,Rx,0,8,8A,33,D5,00,00,75,5A,53,
0,00000380,false,Rx,0,8,B0,75,00,96,20,00,00,FE,
0,00000488,false,Rx,0,8,2F,33,00,72,FE,FF,FF,90,
0,00000280,false,Rx,0,8,B3,8A,00,00,33,FA,28,33,
0,00000288,false,Rx,0,8,8A,33,D5,00,00,75,5A,53,
0,00000380,false,Rx,0,8,B0,75,00,96,20,00,00,FE,
0,00000488,false,Rx,0,8,1F,33,00,72,FE,FF,FF,A0,
0,00000480,false,Rx,0,8,54,2C,00,00,19,41,00,20,
0,00000284,false,Rx,0,6,06,06,00,00,00,00,00,00,
259000,00000588,false,Rx,0,8,0B,00,72,00,00,80,00,00,
0,00000280,false,Rx,0,8,B3,8A,00,00,33,FA,28,33,
0,00000288,false,Rx,0,8,8A,33,D5,00,00,75,5A,53,
0,00000380,false,Rx,0,8,B0,75,00,96,20,00,00,FE,
0,00000488,false,Rx,0,8,0F,33,00,72,FE,FF,FF,B0,
272000,00000280,false,Rx,0,8,B3,8A,00,00,33,FA,28,33,
0,00000288,false,Rx,0,8,E8,33,D5,00,00,75,5A,53,
0,00000380,false,Rx,0,8,B0,75,00,96,20,00,00,FE,
0,00000488,false,Rx,0,8,7F,33,00,72,FE,FF,FF,C0,
0,00000480,false,Rx,0,8,54,2C,00,00,19,41,00,20,
0,00000284,false,Rx,0,6,07,07,00,00,00,00,00,00,
0,00000588,false,Rx,0,8,0B,00,72,00,00,80,00,00,
0,00000280,false,Rx,0,8,B3,8A,00,00,33,FA,28,33,
0,00000288,false,Rx,0,8,E8,33,D5,00,00,75,5A,53,
0,00000380,false,Rx,0,8,B0,75,00,96,20,00,00,FE,
0,00000488,false,Rx,0,8,6F,33,00,72,FE,FF,FF,D0,
0,00000280,false,Rx,0,8,B3,8A,00,00,33,FA,28,33,
0,00000288,false,Rx,0,8,E8,33,D5,00,00,75,5A,53,
0,00000380,false,Rx,0,8,B0,75,00,96,20,00,00,FE,
0,00000488,false,Rx,0,8,5F,33,00,72,FE,FF,FF,E0,
0,00000480,false,Rx,0,8,84,2C,00,00,19,41,00,F0,
0,00000284,false,Rx,0,6,08,08,00,00,00,00,00,00,
0,00000588,false,Rx,0,8,0B,00,72,00,00,80,00,00,
0,00000280,false,Rx,0,8,B3,8A,00,00,33,FA,28,33,
0,00000288,false,Rx,0,8,E8,33,D5,00,00,75,5A,53,
0,00000380,false,Rx,0,8,B0,75,00,96,20,00,00,FE,
0,00000488,false,Rx,0,8,4F,33,00,72,FE,FF,FF,F0,
0,00000280,false,Rx,0,8,B3,8A,00,00,33,FA,28,33,
0,00000288,false,Rx,0,8,2C,33,D5,00,00,75,5A,53,
0,00000380,false,Rx,0,8,B0,76,00,96,20,00,00,FE,
0,00000488,false,Rx,0,8,40,33,00,72,FE,FF,00,00,
0,00000480,false,Rx,0,8,84,2C,00,00,19,41,00,F0,
0,00000284,false,Rx,0,6,09,09,00,00,00,00,00,00,
0,00000588,false,Rx,0,8,0B,00,72,00,00,80,00,00,
0,00000280,false,Rx,0,8,B3,8A,00,00,33,FA,28,33,
0,00000288,false,Rx,0,8,2C,33,D5,00,00,75,5A,53,
0,00000380,false,Rx,0,8,B0,76,00,96,20,00,00,FE,
0,00000488,false,Rx,0,8,AF,33,00,72,FE,FF,FF,10,
0,00000280,false,Rx,0,8,B3,8A,00,00,33,FA,28,33,
0,00000288,false,Rx,0,8,2C,33,D5,00,00,75,5A,53,
0,00000380,false,Rx,0,8,B0,76,00,96,20,00,00,FE,
0,00000488,false,Rx,0,8,60,33,00,72,FE,FF,00,20,
0,00000480,false,Rx,0,8,84,2C,00,00,19,41,00,F0,
0,00000284,false,Rx,0,6,0A,0A,00,00,00,00,00,00,
0,00000588,false,Rx,0,8,0B,00,72,00,00,80,00,00,
0,00000280,false,Rx,0,8,B3,8A,00,00,33,FA,28,33,
0,00000288,false,Rx,0,8,2C,33,D5,00,00,75,5A,53,
0,00000380,false,Rx,0,8,B0,76,00,96,20,00,00,FE,
0,00000488,false,Rx,0,8,70,33,00,72,FE,FF,00,30,
0,00000280,false,Rx,0,8,B3,8A,00,00,33,FA,28,33,
0,00000288,false,Rx,0,8,64,33,D5,00,00,75,5A,53,
0,00000380,false,Rx,0,8,B0,76,00,96,20,00,00,FE,
0,00000488,false,Rx,0,8,00,33,00,72,FE,FF,00,40,
0,00000480,false,Rx,0,8,84,2C,00,00,19,41,00,F0,
0,00000284,false,Rx,0,6,0B,0B,00,00,00,00,00,00,
0,00000588,false,Rx,0,8,0B,00,72,00,00,80,00,00,
362000,00000280,false,Rx,0,8,B3,8A,00,00,33,FA,28,33,
0,00000288,false,Rx,0,8,64,33,D5,00,00,75,5A,53,
0,00000380,false,Rx,0,8,B0,76,00,96,20,00,00,FE,
0,00000488,false,Rx,0,8,EF,33,00,72,FE,FF,FF,50,
370000,00000580,false,Rx,0,8,87,00,00,11,1F,E0,0C,46,
0,00000280,false,Rx,0,8,B3,8A,00,00,33,FA,28,33,
0,00000288,false,Rx,0,8,64,33,D5,00,00,75,5A,53,
0,00000380,false,Rx,0,8,B0,76,00,96,20,00,00,FE,
0,00000488,false,Rx,0,8,DF,33,00,72,FE,FF,FF,60,
0,00000480,false,Rx,0,8,C2,2C,00,00,19,41,00,B6,
0,00000284,false,Rx,0,6,0C,0C,00,00,00,00,00,00,
0,00000588,false,Rx,0,8,0B,00,72,00,00,80,00,00,
0,00000280,false,Rx,0,8,B3,8A,00,00,33,FA,28,33,
0,00000288,false,Rx,0,8,64,33,D5,00,00,75,5A,53,
0,00000380,false,Rx,0,8,B0,76,00,96,20,00,00,FE,
0,00000488,false,Rx,0,8,CF,33,00,72,FE,FF,FF,70,
0,00000280,false,Rx,0,8,B3,8A,00,00,33,FA,28,33,
0,00000288,false,Rx,0,8,8A,33,D5,00,00,75,5A,53,
0,00000380,false,Rx,0,8,B0,76,00,96,20,00,00,FE,
0,00000488,false,Rx,0,8,3F,33,00,72,FE,FF,FF,80,
0,00000480,false,Rx,0,8,C2,2C,00,00,19,41,00,B6,
0,00000284,false,Rx,0,6,0D,0D,00,00,00,00,00,00,
0,00000588,false,Rx,0,8,0B,00,72,00,00,80,00,00,
0,00000280,false,Rx,0,8,B3,8A,00,00,33,FA,28,33,
0,00000288,false,Rx,0,8,8A,33,D5,00,00,75,5A,53,
0,00000380,false,Rx,0,8,B0,76,00,96,20,00,00,FE,
0,00000488,false,Rx,0,8,2F,33,00,72,FE,FF,FF,90,
0,00000280,false,Rx,0,8,B3,8A,00,00,33,FA,28,33,
0,00000288,false,Rx,0,8,8A,33,D5,00,00,75,5A,53,
0,00000380,false,Rx,0,8,B0,76,00,96,20,00,00,FE,
0,00000488,false,Rx,0,8,1F,33,00,72,FE,FF,FF,A0,
0,00000480,false,Rx,0,8,C2,2C,00,00,19,41,00,B6,
0,00000284,false,Rx,0,6,0E,0E,00,00,00,00,00,00,
419000,00000588,false,Rx,0,8,0B,00,72,00,00,80,00,00,
0,00000280,false,Rx,0,8,B3,8A,00,00,33,FA,28,33,
0,00000288,false,Rx,0,8,8A,33,D5,00,00,75,5A,53,
0,00000380,false,Rx,0,8,B0,76,00,96,20,00,00,FE,
427000,00000488,false,Rx,0,8,0F,33,00,72,FE,FF,FF,B0,
0,00000280,false,Rx,0,8,B3,8A,00,00,33,FA,28,33,
0,00000288,false,Rx,0,8,E8,33,D5,00,00,75,5A,53,
0,00000380,false,Rx,0,8,B0,76,00,96,20,00,00,FE,
0,00000488,false,Rx,0,8,7F,33,00,72,FE,FF,FF,C0,
0,00000480,false,Rx,0,8,C2,2C,00,00,19,41,00,B6,
0,00000284,false,Rx,0,6,0F,0F,00,00,00,00,00,00,
440000,00000588,false,Rx,0,8,0B,00,72,00,00,80,00,00,
0,00000280,false,Rx,0,8,B3,8A,00,00,33,FA,28,33,
0,00000288,false,Rx,0,8,E8,33,D5,00,00,75,5A,53,
0,00000380,false,Rx,0,8,B0,76,00,96,20,00,00,FE,
0,00000488,false,Rx,0,8,6F,33,00,72,FE,FF,FF,D0,
0,00000280,false,Rx,0,8,B3,8A,00,00,33,FA,28,33,
0,00000288,false,Rx,0,8,E8,33,D5,00,00,75,5A,53,
0,00000380,false,Rx,0,8,B0,76,00,96,20,00,00,FE,
0,00000488,false,Rx,0,8,5F,33,00,72,FE,FF,FF,E0,
0,00000480,false,Rx,0,8,1C,2C,00,00,19,41,00,68,
0,00000284,false,Rx,0,6,00,00,00,00,00,00,00,00,
0,00000588,false,Rx,0,8,0B,00,72,00,00,80,00,00,
0,00000280,false,Rx,0,8,B3,8A,00,00,33,FA,28,33,
0,00000288,false,Rx,0,8,E8,33,D5,00,00,75,5A,53,
0,00000380,false,Rx,0,8,B0,76,00,96,20,00,00,FE,
0,00000488,false,Rx,0,8,4F,33,00,72,FE,FF,FF,F0,
0,00000280,false,Rx,0,8,B3,8A,00,00,33,FA,28,33,
0,00000288,false,Rx,0,8,2C,33,D5,00,00,75,5A,53,
0,00000380,false,Rx,0,8,B0,76,00,96,20,00,00,FE,
0,00000488,false,Rx,0,8,40,33,00,72,FE,FF,00,00,
0,00000480,false,Rx,0,8,1C,2C,00,00,19,41,00,68,
0,00000284,false,Rx,0,6,01,01,00,00,00,00,00,00,
0,00000588,false,Rx,0,8,0B,00,72,00,00,80,00,00,
0,00000280,false,Rx,0,8,B3,8A,00,00,33,FA,28,33,
0,00000288,false,Rx,0,8,2C,33,D5,00,00,75,5A,53,
0,00000380,false,Rx,0,8,B0,76,00,96,20,00,00,FE,
0,00000488,false,Rx,0,8,AF,33,00,72,FE,FF,FF,10,
0,00000280,false,Rx,0,8,B3,8A,00,00,33,FA,28,33,
0,00000288,false,Rx,0,8,2C,33,D5,00,00,75,5A,53,
0,00000380,false,Rx,0,8,B0,76,00,96,20,00,00,FE,
0,00000488,false,Rx,0,8,60,33,00,72,FE,FF,00,20,
0,00000480,false,Rx,0,8,1C,2C,00,00,19,41,00,68,
0,00000284,false,Rx,0,6,02,02,00,00,00,00,00,00,
497000,00000588,false,Rx,0,8,0B,00,72,00,00,80,00,00,
0,00000280,false,Rx,0,8,B3,8A,00,00,33,FA,28,33,
0,00000288,false,Rx,0,8,2C,33,D5,00,00,75,5A,53,
0,00000380,false,Rx,0,8,B0,76,00,96,20,00,00,FE,
0,00000488,false,Rx,0,8,70,33,00,72,FE,FF,00,30,
0,00000280,false,Rx,0,8,B3,8A,00,00,33,FA,28,33,
0,00000288,false,Rx,0,8,64,33,D5,00,00,75,5A,53,
0,00000380,false,Rx,0,8,B0,77,00,96,20,00,00,FE,
0,00000488,false,Rx,0,8,00,33,00,72,FE,FF,00,40,
0,00000480,false,Rx,0,8,1C,2C,00,00,19,41,00,68,
0,00000284,false,Rx,0,6,03,03,00,00,00,00,00,00,
0,00000588,false,Rx,0,8,0B,00,72,00,00,80,00,00,
0,00000280,false,Rx,0,8,B3,8A,00,00,33,FA,28,33,
0,00000288,false,Rx,0,8,64,33,D5,00,00,75,5A,53,
0,00000380,false,Rx,0,8,B0,77,00,96,20,00,00,FE,
0,00000488,false,Rx,0,8,EF,33,00,72,FE,FF,FF,50,
0,00000280,false,Rx,0,8,B3,8A,00,00,33,FA,28,33,
0,00000288,false,Rx,0,8,64,33,D5,00,00,75,5A,53,
0,00000380,false,Rx,0,8,B0,77,00,96,20,00,00,FE,
0,00000488,false,Rx,0,8,DF,33,00,72,FE,FF,FF,60,
0,00000480,false,Rx,0,8,54,2C,00,00,19,41,00,20,
0,00000284,false,Rx,0,6,04,04,00,00,00,00,00,00,
0,00000588,false,Rx,0,8,0B,00,72,00,00,80,00,00,
0,00000280,false,Rx,0,8,B3,8A,00,00,33,FA,28,33,
0,00000288,false,Rx,0,8,64,33,D5,00,00,75,5A,53,
0,00000380,false,Rx,0,8,B0,77,00,96,20,00,00,FE,
0,00000488,false,Rx,0,8,CF,33,00,72,FE,FF,FF,70,
0,00000280,false,Rx,0,8,B3,8A,00,00,33,FA,28,33,
0,00000288,false,Rx,0,8,8A,33,D5,00,00,75,5A,53,
0,00000380,false,Rx,0,8,B0,77,00,96,20,00,00,FE,
0,00000488,false,Rx,0,8,3F,33,00,72,FE,FF,FF,80,
0,00000480,false,Rx,0,8,54,2C,00,00,19,41,00,20,
0,00000284,false,Rx,0,6,05,05,00,00,00,00,00,00,
0,00000588,false,Rx,0,8,0B,00,72,00,00,80,00,00,
0,00000280,false,Rx,0,8,B3,8A,00,00,33,FA,28,33,
0,00000288,false,Rx,0,8,8A,33,D5,00,00,75,5A,53,
0,00000380,false,Rx,0,8,B0,77,00,96,20,00,00,FE,
0,00000488,false,Rx,0,8,2F,33,00,72,FE,FF,FF,90,
0,00000280,false,Rx,0,8,B3,8A,00,00,33,FA,28,33,
0,00000288,false,Rx,0,8,8A,33,D5,00,00,75,5A,53,
0,00000380,false,Rx,0,8,B0,77,00,96,20,00,00,FE,
0,00000488,false,Rx,0,8,1F,33,00,72,FE,FF,FF,A0,
0,00000480,false,Rx,0,8,54,2C,00,00,19,41,00,20,
0,00000284,false,Rx,0,6,06,06,00,00,00,00,00,00,
0,00000588,false,Rx,0,8,0B,00,72,00,00,80,00,00,
0,00000280,false,Rx,0,8,B3,8A,00,00,33,FA,28,33,
0,00000288,false,Rx,0,8,8A,33,D5,00,00,75,5A,53,
0,00000380,false,Rx,0,8,B0,77,00,96,20,00,00,FE,
0,00000488,false,Rx,0,8,0F,33,00,72,FE,FF,FF,B0,
0,00000280,false,Rx,0,8,B3,8A,00,00,33,FA,28,33,
0,00000288,false,Rx,0,8,E8,33,D5,00,00,75,5A,53,
0,00000380,false,Rx,0,8,B0,77,00,96,20,00,00,FE,
0,00000488,false,Rx,0,8,7F,33,00,72,FE,FF,FF,C0,
0,00000480,false,Rx,0,8,54,2C,00,00,19,41,00,20,
0,00000284,false,Rx,0,6,07,07,00,00,00,00,00,00,
599000,00000588,false,Rx,0,8,0B,00,72,00,00,80,00,00,
0,00000280,false,Rx,0,8,B3,8A,00,00,33,FA,28,33,
0,00000288,false,Rx,0,8,E8,33,D5,00,00,75,5A,53,
0,00000380,false,Rx,0,8,B0,77,00,96,20,00,00,FE,
607000,00000488,false,Rx,0,8,6F,33,00,72,FE,FF,FF,D0,
0,00000280,false,Rx,0,8,B3,8A,00,00,33,FA,28,33,
0,00000288,false,Rx,0,8,E8,33,D5,00,00,75,5A,53,
0,00000380,false,Rx,0,8,B0,77,00,96,20,00,00,FE,
0,00000488,false,Rx,0,8,5F,33,00,72,FE,FF,FF,E0,
0,00000480,false,Rx,0,8,84,2C,00,00,19,41,00,F0,
0,00000284,false,Rx,0,6,08,08,00,00,00,00,00,00,
620000,00000588,false,Rx,0,8,0B,00,72,00,00,80,00,00,
0,00000280,false,Rx,0,8,B3,8A,00,00,33,FA,28,33,
0,00000288,false,Rx,0,8,E8,33,D5,00,00,75,5A,53,
0,00000380,false,Rx,0,8,B0,77,00,96,20,00,00,FE,
628000,00000488,false,Rx,0,8,4F,33,00,72,FE,FF,FF,F0,
0,00000280,false,Rx,0,8,B3,8A,00,00,33,FA,28,33,
0,00000288,false,Rx,0,8,2C,33,D5,00,00,75,5A,53,
0,00000380,false,Rx,0,8,B0,77,00,96,20,00,00,FE,
0,00000488,false,Rx,0,8,40,33,00,72,FE,FF,00,00,
0,00000480,false,Rx,0,8,84,2C,00,00,19,41,00,F0,
0,00000284,false,Rx,0,6,09,09,00,00,00,00,00,00,
640000,00000588,false,Rx,0,8,0B,00,72,00,00,80,00,00,
0,00000280,false,Rx,0,8,B3,8A,00,00,33,FA,28,33,
0,00000288,false,Rx,0,8,2C,33,D5,00,00,75,5A,53,
0,00000380,false,Rx,0,8,B0,77,00,96,20,00,00,FE,
0,00000488,false,Rx,0,8,AF,33,00,72,FE,FF,FF,10,
0,00000280,false,Rx,0,8,B3,8A,00,00,33,FA,28,33,
0,00000288,false,Rx,0,8,2C,33,D5,00,00,75,5A,53,
0,00000380,false,Rx,0,8,B0,77,00,96,20,00,00,FE,
0,00000488,false,Rx,0,8,60,33,00,72,FE,FF,00,20,
0,00000480,false,Rx,0,8,84,2C,00,00,19,41,00,F0,
0,00000284,false,Rx,0,6,0A,0A,00,00,00,00,00,00,
0,00000588,false,Rx,0,8,0B,00,72,00,00,80,00,00,
0,00000280,false,Rx,0,8,B3,8A,00,00,33,FA,28,33,
0,00000288,false,Rx,0,8,2C,33,D5,00,00,75,5A,53,
0,00000380,false,Rx,0,8,B0,77,00,96,20,00,00,FE,
0,00000488,false,Rx,0,8,70,33,00,72,FE,FF,00,30,
0,00000280,false,Rx,0,8,B3,8A,00,00,33,FA,28,33,
0,00000288,false,Rx,0,8,64,33,D5,00,00,75,5A,53,
0,00000380,false,Rx,0,8,B0,77,00,96,20,00,00,FE,
0,00000488,false,Rx,0,8,00,33,00,72,FE,FF,00,40,
0,00000480,false,Rx,0,8,84,2C,00,00,19,41,00,F0,
0,00000284,false,Rx,0,6,0B,0B,00,00,00,00,00,00,
677000,00000588,false,Rx,0,8,0B,00,72,00,00,80,00,00,
0,00000280,false,Rx,0,8,B3,8A,00,00,33,FA,28,33,
0,00000288,false,Rx,0,8,64,33,D5,00,00,75,5A,53,
0,00000380,false,Rx,0,8,B0,77,00,96,20,00,00,FE,
0,00000488,false,Rx,0,8,EF,33,00,72,FE,FF,FF,50,
0,00000280,false,Rx,0,8,B3,8A,00,00,33,FA,28,33,
0,00000288,false,Rx,0,8,64,33,D5,00,00,75,5A,53,
0,00000380,false,Rx,0,8,B0,77,00,96,20,00,00,FE,
0,00000488,false,Rx,0,8,DF,33,00,72,FE,FF,FF,60,
0,00000480,false,Rx,0,8,C2,2C,00,00,19,41,00,B6,
0,00000284,false,Rx,0,6,0C,0C,00,00,00,00,00,00,
0,00000588,false,Rx,0,8,0B,00,72,00,00,80,00,00,
0,00000280,false,Rx,0,8,B3,8A,00,00,33,FA,28,33,
0,00000288,false,Rx,0,8,64,33,D5,00,00,75,5A,53,
0,00000380,false,Rx,0,8,B0,77,00,96,20,00,00,FE,
0,00000488,false,Rx,0,8,CF,33,00,72,FE,FF,FF,70,
0,00000280,false,Rx,0,8,B3,8A,00,00,33,FA,28,33,
0,00000288,false,Rx,0,8,8A,33,D5,00,00,75,5A,53,
0,00000380,false,Rx,0,8,B0,77,00,96,20,00,00,FE,
0,00000488,false,Rx,0,8,3F,33,00,72,FE,FF,FF,80,
0,00000480,false,Rx,0,8,C2,2C,00,00,19,41,00,B6,
0,00000284,false,Rx,0,6,0D,0D,00,00,00,00,00,00,
0,00000588,false,Rx,0,8,0B,00,72,00,00,80,00,00,
0,00000280,false,Rx,0,8,B3,8A,00,00,33,FA,28,33,
0,00000288,false,Rx,0,8,8A,33,D5,00,00,75,5A,53,
0,00000380,false,Rx,0,8,B0,77,00,96,20,00,00,FE,
0,00000488,false,Rx,0,8,2F,33,00,72,FE,FF,FF,90,
0,00000280,false,Rx,0,8,B3,8A,00,00,33,FA,28,33,
0,00000288,false,Rx,0,8,8A,33,D5,00,00,75,5A,53,
0,00000380,false,Rx,0,8,B0,77,00,96,20,00,00,FE,
0,00000488,false,Rx,0,8,1F,33,00,72,FE,FF,FF,A0,
0,00000480,false,Rx,0,8,C2,2C,00,00,19,41,00,B6,
0,00000284,false,Rx,0,6,0E,0E,00,00,00,00,00,00,
0,00000588,false,Rx,0,8,0B,00,72,00,00,80,00,00,
743000,00000280,false,Rx,0,8,B3,8A,00,00,33,FA,28,33,
0,00000288,false,Rx,0,8,8A,33,D5,00,00,75,5A,53,
0,00000380,false,Rx,0,8,B0,77,00,96,20,00,00,FE,
0,00000488,false,Rx,0,8,0F,33,00,72,FE,FF,FF,B0,
0,00000280,false,Rx,0,8,B3,8A,00,00,33,FA,28,33,
0,00000288,false,Rx,0,8,E8,33,D5,00,00,75,5A,53,
0,00000380,false,Rx,0,8,B0,77,00,96,20,00,00,FE,
0,00000488,false,Rx,0,8,7F,33,00,72,FE,FF,FF,C0,
0,00000480,false,Rx,0,8,C2,2C,00,00,19,41,00,B6,
0,00000284,false,Rx,0,6,0F,0F,00,00,00,00,00,00,
0,00000588,false,Rx,0,8,0B,00,72,00,00,80,00,00,
0,00000280,false,Rx,0,8,B3,8A,00,00,33,FA,28,33,
0,00000288,false,Rx,0,8,E8,33,D5,00,00,75,5A,53,
0,00000380,false,Rx,0,8,B0,77,00,96,20,00,00,FE,
0,00000488,false,Rx,0,8,6F,33,00,72,FE,FF,FF,D0,
0,00000280,false,Rx,0,8,B3,8A,00,00,33,FA,28,33,
0,00000288,false,Rx,0,8,E8,33,D5,00,00,75,5A,53,
0,00000380,false,Rx,0,8,B0,77,00,96,20,00,00,FE,
0,00000488,false,Rx,0,8,5F,33,00,72,FE,FF,FF,E0,
0,00000480,false,Rx,0,8,1C,2C,00,00,19,41,00,68,
0,00000284,false,Rx,0,6,00,00,00,00,00,00,00,00,
780000,00000588,false,Rx,0,8,0B,00,72,00,00,80,00,00,
0,00000280,false,Rx,0,8,B3,8A,00,00,33,FA,28,33,
0,00000288,false,Rx,0,8,E8,33,D5,00,00,75,5A,53,
0,00000380,false,Rx,0,8,B0,77,00,96,20,00,00,FE,
0,00000488,false,Rx,0,8,4F,33,00,72,FE,FF,FF,F0,
0,00000280,false,Rx,0,8,B3,8A,00,00,33,FA,28,33,
0,00000288,false,Rx,0,8,2C,33,D5,00,00,75,5A,53,
0,00000380,false,Rx,0,8,B0,77,00,96,20,00,00,FE,
0,00000488,false,Rx,0,8,40,33,00,72,FE,FF,00,00,
0,00000480,false,Rx,0,8,1C,2C,00,00,19,41,00,68,
0,00000284,false,Rx,0,6,01,01,00,00,00,00,00,00,
800000,00000588,false,Rx,0,8,0B,00,72,00,00,80,00,00,
0,00000280,false,Rx,0,8,B3,8A,00,00,33,FA,28,33,
0,00000288,false,Rx,0,8,2C,33,D5,00,00,75,5A,53,
0,00000380,false,Rx,0,8,B0,77,00,96,20,00,00,FE,
808000,00000488,false,Rx,0,8,AF,33,00,72,FE,FF,FF,10,
0,00000280,false,Rx,0,8,B3,8A,00,00,33,FA,28,33,
0,00000288,false,Rx,0,8,2C,33,D5,00,00,75,5A,53,
0,00000380,false,Rx,0,8,B0,78,00,96,20,00,00,FE,
0,00000488,false,Rx,0,8,60,33,00,72,FE,FF,00,20,
0,00000480,false,Rx,0,8,1C,2C,00,00,19,41,00,68,
0,00000284,false,Rx,0,6,02,02,00,00,00,00,00,00,
821000,00000588,false,Rx,0,8,0B,00,72,00,00,80,00,00,
0,00000280,false,Rx,0,8,B3,8A,00,00,33,FA,28,33,
0,00000288,false,Rx,0,8,2C,33,D5,00,00,75,5A,53,
0,00000380,false,Rx,0,8,B0,78,00,96,20,00,00,FE,
0,00000488,false,Rx,0,8,70,33,00,72,FE,FF,00,30,
833000,00000280,false,Rx,0,8,B3,8A,00,00,33,FA,28,33,
0,00000288,false,Rx,0,8,64,33,D5,00,00,75,5A,53,
0,00000380,false,Rx,0,8,B0,78,00,96,20,00,00,FE,
0,00000488,false,Rx,0,8,00,33,00,72,FE,FF,00,40,
0,00000480,false,Rx,0,8,1C,2C,00,00,19,41,00,68,
0,00000284,false,Rx,0,6,03,03,00,00,00,00,00,00,
0,00000588,false,Rx,0,8,0B,00,72,00,00,80,00,00,
0,00000280,false,Rx,0,8,B3,8A,00,00,33,FA,28,33,
0,00000288,false,Rx,0,8,64,33,D5,00,00,75,59,53,
0,00000380,false,Rx,0,8,B0,78,00,96,20,00,00,FE,
0,00000488,false,Rx,0,8,EF,33,00,72,FE,FF,FF,50,
0,00000280,false,Rx,0,8,B3,8A,00,00,33,FA,28,33,
0,00000288,false,Rx,0,8,64,33,D5,00,00,75,59,53,
0,00000380,false,Rx,0,8,B0,78,00,96,20,00,00,FE,
0,00000488,false,Rx,0,8,DF,33,00,72,FE,FF,FF,60,
0,00000480,false,Rx,0,8,54,2C,00,00,19,41,00,20,
0,00000284,false,Rx,0,6,04,04,00,00,00,00,00,00,
857000,00000588,false,Rx,0,8,0B,00,72,00,00,80,00,00,
0,00000280,false,Rx,0,8,B3,8A,00,00,33,FA,28,33,
0,00000288,false,Rx,0,8,64,33,D5,00,00,75,59,53,
0,00000380,false,Rx,0,8,B0,78,00,96,20,00,00,FE,
0,00000488,false,Rx,0,8,CF,33,00,72,FE,FF,FF,70,
0,00000280,false,Rx,0,8,B3,8A,00,00,33,FA,28,33,
0,00000288,false,Rx,0,8,8A,33,D5,00,00,75,59,53,
0,00000380,false,Rx,0,8,B0,78,00,96,20,00,00,FE,
0,00000488,false,Rx,0,8,3F,33,00,72,FE,FF,FF,80,
0,00000480,false,Rx,0,8,54,2C,00,00,19,41,00,20,
0,00000284,false,Rx,0,6,05,05,00,00,00,00,00,00,
0,00000588,false,Rx,0,8,0B,00,72,00,00,80,00,00,
0,00000280,false,Rx,0,8,B3,8A,00,00,33,FA,28,33,
0,00000288,false,Rx,0,8,8A,33,D5,00,00,75,59,53,
0,00000380,false,Rx,0,8,B0,78,00,96,20,00,00,FE,
0,00000488,false,Rx,0,8,2F,33,00,72,FE,FF,FF,90,
0,00000280,false,Rx,0,8,B3,8A,00,00,33,FA,28,33,
0,00000288,false,Rx,0,8,8A,33,D5,00,00,75,59,53,
0,00000380,false,Rx,0,8,B0,78,00,96,20,00,00,FE,
0,00000488,false,Rx,0,8,1F,33,00,72,FE,FF,FF,A0,
0,00000480,false,Rx,0,8,54,2C,00,00,19,41,00,20,
0,00000284,false,Rx,0,6,06,06,00,00,00,00,00,00,
0,00000588,false,Rx,0,8,0B,00,72,00,00,80,00,00,
0,00000280,false,Rx,0,8,B3,8A,00,00,33,FA,28,33,
0,00000288,false,Rx,0,8,8A,33,D5,00,00,75,59,53,
0,00000380,false,Rx,0,8,B0,78,00,96,20,00,00,FE,
0,00000488,false,Rx,0,8,0F,33,00,72,FE,FF,FF,B0,
0,00000280,false,Rx,0,8,B3,8A,00,00,33,FA,28,33,
0,00000288,false,Rx,0,8,E8,33,D5,00,00,75,59,53,
0,00000380,false,Rx,0,8,B0,78,00,96,20,00,00,FE,
0,00000488,false,Rx,0,8,7F,33,00,72,FE,FF,FF,C0,
0,00000480,false,Rx,0,8,54,2C,00,00,19,41,00,20,
0,00000284,false,Rx,0,6,07,07,00,00,00,00,00,00,
0,00000588,false,Rx,0,8,0B,00,72,00,00,80,00,00,
0,00000280,false,Rx,0,8,B3,8A,00,00,33,FA,28,33,
0,00000288,false,Rx,0,8,E8,33,D5,00,00,75,59,53,
0,00000380,false,Rx,0,8,B0,78,00,96,20,00,00,FE,
0,00000488,false,Rx,0,8,6F,33,00,72,FE,FF,FF,D0,
0,00000280,false,Rx,0,8,B3,8A,00,00,33,FA,28,33,
0,00000288,false,Rx,0,8,E8,33,D5,00,00,75,59,53,
0,00000380,false,Rx,0,8,B0,78,00,96,20,00,00,FE,
0,00000488,false,Rx,0,8,5F,33,00,72,FE,FF,FF,E0,
0,00000480,false,Rx,0,8,84,2C,00,00,19,41,00,F0,
0,00000284,false,Rx,0,6,08,08,00,00,00,00,00,00,
0,00000588,false,Rx,0,8,0B,00,72,00,00,80,00,00,
0,00000280,false,Rx,0,8,B3,8A,00,00,33,FA,28,33,
0,00000288,false,Rx,0,8,E8,33,D5,00,00,75,59,53,
0,00000380,false,Rx,0,8,B0,78,00,96,20,00,00,FE,
0,00000488,false,Rx,0,8,4F,33,00,72,FE,FF,FF,F0,
0,00000280,false,Rx,0,8,B3,8A,00,00,33,FA,28,33,
0,00000288,false,Rx,0,8,2C,33,D5,00,00,75,59,53,
0,00000380,false,Rx,0,8,B0,78,00,96,20,00,00,FE,
0,00000488,false,Rx,0,8,40,33,00,72,FE,FF,00,00,
0,00000480,false,Rx,0,8,84,2C,00,00,19,41,00,F0,
0,00000284,false,Rx,0,6,09,09,00,00,00,00,00,00,
0,00000588,false,Rx,0,8,0B,00,72,00,00,80,00,00,
0,00000280,false,Rx,0,8,B3,8A,00,00,33,FA,28,33,
0,00000288,false,Rx,0,8,2C,33,D5,00,00,75,59,53,
0,00000380,false,Rx,0,8,B0,78,00,96,20,00,00,FE,
0,00000488,false,Rx,0,8,AF,33,00,72,FE,FF,FF,10,
0,00000280,false,Rx,0,8,B3,8A,00,00,33,FA,28,33,
0,00000288,false,Rx,0,8,2C,33,D5,00,00,75,59,53,
0,00000380,false,Rx,0,8,B0,78,00,96,20,00,00,FE,
0,00000488,false,Rx,0,8,60,33,00,72,FE,FF,00,20,
0,00000480,false,Rx,0,8,84,2C,00,00,19,41,00,F0,
0,00000284,false,Rx,0,6,0A,0A,00,00,00,00,00,00,
980000,00000588,false,Rx,0,8,0B,00,72,00,00,80,00,00,
0,00000280,false,Rx,0,8,B3,8A,00,00,33,FA,28,33,
0,00000288,false,Rx,0,8,2C,33,D5,00,00,75,59,53,
0,00000380,false,Rx,0,8,B0,78,00,96,20,00,00,FE,
989000,00000488,false,Rx,0,8,70,33,00,72,FE,FF,00,30,
0,00000280,false,Rx,0,8,B3,8A,00,00,33,FA,28,33,
0,00000288,false,Rx,0,8,64,33,D5,00,00,75,59,53,
0,00000380,false,Rx,0,8,B0,78,00,96,20,00,00,FE,
0,00000488,false,Rx,0,8,00,33,00,72,FE,FF,00,40,
0,00000480,false,Rx,0,8,84,2C,00,00,19,41,00,F0,
0,00000284,false,Rx,0,6,0B,0B,00,00,00,00,00,00,
1000,00000588,false,Rx,0,8,0B,00,72,00,00,80,00,00,
0,00000280,false,Rx,0,8,B3,8A,00,00,33,FA,28,33,
0,00000288,false,Rx,0,8,64,33,D5,00,00,75,59,53,
0,00000380,false,Rx,0,8,B0,78,00,96,20,00,00,FE,
0,00000488,false,Rx,0,8,EF,33,00,72,FE,FF,FF,50,
0,00000280,false,Rx,0,8,B3,8A,00,00,33,FA,28,33,
0,00000288,false,Rx,0,8,64,33,D5,00,00,75,59,53,
0,00000380,false,Rx,0,8,B0,79,00,96,20,00,00,FE,
0,00000488,false,Rx,0,8,DF,33,00,72,FE,FF,FF,60,
0,00000480,false,Rx,0,8,C2,2C,00,00,19,41,00,B6,
0,00000284,false,Rx,0,6,0C,0C,00,00,00,00,00,00,
21000,00000588,false,Rx,0,8,0B,00,72,00,00,80,00,00,
0,00000280,false,Rx,0,8,B3,8A,00,00,33,FA,28,33,
0,00000288,false,Rx,0,8,64,33,D5,00,00,75,59,53,
0,00000380,false,Rx,0,8,B0,79,00,96,20,00,00,FE,
0,00000488,false,Rx,0,8,CF,33,00,72,FE,FF,FF,70,
0,00000280,false,Rx,0,8,B3,8A,00,00,33,FA,28,33,
0,00000288,false,Rx,0,8,8A,33,D5,00,00,75,59,53,
0,00000380,false,Rx,0,8,B0,79,00,96,20,00,00,FE,
0,00000488,false,Rx,0,8,3F,33,00,72,FE,FF,FF,80,
0,00000480,false,Rx,0,8,C2,2C,00,00,19,41,00,B6,
0,00000284,false,Rx,0,6,0D,0D,00,00,00,00,00,00,
0,00000588,false,Rx,0,8,0B,00,72,00,00,80,00,00,
0,00000280,false,Rx,0,8,B3,8A,00,00,33,FA,28,33,
0,00000288,false,Rx,0,8,8A,33,D5,00,00,75,59,53,
0,00000380,false,Rx,0,8,B0,79,00,96,20,00,00,FE,
0,00000488,false,Rx,0,8,2F,33,00,72,FE,FF,FF,90,
0,00000280,false,Rx,0,8,B3,8A,00,00,33,FA,28,33,
0,00000288,false,Rx,0,8,8A,33,D5,00,00,75,59,53,
0,00000380,false,Rx,0,8,B0,79,00,96,20,00,00,FE,
0,00000488,false,Rx,0,8,1F,33,00,72,FE,FF,FF,A0,
0,00000480,false,Rx,0,8,C2,2C,00,00,19,41,00,B6,
0,00000284,false,Rx,0,6,0E,0E,00,00,00,00,00,00,
58000,00000588,false,Rx,0,8,0B,00,72,00,00,80,00,00,
0,00000280,false,Rx,0,8,B3,8A,00,00,33,FA,28,33,
0,00000288,false,Rx,0,8,8A,33,D5,00,00,75,59,53,
0,00000380,false,Rx,0,8,B0,79,00,96,20,00,00,FE,
0,00000488,false,Rx,0,8,0F,33,00,72,FE,FF,FF,B0,
0,00000280,false,Rx,0,8,B3,8A,00,00,33,FA,28,33,
0,00000288,false,Rx,0,8,E8,33,D5,00,00,75,59,53,
0,00000380,false,Rx,0,8,B0,79,00,96,20,00,00,FE,
0,00000488,false,Rx,0,8,7F,33,00,72,FE,FF,FF,C0,
0,00000480,false,Rx,0,8,C2,2C,00,00,19,41,00,B6,
0,00000284,false,Rx,0,6,0F,0F,00,00,00,00,00,00,
0,00000588,false,Rx,0,8,0B,00,72,00,00,80,00,00,
0,00000280,false,Rx,0,8,B3,8A,00,00,33,FA,28,33,
0,00000288,false,Rx,0,8,E8,33,D5,00,00,75,59,53,
0,00000380,false,Rx,0,8,B0,79,00,96,20,00,00,FE,
0,00000488,false,Rx,0,8,6F,33,00,72,FE,FF,FF,D0,
0,00000280,false,Rx,0,8,B3,8A,00,00,33,FA,28,33,
0,00000288,false,Rx,0,8,E8,33,D5,00,00,75,59,53,
0,00000380,false,Rx,0,8,B0,79,00,96,20,00,00,FE,
0,00000488,false,Rx,0,8,5F,33,00,72,FE,FF,FF,E0,
0,00000480,false,Rx,0,8,1C,2C,00,00,19,41,00,68,
0,00000284,false,Rx,0,6,00,00,00,00,00,00,00,00,
0,00000588,false,Rx,0,8,0B,00,72,00,00,80,00,00,
0,00000280,false,Rx,0,8,B3,8A,00,00,33,FA,28,33,
0,00000288,false,Rx,0,8,E8,33,D5,00,00,75,59,53,
0,00000380,false,Rx,0,8,B0,79,00,96,20,00,00,FE,
0,00000488,false,Rx,0,8,4F,33,00,72,FE,FF,FF,F0,
0,00000280,false,Rx,0,8,B3,8A,00,00,33,FA,28,33,
0,00000288,false,Rx,0,8,2C,33,D5,00,00,75,59,53,
0,00000380,false,Rx,0,8,B0,79,00,96,20,00,00,FE,
0,00000488,false,Rx,0,8,40,33,00,72,FE,FF,00,00,
0,00000480,false,Rx,0,8,1C,2C,00,00,19,41,00,68,
0,00000284,false,Rx,0,6,01,01,00,00,00,00,00,00,
0,00000588,false,Rx,0,8,0B,00,72,00,00,80,00,00,
0,00000280,false,Rx,0,8,B3,8A,00,00,33,FA,28,33,
0,00000288,false,Rx,0,8,2C,33,D5,00,00,75,59,53,
0,00000380,false,Rx,0,8,B0,79,00,96,20,00,00,FE,
0,00000488,false,Rx,0,8,AF,33,00,72,FE,FF,FF,10,
0,00000280,false,Rx,0,8,B3,8A,00,00,33,FA,28,33,
0,00000288,false,Rx,0,8,2C,33,D5,00,00,75,59,53,
0,00000380,false,Rx,0,8,B0,79,00,96,20,00,00,FE,
0,00000488,false,Rx,0,8,60,33,00,72,FE,FF,00,20,
0,00000480,false,Rx,0,8,1C,2C,00,00,19,41,00,68,
0,00000284,false,Rx,0,6,02,02,00,00,00,00,00,00,
0,00000588,false,Rx,0,8,0B,00,72,00,00,80,00,00,
0,00000280,false,Rx,0,8,B3,8A,00,00,33,FA,28,33,
0,00000288,false,Rx,0,8,2C,33,D5,00,00,75,59,53,
0,00000380,false,Rx,0,8,B0,79,00,96,20,00,00,FE,
0,00000488,false,Rx,0,8,70,33,00,72,FE,FF,00,30,
0,00000280,false,Rx,0,8,B3,8A,00,00,33,FA,28,33,
0,00000288,false,Rx,0,8,64,33,D5,00,00,75,59,53,
0,00000380,false,Rx,0,8,B0,79,00,96,20,00,00,FE,
0,00000488,false,Rx,0,8,00,33,00,72,FE,FF,00,40,
0,00000480,false,Rx,0,8,1C,2C,00,00,19,41,00,68,
0,00000284,false,Rx,0,6,03,03,00,00,00,00,00,00,
161000,00000588,false,Rx,0,8,0B,00,72,00,00,80,00,00,
0,00000280,false,Rx,0,8,B3,8A,00,00,33,FA,28,33,
0,00000288,false,Rx,0,8,64,33,D5,00,00,75,59,53,
0,00000380,false,Rx,0,8,B0,79,00,96,20,00,00,FE,
0,00000488,false,Rx,0,8,EF,33,00,72,FE,FF,FF,50,
0,00000280,false,Rx,0,8,B3,8A,00,00,33,FA,28,33,
0,00000288,false,Rx,0,8,64,33,D5,00,00,75,59,53,
0,00000380,false,Rx,0,8,B0,79,00,96,20,00,00,FE,
0,00000488,false,Rx,0,8,DF,33,00,72,FE,FF,FF,60,
0,00000480,false,Rx,0,8,54,2C,00,00,19,41,00,20,
0,00000284,false,Rx,0,6,04,04,00,00,00,00,00,00,
181000,00000588,false,Rx,0,8,0B,00,72,00,00,80,00,00,
0,00000280,false,Rx,0,8,B3,8A,00,00,33,FA,28,33,
0,00000288,false,Rx,0,8,64,33,D5,00,00,75,59,53,
0,00000380,false,Rx,0,8,B0,79,00,96,20,00,00,FE,
189000,00000488,false,Rx,0,8,CF,33,00,72,FE,FF,FF,70,
0,00000280,false,Rx,0,8,B3,8A,00,00,33,FA,28,33,
0,00000288,false,Rx,0,8,8A,33,D5,00,00,75,59,53,
0,00000380,false,Rx,0,8,B0,79,00,96,20,00,00,FE,
0,00000488,false,Rx,0,8,3F,33,00,72,FE,FF,FF,80,
0,00000480,false,Rx,0,8,54,2C,00,00,19,41,00,20,
0,00000284,false,Rx,0,6,05,05,00,00,00,00,00,00,
202000,00000588,false,Rx,0,8,0B,00,72,00,00,80,00,00,
0,00000280,false,Rx,0,8,B3,8A,00,00,33,FA,28,33,
0,00000288,false,Rx,0,8,8A,33,D5,00,00,75,59,53,
0,00000380,false,Rx,0,8,B0,79,00,96,20,00,00,FE,
0,00000488,false,Rx,0,8,2F,33,00,72,FE,FF,FF,90,
214000,00000280,false,Rx,0,8,B3,8A,00,00,33,FA,28,33,
0,00000288,false,Rx,0,8,8A,33,D5,00,00,75,59,53,
0,00000380,false,Rx,0,8,B0,79,00,96,20,00,00,FE,
0,00000488,false,Rx,0,8,1F,33,00,72,FE,FF,FF,A0,
0,00000480,false,Rx,0,8,54,2C,00,00,19,41,00,20,
0,00000284,false,Rx,0,6,06,06,00,00,00,00,00,00,
0,00000588,false,Rx,0,8,0B,00,72,00,00,80,00,00,
0,00000280,false,Rx,0,8,B3,8A,00,00,33,FA,28,33,
0,00000288,false,Rx,0,8,8A,33,D5,00,00,75,59,53,
0,00000380,false,Rx,0,8,B0,79,00,96,20,00,00,FE,
0,00000488,false,Rx,0,8,0F,33,00,72,FE,FF,FF,B0,
0,00000280,false,Rx,0,8,B3,8A,00,00,33,FA,28,33,
0,00000288,false,Rx,0,8,E8,33,D5,00,00,75,59,53,
0,00000380,false,Rx,0,8,B0,79,00,96,20,00,00,FE,
0,00000488,false,Rx,0,8,7F,33,00,72,FE,FF,FF,C0,
0,00000480,false,Rx,0,8,54,2C,00,00,19,41,00,20,
0,00000284,false,Rx,0,6,07,07,00,00,00,00,00,00,
0,00000588,false,Rx,0,8,0B,00,72,00,00,80,00,00,
0,00000280,false,Rx,0,8,B3,8A,00,00,33,FA,28,33,
0,00000288,false,Rx,0,8,E8,33,D5,00,00,75,59,53,
0,00000380,false,Rx,0,8,B0,79,00,96,20,00,00,FE,
0,00000488,false,Rx,0,8,6F,33,00,72,FE,FF,FF,D0,
0,00000280,false,Rx,0,8,B3,8A,00,00,33,FA,28,33,
0,00000288,false,Rx,0,8,E8,33,D5,00,00,75,59,53,
0,00000380,false,Rx,0,8,B0,79,00,96,20,00,00,FE,
0,00000488,false,Rx,0,8,5F,33,00,72,FE,FF,FF,E0,
0,00000480,false,Rx,0,8,84,2C,00,00,19,41,00,F0,
0,00000284,false,Rx,0,6,08,08,00,00,00,00,00,00,
0,00000588,false,Rx,0,8,0B,00,72,00,00,80,00,00,
0,00000280,false,Rx,0,8,B3,8A,00,00,33,FA,28,33,
0,00000288,false,Rx,0,8,E8,33,D5,00,00,75,59,53,
0,00000380,false,Rx,0,8,B0,79,00,96,20,00,00,FE,
0,00000488,false,Rx,0,8,4F,33,00,72,FE,FF,FF,F0,
0,00000280,false,Rx,0,8,B3,8A,00,00,33,FA,28,33,
0,00000288,false,Rx,0,8,2C,33,D5,00,00,75,59,53,
0,00000380,false,Rx,0,8,B0,79,00,96,20,00,00,FE,
0,00000488,false,Rx,0,8,40,33,00,72,FE,FF,00,00,
0,00000480,false,Rx,0,8,84,2C,00,00,19,41,00,F0,
0,00000284,false,Rx,0,6,09,09,00,00,00,00,00,00,
0,00000588,false,Rx,0,8,0B,00,72,00,00,80,00,00,
0,00000280,false,Rx,0,8,B3,8A,00,00,33,FA,28,33,
0,00000288,false,Rx,0,8,2C,33,D5,00,00,75,59,53,
0,00000380,false,Rx,0,8,B0,79,00,96,20,00,00,FE,
0,00000488,false,Rx,0,8,AF,33,00,72,FE,FF,FF,10,
0,00000280,false,Rx,0,8,B3,8A,00,00,33,FA,28,33,
0,00000288,false,Rx,0,8,2C,33,D5,00,00,75,59,53,
0,00000380,false,Rx,0,8,B0,79,00,96,20,00,00,FE,
0,00000488,false,Rx,0,8,60,33,00,72,FE,FF,00,20,
0,00000480,false,Rx,0,8,84,2C,00,00,19,41,00,F0,
0,00000284,false,Rx,0,6,0A,0A,00,00,00,00,00,00,
0,00000588,false,Rx,0,8,0B,00,72,00,00,80,00,00,
304000,00000280,false,Rx,0,8,B3,8A,00,00,33,FA,28,33,
0,00000288,false,Rx,0,8,2C,33,D5,00,00,75,59,53,
0,00000380,false,Rx,0,8,B0,79,00,96,20,00,00,FE,
0,00000488,false,Rx,0,8,70,33,00,72,FE,FF,00,30,
0,00000280,false,Rx,0,8,B3,8A,00,00,33,FA,28,33,
0,00000288,false,Rx,0,8,64,33,D5,00,00,75,59,53,
0,00000380,false,Rx,0,8,B0,7A,00,96,20,00,00,FE,
0,00000488,false,Rx,0,8,00,33,00,72,FE,FF,00,40,
0,00000480,false,Rx,0,8,84,2C,00,00,19,41,00,F0,
0,00000284,false,Rx,0,6,0B,0B,00,00,00,00,00,00,
0,00000588,false,Rx,0,8,0B,00,72,00,00,80,00,00,
0,00000280,false,Rx,0,8,B3,8A,00,00,33,FA,28,33,
0,00000288,false,Rx,0,8,64,33,D5,00,00,75,59,53,
0,00000380,false,Rx,0,8,B0,7A,00,96,20,00,00,FE,
0,00000488,false,Rx,0,8,EF,33,00,72,FE,FF,FF,50,
0,00000280,false,Rx,0,8,B3,8A,00,00,33,FA,28,33,
0,00000288,false,Rx,0,8,64,33,D5,00,00,75,59,53,
0,00000380,false,Rx,0,8,B0,7A,00,96,20,00,00,FE,
0,00000488,false,Rx,0,8,DF,33,00,72,FE,FF,FF,60,
0,00000480,false,Rx,0,8,C2,2C,00,00,19,41,00,B6,
0,00000284,false,Rx,0,6,0C,0C,00,00,00,00,00,00,
0,00000588,false,Rx,0,8,0B,00,72,00,00,80,00,00,
0,00000280,false,Rx,0,8,B3,8A,00,00,33,FA,28,33,
0,00000288,false,Rx,0,8,64,33,D5,00,00,75,59,53,
0,00000380,false,Rx,0,8,B0,7A,00,96,20,00,00,FE,
0,00000488,false,Rx,0,8,CF,33,00,72,FE,FF,FF,70,
0,00000280,false,Rx,0,8,B3,8A,00,00,33,FA,28,33,
0,00000288,false,Rx,0,8,8A,33,D5,00,00,75,59,53,
0,00000380,false,Rx,0,8,B0,7A,00,96,20,00,00,FE,
0,00000488,false,Rx,0,8,3F,33,00,72,FE,FF,FF,80,
0,00000480,false,Rx,0,8,C2,2C,00,00,19,41,00,B6,
0,00000284,false,Rx,0,6,0D,0D,00,00,00,00,00,00,
361000,00000588,false,Rx,0,8,0B,00,72,00,00,80,00,00,
0,00000280,false,Rx,0,8,B3,8A,00,00,33,FA,28,33,
0,00000288,false,Rx,0,8,8A,33,D5,00,00,75,59,53,
0,00000380,false,Rx,0,8,B0,7A,00,96,20,00,00,FE,
0,00000488,false,Rx,0,8,2F,33,00,72,FE,FF,FF,90,
0,00000580,false,Rx,0,8,88,00,00,14,1C,93,48,14,
0,00000280,false,Rx,0,8,B3,8A,00,00,33,FA,28,33,
0,00000288,false,Rx,0,8,8A,33,D5,00,00,75,59,53,
0,00000380,false,Rx,0,8,B0,7A,00,96,20,00,00,FE,
0,00000488,false,Rx,0,8,1F,33,00,72,FE,FF,FF,A0,
0,00000480,false,Rx,0,8,C2,2C,00,00,19,41,00,B6,
0,00000284,false,Rx,0,6,0E,0E,00,00,00,00,00,00,
382000,00000588,false,Rx,0,8,0B,00,72,00,00,80,00,00,
0,00000280,false,Rx,0,8,B3,8A,00,00,33,FA,28,33,
0,00000288,false,Rx,0,8,8A,33,D5,00,00,75,59,53,
0,00000380,false,Rx,0,8,B0,7A,00,96,20,00,00,FE,
0,00000488,false,Rx,0,8,0F,33,00,72,FE,FF,FF,B0,
0,00000280,false,Rx,0,8,B3,8A,00,00,33,FA,28,33,
0,00000288,false,Rx,0,8,E8,33,D5,00,00,75,59,53,
0,00000380,false,Rx,0,8,B0,7A,00,96,20,00,00,FE,
0,00000488,false,Rx,0,8,7F,33,00,72,FE,FF,FF,C0,
0,00000480,false,Rx,0,8,C2,2C,00,00,19,41,00,B6,
0,00000284,false,Rx,0,6,0F,0F,00,00,00,00,00,00,
0,00000588,false,Rx,0,8,0B,00,72,00,00,80,00,00,
0,00000280,false,Rx,0,8,B3,8A,00,00,33,FA,28,33,
0,00000288,false,Rx,0,8,E8,33,D5,00,00,75,59,53,
0,00000380,false,Rx,0,8,B0,7A,00,96,20,00,00,FE,
0,00000488,false,Rx,0,8,6F,33,00,72,FE,FF,FF,D0,
0,00000280,false,Rx,0,8,B3,8A,00,00,33,FA,28,33,
0,00000288,false,Rx,0,8,E8,33,D5,00,00,75,59,53,
0,00000380,false,Rx,0,8,B0,7A,00,96,20,00,00,FE,
0,00000488,false,Rx,0,8,5F,33,00,72,FE,FF,FF,E0,
0,00000480,false,Rx,0,8,1C,2C,00,00,19,41,00,68,
0,00000284,false,Rx,0,6,00,00,00,00,00,00,00,00,
419000,00000588,false,Rx,0,8,0B,00,72,00,00,80,00,00,
0,00000280,false,Rx,0,8,B3,8A,00,00,33,FA,28,33,
0,00000288,false,Rx,0,8,E8,33,D5,00,00,75,59,53,
0,00000380,false,Rx,0,8,B0,7A,00,96,20,00,00,FE,
0,00000488,false,Rx,0,8,4F,33,00,72,FE,FF,FF,F0,
0,00000280,false,Rx,0,8,B3,8A,00,00,33,FA,28,33,
0,00000288,false,Rx,0,8,2C,33,D5,00,00,75,59,53,
0,00000380,false,Rx,0,8,B0,7A,00,96,20,00,00,FE,
0,00000488,false,Rx,0,8,40,33,00,72,FE,FF,00,00,
0,00000480,false,Rx,0,8,1C,2C,00,00,19,41,00,68,
0,00000284,false,Rx,0,6,01,01,00,00,00,00,00,00,
439000,00000588,false,Rx,0,8,0B,00,72,00,00,80,00,00,
0,00000280,false,Rx,0,8,B3,8A,00,00,33,FA,28,33,
0,00000288,false,Rx,0,8,2C,33,D5,00,00,75,59,53,
0,00000380,false,Rx,0,8,B0,7A,00,96,20,00,00,FE,
0,00000488,false,Rx,0,8,AF,33,00,72,FE,FF,FF,10,
0,00000280,false,Rx,0,8,B3,8A,00,00,33,FA,28,33,
0,00000288,false,Rx,0,8,2C,33,D5,00,00,75,59,53,
0,00000380,false,Rx,0,8,B0,7A,00,96,20,00,00,FE,
0,00000488,false,Rx,0,8,60,33,00,72,FE,FF,00,20,
0,00000480,false,Rx,0,8,1C,2C,00,00,19,41,00,68,
0,00000284,false,Rx,0,6,02,02,00,00,00,00,00,00,
0,00000588,false,Rx,0,8,0B,00,72,00,00,80,00,00,
0,00000280,false,Rx,0,8,B3,8A,00,00,33,FA,28,33,
0,00000288,false,Rx,0,8,2C,33,D5,00,00,75,59,53,
0,00000380,false,Rx,0,8,B0,7A,00,96,20,00,00,FE,
0,00000488,false,Rx,0,8,70,33,00,72,FE,FF,00,30,
0,00000280,false,Rx,0,8,B3,8A,00,00,33,FA,28,33,
0,00000288,false,Rx,0,8,64,33,D5,00,00,75,59,53,
0,00000380,false,Rx,0,8,B0,7A,00,96,20,00,00,FE,
0,00000488,false,Rx,0,8,00,33,00,72,FE,FF,00,40,
0,00000480,false,Rx,0,8,1C,2C,00,00,19,41,00,68,
0,00000284,false,Rx,0,6,03,03,00,00,00,00,00,00,
0,00000588,false,Rx,0,8,0B,00,72,00,00,80,00,00,
0,00000280,false,Rx,0,8,B3,8A,00,00,33,FA,28,33,
0,00000288,false,Rx,0,8,64,33,D5,00,00,75,59,53,
0,00000380,false,Rx,0,8,B0,7A,00,96,20,00,00,FE,
0,00000488,false,Rx,0,8,EF,33,00,72,FE,FF,FF,50,
0,00000280,false,Rx,0,8,B3,8A,00,00,33,FA,28,33,
0,00000288,false,Rx,0,8,64,33,D5,00,00,75,59,53,
0,00000380,false,Rx,0,8,B0,7A,00,96,20,00,00,FE,
0,00000488,false,Rx,0,8,DF,33,00,72,FE,FF,FF,60,
0,00000480,false,Rx,0,8,54,2C,00,00,19,41,00,20,
0,00000284,false,Rx,0,6,04,04,00,00,00,00,00,00,
0,00000588,false,Rx,0,8,0B,00,72,00,00,80,00,00,
0,00000280,false,Rx,0,8,B3,8A,00,00,33,FA,28,33,
0,00000288,false,Rx,0,8,64,33,D5,00,00,75,59,53,
0,00000380,false,Rx,0,8,B0,7A,00,96,20,00,00,FE,
0,00000488,false,Rx,0,8,CF,33,00,72,FE,FF,FF,70,
0,00000280,false,Rx,0,8,B3,8A,00,00,33,FA,28,33,
0,00000288,false,Rx,0,8,8A,33,D5,00,00,75,59,53,
0,00000380,false,Rx,0,8,B0,7A,00,96,20,00,00,FE,
0,00000488,false,Rx,0,8,3F,33,00,72,FE,FF,FF,80,
0,00000480,false,Rx,0,8,54,2C,00,00,19,41,00,20,
0,00000284,false,Rx,0,6,05,05,00,00,00,00,00,00,
0,00000588,false,Rx,0,8,0B,00,72,00,00,80,00,00,
0,00000280,false,Rx,0,8,B3,8A,00,00,33,FA,28,33,
0,00000288,false,Rx,0,8,8A,33,D5,00,00,75,59,53,
0,00000380,false,Rx,0,8,B0,7A,00,96,20,00,00,FE,
0,00000488,false,Rx,0,8,2F,33,00,72,FE,FF,FF,90,
0,00000280,false,Rx,0,8,B3,8A,00,00,33,FA,28,33,
0,00000288,false,Rx,0,8,8A,33,D5,00,00,75,59,53,
0,00000380,false,Rx,0,8,B0,7A,00,96,20,00,00,FE,
0,00000488,false,Rx,0,8,1F,33,00,72,FE,FF,FF,A0,
0,00000480,false,Rx,0,8,54,2C,00,00,19,41,00,20,
0,00000284,false,Rx,0,6,06,06,00,00,00,00,00,00,
542000,00000588,false,Rx,0,8,0B,00,72,00,00,80,00,00,
0,00000280,false,Rx,0,8,B3,8A,00,00,33,FA,28,33,
0,00000288,false,Rx,0,8,8A,33,D5,00,00,75,59,53,
0,00000380,false,Rx,0,8,B0,7A,00,96,20,00,00,FE,
550000,00000488,false,Rx,0,8,0F,33,00,72,FE,FF,FF,B0,
0,00000280,false,Rx,0,8,B3,8A,00,00,33,FA,28,33,
0,00000288,false,Rx,0,8,E8,33,D5,00,00,75,59,53,
0,00000380,false,Rx,0,8,B0,7A,00,96,20,00,00,FE,
0,00000488,false,Rx,0,8,7F,33,00,72,FE,FF,FF,C0,
0,00000480,false,Rx,0,8,54,2C,00,00,19,41,00,20,
0,00000284,false,Rx,0,6,07,07,00,00,00,00,00,00,
562000,00000588,false,Rx,0,8,0B,00,72,00,00,80,00,00,
0,00000280,false,Rx,0,8,B3,8A,00,00,33,FA,28,33,
0,00000288,false,Rx,0,8,E8,33,D5,00,00,75,59,53,
0,00000380,false,Rx,0,8,B0,7A,00,96,20,00,00,FE,
570000,00000488,false,Rx,0,8,6F,33,00,72,FE,FF,FF,D0,
0,00000280,false,Rx,0,8,B3,8A,00,00,33,FA,28,33,
0,00000288,false,Rx,0,8,E8,33,D5,00,00,75,59,53,
0,00000380,false,Rx,0,8,B0,7A,00,96,20,00,00,FE,
0,00000488,false,Rx,0,8,5F,33,00,72,FE,FF,FF,E0,
0,00000480,false,Rx,0,8,84,2C,00,00,19,41,00,F0,
0,00000284,false,Rx,0,6,08,08,00,00,00,00,00,00,
582000,00000588,false,Rx,0,8,0B,00,72,00,00,80,00,00,
0,00000280,false,Rx,0,8,B3,8A,00,00,33,FA,28,33,
0,00000288,false,Rx,0,8,E8,33,D5,00,00,75,59,53,
0,00000380,false,Rx,0,8,B0,7A,00,96,20,00,00,FE,
0,00000488,false,Rx,0,8,4F,33,00,72,FE,FF,FF,F0,
0,00000280,false,Rx,0,8,B3,8A,00,00,33,FA,28,33,
0,00000288,false,Rx,0,8,2C,33,D5,00,00,75,59,53,
0,00000380,false,Rx,0,8,B0,7A,00,96,20,00,00,FE,
0,00000488,false,Rx,0,8,40,33,00,72,FE,FF,00,00,
0,00000480,false,Rx,0,8,84,2C,00,00,19,41,00,F0,
0,00000284,false,Rx,0,6,09,09,00,00,00,00,00,00,
0,00000588,false,Rx,0,8,0B,00,72,00,00,80,00,00,
0,00000280,false,Rx,0,8,B3,8A,00,00,33,FA,28,33,
0,00000288,false,Rx,0,8,2C,33,D5,00,00,75,59,53,
0,00000380,false,Rx,0,8,B0,7A,00,96,20,00,00,FE,
0,00000488,false,Rx,0,8,AF,33,00,72,FE,FF,FF,10,
0,00000280,false,Rx,0,8,B3,8A,00,00,33,FA,28,33,
0,00000288,false,Rx,0,8,2C,33,D5,00,00,75,59,53,
0,00000380,false,Rx,0,8,B0,7A,00,96,20,00,00,FE,
0,00000488,false,Rx,0,8,60,33,00,72,FE,FF,00,20,
0,00000480,false,Rx,0,8,84,2C,00,00,19,41,00,F0,
0,00000284,false,Rx,0,6,0A,0A,00,00,00,00,00,00,
619000,00000588,false,Rx,0,8,0B,00,72,00,00,80,00,00,
0,00000280,false,Rx,0,8,B3,8A,00,00,33,FA,28,33,
0,00000288,false,Rx,0,8,2C,33,D5,00,00,75,59,53,
0,00000380,false,Rx,0,8,B0,7A,00,96,20,00,00,FE,
0,00000488,false,Rx,0,8,70,33,00,72,FE,FF,00,30,
0,00000280,false,Rx,0,8,B3,8A,00,00,33,FA,28,33,
0,00000288,false,Rx,0,8,64,33,D5,00,00,75,59,53,
0,00000380,false,Rx,0,8,B0,7A,00,96,20,00,00,FE,
0,00000488,false,Rx,0,8,00,33,00,72,FE,FF,00,40,
0,00000480,false,Rx,0,8,84,2C,00,00,19,41,00,F0,
0,00000284,false,Rx,0,6,0B,0B,00,00,00,00,00,00,
0,00000588,false,Rx,0,8,0B,00,72,00,00,80,00,00,
0,00000280,false,Rx,0,8,B3,8A,00,00,33,FA,28,33,
0,00000288,false,Rx,0,8,64,33,D5,00,00,75,59,53,
0,00000380,false,Rx,0,8,B0,7A,00,96,20,00,00,FE,
0,00000488,false,Rx,0,8,EF,33,00,72,FE,FF,FF,50,
0,00000280,false,Rx,0,8,B3,8A,00,00,33,FA,28,33,
0,00000288,false,Rx,0,8,64,33,D5,00,00,75,59,53,
0,00000380,false,Rx,0,8,B0,7A,00,96,20,00,00,FE,
0,00000488,false,Rx,0,8,DF,33,00,72,FE,FF,FF,60,
0,00000480,false,Rx,0,8,C2,2C,00,00,19,41,00,B6,
0,00000284,false,Rx,0,6,0C,0C,00,00,00,00,00,00,
0,00000588,false,Rx,0,8,0B,00,72,00,00,80,00,00,
0,00000280,false,Rx,0,8,B3,8A,00,00,33,FA,28,33,
0,00000288,false,Rx,0,8,64,33,D5,00,00,75,59,53,
0,00000380,false,Rx,0,8,B0,7A,00,96,20,00,00,FE,
0,00000488,false,Rx,0,8,CF,33,00,72,FE,FF,FF,70,
0,00000280,false,Rx,0,8,B3,8A,00,00,33,FA,28,33,
0,00000288,false,Rx,0,8,8A,33,D5,00,00,75,59,53,
0,00000380,false,Rx,0,8,B0,7A,00,96,20,00,00,FE,
0,00000488,false,Rx,0,8,3F,33,00,72,FE,FF,FF,80,
0,00000480,false,Rx,0,8,C2,2C,00,00,19,41,00,B6,
0,00000284,false,Rx,0,6,0D,0D,00,00,00,00,00,00,
0,00000588,false,Rx,0,8,0B,00,72,00,00,80,00,00,
685000,00000280,false,Rx,0,8,B3,8A,00,00,33,FA,28,33,
0,00000288,false,Rx,0,8,8A,33,D5,00,00,75,59,53,
0,00000380,false,Rx,0,8,B0,7A,00,96,20,00,00,FE,
0,00000488,false,Rx,0,8,2F,33,00,72,FE,FF,FF,90,
0,00000280,false,Rx,0,8,B3,8A,00,00,33,FA,28,33,
0,00000288,false,Rx,0,8,8A,33,D5,00,00,75,59,53,
0,00000380,false,Rx,0,8,B0,7A,00,96,20,00,00,FE,
0,00000488,false,Rx,0,8,1F,33,00,72,FE,FF,FF,A0,
0,00000480,false,Rx,0,8,C2,2C,00,00,19,41,00,B6,
0,00000284,false,Rx,0,6,0E,0E,00,00,00,00,00,00,
0,00000588,false,Rx,0,8,0B,00,72,00,00,80,00,00,
0,00000280,false,Rx,0,8,B3,8A,00,00,33,FA,28,33,
0,00000288,false,Rx,0,8,8A,33,D5,00,00,75,59,53,
0,00000380,false,Rx,0,8,B0,7A,00,96,20,00,00,FE,
0,00000488,false,Rx,0,8,0F,33,00,72,FE,FF,FF,B0,
0,00000280,false,Rx,0,8,B3,8A,00,00,33,FA,28,33,
0,00000288,false,Rx,0,8,E8,33,D5,00,00,75,59,53,
0,00000380,false,Rx,0,8,B0,7B,00,96,20,00,00,FE,
0,00000488,false,Rx,0,8,7F,33,00,72,FE,FF,FF,C0,
0,00000480,false,Rx,0,8,C2,2C,00,00,19,41,00,B6,
0,00000284,false,Rx,0,6,0F,0F,00,00,00,00,00,00,
722000,00000588,false,Rx,0,8,0B,00,72,00,00,80,00,00,
0,00000280,false,Rx,0,8,B3,8A,00,00,33,FA,28,33,
0,00000288,false,Rx,0,8,E8,33,D5,00,00,75,59,53,
0,00000380,false,Rx,0,8,B0,7B,00,96,20,00,00,FE,
0,00000488,false,Rx,0,8,6F,33,00,72,FE,FF,FF,D0,
0,00000280,false,Rx,0,8,B3,8A,00,00,33,FA,28,33,
0,00000288,false,Rx,0,8,E8,33,D5,00,00,75,59,53,
0,00000380,false,Rx,0,8,B0,7B,00,96,20,00,00,FE,
0,00000488,false,Rx,0,8,5F,33,00,72,FE,FF,FF,E0,
0,00000480,false,Rx,0,8,1C,2C,00,00,19,41,00,68,
0,00000284,false,Rx,0,6,00,00,00,00,00,00,00,00,
742000,00000588,false,Rx,0,8,0B,00,72,00,00,80,00,00,
0,00000280,false,Rx,0,8,B3,8A,00,00,33,FA,28,33,
0,00000288,false,Rx,0,8,E8,33,D5,00,00,75,59,53,
0,00000380,false,Rx,0,8,B0,7B,00,96,20,00,00,FE,
750000,00000488,false,Rx,0,8,4F,33,00,72,FE,FF,FF,F0,
0,00000280,false,Rx,0,8,B3,8A,00,00,33,FA,28,33,
0,00000288,false,Rx,0,8,2C,33,D5,00,00,75,59,53,
0,00000380,false,Rx,0,8,B0,7B,00,96,20,00,00,FE,
0,00000488,false,Rx,0,8,40,33,00,72,FE,FF,00,00,
0,00000480,false,Rx,0,8,1C,2C,00,00,19,41,00,68,
0,00000284,false,Rx,0,6,01,01,00,00,00,00,00,00,
763000,00000588,false,Rx,0,8,0B,00,72,00,00,80,00,00,
0,00000280,false,Rx,0,8,B3,8A,00,00,33,FA,28,33,
0,00000288,false,Rx,0,8,2C,33,D5,00,00,75,59,53,
0,00000380,false,Rx,0,8,B0,7B,00,96,20,00,00,FE,
0,00000488,false,Rx,0,8,AF,33,00,72,FE,FF,FF,10,
775000,00000280,false,Rx,0,8,B3,8A,00,00,33,FA,28,33,
0,00000288,false,Rx,0,8,2C,33,D5,00,00,75,59,53,
0,00000380,false,Rx,0,8,B0,7B,00,96,20,00,00,FE,
0,00000488,false,Rx,0,8,60,33,00,72,FE,FF,00,20,
0,00000480,false,Rx,0,8,1C,2C,00,00,19,41,00,68,
0,00000284,false,Rx,0,6,02,02,00,00,00,00,00,00,
0,00000588,false,Rx,0,8,0B,00,72,00,00,80,00,00,
0,00000280,false,Rx,0,8,B3,8A,00,00,33,FA,28,33,
0,00000288,false,Rx,0,8,2C,33,D5,00,00,75,59,53,
0,00000380,false,Rx,0,8,B0,7B,00,96,20,00,00,FE,
0,00000488,false,Rx,0,8,70,33,00,72,FE,FF,00,30,
0,00000280,false,Rx,0,8,B3,8A,00,00,33,FA,28,33,
0,00000288,false,Rx,0,8,64,33,D5,00,00,75,59,53,
0,00000380,false,Rx,0,8,B0,7B,00,96,20,00,00,FE,
0,00000488,false,Rx,0,8,00,33,00,72,FE,FF,00,40,
0,00000480,false,Rx,0,8,1C,2C,00,00,19,41,00,68,
0,00000284,false,Rx,0,6,03,03,00,00,00,00,00,00,
0,00000588,false,Rx,0,8,0B,00,72,00,00,80,00,00,
0,00000280,false,Rx,0,8,B3,8A,00,00,33,FA,28,33,
0,00000288,false,Rx,0,8,64,33,D5,00,00,75,59,53,
0,00000380,false,Rx,0,8,B0,7B,00,96,20,00,00,FE,
0,00000488,false,Rx,0,8,EF,33,00,72,FE,FF,FF,50,
0,00000280,false,Rx,0,8,B3,8A,00,00,33,FA,28,33,
0,00000288,false,Rx,0,8,64,33,D5,00,00,75,59,53,
0,00000380,false,Rx,0,8,B0,7B,00,96,20,00,00,FE,
0,00000488,false,Rx,0,8,DF,33,00,72,FE,FF,FF,60,
0,00000480,false,Rx,0,8,54,2C,00,00,19,41,00,20,
0,00000284,false,Rx,0,6,04,04,00,00,00,00,00,00,
0,00000588,false,Rx,0,8,0B,00,72,00,00,80,00,00,
0,00000280,false,Rx,0,8,B3,8A,00,00,33,FA,28,33,
0,00000288,false,Rx,0,8,64,33,D5,00,00,75,59,53,
0,00000380,false,Rx,0,8,B0,7B,00,96,20,00,00,FE,
0,00000488,false,Rx,0,8,CF,33,00,72,FE,FF,FF,70,
0,00000280,false,Rx,0,8,B3,8A,00,00,33,FA,28,33,
0,00000288,false,Rx,0,8,8A,33,D5,00,00,75,59,53,
0,00000380,false,Rx,0,8,B0,7B,00,96,20,00,00,FE,
0,00000488,false,Rx,0,8,3F,33,00,72,FE,FF,FF,80,
0,00000480,false,Rx,0,8,54,2C,00,00,19,41,00,20,
0,00000284,false,Rx,0,6,05,05,00,00,00,00,00,00,
0,00000588,false,Rx,0,8,0B,00,72,00,00,80,00,00,
0,00000280,false,Rx,0,8,B3,8A,00,00,33,FA,28,33,
0,00000288,false,Rx,0,8,8A,33,D5,00,00,75,59,53,
0,00000380,false,Rx,0,8,B0,7B,00,96,20,00,00,FE,
0,00000488,false,Rx,0,8,2F,33,00,72,FE,FF,FF,90,
0,00000280,false,Rx,0,8,B3,8A,00,00,33,FA,28,33,
0,00000288,false,Rx,0,8,8A,33,D5,00,00,75,59,53,
0,00000380,false,Rx,0,8,B0,7B,00,96,20,00,00,FE,
0,00000488,false,Rx,0,8,1F,33,00,72,FE,FF,FF,A0,
0,00000480,false,Rx,0,8,54,2C,00,00,19,41,00,20,
0,00000284,false,Rx,0,6,06,06,00,00,00,00,00,00,
0,00000588,false,Rx,0,8,0B,00,72,00,00,80,00,00,
0,00000280,false,Rx,0,8,B3,8A,00,00,33,FA,28,33,
0,00000288,false,Rx,0,8,8A,33,D5,00,00,75,59,53,
0,00000380,false,Rx,0,8,B0,7B,00,96,20,00,00,FE,
0,00000488,false,Rx,0,8,0F,33,00,72,FE,FF,FF,B0,
0,00000280,false,Rx,0,8,B3,8A,00,00,33,FA,28,33,
0,00000288,false,Rx,0,8,E8,33,D5,00,00,75,59,53,
0,00000380,false,Rx,0,8,B0,7B,00,96,20,00,00,FE,
0,00000488,false,Rx,0,8,7F,33,00,72,FE,FF,FF,C0,
0,00000480,false,Rx,0,8,54,2C,00,00,19,41,00,20,
0,00000284,false,Rx,0,6,07,07,00,00,00,00,00,00,
0,00000588,false,Rx,0,8,0B,00,72,00,00,80,00,00,
0,00000280,false,Rx,0,8,B3,8A,00,00,33,FA,28,33,
0,00000288,false,Rx,0,8,E8,33,D5,00,00,75,59,53,
0,00000380,false,Rx,0,8,B0,7B,00,96,20,00,00,FE,
0,00000488,false,Rx,0,8,6F,33,00,72,FE,FF,FF,D0,
0,00000280,false,Rx,0,8,B3,8A,00,00,33,FA,28,33,
0,00000288,false,Rx,0,8,E8,33,D5,00,00,75,59,53,
0,00000380,false,Rx,0,8,B0,7B,00,96,20,00,00,FE,
0,00000488,false,Rx,0,8,5F,33,00,72,FE,FF,FF,E0,
0,00000480,false,Rx,0,8,84,2C,00,00,19,41,00,F0,
0,00000284,false,Rx,0,6,08,08,00,00,00,00,00,00,
0,00000588,false,Rx,0,8,0B,00,72,00,00,80,00,00,
0,00000280,false,Rx,0,8,B3,8A,00,00,33,FA,28,33,
0,00000288,false,Rx,0,8,E8,33,D5,00,00,75,59,53,
0,00000380,false,Rx,0,8,B0,7B,00,96,20,00,00,FE,
0,00000488,false,Rx,0,8,4F,33,00,72,FE,FF,FF,F0,
0,00000280,false,Rx,0,8,B3,8A,00,00,33,FA,28,33,
0,00000288,false,Rx,0,8,2C,33,D5,00,00,75,59,53,
0,00000380,false,Rx,0,8,B0,7B,00,96,20,00,00,FE,
0,00000488,false,Rx,0,8,40,33,00,72,FE,FF,00,00,
0,00000480,false,Rx,0,8,84,2C,00,00,19,41,00,F0,
0,00000284,false,Rx,0,6,09,09,00,00,00,00,00,00,
922000,00000588,false,Rx,0,8,0B,00,72,00,00,80,00,00,
0,00000280,false,Rx,0,8,B3,8A,00,00,33,FA,28,33,
0,00000288,false,Rx,0,8,2C,33,D5,00,00,75,59,53,
0,00000380,false,Rx,0,8,B0,7B,00,96,20,00,00,FE,
931000,00000488,false,Rx,0,8,AF,33,00,72,FE,FF,FF,10,
0,00000280,false,Rx,0,8,B3,8A,00,00,33,FA,28,33,
0,00000288,false,Rx,0,8,2C,33,D5,00,00,75,59,53,
0,00000380,false,Rx,0,8,B0,7B,00,96,20,00,00,FE,
0,00000488,false,Rx,0,8,60,33,00,72,FE,FF,00,20,
0,00000480,false,Rx,0,8,84,2C,00,00,19,41,00,F0,
0,00000284,false,Rx,0,6,0A,0A,00,00,00,00,00,00,
943000,00000588,false,Rx,0,8,0B,00,72,00,00,80,00,00,
0,00000280,false,Rx,0,8,B3,8A,00,00,33,FA,28,33,
0,00000288,false,Rx,0,8,2C,33,D5,00,00,75,59,53,
0,00000380,false,Rx,0,8,B0,7B,00,96,20,00,00,FE,
0,00000488,false,Rx,0,8,70,33,00,72,FE,FF,00,30,
0,00000280,false,Rx,0,8,B3,8A,00,00,33,FA,28,33,
0,00000288,false,Rx,0,8,64,33,D5,00,00,75,59,53,
0,00000380,false,Rx,0,8,B0,7B,00,96,20,00,00,FE,
0,00000488,false,Rx,0,8,00,33,00,72,FE,FF,00,40,
0,00000480,false,Rx,0,8,84,2C,00,00,19,41,00,F0,
0,00000284,false,Rx,0,6,0B,0B,00,00,00,00,00,00,
963000,00000588,false,Rx,0,8,0B,00,72,00,00,80,00,00,
0,00000280,false,Rx,0,8,B3,8A,00,00,33,FA,28,33,
0,00000288,false,Rx,0,8,64,33,D5,00,00,75,59,53,
0,00000380,false,Rx,0,8,B0,7B,00,96,20,00,00,FE,
0,00000488,false,Rx,0,8,EF,33,00,72,FE,FF,FF,50,
0,00000280,false,Rx,0,8,B3,8A,00,00,33,FA,28,33,
0,00000288,false,Rx,0,8,64,33,D5,00,00,75,59,53,
0,00000380,false,Rx,0,8,B0,7B,00,96,20,00,00,FE,
0,00000488,false,Rx,0,8,DF,33,00,72,FE,FF,FF,60,
0,00000480,false,Rx,0,8,C2,2C,00,00,19,41,00,B6,
0,00000284,false,Rx,0,6,0C,0C,00,00,00,00,00,00,
0,00000588,false,Rx,0,8,0B,00,72,00,00,80,00,00,
0,00000280,false,Rx,0,8,B3,8A,00,00,33,FA,28,33,
0,00000288,false,Rx,0,8,64,33,D5,00,00,75,59,53,
0,00000380,false,Rx,0,8,B0,7B,00,96,20,00,00,FE,
0,00000488,false,Rx,0,8,CF,33,00,72,FE,FF,FF,70,
0,00000280,false,Rx,0,8,B3,8A,00,00,33,FA,28,33,
0,00000288,false,Rx,0,8,8A,33,D5,00,00,75,59,53,
0,00000380,false,Rx,0,8,B0,7B,00,96,20,00,00,FE,
0,00000488,false,Rx,0,8,3F,33,00,72,FE,FF,FF,80,
0,00000480,false,Rx,0,8,C2,2C,00,00,19,41,00,B6,
0,00000284,false,Rx,0,6,0D,0D,00,00,00,00,00,00,
0,00000588,false,Rx,0,8,0B,00,72,00,00,80,00,00,
0,00000280,false,Rx,0,8,B3,8A,00,00,33,FA,28,33,
0,00000288,false,Rx,0,8,8A,33,D5,00,00,75,59,53,
0,00000380,false,Rx,0,8,B0,7B,00,96,20,00,00,FE,
0,00000488,false,Rx,0,8,2F,33,00,72,FE,FF,FF,90,
0,00000280,false,Rx,0,8,B3,8A,00,00,33,FA,28,33,
0,00000288,false,Rx,0,8,8A,33,D5,00,00,75,59,53,
0,00000380,false,Rx,0,8,B0,7B,00,96,20,00,00,FE,
0,00000488,false,Rx,0,8,1F,33,00,72,FE,FF,FF,A0,
0,00000480,false,Rx,0,8,C2,2C,00,00,19,41,00,B6,
0,00000284,false,Rx,0,6,0E,0E,00,00,00,00,00,00,
0,00000588,false,Rx,0,8,0B,00,72,00,00,80,00,00,
0,00000280,false,Rx,0,8,B3,8A,00,00,33,FA,28,33,
0,00000288,false,Rx,0,8,8A,33,D5,00,00,75,59,53,
0,00000380,false,Rx,0,8,B0,7B,00,96,20,00,00,FE,
0,00000488,false,Rx,0,8,0F,33,00,72,FE,FF,FF,B0,
0,00000280,false,Rx,0,8,B3,8A,00,00,33,FA,28,33,
0,00000288,false,Rx,0,8,E8,33,D5,00,00,75,59,53,
0,00000380,false,Rx,0,8,B0,7B,00,96,20,00,00,FE,
0,00000488,false,Rx,0,8,7F,33,00,72,FE,FF,FF,C0,
0,00000480,false,Rx,0,8,C2,2C,00,00,19,41,00,B6,
0,00000284,false,Rx,0,6,0F,0F,00,00,00,00,00,00,
0,00000588,false,Rx,0,8,0B,00,72,00,00,80,00,00,
0,00000280,false,Rx,0,8,B3,8A,00,00,33,FA,28,33,
0,00000288,false,Rx,0,8,E8,33,D5,00,00,75,58,53,
0,00000380,false,Rx,0,8,B0,7B,00,96,20,00,00,FE,
0,00000488,false,Rx,0,8,6F,33,00,72,FE,FF,FF,D0,
0,00000280,false,Rx,0,8,B3,8A,00,00,33,FA,28,33,
0,00000288,false,Rx,0,8,E8,33,D5,00,00,75,58,53,
0,00000380,false,Rx,0,8,B0,7B,00,96,20,00,00,FE,
0,00000488,false,Rx,0,8,5F,33,00,72,FE,FF,FF,E0,
0,00000480,false,Rx,0,8,1C,2C,00,00,19,41,00,68,
0,00000284,false,Rx,0,6,00,00,00,00,00,00,00,00,
0,00000588,false,Rx,0,8,0B,00,72,00,00,80,00,00,
0,00000280,false,Rx,0,8,B3,8A,00,00,33,FA,28,33,
0,00000288,false,Rx,0,8,E8,33,D5,00,00,75,58,53,
0,00000380,false,Rx,0,8,B0,7B,00,96,20,00,00,FE,
0,00000488,false,Rx,0,8,4F,33,00,72,FE,FF,FF,F0,
0,00000280,false,Rx,0,8,B3,8A,00,00,33,FA,28,33,
0,00000288,false,Rx,0,8,2C,33,D5,00,00,75,58,53,
0,00000380,false,Rx,0,8,B0,7B,00,96,20,00,00,FE,
0,00000488,false,Rx,0,8,40,33,00,72,FE,FF,00,00,
0,00000480,false,Rx,0,8,1C,2C,00,00,19,41,00,68,
0,00000284,false,Rx,0,6,01,01,00,00,00,00,00,00,
0,00000588,false,Rx,0,8,0B,00,72,00,00,80,00,00,
0,00000280,false,Rx,0,8,B3,8A,00,00,33,FA,28,33,
0,00000288,false,Rx,0,8,2C,33,D5,00,00,75,58,53,
0,00000380,false,Rx,0,8,B0,7B,00,96,20,00,00,FE,
0,00000488,false,Rx,0,8,AF,33,00,72,FE,FF,FF,10,
0,00000280,false,Rx,0,8,B3,8A,00,00,33,FA,28,33,
0,00000288,false,Rx,0,8,2C,33,D5,00,00,75,58,53,
0,00000380,false,Rx,0,8,B0,7B,00,96,20,00,00,FE,
0,00000488,false,Rx,0,8,60,33,00,72,FE,FF,00,20,
0,00000480,false,Rx,0,8,1C,2C,00,00,19,41,00,68,
0,00000284,false,Rx,0,6,02,02,00,00,00,00,00,00,
103000,00000588,false,Rx,0,8,0B,00,72,00,00,80,00,00,
0,00000280,false,Rx,0,8,B3,8A,00,00,33,FA,28,33,
0,00000288,false,Rx,0,8,2C,33,D5,00,00,75,58,53,
0,00000380,false,Rx,0,8,B0,7B,00,96,20,00,00,FE,
0,00000488,false,Rx,0,8,70,33,00,72,FE,FF,00,30,
0,00000280,false,Rx,0,8,B3,8A,00,00,33,FA,28,33,
0,00000288,false,Rx,0,8,64,33,D5,00,00,75,58,53,
0,00000380,false,Rx,0,8,B0,7C,00,96,20,00,00,FE,
0,00000488,false,Rx,0,8,00,33,00,72,FE,FF,00,40,
0,00000480,false,Rx,0,8,1C,2C,00,00,19,41,00,68,
0,00000284,false,Rx,0,6,03,03,00,00,00,00,00,00,
123000,00000588,false,Rx,0,8,0B,00,72,00,00,80,00,00,
0,00000280,false,Rx,0,8,B3,8A,00,00,33,FA,28,33,
0,00000288,false,Rx,0,8,64,33,D5,00,00,75,58,53,
0,00000380,false,Rx,0,8,B0,7C,00,96,20,00,00,FE,
131000,00000488,false,Rx,0,8,EF,33,00,72,FE,FF,FF,50,
0,00000280,false,Rx,0,8,B3,8A,00,00,33,FA,28,33,
0,00000288,false,Rx,0,8,64,33,D5,00,00,75,58,53,
0,00000380,false,Rx,0,8,B0,7C,00,96,20,00,00,FE,
0,00000488,false,Rx,0,8,DF,33,00,72,FE,FF,FF,60,
0,00000480,false,Rx,0,8,54,2C,00,00,19,41,00,20,
0,00000284,false,Rx,0,6,04,04,00,00,00,00,00,00,
144000,00000588,false,Rx,0,8,0B,00,72,00,00,80,00,00,
0,00000280,false,Rx,0,8,B3,8A,00,00,33,FA,28,33,
0,00000288,false,Rx,0,8,64,33,D5,00,00,75,58,53,
0,00000380,false,Rx,0,8,B0,7C,00,96,20,00,00,FE,
0,00000488,false,Rx,0,8,CF,33,00,72,FE,FF,FF,70,
156000,00000280,false,Rx,0,8,B3,8A,00,00,33,FA,28,33,
0,00000288,false,Rx,0,8,8A,33,D5,00,00,75,58,53,
0,00000380,false,Rx,0,8,B0,7C,00,96,20,00,00,FE,
0,00000488,false,Rx,0,8,3F,33,00,72,FE,FF,FF,80,
0,00000480,false,Rx,0,8,54,2C,00,00,19,41,00,20,
0,00000284,false,Rx,0,6,05,05,00,00,00,00,00,00,
0,00000588,false,Rx,0,8,0B,00,72,00,00,80,00,00,
0,00000280,false,Rx,0,8,B3,8A,00,00,33,FA,28,33,
0,00000288,false,Rx,0,8,8A,33,D5,00,00,75,58,53,
0,00000380,false,Rx,0,8,B0,7C,00,96,20,00,00,FE,
0,00000488,false,Rx,0,8,2F,33,00,72,FE,FF,FF,90,
0,00000280,false,Rx,0,8,B3,8A,00,00,33,FA,28,33,
0,00000288,false,Rx,0,8,8A,33,D5,00,00,75,58,53,
0,00000380,false,Rx,0,8,B0,7C,00,96,20,00,00,FE,
0,00000488,false,Rx,0,8,1F,33,00,72,FE,FF,FF,A0,
0,00000480,false,Rx,0,8,54,2C,00,00,19,41,00,20,
0,00000284,false,Rx,0,6,06,06,00,00,00,00,00,00,
180000,00000588,false,Rx,0,8,0B,00,72,00,00,80,00,00,
0,00000280,false,Rx,0,8,B3,8A,00,00,33,FA,28,33,
0,00000288,false,Rx,0,8,8A,33,D5,00,00,75,58,53,
0,00000380,false,Rx,0,8,B0,7C,00,96,20,00,00,FE,
0,00000488,false,Rx,0,8,0F,33,00,72,FE,FF,FF,B0,
0,00000280,false,Rx,0,8,B3,8A,00,00,33,FA,28,33,
0,00000288,false,Rx,0,8,E8,33,D5,00,00,75,58,53,
0,00000380,false,Rx,0,8,B0,7C,00,96,20,00,00,FE,
0,00000488,false,Rx,0,8,7F,33,00,72,FE,FF,FF,C0,
0,00000480,false,Rx,0,8,54,2C,00,00,19,41,00,20,
0,00000284,false,Rx,0,6,07,07,00,00,00,00,00,00,
0,00000588,false,Rx,0,8,0B,00,72,00,00,80,00,00,
0,00000280,false,Rx,0,8,B3,8A,00,00,33,FA,28,33,
0,00000288,false,Rx,0,8,E8,33,D5,00,00,75,58,53,
0,00000380,false,Rx,0,8,B0,7C,00,96,20,00,00,FE,
0,00000488,false,Rx,0,8,6F,33,00,72,FE,FF,FF,D0,
0,00000280,false,Rx,0,8,B3,8A,00,00,33,FA,28,33,
0,00000288,false,Rx,0,8,E8,33,D5,00,00,75,58,53,
0,00000380,false,Rx,0,8,B0,7C,00,96,20,00,00,FE,
0,00000488,false,Rx,0,8,5F,33,00,72,FE,FF,FF,E0,
0,00000480,false,Rx,0,8,84,2C,00,00,19,41,00,F0,
0,00000284,false,Rx,0,6,08,08,00,00,00,00,00,00,
0,00000588,false,Rx,0,8,0B,00,72,00,00,80,00,00,
0,00000280,false,Rx,0,8,B3,8A,00,00,33,FA,28,33,
0,00000288,false,Rx,0,8,E8,33,D5,00,00,75,58,53,
0,00000380,false,Rx,0,8,B0,7C,00,96,20,00,00,FE,
0,00000488,false,Rx,0,8,4F,33,00,72,FE,FF,FF,F0,
0,00000280,false,Rx,0,8,B3,8A,00,00,33,FA,28,33,
0,00000288,false,Rx,0,8,2C,33,D5,00,00,75,58,53,
0,00000380,false,Rx,0,8,B0,7C,00,96,20,00,00,FE,
0,00000488,false,Rx,0,8,40,33,00,72,FE,FF,00,00,
0,00000480,false,Rx,0,8,84,2C,00,00,19,41,00,F0,
0,00000284,false,Rx,0,6,09,09,00,00,00,00,00,00,
0,00000588,false,Rx,0,8,0B,00,72,00,00,80,00,00,
0,00000280,false,Rx,0,8,B3,8A,00,00,33,FA,28,33,
0,00000288,false,Rx,0,8,2C,33,D5,00,00,75,58,53,
0,00000380,false,Rx,0,8,B0,7C,00,96,20,00,00,FE,
0,00000488,false,Rx,0,8,AF,33,00,72,FE,FF,FF,10,
0,00000280,false,Rx,0,8,B3,8A,00,00,33,FA,28,33,
0,00000288,false,Rx,0,8,2C,33,D5,00,00,75,58,53,
0,00000380,false,Rx,0,8,B0,7C,00,96,20,00,00,FE,
0,00000488,false,Rx,0,8,60,33,00,72,FE,FF,00,20,
0,00000480,false,Rx,0,8,84,2C,00,00,19,41,00,F0,
0,00000284,false,Rx,0,6,0A,0A,00,00,00,00,00,00,
0,00000588,false,Rx,0,8,0B,00,72,00,00,80,00,00,
0,00000280,false,Rx,0,8,B3,8A,00,00,33,FA,28,33,
0,00000288,false,Rx,0,8,2C,33,D5,00,00,75,58,53,
0,00000380,false,Rx,0,8,B0,7C,00,96,20,00,00,FE,
0,00000488,false,Rx,0,8,70,33,00,72,FE,FF,00,30,
0,00000280,false,Rx,0,8,B3,8A,00,00,33,FA,28,33,
0,00000288,false,Rx,0,8,64,33,D5,00,00,75,58,53,
0,00000380,false,Rx,0,8,B0,7C,00,96,20,00,00,FE,
0,00000488,false,Rx,0,8,00,33,00,72,FE,FF,00,40,
0,00000480,false,Rx,0,8,84,2C,00,00,19,41,00,F0,
0,00000284,false,Rx,0,6,0B,0B,00,00,00,00,00,00,
0,00000588,false,Rx,0,8,0B,00,72,00,00,80,00,00,
0,00000280,false,Rx,0,8,B3,8A,00,00,33,FA,28,33,
0,00000288,false,Rx,0,8,64,33,D5,00,00,75,58,53,
0,00000380,false,Rx,0,8,B0,7C,00,96,20,00,00,FE,
0,00000488,false,Rx,0,8,EF,33,00,72,FE,FF,FF,50,
0,00000280,false,Rx,0,8,B3,8A,00,00,33,FA,28,33,
0,00000288,false,Rx,0,8,64,33,D5,00,00,75,58,53,
0,00000380,false,Rx,0,8,B0,7C,00,96,20,00,00,FE,
0,00000488,false,Rx,0,8,DF,33,00,72,FE,FF,FF,60,
0,00000480,false,Rx,0,8,C2,2C,00,00,19,41,00,B6,
0,00000284,false,Rx,0,6,0C,0C,00,00,00,00,00,00,
303000,00000588,false,Rx,0,8,0B,00,72,00,00,80,00,00,
0,00000280,false,Rx,0,8,B3,8A,00,00,33,FA,28,33,
0,00000288,false,Rx,0,8,64,33,D5,00,00,75,58,53,
0,00000380,false,Rx,0,8,B0,7C,00,96,20,00,00,FE,
311000,00000488,false,Rx,0,8,CF,33,00,72,FE,FF,FF,70,
0,00000280,false,Rx,0,8,B3,8A,00,00,33,FA,28,33,
0,00000288,false,Rx,0,8,8A,33,D5,00,00,75,58,53,
0,00000380,false,Rx,0,8,B0,7C,00,96,20,00,00,FE,
0,00000488,false,Rx,0,8,3F,33,00,72,FE,FF,FF,80,
0,00000480,false,Rx,0,8,C2,2C,00,00,19,41,00,B6,
0,00000284,false,Rx,0,6,0D,0D,00,00,00,00,00,00,
324000,00000588,false,Rx,0,8,0B,00,72,00,00,80,00,00,
0,00000280,false,Rx,0,8,B3,8A,00,00,33,FA,28,33,
0,00000288,false,Rx,0,8,8A,33,D5,00,00,75,58,53,
0,00000380,false,Rx,0,8,B0,7C,00,96,20,00,00,FE,
0,00000488,false,Rx,0,8,2F,33,00,72,FE,FF,FF,90,
0,00000280,false,Rx,0,8,B3,8A,00,00,33,FA,28,33,
0,00000288,false,Rx,0,8,8A,33,D5,00,00,75,58,53,
0,00000380,false,Rx,0,8,B0,7C,00,96,20,00,00,FE,
0,00000488,false,Rx,0,8,1F,33,00,72,FE,FF,FF,A0,
0,00000480,false,Rx,0,8,C2,2C,00,00,19,41,00,B6,
0,00000284,false,Rx,0,6,0E,0E,00,00,00,00,00,00,
344000,00000588,false,Rx,0,8,0B,00,72,00,00,80,00,00,
0,00000280,false,Rx,0,8,B3,8A,00,00,33,FA,28,33,
0,00000288,false,Rx,0,8,8A,33,D5,00,00,75,58,53,
0,00000380,false,Rx,0,8,B0,7C,00,96,20,00,00,FE,
0,00000488,false,Rx,0,8,0F,33,00,72,FE,FF,FF,B0,
0,00000280,false,Rx,0,8,B3,8A,00,00,33,FA,28,33,
0,00000288,false,Rx,0,8,E8,33,D5,00,00,75,58,53,
0,00000380,false,Rx,0,8,B0,7C,00,96,20,00,00,FE,
0,00000488,false,Rx,0,8,7F,33,00,72,FE,FF,FF,C0,
0,00000480,false,Rx,0,8,C2,2C,00,00,19,41,00,B6,
0,00000284,false,Rx,0,6,0F,0F,00,00,00,00,00,00,
361000,00000588,false,Rx,0,8,0B,00,72,00,00,80,00,00,
0,00000280,false,Rx,0,8,B3,8A,00,00,33,FA,28,33,
0,00000288,false,Rx,0,8,E8,33,D5,00,00,75,58,53,
0,00000380,false,Rx,0,8,B0,7C,00,96,20,00,00,FE,
0,00000488,false,Rx,0,8,6F,33,00,72,FE,FF,FF,D0,
373000,00000580,false,Rx,0,8,89,00,00,7F,00,F0,47,01,
0,00000280,false,Rx,0,8,B3,8A,00,00,33,FA,28,33,
0,00000288,false,Rx,0,8,E8,33,D5,00,00,75,58,53,
0,00000380,false,Rx,0,8,B0,7C,00,96,20,00,00,FE,
0,00000488,false,Rx,0,8,5F,33,00,72,FE,FF,FF,E0,
0,00000480,false,Rx,0,8,1C,2C,00,00,19,41,00,68,
0,00000284,false,Rx,0,6,00,00,00,00,00,00,00,00,
381000,00000588,false,Rx,0,8,0B,00,72,00,00,80,00,00,
0,00000280,false,Rx,0,8,B3,8A,00,00,33,FA,28,33,
0,00000288,false,Rx,0,8,E8,33,D5,00,00,75,58,53,
0,00000380,false,Rx,0,8,B0,7C,00,96,20,00,00,FE,
0,00000488,false,Rx,0,8,4F,33,00,72,FE,FF,FF,F0,
0,00000280,false,Rx,0,8,B3,8A,00,00,33,FA,28,33,
0,00000288,false,Rx,0,8,2C,33,D5,00,00,75,58,53,
0,00000380,false,Rx,0,8,B0,7C,00,96,20,00,00,FE,
0,00000488,false,Rx,0,8,40,33,00,72,FE,FF,00,00,
0,00000480,false,Rx,0,8,1C,2C,00,00,19,41,00,68,
0,00000284,false,Rx,0,6,01,01,00,00,00,00,00,00,
0,00000588,false,Rx,0,8,0B,00,72,00,00,80,00,00,
0,00000280,false,Rx,0,8,B3,8A,00,00,33,FA,28,33,
0,00000288,false,Rx,0,8,2C,33,D5,00,00,75,58,53,
0,00000380,false,Rx,0,8,B0,7C,00,96,20,00,00,FE,
0,00000488,false,Rx,0,8,AF,33,00,72,FE,FF,FF,10,
0,00000280,false,Rx,0,8,B3,8A,00,00,33,FA,28,33,
0,00000288,false,Rx,0,8,2C,33,D5,00,00,75,58,53,
0,00000380,false,Rx,0,8,B0,7C,00,96,20,00,00,FE,
0,00000488,false,Rx,0,8,60,33,00,72,FE,FF,00,20,
0,00000480,false,Rx,0,8,1C,2C,00,00,19,41,00,68,
0,00000284,false,Rx,0,6,02,02,00,00,00,00,00,00,
0,00000588,false,Rx,0,8,0B,00,72,00,00,80,00,00,
0,00000280,false,Rx,0,8,B3,8A,00,00,33,FA,28,33,
0,00000288,false,Rx,0,8,2C,33,D5,00,00,75,58,53,
0,00000380,false,Rx,0,8,B0,7C,00,96,20,00,00,FE,
0,00000488,false,Rx,0,8,70,33,00,72,FE,FF,00,30,
0,00000280,false,Rx,0,8,B3,8A,00,00,33,FA,28,33,
0,00000288,false,Rx,0,8,64,33,D5,00,00,75,58,53,
0,00000380,false,Rx,0,8,B0,7C,00,96,20,00,00,FE,
0,00000488,false,Rx,0,8,00,33,00,72,FE,FF,00,40,
0,00000480,false,Rx,0,8,1C,2C,00,00,19,41,00,68,
0,00000284,false,Rx,0,6,03,03,00,00,00,00,00,00,
0,00000588,false,Rx,0,8,0B,00,72,00,00,80,00,00,
0,00000280,false,Rx,0,8,B3,8A,00,00,33,FA,28,33,
0,00000288,false,Rx,0,8,64,33,D5,00,00,75,58,53,
0,00000380,false,Rx,0,8,B0,7C,00,96,20,00,00,FE,
0,00000488,false,Rx,0,8,EF,33,00,72,FE,FF,FF,50,
0,00000280,false,Rx,0,8,B3,8A,00,00,33,FA,28,33,
0,00000288,false,Rx,0,8,64,33,D5,00,00,75,58,53,
0,00000380,false,Rx,0,8,B0,7C,00,96,20,00,00,FE,
0,00000488,false,Rx,0,8,DF,33,00,72,FE,FF,FF,60,
0,00000480,false,Rx,0,8,54,2C,00,00,19,41,00,20,
0,00000284,false,Rx,0,6,04,04,00,00,00,00,00,00,
0,00000588,false,Rx,0,8,0B,00,72,00,00,80,00,00,
0,00000280,false,Rx,0,8,B3,8A,00,00,33,FA,28,33,
0,00000288,false,Rx,0,8,64,33,D5,00,00,75,58,53,
0,00000380,false,Rx,0,8,B0,7C,00,96,20,00,00,FE,
0,00000488,false,Rx,0,8,CF,33,00,72,FE,FF,FF,70,
0,00000280,false,Rx,0,8,B3,8A,00,00,33,FA,28,33,
0,00000288,false,Rx,0,8,8A,33,D5,00,00,75,58,53,
0,00000380,false,Rx,0,8,B0,7C,00,96,20,00,00,FE,
0,00000488,false,Rx,0,8,3F,33,00,72,FE,FF,FF,80,
0,00000480,false,Rx,0,8,54,2C,00,00,19,41,00,20,
0,00000284,false,Rx,0,6,05,05,00,00,00,00,00,00,
484000,00000588,false,Rx,0,8,0B,00,72,00,00,80,00,00,
0,00000280,false,Rx,0,8,B3,8A,00,00,33,FA,28,33,
0,00000288,false,Rx,0,8,8A,33,D5,00,00,75,58,53,
0,00000380,false,Rx,0,8,B0,7C,00,96,20,00,00,FE,
492000,00000488,false,Rx,0,8,2F,33,00,72,FE,FF,FF,90,
0,00000280,false,Rx,0,8,B3,8A,00,00,33,FA,28,33,
0,00000288,false,Rx,0,8,8A,33,D5,00,00,75,58,53,
0,00000380,false,Rx,0,8,B0,7C,00,96,20,00,00,FE,
0,00000488,false,Rx,0,8,1F,33,00,72,FE,FF,FF,A0,
0,00000480,false,Rx,0,8,54,2C,00,00,19,41,00,20,
0,00000284,false,Rx,0,6,06,06,00,00,00,00,00,00,
504000,00000588,false,Rx,0,8,0B,00,72,00,00,80,00,00,
0,00000280,false,Rx,0,8,B3,8A,00,00,33,FA,28,33,
0,00000288,false,Rx,0,8,8A,33,D5,00,00,75,58,53,
0,00000380,false,Rx,0,8,B0,7C,00,96,20,00,00,FE,
512000,00000488,false,Rx,0,8,0F,33,00,72,FE,FF,FF,B0,
0,00000280,false,Rx,0,8,B3,8A,00,00,33,FA,28,33,
0,00000288,false,Rx,0,8,E8,33,D5,00,00,75,58,53,
0,00000380,false,Rx,0,8,B0,7C,00,96,20,00,00,FE,
0,00000488,false,Rx,0,8,7F,33,00,72,FE,FF,FF,C0,
0,00000480,false,Rx,0,8,54,2C,00,00,19,41,00,20,
0,00000284,false,Rx,0,6,07,07,00,00,00,00,00,00,
524000,00000588,false,Rx,0,8,0B,00,72,00,00,80,00,00,
0,00000280,false,Rx,0,8,B3,8A,00,00,33,FA,28,33,
0,00000288,false,Rx,0,8,E8,33,D5,00,00,75,58,53,
0,00000380,false,Rx,0,8,B0,7C,00,96,20,00,00,FE,
0,00000488,false,Rx,0,8,6F,33,00,72,FE,FF,FF,D0,
0,00000280,false,Rx,0,8,B3,8A,00,00,33,FA,28,33,
0,00000288,false,Rx,0,8,E8,33,D5,00,00,75,58,53,
0,00000380,false,Rx,0,8,B0,7C,00,96,20,00,00,FE,
0,00000488,false,Rx,0,8,5F,33,00,72,FE,FF,FF,E0,
0,00000480,false,Rx,0,8,84,2C,00,00,19,41,00,F0,
0,00000284,false,Rx,0,6,08,08,00,00,00,00,00,00,
0,00000588,false,Rx,0,8,0B,00,72,00,00,80,00,00,
0,00000280,false,Rx,0,8,B3,8A,00,00,33,FA,28,33,
0,00000288,false,Rx,0,8,E8,33,D5,00,00,75,58,53,
0,00000380,false,Rx,0,8,B0,7C,00,96,20,00,00,FE,
0,00000488,false,Rx,0,8,4F,33,00,72,FE,FF,FF,F0,
0,00000280,false,Rx,0,8,B3,8A,00,00,33,FA,28,33,
0,00000288,false,Rx,0,8,2C,33,D5,00,00,75,58,53,
0,00000380,false,Rx,0,8,B0,7C,00,96,20,00,00,FE,
0,00000488,false,Rx,0,8,40,33,00,72,FE,FF,00,00,
0,00000480,false,Rx,0,8,84,2C,00,00,19,41,00,F0,
0,00000284,false,Rx,0,6,09,09,00,00,00,00,00,00,
561000,00000588,false,Rx,0,8,0B,00,72,00,00,80,00,00,
0,00000280,false,Rx,0,8,B3,8A,00,00,33,FA,28,33,
0,00000288,false,Rx,0,8,2C,33,D5,00,00,75,58,53,
0,00000380,false,Rx,0,8,B0,7C,00,96,20,00,00,FE,
0,00000488,false,Rx,0,8,AF,33,00,72,FE,FF,FF,10,
0,00000280,false,Rx,0,8,B3,8A,00,00,33,FA,28,33,
0,00000288,false,Rx,0,8,2C,33,D5,00,00,75,58,53,
0,00000380,false,Rx,0,8,B0,7C,00,96,20,00,00,FE,
0,00000488,false,Rx,0,8,60,33,00,72,FE,FF,00,20,
0,00000480,false,Rx,0,8,84,2C,00,00,19,41,00,F0,
0,00000284,false,Rx,0,6,0A,0A,00,00,00,00,00,00,
0,00000588,false,Rx,0,8,0B,00,72,00,00,80,00,00,
0,00000280,false,Rx,0,8,B3,8A,00,00,33,FA,28,33,
0,00000288,false,Rx,0,8,2C,33,D5,00,00,75,58,53,
0,00000380,false,Rx,0,8,B0,7C,00,96,20,00,00,FE,
0,00000488,false,Rx,0,8,70,33,00,72,FE,FF,00,30,
0,00000280,false,Rx,0,8,B3,8A,00,00,33,FA,28,33,
0,00000288,false,Rx,0,8,64,33,D5,00,00,75,58,53,
0,00000380,false,Rx,0,8,B0,7C,00,96,20,00,00,FE,
0,00000488,false,Rx,0,8,00,33,00,72,FE,FF,00,40,
0,00000480,false,Rx,0,8,84,2C,00,00,19,41,00,F0,
0,00000284,false,Rx,0,6,0B,0B,00,00,00,00,00,00,
0,00000588,false,Rx,0,8,0B,00,72,00,00,80,00,00,
0,00000280,false,Rx,0,8,B3,8A,00,00,33,FA,28,33,
0,00000288,false,Rx,0,8,64,33,D5,00,00,75,58,53,
0,00000380,false,Rx,0,8,B0,7C,00,96,20,00,00,FE,
0,00000488,false,Rx,0,8,EF,33,00,72,FE,FF,FF,50,
0,00000280,false,Rx,0,8,B3,8A,00,00,33,FA,28,33,
0,00000288,false,Rx,0,8,64,33,D5,00,00,75,58,53,
0,00000380,false,Rx,0,8,B0,7C,00,96,20,00,00,FE,
0,00000488,false,Rx,0,8,DF,33,00,72,FE,FF,FF,60,
0,00000480,false,Rx,0,8,C2,2C,00,00,19,41,00,B6,
0,00000284,false,Rx,0,6,0C,0C,00,00,00,00,00,00,
0,00000588,false,Rx,0,8,0B,00,72,00,00,80,00,00,
627000,00000280,false,Rx,0,8,B3,8A,00,00,33,FA,28,33,
0,00000288,false,Rx,0,8,64,33,D5,00,00,75,58,53,
0,00000380,false,Rx,0,8,B0,7C,00,96,20,00,00,FE,
0,00000488,false,Rx,0,8,CF,33,00,72,FE,FF,FF,70,
0,00000280,false,Rx,0,8,B3,8A,00,00,33,FA,28,33,
0,00000288,false,Rx,0,8,8A,33,D5,00,00,75,58,53,
0,00000380,false,Rx,0,8,B0,7C,00,96,20,00,00,FE,
0,00000488,false,Rx,0,8,3F,33,00,72,FE,FF,FF,80,
0,00000480,false,Rx,0,8,C2,2C,00,00,19,41,00,B6,
0,00000284,false,Rx,0,6,0D,0D,00,00,00,00,00,00,
0,00000588,false,Rx,0,8,0B,00,72,00,00,80,00,00,
0,00000280,false,Rx,0,8,B3,8A,00,00,33,FA,28,33,
0,00000288,false,Rx,0,8,8A,33,D5,00,00,75,58,53,
0,00000380,false,Rx,0,8,B0,7C,00,96,20,00,00,FE,
0,00000488,false,Rx,0,8,2F,33,00,72,FE,FF,FF,90,
0,00000280,false,Rx,0,8,B3,8A,00,00,33,FA,28,33,
0,00000288,false,Rx,0,8,8A,33,D5,00,00,75,58,53,
0,00000380,false,Rx,0,8,B0,7C,00,96,20,00,00,FE,
0,00000488,false,Rx,0,8,1F,33,00,72,FE,FF,FF,A0,
0,00000480,false,Rx,0,8,C2,2C,00,00,19,41,00,B6,
0,00000284,false,Rx,0,6,0E,0E,00,00,00,00,00,00,
664000,00000588,false,Rx,0,8,0B,00,72,00,00,80,00,00,
0,00000280,false,Rx,0,8,B3,8A,00,00,33,FA,28,33,
0,00000288,false,Rx,0,8,8A,33,D5,00,00,75,58,53,
0,00000380,false,Rx,0,8,B0,7C,00,96,20,00,00,FE,
0,00000488,false,Rx,0,8,0F,33,00,72,FE,FF,FF,B0,
0,00000280,false,Rx,0,8,B3,8A,00,00,33,FA,28,33,
0,00000288,false,Rx,0,8,E8,33,D5,00,00,75,58,53,
0,00000380,false,Rx,0,8,B0,7C,00,96,20,00,00,FE,
0,00000488,false,Rx,0,8,7F,33,00,72,FE,FF,FF,C0,
0,00000480,false,Rx,0,8,C2,2C,00,00,19,41,00,B6,
0,00000284,false,Rx,0,6,0F,0F,00,00,00,00,00,00,
684000,00000588,false,Rx,0,8,0B,00,72,00,00,80,00,00,
0,00000280,false,Rx,0,8,B3,8A,00,00,33,FA,28,33,
0,00000288,false,Rx,0,8,E8,33,D5,00,00,75,58,53,
0,00000380,false,Rx,0,8,B0,7C,00,96,20,00,00,FE,
692000,00000488,false,Rx,0,8,6F,33,00,72,FE,FF,FF,D0,
0,00000280,false,Rx,0,8,B3,8A,00,00,33,FA,28,33,
0,00000288,false,Rx,0,8,E8,33,D5,00,00,75,58,53,
0,00000380,false,Rx,0,8,B0,7C,00,96,20,00,00,FE,
0,00000488,false,Rx,0,8,5F,33,00,72,FE,FF,FF,E0,
0,00000480,false,Rx,0,8,1C,2C,00,00,19,41,00,68,
0,00000284,false,Rx,0,6,00,00,00,00,00,00,00,00,
705000,00000588,false,Rx,0,8,0B,00,72,00,00,80,00,00,
0,00000280,false,Rx,0,8,B3,8A,00,00,33,FA,28,33,
0,00000288,false,Rx,0,8,E8,33,D5,00,00,75,58,53,
0,00000380,false,Rx,0,8,B0,7C,00,96,20,00,00,FE,
0,00000488,false,Rx,0,8,4F,33,00,72,FE,FF,FF,F0,
717000,00000280,false,Rx,0,8,B3,8A,00,00,33,FA,28,33,
0,00000288,false,Rx,0,8,2C,33,D5,00,00,75,58,53,
0,00000380,false,Rx,0,8,B0,7D,00,96,20,00,00,FE,
0,00000488,false,Rx,0,8,40,33,00,72,FE,FF,00,00,
0,00000480,false,Rx,0,8,1C,2C,00,00,19,41,00,68,
0,00000284,false,Rx,0,6,01,01,00,00,00,00,00,00,
0,00000588,false,Rx,0,8,0B,00,72,00,00,80,00,00,
0,00000280,false,Rx,0,8,B3,8A,00,00,33,FA,28,33,
0,00000288,false,Rx,0,8,2C,33,D5,00,00,75,58,53,
0,00000380,false,Rx,0,8,B0,7D,00,96,20,00,00,FE,
0,00000488,false,Rx,0,8,AF,33,00,72,FE,FF,FF,10,
0,00000280,false,Rx,0,8,B3,8A,00,00,33,FA,28,33,
0,00000288,false,Rx,0,8,2C,33,D5,00,00,75,58,53,
0,00000380,false,Rx,0,8,B0,7D,00,96,20,00,00,FE,
0,00000488,false,Rx,0,8,60,33,00,72,FE,FF,00,20,
0,00000480,false,Rx,0,8,1C,2C,00,00,19,41,00,68,
0,00000284,false,Rx,0,6,02,02,00,00,00,00,00,00,
742000,00000588,false,Rx,0,8,0B,00,72,00,00,80,00,00,
0,00000280,false,Rx,0,8,B3,8A,00,00,33,FA,28,33,
0,00000288,false,Rx,0,8,2C,33,D5,00,00,75,58,53,
0,00000380,false,Rx,0,8,B0,7D,00,96,20,00,00,FE,
0,00000488,false,Rx,0,8,70,33,00,72,FE,FF,00,30,
0,00000280,false,Rx,0,8,B3,8A,00,00,33,FA,28,33,
0,00000288,false,Rx,0,8,64,33,D5,00,00,75,58,53,
0,00000380,false,Rx,0,8,B0,7D,00,96,20,00,00,FE,
0,00000488,false,Rx,0,8,00,33,00,72,FE,FF,00,40,
0,00000480,false,Rx,0,8,1C,2C,00,00,19,41,00,68,
0,00000284,false,Rx,0,6,03,03,00,00,00,00,00,00,
0,00000588,false,Rx,0,8,0B,00,72,00,00,80,00,00,
0,00000280,false,Rx,0,8,B3,8A,00,00,33,FA,28,33,
0,00000288,false,Rx,0,8,64,33,D5,00,00,75,58,53,
0,00000380,false,Rx,0,8,B0,7D,00,96,20,00,00,FE,
0,00000488,false,Rx,0,8,EF,33,00,72,FE,FF,FF,50,
0,00000280,false,Rx,0,8,B3,8A,00,00,33,FA,28,33,
0,00000288,false,Rx,0,8,64,33,D5,00,00,75,58,53,
0,00000380,false,Rx,0,8,B0,7D,00,96,20,00,00,FE,
0,00000488,false,Rx,0,8,DF,33,00,72,FE,FF,FF,60,
0,00000480,false,Rx,0,8,54,2C,00,00,19,41,00,20,
0,00000284,false,Rx,0,6,04,04,00,00,00,00,00,00,
0,00000588,false,Rx,0,8,0B,00,72,00,00,80,00,00,
0,00000280,false,Rx,0,8,B3,8A,00,00,33,FA,28,33,
0,00000288,false,Rx,0,8,64,33,D5,00,00,75,58,53,
0,00000380,false,Rx,0,8,B0,7D,00,96,20,00,00,FE,
0,00000488,false,Rx,0,8,CF,33,00,72,FE,FF,FF,70,
0,00000280,false,Rx,0,8,B3,8A,00,00,33,FA,28,33,
0,00000288,false,Rx,0,8,8A,33,D5,00,00,75,58,53,
0,00000380,false,Rx,0,8,B0,7D,00,96,20,00,00,FE,
0,00000488,false,Rx,0,8,3F,33,00,72,FE,FF,FF,80,
0,00000480,false,Rx,0,8,54,2C,00,00,19,41,00,20,
0,00000284,false,Rx,0,6,05,05,00,00,00,00,00,00,
0,00000588,false,Rx,0,8,0B,00,72,00,00,80,00,00,
0,00000280,false,Rx,0,8,B3,8A,00,00,33,FA,28,33,
0,00000288,false,Rx,0,8,8A,33,D5,00,00,75,58,53,
0,00000380,false,Rx,0,8,B0,7D,00,96,20,00,00,FE,
0,00000488,false,Rx,0,8,2F,33,00,72,FE,FF,FF,90,
0,00000280,false,Rx,0,8,B3,8A,00,00,33,FA,28,33,
0,00000288,false,Rx,0,8,8A,33,D5,00,00,75,58,53,
0,00000380,false,Rx,0,8,B0,7D,00,96,20,00,00,FE,
0,00000488,false,Rx,0,8,1F,33,00,72,FE,FF,FF,A0,
0,00000480,false,Rx,0,8,54,2C,00,00,19,41,00,20,
0,00000284,false,Rx,0,6,06,06,00,00,00,00,00,00,
0,00000588,false,Rx,0,8,0B,00,72,00,00,80,00,00,
0,00000280,false,Rx,0,8,B3,8A,00,00,33,FA,28,33,
0,00000288,false,Rx,0,8,8A,33,D5,00,00,75,58,53,
0,00000380,false,Rx,0,8,B0,7D,00,96,20,00,00,FE,
0,00000488,false,Rx,0,8,0F,33,00,72,FE,FF,FF,B0,
0,00000280,false,Rx,0,8,B3,8A,00,00,33,FA,28,33,
0,00000288,false,Rx,0,8,E8,33,D5,00,00,75,58,53,
0,00000380,false,Rx,0,8,B0,7D,00,96,20,00,00,FE,
0,00000488,false,Rx,0,8,7F,33,00,72,FE,FF,FF,C0,
0,00000480,false,Rx,0,8,54,2C,00,00,19,41,00,20,
0,00000284,false,Rx,0,6,07,07,00,00,00,00,00,00,
0,00000588,false,Rx,0,8,0B,00,72,00,00,80,00,00,
0,00000280,false,Rx,0,8,B3,8A,00,00,33,FA,28,33,
0,00000288,false,Rx,0,8,E8,33,D5,00,00,75,58,53,
0,00000380,false,Rx,0,8,B0,7D,00,96,20,00,00,FE,
0,00000488,false,Rx,0,8,6F,33,00,72,FE,FF,FF,D0,
0,00000280,false,Rx,0,8,B3,8A,00,00,33,FA,28,33,
0,00000288,false,Rx,0,8,E8,33,D5,00,00,75,58,53,
0,00000380,false,Rx,0,8,B0,7D,00,96,20,00,00,FE,
0,00000488,false,Rx,0,8,5F,33,00,72,FE,FF,FF,E0,
0,00000480,false,Rx,0,8,84,2C,00,00,19,41,00,F0,
0,00000284,false,Rx,0,6,08,08,00,00,00,00,00,00,
865000,00000588,false,Rx,0,8,0B,00,72,00,00,80,00,00,
0,00000280,false,Rx,0,8,B3,8A,00,00,33,FA,28,33,
0,00000288,false,Rx,0,8,E8,33,D5,00,00,75,58,53,
0,00000380,false,Rx,0,8,B0,7D,00,96,20,00,00,FE,
873000,00000488,false,Rx,0,8,4F,33,00,72,FE,FF,FF,F0,
0,00000280,false,Rx,0,8,B3,8A,00,00,33,FA,28,33,
0,00000288,false,Rx,0,8,2C,33,D5,00,00,75,58,53,
0,00000380,false,Rx,0,8,B0,7D,00,96,20,00,00,FE,
0,00000488,false,Rx,0,8,40,33,00,72,FE,FF,00,00,
0,00000480,false,Rx,0,8,84,2C,00,00,19,41,00,F0,
0,00000284,false,Rx,0,6,09,09,00,00,00,00,00,00,
885000,00000588,false,Rx,0,8,0B,00,72,00,00,80,00,00,
0,00000280,false,Rx,0,8,B3,8A,00,00,33,FA,28,33,
0,00000288,false,Rx,0,8,2C,33,D5,00,00,75,58,53,
0,00000380,false,Rx,0,8,B0,7D,00,96,20,00,00,FE,
0,00000488,false,Rx,0,8,AF,33,00,72,FE,FF,FF,10,
0,00000280,false,Rx,0,8,B3,8A,00,00,33,FA,28,33,
0,00000288,false,Rx,0,8,2C,33,D5,00,00,75,58,53,
0,00000380,false,Rx,0,8,B0,7D,00,96,20,00,00,FE,
0,00000488,false,Rx,0,8,60,33,00,72,FE,FF,00,20,
0,00000480,false,Rx,0,8,84,2C,00,00,19,41,00,F0,
0,00000284,false,Rx,0,6,0A,0A,00,00,00,00,00,00,
905000,00000588,false,Rx,0,8,0B,00,72,00,00,80,00,00,
0,00000280,false,Rx,0,8,B3,8A,00,00,33,FA,28,33,
0,00000288,false,Rx,0,8,2C,33,D5,00,00,75,58,53,
0,00000380,false,Rx,0,8,B0,7D,00,96,20,00,00,FE,
0,00000488,false,Rx,0,8,70,33,00,72,FE,FF,00,30,
0,00000280,false,Rx,0,8,B3,8A,00,00,33,FA,28,33,
0,00000288,false,Rx,0,8,64,33,D5,00,00,75,58,53,
0,00000380,false,Rx,0,8,B0,7D,00,96,20,00,00,FE,
0,00000488,false,Rx,0,8,00,33,00,72,FE,FF,00,40,
0,00000480,false,Rx,0,8,84,2C,00,00,19,41,00,F0,
0,00000284,false,Rx,0,6,0B,0B,00,00,00,00,00,00,
0,00000588,false,Rx,0,8,0B,00,72,00,00,80,00,00,
0,00000280,false,Rx,0,8,B3,8A,00,00,33,FA,28,33,
0,00000288,false,Rx,0,8,64,33,D5,00,00,75,58,53,
0,00000380,false,Rx,0,8,B0,7D,00,96,20,00,00,FE,
0,00000488,false,Rx,0,8,EF,33,00,72,FE,FF,FF,50,
0,00000280,false,Rx,0,8,B3,8A,00,00,33,FA,28,33,
0,00000288,false,Rx,0,8,64,33,D5,00,00,75,58,53,
0,00000380,false,Rx,0,8,B0,7D,00,96,20,00,00,FE,
0,00000488,false,Rx,0,8,DF,33,00,72,FE,FF,FF,60,
0,00000480,false,Rx,0,8,C2,2C,00,00,19,41,00,B6,
0,00000284,false,Rx,0,6,0C,0C,00,00,00,00,00,00,
942000,00000588,false,Rx,0,8,0B,00,72,00,00,80,00,00,
0,00000280,false,Rx,0,8,B3,8A,00,00,33,FA,28,33,
0,00000288,false,Rx,0,8,64,33,D5,00,00,75,58,53,
0,00000380,false,Rx,0,8,B0,7D,00,96,20,00,00,FE,
0,00000488,false,Rx,0,8,CF,33,00,72,FE,FF,FF,70,
0,00000280,false,Rx,0,8,B3,8A,00,00,33,FA,28,33,
0,00000288,false,Rx,0,8,8A,33,D5,00,00,75,58,53,
0,00000380,false,Rx,0,8,B0,7D,00,96,20,00,00,FE,
0,00000488,false,Rx,0,8,3F,33,00,72,FE,FF,FF,80,
0,00000480,false,Rx,0,8,C2,2C,00,00,19,41,00,B6,
0,00000284,false,Rx,0,6,0D,0D,00,00,00,00,00,00,
0,00000588,false,Rx,0,8,0B,00,72,00,00,80,00,00,
0,00000280,false,Rx,0,8,B3,8A,00,00,33,FA,28,33,
0,00000288,false,Rx,0,8,8A,33,D5,00,00,75,58,53,
0,00000380,false,Rx,0,8,B0,7D,00,96,20,00,00,FE,
0,00000488,false,Rx,0,8,2F,33,00,72,FE,FF,FF,90,
0,00000280,false,Rx,0,8,B3,8A,00,00,33,FA,28,33,
0,00000288,false,Rx,0,8,8A,33,D5,00,00,75,58,53,
0,00000380,false,Rx,0,8,B0,7D,00,96,20,00,00,FE,
0,00000488,false,Rx,0,8,1F,33,00,72,FE,FF,FF,A0,
0,00000480,false,Rx,0,8,C2,2C,00,00,19,41,00,B6,
0,00000284,false,Rx,0,6,0E,0E,00,00,00,00,00,00,
0,00000588,false,Rx,0,8,0B,00,72,00,00,80,00,00,
0,00000280,false,Rx,0,8,B3,8A,00,00,33,FA,28,33,
0,00000288,false,Rx,0,8,8A,33,D5,00,00,75,58,53,
0,00000380,false,Rx,0,8,B0,7D,00,96,20,00,00,FE,
0,00000488,false,Rx,0,8,0F,33,00,72,FE,FF,FF,B0,
0,00000280,false,Rx,0,8,B3,8A,00,00,33,FA,28,33,
0,00000288,false,Rx,0,8,E8,33,D5,00,00,75,58,53,
0,00000380,false,Rx,0,8,B0,7D,00,96,20,00,00,FE,
0,00000488,false,Rx,0,8,7F,33,00,72,FE,FF,FF,C0,
0,00000480,false,Rx,0,8,C2,2C,00,00,19,41,00,B6,
0,00000284,false,Rx,0,6,0F,0F,00,00,00,00,00,00,
0,00000588,false,Rx,0,8,0B,00,72,00,00,80,00,00,
0,00000280,false,Rx,0,8,B3,8A,00,00,33,FA,28,33,
0,00000288,false,Rx,0,8,E8,33,D5,00,00,75,58,53,
0,00000380,false,Rx,0,8,B0,7D,00,96,20,00,00,FE,
0,00000488,false,Rx,0,8,6F,33,00,72,FE,FF,FF,D0,
0,00000280,false,Rx,0,8,B3,8A,00,00,33,FA,28,33,
0,00000288,false,Rx,0,8,E8,33,D5,00,00,75,58,53,
0,00000380,false,Rx,0,8,B0,7D,00,96,20,00,00,FE,
0,00000488,false,Rx,0,8,5F,33,00,72,FE,FF,FF,E0,
0,00000480,false,Rx,0,8,1C,2C,00,00,19,41,00,68,
0,00000284,false,Rx,0,6,00,00,00,00,00,00,00,00,
0,00000588,false,Rx,0,8,0B,00,72,00,00,80,00,00,
0,00000280,false,Rx,0,8,B3,8A,00,00,33,FA,28,33,
0,00000288,false,Rx,0,8,E8,33,D5,00,00,75,58,53,
0,00000380,false,Rx,0,8,B0,7D,00,96,20,00,00,FE,
0,00000488,false,Rx,0,8,4F,33,00,72,FE,FF,FF,F0,
0,00000280,false,Rx,0,8,B3,8A,00,00,33,FA,28,33,
0,00000288,false,Rx,0,8,2C,33,D5,00,00,75,58,53,
0,00000380,false,Rx,0,8,B0,7D,00,96,20,00,00,FE,
0,00000488,false,Rx,0,8,40,33,00,72,FE,FF,00,00,
0,00000480,false,Rx,0,8,1C,2C,00,00,19,41,00,68,
0,00000284,false,Rx,0,6,01,01,00,00,00,00,00,00,
45000,00000588,false,Rx,0,8,0B,00,72,00,00,80,00,00,
0,00000280,false,Rx,0,8,B3,8A,00,00,33,FA,28,33,
0,00000288,false,Rx,0,8,2C,33,D5,00,00,75,58,53,
0,00000380,false,Rx,0,8,B0,7D,00,96,20,00,00,FE,
0,00000488,false,Rx,0,8,AF,33,00,72,FE,FF,FF,10,
0,00000280,false,Rx,0,8,B3,8A,00,00,33,FA,28,33,
0,00000288,false,Rx,0,8,2C,33,D5,00,00,75,58,53,
0,00000380,false,Rx,0,8,B0,7D,00,96,20,00,00,FE,
0,00000488,false,Rx,0,8,60,33,00,72,FE,FF,00,20,
0,00000480,false,Rx,0,8,1C,2C,00,00,19,41,00,68,
0,00000284,false,Rx,0,6,02,02,00,00,00,00,00,00,
65000,00000588,false,Rx,0,8,0B,00,72,00,00,80,00,00,
0,00000280,false,Rx,0,8,B3,8A,00,00,33,FA,28,33,
0,00000288,false,Rx,0,8,2C,33,D5,00,00,75,58,53,
0,00000380,false,Rx,0,8,B0,7D,00,96,20,00,00,FE,
73000,00000488,false,Rx,0,8,70,33,00,72,FE,FF,00,30,
0,00000280,false,Rx,0,8,B3,8A,00,00,33,FA,28,33,
0,00000288,false,Rx,0,8,64,33,D5,00,00,75,58,53,
0,00000380,false,Rx,0,8,B0,7D,00,96,20,00,00,FE,
0,00000488,false,Rx,0,8,00,33,00,72,FE,FF,00,40,
0,00000480,false,Rx,0,8,1C,2C,00,00,19,41,00,68,
0,00000284,false,Rx,0,6,03,03,00,00,00,00,00,00,
86000,00000588,false,Rx,0,8,0B,00,72,00,00,80,00,00,
0,00000280,false,Rx,0,8,B3,8A,00,00,33,FA,28,33,
0,00000288,false,Rx,0,8,64,33,D5,00,00,75,58,53,
0,00000380,false,Rx,0,8,B0,7D,00,96,20,00,00,FE,
0,00000488,false,Rx,0,8,EF,33,00,72,FE,FF,FF,50,
98000,00000280,false,Rx,0,8,B3,8A,00,00,33,FA,28,33,
0,00000288,false,Rx,0,8,64,33,D5,00,00,75,58,53,
0,00000380,false,Rx,0,8,B0,7D,00,96,20,00,00,FE,
0,00000488,false,Rx,0,8,DF,33,00,72,FE,FF,FF,60,
0,00000480,false,Rx,0,8,54,2C,00,00,19,41,00,20,
0,00000284,false,Rx,0,6,04,04,00,00,00,00,00,00,
0,00000588,false,Rx,0,8,0B,00,72,00,00,80,00,00,
0,00000280,false,Rx,0,8,B3,8A,00,00,33,FA,28,33,
0,00000288,false,Rx,0,8,64,33,D5,00,00,75,58,53,
0,00000380,false,Rx,0,8,B0,7D,00,96,20,00,00,FE,
0,00000488,false,Rx,0,8,CF,33,00,72,FE,FF,FF,70,
0,00000280,false,Rx,0,8,B3,8A,00,00,33,FA,28,33,
0,00000288,false,Rx,0,8,8A,33,D5,00,00,75,58,53,
0,00000380,false,Rx,0,8,B0,7D,00,96,20,00,00,FE,
0,00000488,false,Rx,0,8,3F,33,00,72,FE,FF,FF,80,
0,00000480,false,Rx,0,8,54,2C,00,00,19,41,00,20,
0,00000284,false,Rx,0,6,05,05,00,00,00,00,00,00,
122000,00000588,false,Rx,0,8,0B,00,72,00,00,80,00,00,
0,00000280,false,Rx,0,8,B3,8A,00,00,33,FA,28,33,
0,00000288,false,Rx,0,8,8A,33,D5,00,00,75,58,53,
0,00000380,false,Rx,0,8,B0,7D,00,96,20,00,00,FE,
0,00000488,false,Rx,0,8,2F,33,00,72,FE,FF,FF,90,
0,00000280,false,Rx,0,8,B3,8A,00,00,33,FA,28,33,
0,00000288,false,Rx,0,8,8A,33,D5,00,00,75,58,53,
0,00000380,false,Rx,0,8,B0,7D,00,96,20,00,00,FE,
0,00000488,false,Rx,0,8,1F,33,00,72,FE,FF,FF,A0,
0,00000480,false,Rx,0,8,54,2C,00,00,19,41,00,20,
0,00000284,false,Rx,0,6,06,06,00,00,00,00,00,00,
0,00000588,false,Rx,0,8,0B,00,72,00,00,80,00,00,
0,00000280,false,Rx,0,8,B3,8A,00,00,33,FA,28,33,
0,00000288,false,Rx,0,8,8A,33,D5,00,00,75,58,53,
0,00000380,false,Rx,0,8,B0,7D,00,96,20,00,00,FE,
0,00000488,false,Rx,0,8,0F,33,00,72,FE,FF,FF,B0,
0,00000280,false,Rx,0,8,B3,8A,00,00,33,FA,28,33,
0,00000288,false,Rx,0,8,E8,33,D5,00,00,75,58,53,
0,00000380,false,Rx,0,8,B0,7D,00,96,20,00,00,FE,
0,00000488,false,Rx,0,8,7F,33,00,72,FE,FF,FF,C0,
0,00000480,false,Rx,0,8,54,2C,00,00,19,41,00,20,
0,00000284,false,Rx,0,6,07,07,00,00,00,00,00,00,
0,00000588,false,Rx,0,8,0B,00,72,00,00,80,00,00,
0,00000280,false,Rx,0,8,B3,8A,00,00,33,FA,28,33,
0,00000288,false,Rx,0,8,E8,33,D5,00,00,75,58,53,
0,00000380,false,Rx,0,8,B0,7D,00,96,20,00,00,FE,
0,00000488,false,Rx,0,8,6F,33,00,72,FE,FF,FF,D0,
0,00000280,false,Rx,0,8,B3,8A,00,00,33,FA,28,33,
0,00000288,false,Rx,0,8,E8,33,D5,00,00,75,58,53,
0,00000380,false,Rx,0,8,B0,7D,00,96,20,00,00,FE,
0,00000488,false,Rx,0,8,5F,33,00,72,FE,FF,FF,E0,
0,00000480,false,Rx,0,8,84,2C,00,00,19,41,00,F0,
0,00000284,false,Rx,0,6,08,08,00,00,00,00,00,00,
0,00000588,false,Rx,0,8,0B,00,72,00,00,80,00,00,
0,00000280,false,Rx,0,8,B3,8A,00,00,33,FA,28,33,
0,00000288,false,Rx,0,8,E8,33,D5,00,00,75,58,53,
0,00000380,false,Rx,0,8,B0,7D,00,96,20,00,00,FE,
0,00000488,false,Rx,0,8,4F,33,00,72,FE,FF,FF,F0,
0,00000280,false,Rx,0,8,B3,8A,00,00,33,FA,28,33,
0,00000288,false,Rx,0,8,2C,33,D5,00,00,75,58,53,
0,00000380,false,Rx,0,8,B0,7D,00,96,20,00,00,FE,
0,00000488,false,Rx,0,8,40,33,00,72,FE,FF,00,00,
0,00000480,false,Rx,0,8,84,2C,00,00,19,41,00,F0,
0,00000284,false,Rx,0,6,09,09,00,00,00,00,00,00,
0,00000588,false,Rx,0,8,0B,00,72,00,00,80,00,00,
0,00000280,false,Rx,0,8,B3,8A,00,00,33,FA,28,33,
0,00000288,false,Rx,0,8,2C,33,D5,00,00,75,58,53,
0,00000380,false,Rx,0,8,B0,7D,00,96,20,00,00,FE,
0,00000488,false,Rx,0,8,AF,33,00,72,FE,FF,FF,10,
0,00000280,false,Rx,0,8,B3,8A,00,00,33,FA,28,33,
0,00000288,false,Rx,0,8,2C,33,D5,00,00,75,58,53,
0,00000380,false,Rx,0,8,B0,7D,00,96,20,00,00,FE,
0,00000488,false,Rx,0,8,60,33,00,72,FE,FF,00,20,
0,00000480,false,Rx,0,8,84,2C,00,00,19,41,00,F0,
0,00000284,false,Rx,0,6,0A,0A,00,00,00,00,00,00,
0,00000588,false,Rx,0,8,0B,00,72,00,00,80,00,00,
0,00000280,false,Rx,0,8,B3,8A,00,00,33,FA,28,33,
0,00000288,false,Rx,0,8,2C,33,D5,00,00,75,58,53,
0,00000380,false,Rx,0,8,B0,7D,00,96,20,00,00,FE,
0,00000488,false,Rx,0,8,70,33,00,72,FE,FF,00,30,
0,00000280,false,Rx,0,8,B3,8A,00,00,33,FA,28,33,
0,00000288,false,Rx,0,8,64,33,D5,00,00,75,58,53,
0,00000380,false,Rx,0,8,B0,7D,00,96,20,00,00,FE,
0,00000488,false,Rx,0,8,00,33,00,72,FE,FF,00,40,
0,00000480,false,Rx,0,8,84,2C,00,00,19,41,00,F0,
0,00000284,false,Rx,0,6,0B,0B,00,00,00,00,00,00,
245000,00000588,false,Rx,0,8,0B,00,72,00,00,80,00,00,
0,00000280,false,Rx,0,8,B3,8A,00,00,33,FA,28,33,
0,00000288,false,Rx,0,8,64,33,D5,00,00,75,58,53,
0,00000380,false,Rx,0,8,B0,7D,00,96,20,00,00,FE,
254000,00000488,false,Rx,0,8,EF,33,00,72,FE,FF,FF,50,
0,00000280,false,Rx,0,8,B3,8A,00,00,33,FA,28,33,
0,00000288,false,Rx,0,8,64,33,D5,00,00,75,58,53,
0,00000380,false,Rx,0,8,B0,7D,00,96,20,00,00,FE,
0,00000488,false,Rx,0,8,DF,33,00,72,FE,FF,FF,60,
0,00000480,false,Rx,0,8,C2,2C,00,00,19,41,00,B6,
0,00000284,false,Rx,0,6,0C,0C,00,00,00,00,00,00,
266000,00000588,false,Rx,0,8,0B,00,72,00,00,80,00,00,
0,00000280,false,Rx,0,8,B3,8A,00,00,33,FA,28,33,
0,00000288,false,Rx,0,8,64,33,D5,00,00,75,58,53,
0,00000380,false,Rx,0,8,B0,7D,00,96,20,00,00,FE,
0,00000488,false,Rx,0,8,CF,33,00,72,FE,FF,FF,70,
0,00000280,false,Rx,0,8,B3,8A,00,00,33,FA,28,33,
0,00000288,false,Rx,0,8,8A,33,D5,00,00,75,58,53,
0,00000380,false,Rx,0,8,B0,7D,00,96,20,00,00,FE,
0,00000488,false,Rx,0,8,3F,33,00,72,FE,FF,FF,80,
0,00000480,false,Rx,0,8,C2,2C,00,00,19,41,00,B6,
0,00000284,false,Rx,0,6,0D,0D,00,00,00,00,00,00,
286000,00000588,false,Rx,0,8,0B,00,72,00,00,80,00,00,
0,00000280,false,Rx,0,8,B3,8A,00,00,33,FA,28,33,
0,00000288,false,Rx,0,8,8A,33,D5,00,00,75,58,53,
0,00000380,false,Rx,0,8,B0,7D,00,96,20,00,00,FE,
0,00000488,false,Rx,0,8,2F,33,00,72,FE,FF,FF,90,
0,00000280,false,Rx,0,8,B3,8A,00,00,33,FA,28,33,
0,00000288,false,Rx,0,8,8A,33,D5,00,00,75,58,53,
0,00000380,false,Rx,0,8,B0,7D,00,96,20,00,00,FE,
0,00000488,false,Rx,0,8,1F,33,00,72,FE,FF,FF,A0,
0,00000480,false,Rx,0,8,C2,2C,00,00,19,41,00,B6,
0,00000284,false,Rx,0,6,0E,0E,00,00,00,00,00,00,
303000,00000588,false,Rx,0,8,0B,00,72,00,00,80,00,00,
0,00000280,false,Rx,0,8,B3,8A,00,00,33,FA,28,33,
0,00000288,false,Rx,0,8,8A,33,D5,00,00,75,58,53,
0,00000380,false,Rx,0,8,B0,7D,00,96,20,00,00,FE,
0,00000488,false,Rx,0,8,0F,33,00,72,FE,FF,FF,B0,
0,00000280,false,Rx,0,8,B3,8A,00,00,33,FA,28,33,
0,00000288,false,Rx,0,8,E8,33,D5,00,00,75,58,53,
0,00000380,false,Rx,0,8,B0,7D,00,96,20,00,00,FE,
0,00000488,false,Rx,0,8,7F,33,00,72,FE,FF,FF,C0,
0,00000480,false,Rx,0,8,C2,2C,00,00,19,41,00,B6,
0,00000284,false,Rx,0,6,0F,0F,00,00,00,00,00,00,
323000,00000588,false,Rx,0,8,0B,00,72,00,00,80,00,00,
0,00000280,false,Rx,0,8,B3,8A,00,00,33,FA,28,33,
0,00000288,false,Rx,0,8,E8,33,D5,00,00,75,58,53,
0,00000380,false,Rx,0,8,B0,7D,00,96,20,00,00,FE,
0,00000488,false,Rx,0,8,6F,33,00,72,FE,FF,FF,D0,
0,00000280,false,Rx,0,8,B3,8A,00,00,33,FA,28,33,
0,00000288,false,Rx,0,8,E8,33,D5,00,00,75,58,53,
0,00000380,false,Rx,0,8,B0,7D,00,96,20,00,00,FE,
0,00000488,false,Rx,0,8,5F,33,00,72,FE,FF,FF,E0,
0,00000480,false,Rx,0,8,1C,2C,00,00,19,41,00,68,
0,00000284,false,Rx,0,6,00,00,00,00,00,00,00,00,
0,00000588,false,Rx,0,8,0B,00,72,00,00,80,00,00,
0,00000280,false,Rx,0,8,B3,8A,00,00,33,FA,28,33,
0,00000288,false,Rx,0,8,E8,33,D5,00,00,75,58,53,
0,00000380,false,Rx,0,8,B0,7D,00,96,20,00,00,FE,
0,00000488,false,Rx,0,8,4F,33,00,72,FE,FF,FF,F0,
0,00000280,false,Rx,0,8,B3,8A,00,00,33,FA,28,33,
0,00000288,false,Rx,0,8,2C,33,D5,00,00,75,58,53,
0,00000380,false,Rx,0,8,B0,7D,00,96,20,00,00,FE,
0,00000488,false,Rx,0,8,40,33,00,72,FE,FF,00,00,
0,00000480,false,Rx,0,8,1C,2C,00,00,19,41,00,68,
0,00000284,false,Rx,0,6,01,01,00,00,00,00,00,00,
0,00000588,false,Rx,0,8,0B,00,72,00,00,80,00,00,
0,00000280,false,Rx,0,8,B3,8A,00,00,33,FA,28,33,
0,00000288,false,Rx,0,8,2C,33,D5,00,00,75,58,53,
0,00000380,false,Rx,0,8,B0,7D,00,96,20,00,00,FE,
0,00000488,false,Rx,0,8,AF,33,00,72,FE,FF,FF,10,
377000,00000580,false,Rx,0,8,8A,00,00,14,1C,93,48,14,
0,00000280,false,Rx,0,8,B3,8A,00,00,33,FA,28,33,
0,00000288,false,Rx,0,8,2C,33,D5,00,00,75,58,53,
0,00000380,false,Rx,0,8,B0,7D,00,96,20,00,00,FE,
0,00000488,false,Rx,0,8,60,33,00,72,FE,FF,00,20,
0,00000480,false,Rx,0,8,1C,2C,00,00,19,41,00,68,
0,00000284,false,Rx,0,6,02,02,00,00,00,00,00,00,
0,00000588,false,Rx,0,8,0B,00,72,00,00,80,00,00,
0,00000280,false,Rx,0,8,B3,8A,00,00,33,FA,28,33,
0,00000288,false,Rx,0,8,2C,33,D5,00,00,75,58,53,
0,00000380,false,Rx,0,8,B0,7D,00,96,20,00,00,FE,
0,00000488,false,Rx,0,8,70,33,00,72,FE,FF,00,30,
0,00000280,false,Rx,0,8,B3,8A,00,00,33,FA,28,33,
0,00000288,false,Rx,0,8,64,33,D5,00,00,75,58,53,
0,00000380,false,Rx,0,8,B0,7D,00,96,20,00,00,FE,
0,00000488,false,Rx,0,8,00,33,00,72,FE,FF,00,40,
0,00000480,false,Rx,0,8,1C,2C,00,00,19,41,00,68,
0,00000284,false,Rx,0,6,03,03,00,00,00,00,00,00,
0,00000588,false,Rx,0,8,0B,00,72,00,00,80,00,00,
0,00000280,false,Rx,0,8,B3,8A,00,00,33,FA,28,33,
0,00000288,false,Rx,0,8,64,33,D5,00,00,75,58,53,
0,00000380,false,Rx,0,8,B0,7D,00,96,20,00,00,FE,
0,00000488,false,Rx,0,8,EF,33,00,72,FE,FF,FF,50,
0,00000280,false,Rx,0,8,B3,8A,00,00,33,FA,28,33,
0,00000288,false,Rx,0,8,64,33,D5,00,00,75,58,53,
0,00000380,false,Rx,0,8,B0,7D,00,96,20,00,00,FE,
0,00000488,false,Rx,0,8,DF,33,00,72,FE,FF,FF,60,
0,00000480,false,Rx,0,8,54,2C,00,00,19,41,00,20,
0,00000284,false,Rx,0,6,04,04,00,00,00,00,00,00,
426000,00000588,false,Rx,0,8,0B,00,72,00,00,80,00,00,
0,00000280,false,Rx,0,8,B3,8A,00,00,33,FA,28,33,
0,00000288,false,Rx,0,8,64,33,D5,00,00,75,58,53,
0,00000380,false,Rx,0,8,B0,7D,00,96,20,00,00,FE,
434000,00000488,false,Rx,0,8,CF,33,00,72,FE,FF,FF,70,
0,00000280,false,Rx,0,8,B3,8A,00,00,33,FA,28,33,
0,00000288,false,Rx,0,8,8A,33,D5,00,00,75,58,53,
0,00000380,false,Rx,0,8,B0,7D,00,96,20,00,00,FE,
0,00000488,false,Rx,0,8,3F,33,00,72,FE,FF,FF,80,
0,00000480,false,Rx,0,8,54,2C,00,00,19,41,00,20,
0,00000284,false,Rx,0,6,05,05,00,00,00,00,00,00,
446000,00000588,false,Rx,0,8,0B,00,72,00,00,80,00,00,
0,00000280,false,Rx,0,8,B3,8A,00,00,33,FA,28,33,
0,00000288,false,Rx,0,8,8A,33,D5,00,00,75,58,53,
0,00000380,false,Rx,0,8,B0,7D,00,96,20,00,00,FE,
454000,00000488,false,Rx,0,8,2F,33,00,72,FE,FF,FF,90,
0,00000280,false,Rx,0,8,B3,8A,00,00,33,FA,28,33,
0,00000288,false,Rx,0,8,8A,33,D5,00,00,75,58,53,
0,00000380,false,Rx,0,8,B0,7D,00,96,20,00,00,FE,
0,00000488,false,Rx,0,8,1F,33,00,72,FE,FF,FF,A0,
0,00000480,false,Rx,0,8,54,2C,00,00,19,41,00,20,
0,00000284,false,Rx,0,6,06,06,00,00,00,00,00,00,
467000,00000588,false,Rx,0,8,0B,00,72,00,00,80,00,00,
0,00000280,false,Rx,0,8,B3,8A,00,00,33,FA,28,33,
0,00000288,false,Rx,0,8,8A,33,D5,00,00,75,58,53,
0,00000380,false,Rx,0,8,B0,7D,00,96,20,00,00,FE,
0,00000488,false,Rx,0,8,0F,33,00,72,FE,FF,FF,B0,
0,00000280,false,Rx,0,8,B3,8A,00,00,33,FA,28,33,
0,00000288,false,Rx,0,8,E8,33,D5,00,00,75,58,53,
0,00000380,false,Rx,0,8,B0,7D,00,96,20,00,00,FE,
0,00000488,false,Rx,0,8,7F,33,00,72,FE,FF,FF,C0,
0,00000480,false,Rx,0,8,54,2C,00,00,19,41,00,20,
0,00000284,false,Rx,0,6,07,07,00,00,00,00,00,00,
0,00000588,false,Rx,0,8,0B,00,72,00,00,80,00,00,
0,00000280,false,Rx,0,8,B3,8A,00,00,33,FA,28,33,
0,00000288,false,Rx,0,8,E8,33,D5,00,00,75,58,53,
0,00000380,false,Rx,0,8,B0,7D,00,96,20,00,00,FE,
0,00000488,false,Rx,0,8,6F,33,00,72,FE,FF,FF,D0,
0,00000280,false,Rx,0,8,B3,8A,00,00,33,FA,28,33,
0,00000288,false,Rx,0,8,E8,33,D5,00,00,75,58,53,
0,00000380,false,Rx,0,8,B0,7D,00,96,20,00,00,FE,
0,00000488,false,Rx,0,8,5F,33,00,72,FE,FF,FF,E0,
0,00000480,false,Rx,0,8,84,2C,00,00,19,41,00,F0,
0,00000284,false,Rx,0,6,08,08,00,00,00,00,00,00,
503000,00000588,false,Rx,0,8,0B,00,72,00,00,80,00,00,
0,00000280,false,Rx,0,8,B3,8A,00,00,33,FA,28,33,
0,00000288,false,Rx,0,8,E8,33,D5,00,00,75,58,53,
0,00000380,false,Rx,0,8,B0,7D,00,96,20,00,00,FE,
0,00000488,false,Rx,0,8,4F,33,00,72,FE,FF,FF,F0,
0,00000280,false,Rx,0,8,B3,8A,00,00,33,FA,28,33,
0,00000288,false,Rx,0,8,2C,33,D5,00,00,75,58,53,
0,00000380,false,Rx,0,8,B0,7E,00,96,20,00,00,FE,
0,00000488,false,Rx,0,8,40,33,00,72,FE,FF,00,00,
0,00000480,false,Rx,0,8,84,2C,00,00,19,41,00,F0,
0,00000284,false,Rx,0,6,09,09,00,00,00,00,00,00,
0,00000588,false,Rx,0,8,0B,00,72,00,00,80,00,00,
0,00000280,false,Rx,0,8,B3,8A,00,00,33,FA,28,33,
0,00000288,false,Rx,0,8,2C,33,D5,00,00,75,58,53,
0,00000380,false,Rx,0,8,B0,7E,00,96,20,00,00,FE,
0,00000488,false,Rx,0,8,AF,33,00,72,FE,FF,FF,10,
0,00000280,false,Rx,0,8,B3,8A,00,00,33,FA,28,33,
0,00000288,false,Rx,0,8,2C,33,D5,00,00,75,58,53,
0,00000380,false,Rx,0,8,B0,7E,00,96,20,00,00,FE,
0,00000488,false,Rx,0,8,60,33,00,72,FE,FF,00,20,
0,00000480,false,Rx,0,8,84,2C,00,00,19,41,00,F0,
0,00000284,false,Rx,0,6,0A,0A,00,00,00,00,00,00,
0,00000588,false,Rx,0,8,0B,00,72,00,00,80,00,00,
0,00000280,false,Rx,0,8,B3,8A,00,00,33,FA,28,33,
0,00000288,false,Rx,0,8,2C,33,D5,00,00,75,58,53,
0,00000380,false,Rx,0,8,B0,7E,00,96,20,00,00,FE,
0,00000488,false,Rx,0,8,70,33,00,72,FE,FF,00,30,
0,00000280,false,Rx,0,8,B3,8A,00,00,33,FA,28,33,
0,00000288,false,Rx,0,8,64,33,D5,00,00,75,58,53,
0,00000380,false,Rx,0,8,B0,7E,00,96,20,00,00,FE,
0,00000488,false,Rx,0,8,00,33,00,72,FE,FF,00,40,
0,00000480,false,Rx,0,8,84,2C,00,00,19,41,00,F0,
0,00000284,false,Rx,0,6,0B,0B,00,00,00,00,00,00,
0,00000588,false,Rx,0,8,0B,00,72,00,00,80,00,00,
569000,00000280,false,Rx,0,8,B3,8A,00,00,33,FA,28,33,
0,00000288,false,Rx,0,8,64,33,D5,00,00,75,58,53,
0,00000380,false,Rx,0,8,B0,7E,00,96,20,00,00,FE,
0,00000488,false,Rx,0,8,EF,33,00,72,FE,FF,FF,50,
0,00000280,false,Rx,0,8,B3,8A,00,00,33,FA,28,33,
0,00000288,false,Rx,0,8,64,33,D5,00,00,75,58,53,
0,00000380,false,Rx,0,8,B0,7E,00,96,20,00,00,FE,
0,00000488,false,Rx,0,8,DF,33,00,72,FE,FF,FF,60,
0,00000480,false,Rx,0,8,C2,2C,00,00,19,41,00,B6,
0,00000284,false,Rx,0,6,0C,0C,00,00,00,00,00,00,
0,00000588,false,Rx,0,8,0B,00,72,00,00,80,00,00,
0,00000280,false,Rx,0,8,B3,8A,00,00,33,FA,28,33,
0,00000288,false,Rx,0,8,64,33,D5,00,00,75,58,53,
0,00000380,false,Rx,0,8,B0,7E,00,96,20,00,00,FE,
0,00000488,false,Rx,0,8,CF,33,00,72,FE,FF,FF,70,
0,00000280,false,Rx,0,8,B3,8A,00,00,33,FA,28,33,
0,00000288,false,Rx,0,8,8A,33,D5,00,00,75,58,53,
0,00000380,false,Rx,0,8,B0,7E,00,96,20,00,00,FE,
0,00000488,false,Rx,0,8,3F,33,00,72,FE,FF,FF,80,
0,00000480,false,Rx,0,8,C2,2C,00,00,19,41,00,B6,
0,00000284,false,Rx,0,6,0D,0D,00,00,00,00,00,00,
0,00000588,false,Rx,0,8,0B,00,72,00,00,80,00,00,
0,00000280,false,Rx,0,8,B3,8A,00,00,33,FA,28,33,
0,00000288,false,Rx,0,8,8A,33,D5,00,00,75,58,53,
0,00000380,false,Rx,0,8,B0,7E,00,96,20,00,00,FE,
0,00000488,false,Rx,0,8,2F,33,00,72,FE,FF,FF,90,
0,00000280,false,Rx,0,8,B3,8A,00,00,33,FA,28,33,
0,00000288,false,Rx,0,8,8A,33,D5,00,00,75,58,53,
0,00000380,false,Rx,0,8,B0,7E,00,96,20,00,00,FE,
0,00000488,false,Rx,0,8,1F,33,00,72,FE,FF,FF,A0,
0,00000480,false,Rx,0,8,C2,2C,00,00,19,41,00,B6,
0,00000284,false,Rx,0,6,0E,0E,00,00,00,00,00,00,
626000,00000588,false,Rx,0,8,0B,00,72,00,00,80,00,00,
0,00000280,false,Rx,0,8,B3,8A,00,00,33,FA,28,33,
0,00000288,false,Rx,0,8,8A,33,D5,00,00,75,58,53,
0,00000380,false,Rx,0,8,B0,7E,00,96,20,00,00,FE,
635000,00000488,false,Rx,0,8,0F,33,00,72,FE,FF,FF,B0,
0,00000280,false,Rx,0,8,B3,8A,00,00,33,FA,28,33,
0,00000288,false,Rx,0,8,E8,33,D5,00,00,75,58,53,
0,00000380,false,Rx,0,8,B0,7E,00,96,20,00,00,FE,
0,00000488,false,Rx,0,8,7F,33,00,72,FE,FF,FF,C0,
0,00000480,false,Rx,0,8,C2,2C,00,00,19,41,00,B6,
0,00000284,false,Rx,0,6,0F,0F,00,00,00,00,00,00,
647000,00000588,false,Rx,0,8,0B,00,72,00,00,80,00,00,
0,00000280,false,Rx,0,8,B3,8A,00,00,33,FA,28,33,
0,00000288,false,Rx,0,8,E8,33,D5,00,00,75,58,53,
0,00000380,false,Rx,0,8,B0,7E,00,96,20,00,00,FE,
0,00000488,false,Rx,0,8,6F,33,00,72,FE,FF,FF,D0,
0,00000280,false,Rx,0,8,B3,8A,00,00,33,FA,28,33,
0,00000288,false,Rx,0,8,E8,33,D5,00,00,75,58,53,
0,00000380,false,Rx,0,8,B0,7E,00,96,20,00,00,FE,
0,00000488,false,Rx,0,8,5F,33,00,72,FE,FF,FF,E0,
0,00000480,false,Rx,0,8,1C,2C,00,00,19,41,00,68,
0,00000284,false,Rx,0,6,00,00,00,00,00,00,00,00,
0,00000588,false,Rx,0,8,0B,00,72,00,00,80,00,00,
0,00000280,false,Rx,0,8,B3,8A,00,00,33,FA,28,33,
0,00000288,false,Rx,0,8,E8,33,D5,00,00,75,58,53,
0,00000380,false,Rx,0,8,B0,7E,00,96,20,00,00,FE,
0,00000488,false,Rx,0,8,4F,33,00,72,FE,FF,FF,F0,
0,00000280,false,Rx,0,8,B3,8A,00,00,33,FA,28,33,
0,00000288,false,Rx,0,8,2C,33,D5,00,00,75,58,53,
0,00000380,false,Rx,0,8,B0,7E,00,96,20,00,00,FE,
0,00000488,false,Rx,0,8,40,33,00,72,FE,FF,00,00,
0,00000480,false,Rx,0,8,1C,2C,00,00,19,41,00,68,
0,00000284,false,Rx,0,6,01,01,00,00,00,00,00,00,
684000,00000588,false,Rx,0,8,0B,00,72,00,00,80,00,00,
0,00000280,false,Rx,0,8,B3,8A,00,00,33,FA,28,33,
0,00000288,false,Rx,0,8,2C,33,D5,00,00,75,58,53,
0,00000380,false,Rx,0,8,B0,7E,00,96,20,00,00,FE,
0,00000488,false,Rx,0,8,AF,33,00,72,FE,FF,FF,10,
0,00000280,false,Rx,0,8,B3,8A,00,00,33,FA,28,33,
0,00000288,false,Rx,0,8,2C,33,D5,00,00,75,58,53,
0,00000380,false,Rx,0,8,B0,7E,00,96,20,00,00,FE,
0,00000488,false,Rx,0,8,60,33,00,72,FE,FF,00,20,
0,00000480,false,Rx,0,8,1C,2C,00,00,19,41,00,68,
0,00000284,false,Rx,0,6,02,02,00,00,00,00,00,00,
0,00000588,false,Rx,0,8,0B,00,72,00,00,80,00,00,
0,00000280,false,Rx,0,8,B3,8A,00,00,33,FA,28,33,
0,00000288,false,Rx,0,8,2C,33,D5,00,00,75,58,53,
0,00000380,false,Rx,0,8,B0,7E,00,96,20,00,00,FE,
0,00000488,false,Rx,0,8,70,33,00,72,FE,FF,00,30,
0,00000280,false,Rx,0,8,B3,8A,00,00,33,FA,28,33,
0,00000288,false,Rx,0,8,64,33,D5,00,00,75,58,53,
0,00000380,false,Rx,0,8,B0,7E,00,96,20,00,00,FE,
0,00000488,false,Rx,0,8,00,33,00,72,FE,FF,00,40,
0,00000480,false,Rx,0,8,1C,2C,00,00,19,41,00,68,
0,00000284,false,Rx,0,6,03,03,00,00,00,00,00,00,
0,00000588,false,Rx,0,8,0B,00,72,00,00,80,00,00,
0,00000280,false,Rx,0,8,B3,8A,00,00,33,FA,28,33,
0,00000288,false,Rx,0,8,64,33,D5,00,00,75,58,53,
0,00000380,false,Rx,0,8,B0,7E,00,96,20,00,00,FE,
0,00000488,false,Rx,0,8,EF,33,00,72,FE,FF,FF,50,
0,00000280,false,Rx,0,8,B3,8A,00,00,33,FA,28,33,
0,00000288,false,Rx,0,8,64,33,D5,00,00,75,58,53,
0,00000380,false,Rx,0,8,B0,7E,00,96,20,00,00,FE,
0,00000488,false,Rx,0,8,DF,33,00,72,FE,FF,FF,60,
0,00000480,false,Rx,0,8,54,2C,00,00,19,41,00,20,
0,00000284,false,Rx,0,6,04,04,00,00,00,00,00,00,
0,00000588,false,Rx,0,8,0B,00,72,00,00,80,00,00,
0,00000280,false,Rx,0,8,B3,8A,00,00,33,FA,28,33,
0,00000288,false,Rx,0,8,64,33,D5,00,00,75,58,53,
0,00000380,false,Rx,0,8,B0,7E,00,96,20,00,00,FE,
0,00000488,false,Rx,0,8,CF,33,00,72,FE,FF,FF,70,
0,00000280,false,Rx,0,8,B3,8A,00,00,33,FA,28,33,
0,00000288,false,Rx,0,8,8A,33,D5,00,00,75,58,53,
0,00000380,false,Rx,0,8,B0,7E,00,96,20,00,00,FE,
0,00000488,false,Rx,0,8,3F,33,00,72,FE,FF,FF,80,
0,00000480,false,Rx,0,8,54,2C,00,00,19,41,00,20,
0,00000284,false,Rx,0,6,05,05,00,00,00,00,00,00,
0,00000588,false,Rx,0,8,0B,00,72,00,00,80,00,00,
0,00000280,false,Rx,0,8,B3,8A,00,00,33,FA,28,33,
0,00000288,false,Rx,0,8,8A,33,D5,00,00,75,58,53,
0,00000380,false,Rx,0,8,B0,7E,00,96,20,00,00,FE,
0,00000488,false,Rx,0,8,2F,33,00,72,FE,FF,FF,90,
0,00000280,false,Rx,0,8,B3,8A,00,00,33,FA,28,33,
0,00000288,false,Rx,0,8,8A,33,D5,00,00,75,58,53,
0,00000380,false,Rx,0,8,B0,7E,00,96,20,00,00,FE,
0,00000488,false,Rx,0,8,1F,33,00,72,FE,FF,FF,A0,
0,00000480,false,Rx,0,8,54,2C,00,00,19,41,00,20,
0,00000284,false,Rx,0,6,06,06,00,00,00,00,00,00,
0,00000588,false,Rx,0,8,0B,00,72,00,00,80,00,00,
0,00000280,false,Rx,0,8,B3,8A,00,00,33,FA,28,33,
0,00000288,false,Rx,0,8,8A,33,D5,00,00,75,58,53,
0,00000380,false,Rx,0,8,B0,7E,00,96,20,00,00,FE,
0,00000488,false,Rx,0,8,0F,33,00,72,FE,FF,FF,B0,
0,00000280,false,Rx,0,8,B3,8A,00,00,33,FA,28,33,
0,00000288,false,Rx,0,8,E8,33,D5,00,00,75,58,53,
0,00000380,false,Rx,0,8,B0,7E,00,96,20,00,00,FE,
0,00000488,false,Rx,0,8,7F,33,00,72,FE,FF,FF,C0,
0,00000480,false,Rx,0,8,54,2C,00,00,19,41,00,20,
0,00000284,false,Rx,0,6,07,07,00,00,00,00,00,00,
807000,00000588,false,Rx,0,8,0B,00,72,00,00,80,00,00,
0,00000280,false,Rx,0,8,B3,8A,00,00,33,FA,28,33,
0,00000288,false,Rx,0,8,E8,33,D5,00,00,75,58,53,
0,00000380,false,Rx,0,8,B0,7E,00,96,20,00,00,FE,
815000,00000488,false,Rx,0,8,6F,33,00,72,FE,FF,FF,D0,
0,00000280,false,Rx,0,8,B3,8A,00,00,33,FA,28,33,
0,00000288,false,Rx,0,8,E8,33,D5,00,00,75,58,53,
0,00000380,false,Rx,0,8,B0,7E,00,96,20,00,00,FE,
0,00000488,false,Rx,0,8,5F,33,00,72,FE,FF,FF,E0,
0,00000480,false,Rx,0,8,84,2C,00,00,19,41,00,F0,
0,00000284,false,Rx,0,6,08,08,00,00,00,00,00,00,
827000,00000588,false,Rx,0,8,0B,00,72,00,00,80,00,00,
0,00000280,false,Rx,0,8,B3,8A,00,00,33,FA,28,33,
0,00000288,false,Rx,0,8,E8,33,D5,00,00,75,58,53,
0,00000380,false,Rx,0,8,B0,7E,00,96,20,00,00,FE,
835000,00000488,false,Rx,0,8,4F,33,00,72,FE,FF,FF,F0,
0,00000280,false,Rx,0,8,B3,8A,00,00,33,FA,28,33,
0,00000288,false,Rx,0,8,2C,33,D5,00,00,75,58,53,
0,00000380,false,Rx,0,8,B0,7E,00,96,20,00,00,FE,
0,00000488,false,Rx,0,8,40,33,00,72,FE,FF,00,00,
0,00000480,false,Rx,0,8,84,2C,00,00,19,41,00,F0,
0,00000284,false,Rx,0,6,09,09,00,00,00,00,00,00,
847000,00000588,false,Rx,0,8,0B,00,72,00,00,80,00,00,
0,00000280,false,Rx,0,8,B3,8A,00,00,33,FA,28,33,
0,00000288,false,Rx,0,8,2C,33,D5,00,00,75,58,53,
0,00000380,false,Rx,0,8,B0,7E,00,96,20,00,00,FE,
0,00000488,false,Rx,0,8,AF,33,00,72,FE,FF,FF,10,
0,00000280,false,Rx,0,8,B3,8A,00,00,33,FA,28,33,
0,00000288,false,Rx,0,8,2C,33,D5,00,00,75,58,53,
0,00000380,false,Rx,0,8,B0,7E,00,96,20,00,00,FE,
0,00000488,false,Rx,0,8,60,33,00,72,FE,FF,00,20,
0,00000480,false,Rx,0,8,84,2C,00,00,19,41,00,F0,
0,00000284,false,Rx,0,6,0A,0A,00,00,00,00,00,00,
0,00000588,false,Rx,0,8,0B,00,72,00,00,80,00,00,
0,00000280,false,Rx,0,8,B3,8A,00,00,33,FA,28,33,
0,00000288,false,Rx,0,8,2C,33,D5,00,00,75,58,53,
0,00000380,false,Rx,0,8,B0,7E,00,96,20,00,00,FE,
0,00000488,false,Rx,0,8,70,33,00,72,FE,FF,00,30,
0,00000280,false,Rx,0,8,B3,8A,00,00,33,FA,28,33,
0,00000288,false,Rx,0,8,64,33,D5,00,00,75,58,53,
0,00000380,false,Rx,0,8,B0,7E,00,96,20,00,00,FE,
0,00000488,false,Rx,0,8,00,33,00,72,FE,FF,00,40,
0,00000480,false,Rx,0,8,84,2C,00,00,19,41,00,F0,
0,00000284,false,Rx,0,6,0B,0B,00,00,00,00,00,00,
884000,00000588,false,Rx,0,8,0B,00,72,00,00,80,00,00,
0,00000280,false,Rx,0,8,B3,8A,00,00,33,FA,28,33,
0,00000288,false,Rx,0,8,64,33,D5,00,00,75,58,53,
0,00000380,false,Rx,0,8,B0,7E,00,96,20,00,00,FE,
0,00000488,false,Rx,0,8,EF,33,00,72,FE,FF,FF,50,
0,00000280,false,Rx,0,8,B3,8A,00,00,33,FA,28,33,
0,00000288,false,Rx,0,8,64,33,D5,00,00,75,58,53,
0,00000380,false,Rx,0,8,B0,7E,00,96,20,00,00,FE,
0,00000488,false,Rx,0,8,DF,33,00,72,FE,FF,FF,60,
0,00000480,false,Rx,0,8,C2,2C,00,00,19,41,00,B6,
0,00000284,false,Rx,0,6,0C,0C,00,00,00,00,00,00,
0,00000588,false,Rx,0,8,0B,00,72,00,00,80,00,00,
0,00000280,false,Rx,0,8,B3,8A,00,00,33,FA,28,33,
0,00000288,false,Rx,0,8,64,33,D5,00,00,75,58,53,
0,00000380,false,Rx,0,8,B0,7E,00,96,20,00,00,FE,
0,00000488,false,Rx,0,8,CF,33,00,72,FE,FF,FF,70,
0,00000280,false,Rx,0,8,B3,8A,00,00,33,FA,28,33,
0,00000288,false,Rx,0,8,8A,33,D5,00,00,75,58,53,
0,00000380,false,Rx,0,8,B0,7E,00,96,20,00,00,FE,
0,00000488,false,Rx,0,8,3F,33,00,72,FE,FF,FF,80,
0,00000480,false,Rx,0,8,C2,2C,00,00,19,41,00,B6,
0,00000284,false,Rx,0,6,0D,0D,00,00,00,00,00,00,
0,00000588,false,Rx,0,8,0B,00,72,00,00,80,00,00,
0,00000280,false,Rx,0,8,B3,8A,00,00,33,FA,28,33,
0,00000288,false,Rx,0,8,8A,33,D5,00,00,75,58,53,
0,00000380,false,Rx,0,8,B0,7E,00,96,20,00,00,FE,
0,00000488,false,Rx,0,8,2F,33,00,72,FE,FF,FF,90,
0,00000280,false,Rx,0,8,B3,8A,00,00,33,FA,28,33,
0,00000288,false,Rx,0,8,8A,33,D5,00,00,75,58,53,
0,00000380,false,Rx,0,8,B0,7E,00,96,20,00,00,FE,
0,00000488,false,Rx,0,8,1F,33,00,72,FE,FF,FF,A0,
0,00000480,false,Rx,0,8,C2,2C,00,00,19,41,00,B6,
0,00000284,false,Rx,0,6,0E,0E,00,00,00,00,00,00,
0,00000588,false,Rx,0,8,0B,00,72,00,00,80,00,00,
0,00000280,false,Rx,0,8,B3,8A,00,00,33,FA,28,33,
0,00000288,false,Rx,0,8,8A,33,D5,00,00,75,58,53,
0,00000380,false,Rx,0,8,B0,7E,00,96,20,00,00,FE,
0,00000488,false,Rx,0,8,0F,33,00,72,FE,FF,FF,B0,
0,00000280,false,Rx,0,8,B3,8A,00,00,33,FA,28,33,
0,00000288,false,Rx,0,8,E8,33,D5,00,00,75,58,53,
0,00000380,false,Rx,0,8,B0,7E,00,96,20,00,00,FE,
0,00000488,false,Rx,0,8,7F,33,00,72,FE,FF,FF,C0,
0,00000480,false,Rx,0,8,C2,2C,00,00,19,41,00,B6,
0,00000284,false,Rx,0,6,0F,0F,00,00,00,00,00,00,
0,00000588,false,Rx,0,8,0B,00,72,00,00,80,00,00,
0,00000280,false,Rx,0,8,B3,8A,00,00,33,FA,28,33,
0,00000288,false,Rx,0,8,E8,33,D5,00,00,75,58,53,
0,00000380,false,Rx,0,8,B0,7E,00,96,20,00,00,FE,
0,00000488,false,Rx,0,8,6F,33,00,72,FE,FF,FF,D0,
0,00000280,false,Rx,0,8,B3,8A,00,00,33,FA,28,33,
0,00000288,false,Rx,0,8,E8,33,D5,00,00,75,58,53,
0,00000380,false,Rx,0,8,B0,7E,00,96,20,00,00,FE,
0,00000488,false,Rx,0,8,5F,33,00,72,FE,FF,FF,E0,
0,00000480,false,Rx,0,8,1C,2C,00,00,19,41,00,68,
0,00000284,false,Rx,0,6,00,00,00,00,00,00,00,00,
987000,00000588,false,Rx,0,8,0B,00,72,00,00,80,00,00,
0,00000280,false,Rx,0,8,B3,8A,00,00,33,FA,28,33,
0,00000288,false,Rx,0,8,E8,33,D5,00,00,75,58,53,
0,00000380,false,Rx,0,8,B0,7E,00,96,20,00,00,FE,
0,00000488,false,Rx,0,8,4F,33,00,72,FE,FF,FF,F0,
0,00000280,false,Rx,0,8,B3,8A,00,00,33,FA,28,33,
0,00000288,false,Rx,0,8,2C,33,D5,00,00,75,58,53,
0,00000380,false,Rx,0,8,B0,7E,00,96,20,00,00,FE,
0,00000488,false,Rx,0,8,40,33,00,72,FE,FF,00,00,
0,00000480,false,Rx,0,8,1C,2C,00,00,19,41,00,68,
0,00000284,false,Rx,0,6,01,01,00,00,00,00,00,00,
7000,00000588,false,Rx,0,8,0B,00,72,00,00,80,00,00,
0,00000280,false,Rx,0,8,B3,8A,00,00,33,FA,28,33,
0,00000288,false,Rx,0,8,2C,33,D5,00,00,75,58,53,
0,00000380,false,Rx,0,8,B0,7E,00,96,20,00,00,FE,
15000,00000488,false,Rx,0,8,AF,33,00,72,FE,FF,FF,10,
0,00000280,false,Rx,0,8,B3,8A,00,00,33,FA,28,33,
0,00000288,false,Rx,0,8,2C,33,D5,00,00,75,58,53,
0,00000380,false,Rx,0,8,B0,7E,00,96,20,00,00,FE,
0,00000488,false,Rx,0,8,60,33,00,72,FE,FF,00,20,
0,00000480,false,Rx,0,8,1C,2C,00,00,19,41,00,68,
0,00000284,false,Rx,0,6,02,02,00,00,00,00,00,00,
28000,00000588,false,Rx,0,8,0B,00,72,00,00,80,00,00,
0,00000280,false,Rx,0,8,B3,8A,00,00,33,FA,28,33,
0,00000288,false,Rx,0,8,2C,33,D5,00,00,75,58,53,
0,00000380,false,Rx,0,8,B0,7E,00,96,20,00,00,FE,
0,00000488,false,Rx,0,8,70,33,00,72,FE,FF,00,30,
40000,00000280,false,Rx,0,8,B3,8A,00,00,33,FA,28,33,
0,00000288,false,Rx,0,8,64,33,D5,00,00,75,58,53,
0,00000380,false,Rx,0,8,B0,7E,00,96,20,00,00,FE,
0,00000488,false,Rx,0,8,00,33,00,72,FE,FF,00,40,
0,00000480,false,Rx,0,8,1C,2C,00,00,19,41,00,68,
0,00000284,false,Rx,0,6,03,03,00,00,00,00,00,00,
0,00000588,false,Rx,0,8,0B,00,72,00,00,80,00,00,
0,00000280,false,Rx,0,8,B3,8A,00,00,33,FA,28,33,
0,00000288,false,Rx,0,8,64,33,D5,00,00,75,58,53,
0,00000380,false,Rx,0,8,B0,7E,00,96,20,00,00,FE,
0,00000488,false,Rx,0,8,EF,33,00,72,FE,FF,FF,50,
0,00000280,false,Rx,0,8,B3,8A,00,00,33,FA,28,33,
0,00000288,false,Rx,0,8,64,33,D5,00,00,75,58,53,
0,00000380,false,Rx,0,8,B0,7E,00,96,20,00,00,FE,
0,00000488,false,Rx,0,8,DF,33,00,72,FE,FF,FF,60,
0,00000480,false,Rx,0,8,54,2C,00,00,19,41,00,20,
0,00000284,false,Rx,0,6,04,04,00,00,00,00,00,00,
65000,00000588,false,Rx,0,8,0B,00,72,00,00,80,00,00,
0,00000280,false,Rx,0,8,B3,8A,00,00,33,FA,28,33,
0,00000288,false,Rx,0,8,64,33,D5,00,00,75,58,53,
0,00000380,false,Rx,0,8,B0,7E,00,96,20,00,00,FE,
0,00000488,false,Rx,0,8,CF,33,00,72,FE,FF,FF,70,
0,00000280,false,Rx,0,8,B3,8A,00,00,33,FA,28,33,
0,00000288,false,Rx,0,8,8A,33,D5,00,00,75,58,53,
0,00000380,false,Rx,0,8,B0,7E,00,96,20,00,00,FE,
0,00000488,false,Rx,0,8,3F,33,00,72,FE,FF,FF,80,
0,00000480,false,Rx,0,8,54,2C,00,00,19,41,00,20,
0,00000284,false,Rx,0,6,05,05,00,00,00,00,00,00,
0,00000588,false,Rx,0,8,0B,00,72,00,00,80,00,00,
0,00000280,false,Rx,0,8,B3,8A,00,00,33,FA,28,33,
0,00000288,false,Rx,0,8,8A,33,D5,00,00,75,58,53,
0,00000380,false,Rx,0,8,B0,7E,00,96,20,00,00,FE,
0,00000488,false,Rx,0,8,2F,33,00,72,FE,FF,FF,90,
0,00000280,false,Rx,0,8,B3,8A,00,00,33,FA,28,33,
0,00000288,false,Rx,0,8,8A,33,D5,00,00,75,58,53,
0,00000380,false,Rx,0,8,B0,7E,00,96,20,00,00,FE,
0,00000488,false,Rx,0,8,1F,33,00,72,FE,FF,FF,A0,
0,00000480,false,Rx,0,8,54,2C,00,00,19,41,00,20,
0,00000284,false,Rx,0,6,06,06,00,00,00,00,00,00,
0,00000588,false,Rx,0,8,0B,00,72,00,00,80,00,00,
0,00000280,false,Rx,0,8,B3,8A,00,00,33,FA,28,33,
0,00000288,false,Rx,0,8,8A,33,D5,00,00,75,58,53,
0,00000380,false,Rx,0,8,B0,7E,00,96,20,00,00,FE,
0,00000488,false,Rx,0,8,0F,33,00,72,FE,FF,FF,B0,
0,00000280,false,Rx,0,8,B3,8A,00,00,33,FA,28,33,
0,00000288,false,Rx,0,8,E8,33,D5,00,00,75,58,53,
0,00000380,false,Rx,0,8,B0,7E,00,96,20,00,00,FE,
0,00000488,false,Rx,0,8,7F,33,00,72,FE,FF,FF,C0,
0,00000480,false,Rx,0,8,54,2C,00,00,19,41,00,20,
0,00000284,false,Rx,0,6,07,07,00,00,00,00,00,00,
0,00000588,false,Rx,0,8,0B,00,72,00,00,80,00,00,
0,00000280,false,Rx,0,8,B3,8A,00,00,33,FA,28,33,
0,00000288,false,Rx,0,8,E8,33,D5,00,00,75,58,53,
0,00000380,false,Rx,0,8,B0,7E,00,96,20,00,00,FE,
0,00000488,false,Rx,0,8,6F,33,00,72,FE,FF,FF,D0,
0,00000280,false,Rx,0,8,B3,8A,00,00,33,FA,28,33,
0,00000288,false,Rx,0,8,E8,33,D5,00,00,75,58,53,
0,00000380,false,Rx,0,8,B0,7E,00,96,20,00,00,FE,
0,00000488,false,Rx,0,8,5F,33,00,72,FE,FF,FF,E0,
0,00000480,false,Rx,0,8,84,2C,00,00,19,41,00,F0,
0,00000284,false,Rx,0,6,08,08,00,00,00,00,00,00,
0,00000588,false,Rx,0,8,0B,00,72,00,00,80,00,00,
0,00000280,false,Rx,0,8,B3,8A,00,00,33,FA,28,33,
0,00000288,false,Rx,0,8,E8,33,D5,00,00,75,58,53,
0,00000380,false,Rx,0,8,B0,7E,00,96,20,00,00,FE,
0,00000488,false,Rx,0,8,4F,33,00,72,FE,FF,FF,F0,
0,00000280,false,Rx,0,8,B3,8A,00,00,33,FA,28,33,
0,00000288,false,Rx,0,8,2C,33,D5,00,00,75,58,53,
0,00000380,false,Rx,0,8,B0,7E,00,96,20,00,00,FE,
0,00000488,false,Rx,0,8,40,33,00,72,FE,FF,00,00,
0,00000480,false,Rx,0,8,84,2C,00,00,19,41,00,F0,
0,00000284,false,Rx,0,6,09,09,00,00,00,00,00,00,
0,00000588,false,Rx,0,8,0B,00,72,00,00,80,00,00,
0,00000280,false,Rx,0,8,B3,8A,00,00,33,FA,28,33,
0,00000288,false,Rx,0,8,2C,33,D5,00,00,75,58,53,
0,00000380,false,Rx,0,8,B0,7E,00,96,20,00,00,FE,
0,00000488,false,Rx,0,8,AF,33,00,72,FE,FF,FF,10,
0,00000280,false,Rx,0,8,B3,8A,00,00,33,FA,28,33,
0,00000288,false,Rx,0,8,2C,33,D5,00,00,75,58,53,
0,00000380,false,Rx,0,8,B0,7E,00,96,20,00,00,FE,
0,00000488,false,Rx,0,8,60,33,00,72,FE,FF,00,20,
0,00000480,false,Rx,0,8,84,2C,00,00,19,41,00,F0,
0,00000284,false,Rx,0,6,0A,0A,00,00,00,00,00,00,
188000,00000588,false,Rx,0,8,0B,00,72,00,00,80,00,00,
0,00000280,false,Rx,0,8,B3,8A,00,00,33,FA,28,33,
0,00000288,false,Rx,0,8,2C,33,D5,00,00,75,58,53,
0,00000380,false,Rx,0,8,B0,7E,00,96,20,00,00,FE,
196000,00000488,false,Rx,0,8,70,33,00,72,FE,FF,00,30,
0,00000280,false,Rx,0,8,B3,8A,00,00,33,FA,28,33,
0,00000288,false,Rx,0,8,64,33,D5,00,00,75,58,53,
0,00000380,false,Rx,0,8,B0,7E,00,96,20,00,00,FE,
0,00000488,false,Rx,0,8,00,33,00,72,FE,FF,00,40,
0,00000480,false,Rx,0,8,84,2C,00,00,19,41,00,F0,
0,00000284,false,Rx,0,6,0B,0B,00,00,00,00,00,00,
208000,00000588,false,Rx,0,8,0B,00,72,00,00,80,00,00,
0,00000280,false,Rx,0,8,B3,8A,00,00,33,FA,28,33,
0,00000288,false,Rx,0,8,64,33,D5,00,00,75,58,53,
0,00000380,false,Rx,0,8,B0,7E,00,96,20,00,00,FE,
0,00000488,false,Rx,0,8,EF,33,00,72,FE,FF,FF,50,
0,00000280,false,Rx,0,8,B3,8A,00,00,33,FA,28,33,
0,00000288,false,Rx,0,8,64,33,D5,00,00,75,58,53,
0,00000380,false,Rx,0,8,B0,7E,00,96,20,00,00,FE,
0,00000488,false,Rx,0,8,DF,33,00,72,FE,FF,FF,60,
0,00000480,false,Rx,0,8,C2,2C,00,00,19,41,00,B6,
0,00000284,false,Rx,0,6,0C,0C,00,00,00,00,00,00,
228000,00000588,false,Rx,0,8,0B,00,72,00,00,80,00,00,
0,00000280,false,Rx,0,8,B3,8A,00,00,33,FA,28,33,
0,00000288,false,Rx,0,8,64,33,D5,00,00,75,58,53,
0,00000380,false,Rx,0,8,B0,7E,00,96,20,00,00,FE,
0,00000488,false,Rx,0,8,CF,33,00,72,FE,FF,FF,70,
0,00000280,false,Rx,0,8,B3,8A,00,00,33,FA,28,33,
0,00000288,false,Rx,0,8,8A,33,D5,00,00,75,58,53,
0,00000380,false,Rx,0,8,B0,7E,00,96,20,00,00,FE,
0,00000488,false,Rx,0,8,3F,33,00,72,FE,FF,FF,80,
0,00000480,false,Rx,0,8,C2,2C,00,00,19,41,00,B6,
0,00000284,false,Rx,0,6,0D,0D,00,00,00,00,00,00,
245000,00000588,false,Rx,0,8,0B,00,72,00,00,80,00,00,
0,00000280,false,Rx,0,8,B3,8A,00,00,33,FA,28,33,
0,00000288,false,Rx,0,8,8A,33,D5,00,00,75,58,53,
0,00000380,false,Rx,0,8,B0,7E,00,96,20,00,00,FE,
0,00000488,false,Rx,0,8,2F,33,00,72,FE,FF,FF,90,
0,00000280,false,Rx,0,8,B3,8A,00,00,33,FA,28,33,
0,00000288,false,Rx,0,8,8A,33,D5,00,00,75,58,53,
0,00000380,false,Rx,0,8,B0,7E,00,96,20,00,00,FE,
0,00000488,false,Rx,0,8,1F,33,00,72,FE,FF,FF,A0,
0,00000480,false,Rx,0,8,C2,2C,00,00,19,41,00,B6,
0,00000284,false,Rx,0,6,0E,0E,00,00,00,00,00,00,
0,00000588,false,Rx,0,8,0B,00,72,00,00,80,00,00,
0,00000280,false,Rx,0,8,B3,8A,00,00,33,FA,28,33,
0,00000288,false,Rx,0,8,8A,33,D5,00,00,75,58,53,
0,00000380,false,Rx,0,8,B0,7E,00,96,20,00,00,FE,
0,00000488,false,Rx,0,8,0F,33,00,72,FE,FF,FF,B0,
0,00000280,false,Rx,0,8,B3,8A,00,00,33,FA,28,33,
0,00000288,false,Rx,0,8,E8,33,D5,00,00,75,58,53,
0,00000380,false,Rx,0,8,B0,7E,00,96,20,00,00,FE,
0,00000488,false,Rx,0,8,7F,33,00,72,FE,FF,FF,C0,
0,00000480,false,Rx,0,8,C2,2C,00,00,19,41,00,B6,
0,00000284,false,Rx,0,6,0F,0F,00,00,00,00,00,00,
0,00000588,false,Rx,0,8,0B,00,72,00,00,80,00,00,
0,00000280,false,Rx,0,8,B3,8A,00,00,33,FA,28,33,
0,00000288,false,Rx,0,8,E8,33,D5,00,00,75,58,53,
0,00000380,false,Rx,0,8,B0,7E,00,96,20,00,00,FE,
0,00000488,false,Rx,0,8,6F,33,00,72,FE,FF,FF,D0,
0,00000280,false,Rx,0,8,B3,8A,00,00,33,FA,28,33,
0,00000288,false,Rx,0,8,E8,33,D5,00,00,75,58,53,
0,00000380,false,Rx,0,8,B0,7E,00,96,20,00,00,FE,
0,00000488,false,Rx,0,8,5F,33,00,72,FE,FF,FF,E0,
0,00000480,false,Rx,0,8,1C,2C,00,00,19,41,00,68,
0,00000284,false,Rx,0,6,00,00,00,00,00,00,00,00,
0,00000588,false,Rx,0,8,0B,00,72,00,00,80,00,00,
0,00000280,false,Rx,0,8,B3,8A,00,00,33,FA,28,33,
0,00000288,false,Rx,0,8,E8,33,D5,00,00,75,58,53,
0,00000380,false,Rx,0,8,B0,7E,00,96,20,00,00,FE,
0,00000488,false,Rx,0,8,4F,33,00,72,FE,FF,FF,F0,
0,00000280,false,Rx,0,8,B3,8A,00,00,33,FA,28,33,
0,00000288,false,Rx,0,8,2C,33,D5,00,00,75,58,53,
0,00000380,false,Rx,0,8,B0,7E,00,96,20,00,00,FE,
0,00000488,false,Rx,0,8,40,33,00,72,FE,FF,00,00,
0,00000480,false,Rx,0,8,1C,2C,00,00,19,41,00,68,
0,00000284,false,Rx,0,6,01,01,00,00,00,00,00,00,
0,00000588,false,Rx,0,8,0B,00,72,00,00,80,00,00,
0,00000280,false,Rx,0,8,B3,8A,00,00,33,FA,28,33,
0,00000288,false,Rx,0,8,2C,33,D5,00,00,75,58,53,
0,00000380,false,Rx,0,8,B0,7E,00,96,20,00,00,FE,
0,00000488,false,Rx,0,8,AF,33,00,72,FE,FF,FF,10,
0,00000280,false,Rx,0,8,B3,8A,00,00,33,FA,28,33,
0,00000288,false,Rx,0,8,2C,33,D5,00,00,75,58,53,
0,00000380,false,Rx,0,8,B0,7E,00,96,20,00,00,FE,
0,00000488,false,Rx,0,8,60,33,00,72,FE,FF,00,20,
0,00000480,false,Rx,0,8,1C,2C,00,00,19,41,00,68,
0,00000284,false,Rx,0,6,02,02,00,00,00,00,00,00,
0,00000588,false,Rx,0,8,0B,00,72,00,00,80,00,00,
0,00000280,false,Rx,0,8,B3,8A,00,00,33,FA,28,33,
0,00000288,false,Rx,0,8,2C,33,D5,00,00,75,58,53,
0,00000380,false,Rx,0,8,B0,7E,00,96,20,00,00,FE,
0,00000488,false,Rx,0,8,70,33,00,72,FE,FF,00,30,
0,00000280,false,Rx,0,8,B3,8A,00,00,33,FA,28,33,
0,00000288,false,Rx,0,8,64,33,D5,00,00,75,58,53,
0,00000380,false,Rx,0,8,B0,7E,00,96,20,00,00,FE,
0,00000488,false,Rx,0,8,00,33,00,72,FE,FF,00,40,
0,00000480,false,Rx,0,8,1C,2C,00,00,19,41,00,68,
0,00000284,false,Rx,0,6,03,03,00,00,00,00,00,00,
368000,00000588,false,Rx,0,8,0B,00,72,00,00,80,00,00,
0,00000280,false,Rx,0,8,B3,8A,00,00,33,FA,28,33,
0,00000288,false,Rx,0,8,64,33,D5,00,00,75,58,53,
0,00000380,false,Rx,0,8,B0,7E,00,96,20,00,00,FE,
0,00000488,false,Rx,0,8,EF,33,00,72,FE,FF,FF,50,
0,00000580,false,Rx,0,8,8B,00,00,11,1F,E0,0C,46,
0,00000280,false,Rx,0,8,B3,8A,00,00,33,FA,28,33,
0,00000288,false,Rx,0,8,64,33,D5,00,00,75,58,53,
0,00000380,false,Rx,0,8,B0,7E,00,96,20,00,00,FE,
0,00000488,false,Rx,0,8,DF,33,00,72,FE,FF,FF,60,
0,00000480,false,Rx,0,8,54,2C,00,00,19,41,00,20,
0,00000284,false,Rx,0,6,04,04,00,00,00,00,00,00,
388000,00000588,false,Rx,0,8,0B,00,72,00,00,80,00,00,
0,00000280,false,Rx,0,8,B3,8A,00,00,33,FA,28,33,
0,00000288,false,Rx,0,8,64,33,D5,00,00,75,58,53,
0,00000380,false,Rx,0,8,B0,7E,00,96,20,00,00,FE,
396000,00000488,false,Rx,0,8,CF,33,00,72,FE,FF,FF,70,
0,00000280,false,Rx,0,8,B3,8A,00,00,33,FA,28,33,
0,00000288,false,Rx,0,8,8A,33,D5,00,00,75,58,53,
0,00000380,false,Rx,0,8,B0,7E,00,96,20,00,00,FE,
0,00000488,false,Rx,0,8,3F,33,00,72,FE,FF,FF,80,
0,00000480,false,Rx,0,8,54,2C,00,00,19,41,00,20,
0,00000284,false,Rx,0,6,05,05,00,00,00,00,00,00,
409000,00000588,false,Rx,0,8,0B,00,72,00,00,80,00,00,
0,00000280,false,Rx,0,8,B3,8A,00,00,33,FA,28,33,
0,00000288,false,Rx,0,8,8A,33,D5,00,00,75,58,53,
0,00000380,false,Rx,0,8,B0,7E,00,96,20,00,00,FE,
0,00000488,false,Rx,0,8,2F,33,00,72,FE,FF,FF,90,
0,00000280,false,Rx,0,8,B3,8A,00,00,33,FA,28,33,
0,00000288,false,Rx,0,8,8A,33,D5,00,00,75,58,53,
0,00000380,false,Rx,0,8,B0,7E,00,96,20,00,00,FE,
0,00000488,false,Rx,0,8,1F,33,00,72,FE,FF,FF,A0,
0,00000480,false,Rx,0,8,54,2C,00,00,19,41,00,20,
0,00000284,false,Rx,0,6,06,06,00,00,00,00,00,00,
0,00000588,false,Rx,0,8,0B,00,72,00,00,80,00,00,
0,00000280,false,Rx,0,8,B3,8A,00,00,33,FA,28,33,
0,00000288,false,Rx,0,8,8A,33,D5,00,00,75,58,53,
0,00000380,false,Rx,0,8,B0,7E,00,96,20,00,00,FE,
0,00000488,false,Rx,0,8,0F,33,00,72,FE,FF,FF,B0,
0,00000280,false,Rx,0,8,B3,8A,00,00,33,FA,28,33,
0,00000288,false,Rx,0,8,E8,33,D5,00,00,75,58,53,
0,00000380,false,Rx,0,8,B0,7E,00,96,20,00,00,FE,
0,00000488,false,Rx,0,8,7F,33,00,72,FE,FF,FF,C0,
0,00000480,false,Rx,0,8,54,2C,00,00,19,41,00,20,
0,00000284,false,Rx,0,6,07,07,00,00,00,00,00,00,
445000,00000588,false,Rx,0,8,0B,00,72,00,00,80,00,00,
0,00000280,false,Rx,0,8,B3,8A,00,00,33,FA,28,33,
0,00000288,false,Rx,0,8,E8,33,D5,00,00,75,57,53,
0,00000380,false,Rx,0,8,B0,7E,00,96,20,00,00,FE,
0,00000488,false,Rx,0,8,6F,33,00,72,FE,FF,FF,D0,
0,00000280,false,Rx,0,8,B3,8A,00,00,33,FA,28,33,
0,00000288,false,Rx,0,8,E8,33,D5,00,00,75,57,53,
0,00000380,false,Rx,0,8,B0,7E,00,96,20,00,00,FE,
0,00000488,false,Rx,0,8,5F,33,00,72,FE,FF,FF,E0,
0,00000480,false,Rx,0,8,84,2C,00,00,19,41,00,F0,
0,00000284,false,Rx,0,6,08,08,00,00,00,00,00,00,
0,00000588,false,Rx,0,8,0B,00,72,00,00,80,00,00,
0,00000280,false,Rx,0,8,B3,8A,00,00,33,FA,28,33,
0,00000288,false,Rx,0,8,E8,33,D5,00,00,75,57,53,
0,00000380,false,Rx,0,8,B0,7E,00,96,20,00,00,FE,
0,00000488,false,Rx,0,8,4F,33,00,72,FE,FF,FF,F0,
0,00000280,false,Rx,0,8,B3,8A,00,00,33,FA,28,33,
0,00000288,false,Rx,0,8,2C,33,D5,00,00,75,57,53,
0,00000380,false,Rx,0,8,B0,7E,00,96,20,00,00,FE,
0,00000488,false,Rx,0,8,40,33,00,72,FE,FF,00,00,
0,00000480,false,Rx,0,8,84,2C,00,00,19,41,00,F0,
0,00000284,false,Rx,0,6,09,09,00,00,00,00,00,00,
0,00000588,false,Rx,0,8,0B,00,72,00,00,80,00,00,
0,00000280,false,Rx,0,8,B3,8A,00,00,33,FA,28,33,
0,00000288,false,Rx,0,8,2C,33,D5,00,00,75,57,53,
0,00000380,false,Rx,0,8,B0,7E,00,96,20,00,00,FE,
0,00000488,false,Rx,0,8,AF,33,00,72,FE,FF,FF,10,
0,00000280,false,Rx,0,8,B3,8A,00,00,33,FA,28,33,
0,00000288,false,Rx,0,8,2C,33,D5,00,00,75,57,53,
0,00000380,false,Rx,0,8,B0,7E,00,96,20,00,00,FE,
0,00000488,false,Rx,0,8,60,33,00,72,FE,FF,00,20,
0,00000480,false,Rx,0,8,84,2C,00,00,19,41,00,F0,
0,00000284,false,Rx,0,6,0A,0A,00,00,00,00,00,00,
0,00000588,false,Rx,0,8,0B,00,72,00,00,80,00,00,
511000,00000280,false,Rx,0,8,B3,8A,00,00,33,FA,28,33,
0,00000288,false,Rx,0,8,2C,33,D5,00,00,75,57,53,
0,00000380,false,Rx,0,8,B0,7E,00,96,20,00,00,FE,
0,00000488,false,Rx,0,8,70,33,00,72,FE,FF,00,30,
0,00000280,false,Rx,0,8,B3,8A,00,00,33,FA,28,33,
0,00000288,false,Rx,0,8,64,33,D5,00,00,75,57,53,
0,00000380,false,Rx,0,8,B0,7E,00,96,20,00,00,FE,
0,00000488,false,Rx,0,8,00,33,00,72,FE,FF,00,40,
0,00000480,false,Rx,0,8,84,2C,00,00,19,41,00,F0,
0,00000284,false,Rx,0,6,0B,0B,00,00,00,00,00,00,
0,00000588,false,Rx,0,8,0B,00,72,00,00,80,00,00,
0,00000280,false,Rx,0,8,B3,8A,00,00,33,FA,28,33,
0,00000288,false,Rx,0,8,64,33,D5,00,00,75,57,53,
0,00000380,false,Rx,0,8,B0,7E,00,96,20,00,00,FE,
0,00000488,false,Rx,0,8,EF,33,00,72,FE,FF,FF,50,
0,00000280,false,Rx,0,8,B3,8A,00,00,33,FA,28,33,
0,00000288,false,Rx,0,8,64,33,D5,00,00,75,57,53,
0,00000380,false,Rx,0,8,B0,7E,00,96,20,00,00,FE,
0,00000488,false,Rx,0,8,DF,33,00,72,FE,FF,FF,60,
0,00000480,false,Rx,0,8,C2,2C,00,00,19,41,00,B6,
0,00000284,false,Rx,0,6,0C,0C,00,00,00,00,00,00,
0,00000588,false,Rx,0,8,0B,00,72,00,00,80,00,00,
0,00000280,false,Rx,0,8,B3,8A,00,00,33,FA,28,33,
0,00000288,false,Rx,0,8,64,33,D5,00,00,75,57,53,
0,00000380,false,Rx,0,8,B0,7E,00,96,20,00,00,FE,
0,00000488,false,Rx,0,8,CF,33,00,72,FE,FF,FF,70,
0,00000280,false,Rx,0,8,B3,8A,00,00,33,FA,28,33,
0,00000288,false,Rx,0,8,8A,33,D5,00,00,75,57,53,
0,00000380,false,Rx,0,8,B0,7E,00,96,20,00,00,FE,
0,00000488,false,Rx,0,8,3F,33,00,72,FE,FF,FF,80,
0,00000480,false,Rx,0,8,C2,2C,00,00,19,41,00,B6,
0,00000284,false,Rx,0,6,0D,0D,00,00,00,00,00,00,
569000,00000588,false,Rx,0,8,0B,00,72,00,00,80,00,00,
0,00000280,false,Rx,0,8,B3,8A,00,00,33,FA,28,33,
0,00000288,false,Rx,0,8,8A,33,D5,00,00,75,57,53,
0,00000380,false,Rx,0,8,B0,7E,00,96,20,00,00,FE,
577000,00000488,false,Rx,0,8,2F,33,00,72,FE,FF,FF,90,
0,00000280,false,Rx,0,8,B3,8A,00,00,33,FA,28,33,
0,00000288,false,Rx,0,8,8A,33,D5,00,00,75,57,53,
0,00000380,false,Rx,0,8,B0,7E,00,96,20,00,00,FE,
0,00000488,false,Rx,0,8,1F,33,00,72,FE,FF,FF,A0,
0,00000480,false,Rx,0,8,C2,2C,00,00,19,41,00,B6,
0,00000284,false,Rx,0,6,0E,0E,00,00,00,00,00,00,
589000,00000588,false,Rx,0,8,0B,00,72,00,00,80,00,00,
0,00000280,false,Rx,0,8,B3,8A,00,00,33,FA,28,33,
0,00000288,false,Rx,0,8,8A,33,D5,00,00,75,57,53,
0,00000380,false,Rx,0,8,B0,7E,00,96,20,00,00,FE,
0,00000488,false,Rx,0,8,0F,33,00,72,FE,FF,FF,B0,
0,00000280,false,Rx,0,8,B3,8A,00,00,33,FA,28,33,
0,00000288,false,Rx,0,8,E8,33,D5,00,00,75,57,53,
0,00000380,false,Rx,0,8,B0,7E,00,96,20,00,00,FE,
0,00000488,false,Rx,0,8,7F,33,00,72,FE,FF,FF,C0,
0,00000480,false,Rx,0,8,C2,2C,00,00,19,41,00,B6,
0,00000284,false,Rx,0,6,0F,0F,00,00,00,00,00,00,
0,00000588,false,Rx,0,8,0B,00,72,00,00,80,00,00,
0,00000280,false,Rx,0,8,B3,8A,00,00,33,FA,28,33,
0,00000288,false,Rx,0,8,E8,33,D5,00,00,75,57,53,
0,00000380,false,Rx,0,8,B0,7E,00,96,20,00,00,FE,
0,00000488,false,Rx,0,8,6F,33,00,72,FE,FF,FF,D0,
0,00000280,false,Rx,0,8,B3,8A,00,00,33,FA,28,33,
0,00000288,false,Rx,0,8,E8,33,D5,00,00,75,57,53,
0,00000380,false,Rx,0,8,B0,7E,00,96,20,00,00,FE,
0,00000488,false,Rx,0,8,5F,33,00,72,FE,FF,FF,E0,
0,00000480,false,Rx,0,8,1C,2C,00,00,19,41,00,68,
0,00000284,false,Rx,0,6,00,00,00,00,00,00,00,00,
626000,00000588,false,Rx,0,8,0B,00,72,00,00,80,00,00,
0,00000280,false,Rx,0,8,B3,8A,00,00,33,FA,28,33,
0,00000288,false,Rx,0,8,E8,33,D5,00,00,75,57,53,
0,00000380,false,Rx,0,8,B0,7E,00,96,20,00,00,FE,
0,00000488,false,Rx,0,8,4F,33,00,72,FE,FF,FF,F0,
0,00000280,false,Rx,0,8,B3,8A,00,00,33,FA,28,33,
0,00000288,false,Rx,0,8,2C,33,D5,00,00,75,57,53,
0,00000380,false,Rx,0,8,B0,7E,00,96,20,00,00,FE,
0,00000488,false,Rx,0,8,40,33,00,72,FE,FF,00,00,
0,00000480,false,Rx,0,8,1C,2C,00,00,19,41,00,68,
0,00000284,false,Rx,0,6,01,01,00,00,00,00,00,00,
0,00000588,false,Rx,0,8,0B,00,72,00,00,80,00,00,
0,00000280,false,Rx,0,8,B3,8A,00,00,33,FA,28,33,
0,00000288,false,Rx,0,8,2C,33,D5,00,00,75,57,53,
0,00000380,false,Rx,0,8,B0,7E,00,96,20,00,00,FE,
0,00000488,false,Rx,0,8,AF,33,00,72,FE,FF,FF,10,
0,00000280,false,Rx,0,8,B3,8A,00,00,33,FA,28,33,
0,00000288,false,Rx,0,8,2C,33,D5,00,00,75,57,53,
0,00000380,false,Rx,0,8,B0,7E,00,96,20,00,00,FE,
0,00000488,false,Rx,0,8,60,33,00,72,FE,FF,00,20,
0,00000480,false,Rx,0,8,1C,2C,00,00,19,41,00,68,
0,00000284,false,Rx,0,6,02,02,00,00,00,00,00,00,
0,00000588,false,Rx,0,8,0B,00,72,00,00,80,00,00,
0,00000280,false,Rx,0,8,B3,8A,00,00,33,FA,28,33,
0,00000288,false,Rx,0,8,2C,33,D5,00,00,75,57,53,
0,00000380,false,Rx,0,8,B0,7E,00,96,20,00,00,FE,
0,00000488,false,Rx,0,8,70,33,00,72,FE,FF,00,30,
0,00000280,false,Rx,0,8,B3,8A,00,00,33,FA,28,33,
0,00000288,false,Rx,0,8,64,33,D5,00,00,75,57,53,
0,00000380,false,Rx,0,8,B0,7E,00,96,20,00,00,FE,
0,00000488,false,Rx,0,8,00,33,00,72,FE,FF,00,40,
0,00000480,false,Rx,0,8,1C,2C,00,00,19,41,00,68,
0,00000284,false,Rx,0,6,03,03,00,00,00,00,00,00,
0,00000588,false,Rx,0,8,0B,00,72,00,00,80,00,00,
0,00000280,false,Rx,0,8,B3,8A,00,00,33,FA,28,33,
0,00000288,false,Rx,0,8,64,33,D5,00,00,75,57,53,
0,00000380,false,Rx,0,8,B0,7E,00,96,20,00,00,FE,
0,00000488,false,Rx,0,8,EF,33,00,72,FE,FF,FF,50,
0,00000280,false,Rx,0,8,B3,8A,00,00,33,FA,28,33,
0,00000288,false,Rx,0,8,64,33,D5,00,00,75,57,53,
0,00000380,false,Rx,0,8,B0,7E,00,96,20,00,00,FE,
0,00000488,false,Rx,0,8,DF,33,00,72,FE,FF,FF,60,
0,00000480,false,Rx,0,8,54,2C,00,00,19,41,00,20,
0,00000284,false,Rx,0,6,04,04,00,00,00,00,00,00,
0,00000588,false,Rx,0,8,0B,00,72,00,00,80,00,00,
0,00000280,false,Rx,0,8,B3,8A,00,00,33,FA,28,33,
0,00000288,false,Rx,0,8,64,33,D5,00,00,75,57,53,
0,00000380,false,Rx,0,8,B0,7E,00,96,20,00,00,FE,
0,00000488,false,Rx,0,8,CF,33,00,72,FE,FF,FF,70,
0,00000280,false,Rx,0,8,B3,8A,00,00,33,FA,28,33,
0,00000288,false,Rx,0,8,8A,33,D5,00,00,75,57,53,
0,00000380,false,Rx,0,8,B0,7E,00,96,20,00,00,FE,
0,00000488,false,Rx,0,8,3F,33,00,72,FE,FF,FF,80,
0,00000480,false,Rx,0,8,54,2C,00,00,19,41,00,20,
0,00000284,false,Rx,0,6,05,05,00,00,00,00,00,00,
0,00000588,false,Rx,0,8,0B,00,72,00,00,80,00,00,
0,00000280,false,Rx,0,8,B3,8A,00,00,33,FA,28,33,
0,00000288,false,Rx,0,8,8A,33,D5,00,00,75,57,53,
0,00000380,false,Rx,0,8,B0,7E,00,96,20,00,00,FE,
0,00000488,false,Rx,0,8,2F,33,00,72,FE,FF,FF,90,
0,00000280,false,Rx,0,8,B3,8A,00,00,33,FA,28,33,
0,00000288,false,Rx,0,8,8A,33,D5,00,00,75,57,53,
0,00000380,false,Rx,0,8,B0,7E,00,96,20,00,00,FE,
0,00000488,false,Rx,0,8,1F,33,00,72,FE,FF,FF,A0,
0,00000480,false,Rx,0,8,54,2C,00,00,19,41,00,20,
0,00000284,false,Rx,0,6,06,06,00,00,00,00,00,00,
749000,00000588,false,Rx,0,8,0B,00,72,00,00,80,00,00,
0,00000280,false,Rx,0,8,B3,8A,00,00,33,FA,28,33,
0,00000288,false,Rx,0,8,8A,33,D5,00,00,75,57,53,
0,00000380,false,Rx,0,8,B0,7E,00,96,20,00,00,FE,
757000,00000488,false,Rx,0,8,0F,33,00,72,FE,FF,FF,B0,
0,00000280,false,Rx,0,8,B3,8A,00,00,33,FA,28,33,
0,00000288,false,Rx,0,8,E8,33,D5,00,00,75,57,53,
0,00000380,false,Rx,0,8,B0,7E,00,96,20,00,00,FE,
0,00000488,false,Rx,0,8,7F,33,00,72,FE,FF,FF,C0,
0,00000480,false,Rx,0,8,54,2C,00,00,19,41,00,20,
769000,00000588,false,Rx,0,8,0B,00,72,00,00,80,00,00,
0,00000284,false,Rx,0,6,07,07,00,00,00,00,00,00,
0,00000280,false,Rx,0,8,B3,8A,00,00,33,FA,28,33,
0,00000288,false,Rx,0,8,E8,33,D5,00,00,75,57,53,
0,00000380,false,Rx,0,8,B0,7E,00,96,20,00,00,FE,
777000,00000488,false,Rx,0,8,6F,33,00,72,FE,FF,FF,D0,
0,00000280,false,Rx,0,8,B3,8A,00,00,33,FA,28,33,
0,00000288,false,Rx,0,8,E8,33,D5,00,00,75,57,53,
0,00000380,false,Rx,0,8,B0,7E,00,96,20,00,00,FE,
0,00000488,false,Rx,0,8,5F,33,00,72,FE,FF,FF,E0,
0,00000480,false,Rx,0,8,84,2C,00,00,19,41,00,F0,
0,00000284,false,Rx,0,6,08,08,00,00,00,00,00,00,
790000,00000588,false,Rx,0,8,0B,00,72,00,00,80,00,00,
0,00000280,false,Rx,0,8,B3,8A,00,00,33,FA,28,33,
0,00000288,false,Rx,0,8,E8,33,D5,00,00,75,57,53,
0,00000380,false,Rx,0,8,B0,7E,00,96,20,00,00,FE,
0,00000488,false,Rx,0,8,4F,33,00,72,FE,FF,FF,F0,
0,00000280,false,Rx,0,8,B3,8A,00,00,33,FA,28,33,
0,00000288,false,Rx,0,8,2C,33,D5,00,00,75,57,53,
0,00000380,false,Rx,0,8,B0,7E,00,96,20,00,00,FE,
0,00000488,false,Rx,0,8,40,33,00,72,FE,FF,00,00,
0,00000480,false,Rx,0,8,84,2C,00,00,19,41,00,F0,
0,00000588,false,Rx,0,8,0B,00,72,00,00,80,00,00,
0,00000284,false,Rx,0,6,09,09,00,00,00,00,00,00,
0,00000280,false,Rx,0,8,B3,8A,00,00,33,FA,28,33,
0,00000288,false,Rx,0,8,2C,33,D5,00,00,75,57,53,
0,00000380,false,Rx,0,8,B0,7E,00,96,20,00,00,FE,
0,00000488,false,Rx,0,8,AF,33,00,72,FE,FF,FF,10,
0,00000280,false,Rx,0,8,B3,8A,00,00,33,FA,28,33,
0,00000288,false,Rx,0,8,2C,33,D5,00,00,75,57,53,
0,00000380,false,Rx,0,8,B0,7E,00,96,20,00,00,FE,
0,00000488,false,Rx,0,8,60,33,00,72,FE,FF,00,20,
0,00000480,false,Rx,0,8,84,2C,00,00,19,41,00,F0,
0,00000284,false,Rx,0,6,0A,0A,00,00,00,00,00,00,
826000,00000588,false,Rx,0,8,0B,00,72,00,00,80,00,00,
0,00000280,false,Rx,0,8,B3,8A,00,00,33,FA,28,33,
0,00000288,false,Rx,0,8,2C,33,D5,00,00,75,57,53,
0,00000380,false,Rx,0,8,B0,7E,00,96,20,00,00,FE,
0,00000488,false,Rx,0,8,70,33,00,72,FE,FF,00,30,
843000,00000280,false,Rx,0,8,B3,8A,00,00,33,FA,28,33,
0,00000288,false,Rx,0,8,64,33,D5,00,00,75,57,53,
0,00000380,false,Rx,0,8,B0,7E,00,96,20,00,00,FE,
0,00000488,false,Rx,0,8,00,33,00,72,FE,FF,00,40,
0,00000480,false,Rx,0,8,84,2C,00,00,19,41,00,F0,
0,00000588,false,Rx,0,8,0B,00,72,00,00,80,00,00,
0,00000284,false,Rx,0,6,0B,0B,00,00,00,00,00,00,
0,00000280,false,Rx,0,8,B3,8A,00,00,33,FA,28,33,
0,00000288,false,Rx,0,8,64,33,D5,00,00,75,57,53,
0,00000380,false,Rx,0,8,B0,7E,00,96,20,00,00,FE,
0,00000488,false,Rx,0,8,EF,33,00,72,FE,FF,FF,50,
0,00000280,false,Rx,0,8,B3,8A,00,00,33,FA,28,33,
0,00000288,false,Rx,0,8,64,33,D5,00,00,75,57,53,
0,00000380,false,Rx,0,8,B0,7E,00,96,20,00,00,FE,
0,00000488,false,Rx,0,8,DF,33,00,72,FE,FF,FF,60,
0,00000480,false,Rx,0,8,C2,2C,00,00,19,41,00,B6,
0,00000284,false,Rx,0,6,0C,0C,00,00,00,00,00,00,
0,00000588,false,Rx,0,8,0B,00,72,00,00,80,00,00,
0,00000280,false,Rx,0,8,B3,8A,00,00,33,FA,28,33,
0,00000288,false,Rx,0,8,64,33,D5,00,00,75,57,53,
0,00000380,false,Rx,0,8,B0,7E,00,96,20,00,00,FE,
0,00000488,false,Rx,0,8,CF,33,00,72,FE,FF,FF,70,
0,00000280,false,Rx,0,8,B3,8A,00,00,33,FA,28,33,
0,00000288,false,Rx,0,8,8A,33,D5,00,00,75,57,53,
0,00000380,false,Rx,0,8,B0,7E,00,96,20,00,00,FE,
0,00000488,false,Rx,0,8,3F,33,00,72,FE,FF,FF,80,
0,00000480,false,Rx,0,8,C2,2C,00,00,19,41,00,B6,
0,00000588,false,Rx,0,8,0B,00,72,00,00,80,00,00,
0,00000284,false,Rx,0,6,0D,0D,00,00,00,00,00,00,
892000,00000280,false,Rx,0,8,B3,8A,00,00,33,FA,28,33,
0,00000288,false,Rx,0,8,8A,33,D5,00,00,75,57,53,
0,00000380,false,Rx,0,8,B0,7E,00,96,20,00,00,FE,
0,00000488,false,Rx,0,8,2F,33,00,72,FE,FF,FF,90,
0,00000280,false,Rx,0,8,B3,8A,00,00,33,FA,28,33,
0,00000288,false,Rx,0,8,8A,33,D5,00,00,75,57,53,
0,00000380,false,Rx,0,8,B0,7E,00,96,20,00,00,FE,
0,00000488,false,Rx,0,8,1F,33,00,72,FE,FF,FF,A0,
0,00000480,false,Rx,0,8,C2,2C,00,00,19,41,00,B6,
0,00000588,false,Rx,0,8,0B,00,72,00,00,80,00,00,
0,00000284,false,Rx,0,6,0E,0E,00,00,00,00,00,00,
0,00000280,false,Rx,0,8,B3,8A,00,00,33,FA,28,33,
0,00000288,false,Rx,0,8,8A,33,D5,00,00,75,57,53,
0,00000380,false,Rx,0,8,B0,7E,00,96,20,00,00,FE,
0,00000488,false,Rx,0,8,0F,33,00,72,FE,FF,FF,B0,
0,00000280,false,Rx,0,8,B3,8A,00,00,33,FA,28,33,
0,00000288,false,Rx,0,8,E8,33,D5,00,00,75,57,53,
0,00000380,false,Rx,0,8,B0,7F,00,96,20,00,00,FE,
0,00000488,false,Rx,0,8,7F,33,00,72,FE,FF,FF,C0,
0,00000480,false,Rx,0,8,C2,2C,00,00,19,41,00,B6,
0,00000588,false,Rx,0,8,0B,00,72,00,00,80,00,00,
0,00000284,false,Rx,0,6,0F,0F,00,00,00,00,00,00,
0,00000280,false,Rx,0,8,B3,8A,00,00,33,FA,28,33,
0,00000288,false,Rx,0,8,E8,33,D5,00,00,75,57,53,
0,00000380,false,Rx,0,8,B0,7F,00,96,20,00,00,FE,
0,00000488,false,Rx,0,8,6F,33,00,72,FE,FF,FF,D0,
0,00000280,false,Rx,0,8,B3,8A,00,00,33,FA,28,33,
0,00000288,false,Rx,0,8,E8,33,D5,00,00,75,57,53,
0,00000380,false,Rx,0,8,B0,7F,00,96,20,00,00,FE,
0,00000488,false,Rx,0,8,5F,33,00,72,FE,FF,FF,E0,
0,00000480,false,Rx,0,8,1C,2C,00,00,19,41,00,68,
949000,00000588,false,Rx,0,8,0B,00,72,00,00,80,00,00,
0,00000284,false,Rx,0,6,00,00,00,00,00,00,00,00,
0,00000280,false,Rx,0,8,B3,8A,00,00,33,FA,28,33,
0,00000288,false,Rx,0,8,E8,33,D5,00,00,75,57,53,
0,00000380,false,Rx,0,8,B0,7F,00,96,20,00,00,FE,
0,00000488,false,Rx,0,8,4F,33,00,72,FE,FF,FF,F0,
0,00000280,false,Rx,0,8,B3,8A,00,00,33,FA,28,33,
0,00000288,false,Rx,0,8,2C,33,D5,00,00,75,57,53,
0,00000380,false,Rx,0,8,B0,7F,00,96,20,00,00,FE,
0,00000488,false,Rx,0,8,40,33,00,72,FE,FF,00,00,
0,00000480,false,Rx,0,8,1C,2C,00,00,19,41,00,68,
970000,00000588,false,Rx,0,8,0B,00,72,00,00,80,00,00,
0,00000284,false,Rx,0,6,01,01,00,00,00,00,00,00,
0,00000280,false,Rx,0,8,B3,8A,00,00,33,FA,28,33,
0,00000288,false,Rx,0,8,2C,33,D5,00,00,75,57,53,
0,00000380,false,Rx,0,8,B0,7F,00,96,20,00,00,FE,
0,00000488,false,Rx,0,8,AF,33,00,72,FE,FF,FF,10,
0,00000280,false,Rx,0,8,B3,8A,00,00,33,FA,28,33,
0,00000288,false,Rx,0,8,2C,33,D5,00,00,75,57,53,
0,00000380,false,Rx,0,8,B0,7F,00,96,20,00,00,FE,
0,00000488,false,Rx,0,8,60,33,00,72,FE,FF,00,20,
0,00000480,false,Rx,0,8,1C,2C,00,00,19,41,00,68,
0,00000588,false,Rx,0,8,0B,00,72,00,00,80,00,00,
990000,00000284,false,Rx,0,6,02,02,00,00,00,00,00,00,
0,00000280,false,Rx,0,8,B3,8A,00,00,33,FA,28,33,
0,00000288,false,Rx,0,8,2C,33,D5,00,00,75,57,53,
0,00000380,false,Rx,0,8,B0,7F,00,96,20,00,00,FE,
999000,00000488,false,Rx,0,8,70,33,00,72,FE,FF,00,30,
0,00000280,false,Rx,0,8,B3,8A,00,00,33,FA,28,33,
0,00000288,false,Rx,0,8,64,33,D5,00,00,75,57,53,
0,00000380,false,Rx,0,8,B0,7F,00,96,20,00,00,FE,
0,00000488,false,Rx,0,8,00,33,00,72,FE,FF,00,40,
0,00000480,false,Rx,0,8,1C,2C,00,00,19,41,00,68,
0,00000588,false,Rx,0,8,0B,00,72,00,00,80,00,00,
0,00000284,false,Rx,0,6,03,03,00,00,00,00,00,00,
0,00000280,false,Rx,0,8,B3,8A,00,00,33,FA,28,33,
0,00000288,false,Rx,0,8,64,33,D5,00,00,75,57,53,
0,00000380,false,Rx,0,8,B0,7F,00,96,20,00,00,FE,
0,00000488,false,Rx,0,8,EF,33,00,72,FE,FF,FF,50,
0,00000280,false,Rx,0,8,B3,8A,00,00,33,FA,28,33,
0,00000288,false,Rx,0,8,64,33,D5,00,00,75,57,53,
0,00000380,false,Rx,0,8,B0,7F,00,96,20,00,00,FE,
0,00000488,false,Rx,0,8,DF,33,00,72,FE,FF,FF,60,
0,00000480,false,Rx,0,8,54,2C,00,00,19,41,00,20,
0,00000588,false,Rx,0,8,0B,00,72,00,00,80,00,00,
0,00000284,false,Rx,0,6,04,04,00,00,00,00,00,00,
0,00000280,false,Rx,0,8,B3,8A,00,00,33,FA,28,33,
0,00000288,false,Rx,0,8,64,33,D5,00,00,75,57,53,
0,00000380,false,Rx,0,8,B0,7F,00,96,20,00,00,FE,
0,00000488,false,Rx,0,8,CF,33,00,72,FE,FF,FF,70,
0,00000280,false,Rx,0,8,B3,8A,00,00,33,FA,28,33,
0,00000288,false,Rx,0,8,8A,33,D5,00,00,75,57,53,
0,00000380,false,Rx,0,8,B0,7F,00,96,20,00,00,FE,
0,00000488,false,Rx,0,8,3F,33,00,72,FE,FF,FF,80,
0,00000480,false,Rx,0,8,54,2C,00,00,19,41,00,20,
48000,00000588,false,Rx,0,8,0B,00,72,00,00,80,00,00,
0,00000284,false,Rx,0,6,05,05,00,00,00,00,00,00,
0,00000280,false,Rx,0,8,B3,8A,00,00,33,FA,28,33,
0,00000288,false,Rx,0,8,8A,33,D5,00,00,75,57,53,
0,00000380,false,Rx,0,8,B0,7F,00,96,20,00,00,FE,
0,00000488,false,Rx,0,8,2F,33,00,72,FE,FF,FF,90,
0,00000280,false,Rx,0,8,B3,8A,00,00,33,FA,28,33,
0,00000288,false,Rx,0,8,8A,33,D5,00,00,75,57,53,
0,00000380,false,Rx,0,8,B0,7F,00,96,20,00,00,FE,
0,00000488,false,Rx,0,8,1F,33,00,72,FE,FF,FF,A0,
0,00000480,false,Rx,0,8,54,2C,00,00,19,41,00,20,
0,00000588,false,Rx,0,8,0B,00,72,00,00,80,00,00,
68000,00000284,false,Rx,0,6,06,06,00,00,00,00,00,00,
0,00000280,false,Rx,0,8,B3,8A,00,00,33,FA,28,33,
0,00000288,false,Rx,0,8,8A,33,D5,00,00,75,57,53,
0,00000380,false,Rx,0,8,B0,7F,00,96,20,00,00,FE,
0,00000488,false,Rx,0,8,0F,33,00,72,FE,FF,FF,B0,
0,00000280,false,Rx,0,8,B3,8A,00,00,33,FA,28,33,
0,00000288,false,Rx,0,8,E8,33,D5,00,00,75,57,53,
0,00000380,false,Rx,0,8,B0,7F,00,96,20,00,00,FE,
0,00000488,false,Rx,0,8,7F,33,00,72,FE,FF,FF,C0,
0,00000480,false,Rx,0,8,54,2C,00,00,19,41,00,20,
0,00000588,false,Rx,0,8,0B,00,72,00,00,80,00,00,
0,00000284,false,Rx,0,6,07,07,00,00,00,00,00,00,
0,00000280,false,Rx,0,8,B3,8A,00,00,33,FA,28,33,
0,00000288,false,Rx,0,8,E8,33,D5,00,00,75,57,53,
0,00000380,false,Rx,0,8,B0,7F,00,96,20,00,00,FE,
0,00000488,false,Rx,0,8,6F,33,00,72,FE,FF,FF,D0,
0,00000280,false,Rx,0,8,B3,8A,00,00,33,FA,28,33,
0,00000288,false,Rx,0,8,E8,33,D5,00,00,75,57,53,
0,00000380,false,Rx,0,8,B0,7F,00,96,20,00,00,FE,
0,00000488,false,Rx,0,8,5F,33,00,72,FE,FF,FF,E0,
0,00000480,false,Rx,0,8,84,2C,00,00,19,41,00,F0,
0,00000588,false,Rx,0,8,0B,00,72,00,00,80,00,00,
0,00000284,false,Rx,0,6,08,08,00,00,00,00,00,00,
0,00000280,false,Rx,0,8,B3,8A,00,00,33,FA,28,33,
0,00000288,false,Rx,0,8,E8,33,D5,00,00,75,57,53,
0,00000380,false,Rx,0,8,B0,7F,00,96,20,00,00,FE,
0,00000488,false,Rx,0,8,4F,33,00,72,FE,FF,FF,F0,
0,00000280,false,Rx,0,8,B3,8A,00,00,33,FA,28,33,
0,00000288,false,Rx,0,8,2C,33,D5,00,00,75,57,53,
0,00000380,false,Rx,0,8,B0,7F,00,96,20,00,00,FE,
0,00000488,false,Rx,0,8,40,33,00,72,FE,FF,00,00,
0,00000480,false,Rx,0,8,84,2C,00,00,19,41,00,F0,
130000,00000588,false,Rx,0,8,0B,00,72,00,00,80,00,00,
0,00000284,false,Rx,0,6,09,09,00,00,00,00,00,00,
0,00000280,false,Rx,0,8,B3,8A,00,00,33,FA,28,33,
0,00000288,false,Rx,0,8,2C,33,D5,00,00,75,57,53,
0,00000380,false,Rx,0,8,B0,7F,00,96,20,00,00,FE,
138000,00000488,false,Rx,0,8,AF,33,00,72,FE,FF,FF,10,
0,00000280,false,Rx,0,8,B3,8A,00,00,33,FA,28,33,
0,00000288,false,Rx,0,8,2C,33,D5,00,00,75,57,53,
0,00000380,false,Rx,0,8,B0,7F,00,96,20,00,00,FE,
0,00000488,false,Rx,0,8,60,33,00,72,FE,FF,00,20,
0,00000480,false,Rx,0,8,84,2C,00,00,19,41,00,F0,
150000,00000588,false,Rx,0,8,0B,00,72,00,00,80,00,00,
0,00000284,false,Rx,0,6,0A,0A,00,00,00,00,00,00,
0,00000280,false,Rx,0,8,B3,8A,00,00,33,FA,28,33,
0,00000288,false,Rx,0,8,2C,33,D5,00,00,75,57,53,
0,00000380,false,Rx,0,8,B0,7F,00,96,20,00,00,FE,
0,00000488,false,Rx,0,8,70,33,00,72,FE,FF,00,30,
0,00000280,false,Rx,0,8,B3,8A,00,00,33,FA,28,33,
0,00000288,false,Rx,0,8,64,33,D5,00,00,75,57,53,
0,00000380,false,Rx,0,8,B0,7F,00,96,20,00,00,FE,
0,00000488,false,Rx,0,8,00,33,00,72,FE,FF,00,40,
0,00000480,false,Rx,0,8,84,2C,00,00,19,41,00,F0,
0,00000588,false,Rx,0,8,0B,00,72,00,00,80,00,00,
171000,00000284,false,Rx,0,6,0B,0B,00,00,00,00,00,00,
0,00000280,false,Rx,0,8,B3,8A,00,00,33,FA,28,33,
0,00000288,false,Rx,0,8,64,33,D5,00,00,75,57,53,
0,00000380,false,Rx,0,8,B0,7F,00,96,20,00,00,FE,
0,00000488,false,Rx,0,8,EF,33,00,72,FE,FF,FF,50,
0,00000280,false,Rx,0,8,B3,8A,00,00,33,FA,28,33,
0,00000288,false,Rx,0,8,64,33,D5,00,00,75,57,53,
0,00000380,false,Rx,0,8,B0,7F,00,96,20,00,00,FE,
0,00000488,false,Rx,0,8,DF,33,00,72,FE,FF,FF,60,
0,00000480,false,Rx,0,8,C2,2C,00,00,19,41,00,B6,
0,00000588,false,Rx,0,8,0B,00,72,00,00,80,00,00,
0,00000284,false,Rx,0,6,0C,0C,00,00,00,00,00,00,
0,00000280,false,Rx,0,8,B3,8A,00,00,33,FA,28,33,
0,00000288,false,Rx,0,8,64,33,D5,00,00,75,57,53,
0,00000380,false,Rx,0,8,B0,7F,00,96,20,00,00,FE,
199000,00000488,false,Rx,0,8,CF,33,00,72,FE,FF,FF,70,
0,00000280,false,Rx,0,8,B3,8A,00,00,33,FA,28,33,
0,00000288,false,Rx,0,8,8A,33,D5,00,00,75,57,53,
0,00000380,false,Rx,0,8,B0,7F,00,96,20,00,00,FE,
0,00000488,false,Rx,0,8,3F,33,00,72,FE,FF,FF,80,
0,00000480,false,Rx,0,8,C2,2C,00,00,19,41,00,B6,
0,00000588,false,Rx,0,8,0B,00,72,00,00,80,00,00,
0,00000284,false,Rx,0,6,0D,0D,00,00,00,00,00,00,
0,00000280,false,Rx,0,8,B3,8A,00,00,33,FA,28,33,
0,00000288,false,Rx,0,8,8A,33,D5,00,00,75,57,53,
0,00000380,false,Rx,0,8,B0,7F,00,96,20,00,00,FE,
0,00000488,false,Rx,0,8,2F,33,00,72,FE,FF,FF,90,
0,00000280,false,Rx,0,8,B3,8A,00,00,33,FA,28,33,
0,00000288,false,Rx,0,8,8A,33,D5,00,00,75,57,53,
0,00000380,false,Rx,0,8,B0,7F,00,96,20,00,00,FE,
0,00000488,false,Rx,0,8,1F,33,00,72,FE,FF,FF,A0,
0,00000480,false,Rx,0,8,C2,2C,00,00,19,41,00,B6,
0,00000588,false,Rx,0,8,0B,00,72,00,00,80,00,00,
0,00000284,false,Rx,0,6,0E,0E,00,00,00,00,00,00,
0,00000280,false,Rx,0,8,B3,8A,00,00,33,FA,28,33,
0,00000288,false,Rx,0,8,8A,33,D5,00,00,75,57,53,
0,00000380,false,Rx,0,8,B0,7F,00,96,20,00,00,FE,
0,00000488,false,Rx,0,8,0F,33,00,72,FE,FF,FF,B0,
0,00000280,false,Rx,0,8,B3,8A,00,00,33,FA,28,33,
0,00000288,false,Rx,0,8,E8,33,D5,00,00,75,57,53,
0,00000380,false,Rx,0,8,B0,7F,00,96,20,00,00,FE,
0,00000488,false,Rx,0,8,7F,33,00,72,FE,FF,FF,C0,
0,00000480,false,Rx,0,8,C2,2C,00,00,19,41,00,B6,
0,00000588,false,Rx,0,8,0B,00,72,00,00,80,00,00,
248000,00000284,false,Rx,0,6,0F,0F,00,00,00,00,00,00,
0,00000280,false,Rx,0,8,B3,8A,00,00,33,FA,28,33,
0,00000288,false,Rx,0,8,E8,33,D5,00,00,75,57,53,
0,00000380,false,Rx,0,8,B0,7F,00,96,20,00,00,FE,
0,00000488,false,Rx,0,8,6F,33,00,72,FE,FF,FF,D0,
0,00000280,false,Rx,0,8,B3,8A,00,00,33,FA,28,33,
0,00000288,false,Rx,0,8,E8,33,D5,00,00,75,57,53,
0,00000380,false,Rx,0,8,B0,7F,00,96,20,00,00,FE,
0,00000488,false,Rx,0,8,5F,33,00,72,FE,FF,FF,E0,
0,00000480,false,Rx,0,8,1C,2C,00,00,19,41,00,68,
0,00000588,false,Rx,0,8,0B,00,72,00,00,80,00,00,
0,00000284,false,Rx,0,6,00,00,00,00,00,00,00,00,
0,00000280,false,Rx,0,8,B3,8A,00,00,33,FA,28,33,
0,00000288,false,Rx,0,8,E8,33,D5,00,00,75,57,53,
0,00000380,false,Rx,0,8,B0,7F,00,96,20,00,00,FE,
0,00000488,false,Rx,0,8,4F,33,00,72,FE,FF,FF,F0,
0,00000280,false,Rx,0,8,B3,8A,00,00,33,FA,28,33,
0,00000288,false,Rx,0,8,2C,33,D5,00,00,75,57,53,
0,00000380,false,Rx,0,8,B0,7F,00,96,20,00,00,FE,
0,00000488,false,Rx,0,8,40,33,00,72,FE,FF,00,00,
0,00000480,false,Rx,0,8,1C,2C,00,00,19,41,00,68,
0,00000588,false,Rx,0,8,0B,00,72,00,00,80,00,00,
0,00000284,false,Rx,0,6,01,01,00,00,00,00,00,00,
0,00000280,false,Rx,0,8,B3,8A,00,00,33,FA,28,33,
0,00000288,false,Rx,0,8,2C,33,D5,00,00,75,57,53,
0,00000380,false,Rx,0,8,B0,7F,00,96,20,00,00,FE,
0,00000488,false,Rx,0,8,AF,33,00,72,FE,FF,FF,10,
0,00000280,false,Rx,0,8,B3,8A,00,00,33,FA,28,33,
0,00000288,false,Rx,0,8,2C,33,D5,00,00,75,57,53,
0,00000380,false,Rx,0,8,B0,7F,00,96,20,00,00,FE,
0,00000488,false,Rx,0,8,60,33,00,72,FE,FF,00,20,
0,00000480,false,Rx,0,8,1C,2C,00,00,19,41,00,68,
0,00000588,false,Rx,0,8,0B,00,72,00,00,80,00,00,
0,00000284,false,Rx,0,6,02,02,00,00,00,00,00,00,
314000,00000280,false,Rx,0,8,B3,8A,00,00,33,FA,28,33,
0,00000288,false,Rx,0,8,2C,33,D5,00,00,75,57,53,
0,00000380,false,Rx,0,8,B0,7F,00,96,20,00,00,FE,
0,00000488,false,Rx,0,8,70,33,00,72,FE,FF,00,30,
0,00000280,false,Rx,0,8,B3,8A,00,00,33,FA,28,33,
0,00000288,false,Rx,0,8,64,33,D5,00,00,75,57,53,
0,00000380,false,Rx,0,8,B0,7F,00,96,20,00,00,FE,
0,00000488,false,Rx,0,8,00,33,00,72,FE,FF,00,40,
0,00000480,false,Rx,0,8,1C,2C,00,00,19,41,00,68,
330000,00000588,false,Rx,0,8,0B,00,72,00,00,80,00,00,
0,00000284,false,Rx,0,6,03,03,00,00,00,00,00,00,
0,00000280,false,Rx,0,8,B3,8A,00,00,33,FA,28,33,
0,00000288,false,Rx,0,8,64,33,D5,00,00,75,57,53,
0,00000380,false,Rx,0,8,B0,7F,00,96,20,00,00,FE,
0,00000488,false,Rx,0,8,EF,33,00,72,FE,FF,FF,50,
0,00000280,false,Rx,0,8,B3,8A,00,00,33,FA,28,33,
0,00000288,false,Rx,0,8,64,33,D5,00,00,75,57,53,
0,00000380,false,Rx,0,8,B0,7F,00,96,20,00,00,FE,
0,00000488,false,Rx,0,8,DF,33,00,72,FE,FF,FF,60,
0,00000480,false,Rx,0,8,54,2C,00,00,19,41,00,20,
0,00000588,false,Rx,0,8,0B,00,72,00,00,80,00,00,
351000,00000284,false,Rx,0,6,04,04,00,00,00,00,00,00,
0,00000280,false,Rx,0,8,B3,8A,00,00,33,FA,28,33,
0,00000288,false,Rx,0,8,64,33,D5,00,00,75,57,53,
0,00000380,false,Rx,0,8,B0,7F,00,96,20,00,00,FE,
0,00000488,false,Rx,0,8,CF,33,00,72,FE,FF,FF,70,
0,00000280,false,Rx,0,8,B3,8A,00,00,33,FA,28,33,
0,00000288,false,Rx,0,8,8A,33,D5,00,00,75,57,53,
0,00000380,false,Rx,0,8,B0,7F,00,96,20,00,00,FE,
0,00000488,false,Rx,0,8,3F,33,00,72,FE,FF,FF,80,
0,00000480,false,Rx,0,8,54,2C,00,00,19,41,00,20,
0,00000588,false,Rx,0,8,0B,00,72,00,00,80,00,00,
0,00000284,false,Rx,0,6,05,05,00,00,00,00,00,00,
0,00000280,false,Rx,0,8,B3,8A,00,00,33,FA,28,33,
0,00000288,false,Rx,0,8,8A,33,D5,00,00,75,57,53,
0,00000380,false,Rx,0,8,B0,7F,00,96,20,00,00,FE,
0,00000488,false,Rx,0,8,2F,33,00,72,FE,FF,FF,90,
0,00000580,false,Rx,0,8,8C,00,00,14,1C,93,48,14,
0,00000280,false,Rx,0,8,B3,8A,00,00,33,FA,28,33,
0,00000288,false,Rx,0,8,8A,33,D5,00,00,75,57,53,
0,00000380,false,Rx,0,8,B0,7F,00,96,20,00,00,FE,
0,00000488,false,Rx,0,8,1F,33,00,72,FE,FF,FF,A0,
0,00000480,false,Rx,0,8,54,2C,00,00,19,41,00,20,
0,00000588,false,Rx,0,8,0B,00,72,00,00,80,00,00,
0,00000284,false,Rx,0,6,06,06,00,00,00,00,00,00,
0,00000280,false,Rx,0,8,B3,8A,00,00,33,FA,28,33,
0,00000288,false,Rx,0,8,8A,33,D5,00,00,75,57,53,
0,00000380,false,Rx,0,8,B0,7F,00,96,20,00,00,FE,
0,00000488,false,Rx,0,8,0F,33,00,72,FE,FF,FF,B0,
0,00000280,false,Rx,0,8,B3,8A,00,00,33,FA,28,33,
0,00000288,false,Rx,0,8,E8,33,D5,00,00,75,57,53,
0,00000380,false,Rx,0,8,B0,7F,00,96,20,00,00,FE,
0,00000488,false,Rx,0,8,7F,33,00,72,FE,FF,FF,C0,
0,00000480,false,Rx,0,8,54,2C,00,00,19,41,00,20,
0,00000588,false,Rx,0,8,0B,00,72,00,00,80,00,00,
0,00000284,false,Rx,0,6,07,07,00,00,00,00,00,00,
0,00000280,false,Rx,0,8,B3,8A,00,00,33,FA,28,33,
0,00000288,false,Rx,0,8,E8,33,D5,00,00,75,57,53,
0,00000380,false,Rx,0,8,B0,7F,00,96,20,00,00,FE,
0,00000488,false,Rx,0,8,6F,33,00,72,FE,FF,FF,D0,
0,00000280,false,Rx,0,8,B3,8A,00,00,33,FA,28,33,
0,00000288,false,Rx,0,8,E8,33,D5,00,00,75,57,53,
0,00000380,false,Rx,0,8,B0,7F,00,96,20,00,00,FE,
0,00000488,false,Rx,0,8,5F,33,00,72,FE,FF,FF,E0,
0,00000480,false,Rx,0,8,84,2C,00,00,19,41,00,F0,
0,00000588,false,Rx,0,8,0B,00,72,00,00,80,00,00,
429000,00000284,false,Rx,0,6,08,08,00,00,00,00,00,00,
0,00000280,false,Rx,0,8,B3,8A,00,00,33,FA,28,33,
0,00000288,false,Rx,0,8,E8,33,D5,00,00,75,57,53,
0,00000380,false,Rx,0,8,B0,7F,00,96,20,00,00,FE,
0,00000488,false,Rx,0,8,4F,33,00,72,FE,FF,FF,F0,
0,00000280,false,Rx,0,8,B3,8A,00,00,33,FA,28,33,
0,00000288,false,Rx,0,8,2C,33,D5,00,00,75,57,53,
0,00000380,false,Rx,0,8,B0,7F,00,96,20,00,00,FE,
0,00000488,false,Rx,0,8,40,33,00,72,FE,FF,00,00,
0,00000480,false,Rx,0,8,84,2C,00,00,19,41,00,F0,
0,00000284,false,Rx,0,6,09,09,00,00,00,00,00,00,
0,00000588,false,Rx,0,8,0B,00,72,00,00,80,00,00,
0,00000280,false,Rx,0,8,B3,8A,00,00,33,FA,28,33,
0,00000288,false,Rx,0,8,2C,33,D5,00,00,75,57,53,
0,00000380,false,Rx,0,8,B0,7F,00,96,20,00,00,FE,
0,00000488,false,Rx,0,8,AF,33,00,72,FE,FF,FF,10,
0,00000280,false,Rx,0,8,B3,8A,00,00,33,FA,28,33,
0,00000288,false,Rx,0,8,2C,33,D5,00,00,75,57,53,
0,00000380,false,Rx,0,8,B0,7F,00,96,20,00,00,FE,
0,00000488,false,Rx,0,8,60,33,00,72,FE,FF,00,20,
0,00000480,false,Rx,0,8,84,2C,00,00,19,41,00,F0,
0,00000588,false,Rx,0,8,0B,00,72,00,00,80,00,00,
0,00000284,false,Rx,0,6,0A,0A,00,00,00,00,00,00,
0,00000280,false,Rx,0,8,B3,8A,00,00,33,FA,28,33,
0,00000288,false,Rx,0,8,2C,33,D5,00,00,75,57,53,
0,00000380,false,Rx,0,8,B0,7F,00,96,20,00,00,FE,
0,00000488,false,Rx,0,8,70,33,00,72,FE,FF,00,30,
0,00000280,false,Rx,0,8,B3,8A,00,00,33,FA,28,33,
0,00000288,false,Rx,0,8,64,33,D5,00,00,75,57,53,
0,00000380,false,Rx,0,8,B0,7F,00,96,20,00,00,FE,
0,00000488,false,Rx,0,8,00,33,00,72,FE,FF,00,40,
0,00000480,false,Rx,0,8,84,2C,00,00,19,41,00,F0,
0,00000588,false,Rx,0,8,0B,00,72,00,00,80,00,00,
0,00000284,false,Rx,0,6,0B,0B,00,00,00,00,00,00,
0,00000280,false,Rx,0,8,B3,8A,00,00,33,FA,28,33,
0,00000288,false,Rx,0,8,64,33,D5,00,00,75,57,53,
0,00000380,false,Rx,0,8,B0,7F,00,96,20,00,00,FE,
0,00000488,false,Rx,0,8,EF,33,00,72,FE,FF,FF,50,
0,00000280,false,Rx,0,8,B3,8A,00,00,33,FA,28,33,
0,00000288,false,Rx,0,8,64,33,D5,00,00,75,57,53,
0,00000380,false,Rx,0,8,B0,7F,00,96,20,00,00,FE,
0,00000488,false,Rx,0,8,DF,33,00,72,FE,FF,FF,60,
0,00000480,false,Rx,0,8,C2,2C,00,00,19,41,00,B6,
511000,00000588,false,Rx,0,8,0B,00,72,00,00,80,00,00,
0,00000284,false,Rx,0,6,0C,0C,00,00,00,00,00,00,
0,00000280,false,Rx,0,8,B3,8A,00,00,33,FA,28,33,
0,00000288,false,Rx,0,8,64,33,D5,00,00,75,57,53,
0,00000380,false,Rx,0,8,B0,7F,00,96,20,00,00,FE,
0,00000488,false,Rx,0,8,CF,33,00,72,FE,FF,FF,70,
0,00000280,false,Rx,0,8,B3,8A,00,00,33,FA,28,33,
0,00000288,false,Rx,0,8,8A,33,D5,00,00,75,57,53,
0,00000380,false,Rx,0,8,B0,7F,00,96,20,00,00,FE,
0,00000488,false,Rx,0,8,3F,33,00,72,FE,FF,FF,80,
0,00000480,false,Rx,0,8,C2,2C,00,00,19,41,00,B6,
531000,00000588,false,Rx,0,8,0B,00,72,00,00,80,00,00,
0,00000284,false,Rx,0,6,0D,0D,00,00,00,00,00,00,
0,00000280,false,Rx,0,8,B3,8A,00,00,33,FA,28,33,
0,00000288,false,Rx,0,8,8A,33,D5,00,00,75,57,53,
0,00000380,false,Rx,0,8,B0,7F,00,96,20,00,00,FE,
0,00000488,false,Rx,0,8,2F,33,00,72,FE,FF,FF,90,
0,00000280,false,Rx,0,8,B3,8A,00,00,33,FA,28,33,
0,00000288,false,Rx,0,8,8A,33,D5,00,00,75,57,53,
0,00000380,false,Rx,0,8,B0,7F,00,96,20,00,00,FE,
0,00000488,false,Rx,0,8,1F,33,00,72,FE,FF,FF,A0,
0,00000480,false,Rx,0,8,C2,2C,00,00,19,41,00,B6,
0,00000588,false,Rx,0,8,0B,00,72,00,00,80,00,00,
552000,00000284,false,Rx,0,6,0E,0E,00,00,00,00,00,00,
0,00000280,false,Rx,0,8,B3,8A,00,00,33,FA,28,33,
0,00000288,false,Rx,0,8,8A,33,D5,00,00,75,57,53,
0,00000380,false,Rx,0,8,B0,7F,00,96,20,00,00,FE,
560000,00000488,false,Rx,0,8,0F,33,00,72,FE,FF,FF,B0,
0,00000280,false,Rx,0,8,B3,8A,00,00,33,FA,28,33,
0,00000288,false,Rx,0,8,E8,33,D5,00,00,75,57,53,
0,00000380,false,Rx,0,8,B0,7F,00,96,20,00,00,FE,
0,00000488,false,Rx,0,8,7F,33,00,72,FE,FF,FF,C0,
0,00000480,false,Rx,0,8,C2,2C,00,00,19,41,00,B6,
0,00000588,false,Rx,0,8,0B,00,72,00,00,80,00,00,
0,00000284,false,Rx,0,6,0F,0F,00,00,00,00,00,00,
0,00000280,false,Rx,0,8,B3,8A,00,00,33,FA,28,33,
0,00000288,false,Rx,0,8,E8,33,D5,00,00,75,57,53,
0,00000380,false,Rx,0,8,B0,7F,00,96,20,00,00,FE,
580000,00000488,false,Rx,0,8,6F,33,00,72,FE,FF,FF,D0,
0,00000280,false,Rx,0,8,B3,8A,00,00,33,FA,28,33,
0,00000288,false,Rx,0,8,E8,33,D5,00,00,75,57,53,
0,00000380,false,Rx,0,8,B0,7F,00,96,20,00,00,FE,
0,00000488,false,Rx,0,8,5F,33,00,72,FE,FF,FF,E0,
0,00000480,false,Rx,0,8,1C,2C,00,00,19,41,00,68,
0,00000588,false,Rx,0,8,0B,00,72,00,00,80,00,00,
0,00000284,false,Rx,0,6,00,00,00,00,00,00,00,00,
0,00000280,false,Rx,0,8,B3,8A,00,00,33,FA,28,33,
0,00000288,false,Rx,0,8,E8,33,D5,00,00,75,57,53,
0,00000380,false,Rx,0,8,B0,7F,00,96,20,00,00,FE,
0,00000488,false,Rx,0,8,4F,33,00,72,FE,FF,FF,F0,
0,00000280,false,Rx,0,8,B3,8A,00,00,33,FA,28,33,
0,00000288,false,Rx,0,8,2C,33,D5,00,00,75,57,53,
0,00000380,false,Rx,0,8,B0,7F,00,96,20,00,00,FE,
0,00000488,false,Rx,0,8,40,33,00,72,FE,FF,00,00,
0,00000480,false,Rx,0,8,1C,2C,00,00,19,41,00,68,
0,00000284,false,Rx,0,6,01,01,00,00,00,00,00,00,
0,00000588,false,Rx,0,8,0B,00,72,00,00,80,00,00,
0,00000280,false,Rx,0,8,B3,8A,00,00,33,FA,28,33,
0,00000288,false,Rx,0,8,2C,33,D5,00,00,75,57,53,
0,00000380,false,Rx,0,8,B0,7F,00,96,20,00,00,FE,
0,00000488,false,Rx,0,8,AF,33,00,72,FE,FF,FF,10,
0,00000280,false,Rx,0,8,B3,8A,00,00,33,FA,28,33,
0,00000288,false,Rx,0,8,2C,33,D5,00,00,75,57,53,
0,00000380,false,Rx,0,8,B0,7F,00,96,20,00,00,FE,
0,00000488,false,Rx,0,8,60,33,00,72,FE,FF,00,20,
0,00000480,false,Rx,0,8,1C,2C,00,00,19,41,00,68,
0,00000588,false,Rx,0,8,0B,00,72,00,00,80,00,00,
629000,00000284,false,Rx,0,6,02,02,00,00,00,00,00,00,
0,00000280,false,Rx,0,8,B3,8A,00,00,33,FA,28,33,
0,00000288,false,Rx,0,8,2C,33,D5,00,00,75,57,53,
0,00000380,false,Rx,0,8,B0,7F,00,96,20,00,00,FE,
0,00000488,false,Rx,0,8,70,33,00,72,FE,FF,00,30,
0,00000280,false,Rx,0,8,B3,8A,00,00,33,FA,28,33,
0,00000288,false,Rx,0,8,64,33,D5,00,00,75,57,53,
0,00000380,false,Rx,0,8,B0,7F,00,96,20,00,00,FE,
0,00000488,false,Rx,0,8,00,33,00,72,FE,FF,00,40,
0,00000480,false,Rx,0,8,1C,2C,00,00,19,41,00,68,
0,00000284,false,Rx,0,6,03,03,00,00,00,00,00,00,
0,00000588,false,Rx,0,8,0B,00,72,00,00,80,00,00,
0,00000280,false,Rx,0,8,B3,8A,00,00,33,FA,28,33,
0,00000288,false,Rx,0,8,64,33,D5,00,00,75,57,53,
0,00000380,false,Rx,0,8,B0,7F,00,96,20,00,00,FE,
0,00000488,false,Rx,0,8,EF,33,00,72,FE,FF,FF,50,
0,00000280,false,Rx,0,8,B3,8A,00,00,33,FA,28,33,
0,00000288,false,Rx,0,8,64,33,D5,00,00,75,57,53,
0,00000380,false,Rx,0,8,B0,7F,00,96,20,00,00,FE,
0,00000488,false,Rx,0,8,DF,33,00,72,FE,FF,FF,60,
0,00000480,false,Rx,0,8,54,2C,00,00,19,41,00,20,
0,00000588,false,Rx,0,8,0B,00,72,00,00,80,00,00,
0,00000284,false,Rx,0,6,04,04,00,00,00,00,00,00,
0,00000280,false,Rx,0,8,B3,8A,00,00,33,FA,28,33,
0,00000288,false,Rx,0,8,64,33,D5,00,00,75,57,53,
0,00000380,false,Rx,0,8,B0,7F,00,96,20,00,00,FE,
0,00000488,false,Rx,0,8,CF,33,00,72,FE,FF,FF,70,
0,00000280,false,Rx,0,8,B3,8A,00,00,33,FA,28,33,
0,00000288,false,Rx,0,8,8A,33,D5,00,00,75,57,53,
0,00000380,false,Rx,0,8,B0,7F,00,96,20,00,00,FE,
0,00000488,false,Rx,0,8,3F,33,00,72,FE,FF,FF,80,
0,00000480,false,Rx,0,8,54,2C,00,00,19,41,00,20,
0,00000284,false,Rx,0,6,05,05,00,00,00,00,00,00,
0,00000588,false,Rx,0,8,0B,00,72,00,00,80,00,00,
0,00000280,false,Rx,0,8,B3,8A,00,00,33,FA,28,33,
0,00000288,false,Rx,0,8,8A,33,D5,00,00,75,57,53,
0,00000380,false,Rx,0,8,B0,7F,00,96,20,00,00,FE,
0,00000488,false,Rx,0,8,2F,33,00,72,FE,FF,FF,90,
0,00000280,false,Rx,0,8,B3,8A,00,00,33,FA,28,33,
0,00000288,false,Rx,0,8,8A,33,D5,00,00,75,57,53,
0,00000380,false,Rx,0,8,B0,7F,00,96,20,00,00,FE,
0,00000488,false,Rx,0,8,1F,33,00,72,FE,FF,FF,A0,
0,00000480,false,Rx,0,8,54,2C,00,00,19,41,00,20,
711000,00000588,false,Rx,0,8,0B,00,72,00,00,80,00,00,
0,00000284,false,Rx,0,6,06,06,00,00,00,00,00,00,
0,00000280,false,Rx,0,8,B3,8A,00,00,33,FA,28,33,
0,00000288,false,Rx,0,8,8A,33,D5,00,00,75,57,53,
0,00000380,false,Rx,0,8,B0,7F,00,96,20,00,00,FE,
0,00000488,false,Rx,0,8,0F,33,00,72,FE,FF,FF,B0,
0,00000280,false,Rx,0,8,B3,8A,00,00,33,FA,28,33,
0,00000288,false,Rx,0,8,E8,33,D5,00,00,75,57,53,
0,00000380,false,Rx,0,8,B0,7F,00,96,20,00,00,FE,
0,00000488,false,Rx,0,8,7F,33,00,72,FE,FF,FF,C0,
0,00000480,false,Rx,0,8,54,2C,00,00,19,41,00,20,
0,00000284,false,Rx,0,6,07,07,00,00,00,00,00,00,
732000,00000588,false,Rx,0,8,0B,00,72,00,00,80,00,00,
0,00000280,false,Rx,0,8,B3,8A,00,00,33,FA,28,33,
0,00000288,false,Rx,0,8,E8,33,D5,00,00,75,57,53,
0,00000380,false,Rx,0,8,B0,7F,00,96,20,00,00,FE,
0,00000488,false,Rx,0,8,6F,33,00,72,FE,FF,FF,D0,
0,00000280,false,Rx,0,8,B3,8A,00,00,33,FA,28,33,
0,00000288,false,Rx,0,8,E8,33,D5,00,00,75,57,53,
0,00000380,false,Rx,0,8,B0,7F,00,96,20,00,00,FE,
0,00000488,false,Rx,0,8,5F,33,00,72,FE,FF,FF,E0,
0,00000480,false,Rx,0,8,84,2C,00,00,19,41,00,F0,
0,00000588,false,Rx,0,8,0B,00,72,00,00,80,00,00,
0,00000284,false,Rx,0,6,08,08,00,00,00,00,00,00,
0,00000280,false,Rx,0,8,B3,8A,00,00,33,FA,28,33,
0,00000288,false,Rx,0,8,E8,33,D5,00,00,75,57,53,
0,00000380,false,Rx,0,8,B0,7F,00,96,20,00,00,FE,
760000,00000488,false,Rx,0,8,4F,33,00,72,FE,FF,FF,F0,
0,00000280,false,Rx,0,8,B3,8A,00,00,33,FA,28,33,
0,00000288,false,Rx,0,8,2C,33,D5,00,00,75,57,53,
0,00000380,false,Rx,0,8,B0,7F,00,96,20,00,00,FE,
0,00000488,false,Rx,0,8,40,33,00,72,FE,FF,00,00,
0,00000480,false,Rx,0,8,84,2C,00,00,19,41,00,F0,
0,00000284,false,Rx,0,6,09,09,00,00,00,00,00,00,
773000,00000588,false,Rx,0,8,0B,00,72,00,00,80,00,00,
0,00000280,false,Rx,0,8,B3,8A,00,00,33,FA,28,33,
0,00000288,false,Rx,0,8,2C,33,D5,00,00,75,57,53,
0,00000380,false,Rx,0,8,B0,7F,00,96,20,00,00,FE,
0,00000488,false,Rx,0,8,AF,33,00,72,FE,FF,FF,10,
785000,00000280,false,Rx,0,8,B3,8A,00,00,33,FA,28,33,
0,00000288,false,Rx,0,8,2C,33,D5,00,00,75,57,53,
0,00000380,false,Rx,0,8,B0,7F,00,96,20,00,00,FE,
0,00000488,false,Rx,0,8,60,33,00,72,FE,FF,00,20,
0,00000480,false,Rx,0,8,84,2C,00,00,19,41,00,F0,
0,00000284,false,Rx,0,6,0A,0A,00,00,00,00,00,00,
0,00000588,false,Rx,0,8,0B,00,72,00,00,80,00,00,
0,00000280,false,Rx,0,8,B3,8A,00,00,33,FA,28,33,
0,00000288,false,Rx,0,8,2C,33,D5,00,00,75,57,53,
0,00000380,false,Rx,0,8,B0,7F,00,96,20,00,00,FE,
0,00000488,false,Rx,0,8,70,33,00,72,FE,FF,00,30,
0,00000280,false,Rx,0,8,B3,8A,00,00,33,FA,28,33,
0,00000288,false,Rx,0,8,64,33,D5,00,00,75,57,53,
0,00000380,false,Rx,0,8,B0,7F,00,96,20,00,00,FE,
0,00000488,false,Rx,0,8,00,33,00,72,FE,FF,00,40,
0,00000480,false,Rx,0,8,84,2C,00,00,19,41,00,F0,
0,00000284,false,Rx,0,6,0B,0B,00,00,00,00,00,00,
809000,00000588,false,Rx,0,8,0B,00,72,00,00,80,00,00,
0,00000280,false,Rx,0,8,B3,8A,00,00,33,FA,28,33,
0,00000288,false,Rx,0,8,64,33,D5,00,00,75,57,53,
0,00000380,false,Rx,0,8,B0,7F,00,96,20,00,00,FE,
0,00000488,false,Rx,0,8,EF,33,00,72,FE,FF,FF,50,
0,00000280,false,Rx,0,8,B3,8A,00,00,33,FA,28,33,
0,00000288,false,Rx,0,8,64,33,D5,00,00,75,57,53,
0,00000380,false,Rx,0,8,B0,7F,00,96,20,00,00,FE,
0,00000488,false,Rx,0,8,DF,33,00,72,FE,FF,FF,60,
0,00000480,false,Rx,0,8,C2,2C,00,00,19,41,00,B6,
0,00000284,false,Rx,0,6,0C,0C,00,00,00,00,00,00,
0,00000588,false,Rx,0,8,0B,00,72,00,00,80,00,00,
0,00000280,false,Rx,0,8,B3,8A,00,00,33,FA,28,33,
0,00000288,false,Rx,0,8,64,33,D5,00,00,75,57,53,
0,00000380,false,Rx,0,8,B0,7F,00,96,20,00,00,FE,
0,00000488,false,Rx,0,8,CF,33,00,72,FE,FF,FF,70,
0,00000280,false,Rx,0,8,B3,8A,00,00,33,FA,28,33,
0,00000288,false,Rx,0,8,8A,33,D5,00,00,75,57,53,
0,00000380,false,Rx,0,8,B0,7F,00,96,20,00,00,FE,
0,00000488,false,Rx,0,8,3F,33,00,72,FE,FF,FF,80,
0,00000480,false,Rx,0,8,C2,2C,00,00,19,41,00,B6,
0,00000284,false,Rx,0,6,0D,0D,00,00,00,00,00,00,
0,00000588,false,Rx,0,8,0B,00,72,00,00,80,00,00,
0,00000280,false,Rx,0,8,B3,8A,00,00,33,FA,28,33,
0,00000288,false,Rx,0,8,8A,33,D5,00,00,75,57,53,
0,00000380,false,Rx,0,8,B0,7F,00,96,20,00,00,FE,
0,00000488,false,Rx,0,8,2F,33,00,72,FE,FF,FF,90,
0,00000280,false,Rx,0,8,B3,8A,00,00,33,FA,28,33,
0,00000288,false,Rx,0,8,8A,33,D5,00,00,75,57,53,
0,00000380,false,Rx,0,8,B0,7F,00,96,20,00,00,FE,
0,00000488,false,Rx,0,8,1F,33,00,72,FE,FF,FF,A0,
0,00000480,false,Rx,0,8,C2,2C,00,00,19,41,00,B6,
0,00000284,false,Rx,0,6,0E,0E,00,00,00,00,00,00,
0,00000588,false,Rx,0,8,0B,00,72,00,00,80,00,00,
0,00000280,false,Rx,0,8,B3,8A,00,00,33,FA,28,33,
0,00000288,false,Rx,0,8,8A,33,D5,00,00,75,57,53,
0,00000380,false,Rx,0,8,B0,7F,00,96,20,00,00,FE,
0,00000488,false,Rx,0,8,0F,33,00,72,FE,FF,FF,B0,
0,00000280,false,Rx,0,8,B3,8A,00,00,33,FA,28,33,
0,00000288,false,Rx,0,8,E8,33,D5,00,00,75,57,53,
0,00000380,false,Rx,0,8,B0,7F,00,96,20,00,00,FE,
0,00000488,false,Rx,0,8,7F,33,00,72,FE,FF,FF,C0,
0,00000480,false,Rx,0,8,C2,2C,00,00,19,41,00,B6,
0,00000284,false,Rx,0,6,0F,0F,00,00,00,00,00,00,
0,00000588,false,Rx,0,8,0B,00,72,00,00,80,00,00,
0,00000280,false,Rx,0,8,B3,8A,00,00,33,FA,28,33,
0,00000288,false,Rx,0,8,E8,33,D5,00,00,75,57,53,
0,00000380,false,Rx,0,8,B0,7F,00,96,20,00,00,FE,
0,00000488,false,Rx,0,8,6F,33,00,72,FE,FF,FF,D0,
0,00000280,false,Rx,0,8,B3,8A,00,00,33,FA,28,33,
0,00000288,false,Rx,0,8,E8,33,D5,00,00,75,57,53,
0,00000380,false,Rx,0,8,B0,7F,00,96,20,00,00,FE,
0,00000488,false,Rx,0,8,5F,33,00,72,FE,FF,FF,E0,
0,00000480,false,Rx,0,8,1C,2C,00,00,19,41,00,68,
0,00000284,false,Rx,0,6,00,00,00,00,00,00,00,00,
0,00000588,false,Rx,0,8,0B,00,72,00,00,80,00,00,
0,00000280,false,Rx,0,8,B3,8A,00,00,33,FA,28,33,
0,00000288,false,Rx,0,8,E8,33,D5,00,00,75,57,53,
0,00000380,false,Rx,0,8,B0,7F,00,96,20,00,00,FE,
0,00000488,false,Rx,0,8,4F,33,00,72,FE,FF,FF,F0,
0,00000280,false,Rx,0,8,B3,8A,00,00,33,FA,28,33,
0,00000288,false,Rx,0,8,2C,33,D5,00,00,75,57,53,
0,00000380,false,Rx,0,8,B0,7F,00,96,20,00,00,FE,
0,00000488,false,Rx,0,8,40,33,00,72,FE,FF,00,00,
0,00000480,false,Rx,0,8,1C,2C,00,00,19,41,00,68,
0,00000284,false,Rx,0,6,01,01,00,00,00,00,00,00,
932000,00000588,false,Rx,0,8,0B,00,72,00,00,80,00,00,
0,00000280,false,Rx,0,8,B3,8A,00,00,33,FA,28,33,
0,00000288,false,Rx,0,8,2C,33,D5,00,00,75,57,53,
0,00000380,false,Rx,0,8,B0,7F,00,96,20,00,00,FE,
941000,00000488,false,Rx,0,8,AF,33,00,72,FE,FF,FF,10,
0,00000280,false,Rx,0,8,B3,8A,00,00,33,FA,28,33,
0,00000288,false,Rx,0,8,2C,33,D5,00,00,75,57,53,
0,00000380,false,Rx,0,8,B0,7F,00,96,20,00,00,FE,
0,00000488,false,Rx,0,8,60,33,00,72,FE,FF,00,20,
0,00000480,false,Rx,0,8,1C,2C,00,00,19,41,00,68,
0,00000284,false,Rx,0,6,02,02,00,00,00,00,00,00,
953000,00000588,false,Rx,0,8,0B,00,72,00,00,80,00,00,
0,00000280,false,Rx,0,8,B3,8A,00,00,33,FA,28,33,
0,00000288,false,Rx,0,8,2C,33,D5,00,00,75,57,53,
0,00000380,false,Rx,0,8,B0,7F,00,96,20,00,00,FE,
0,00000488,false,Rx,0,8,70,33,00,72,FE,FF,00,30,
0,00000280,false,Rx,0,8,B3,8A,00,00,33,FA,28,33,
0,00000288,false,Rx,0,8,64,33,D5,00,00,75,57,53,
0,00000380,false,Rx,0,8,B0,7F,00,96,20,00,00,FE,
0,00000488,false,Rx,0,8,00,33,00,72,FE,FF,00,40,
0,00000480,false,Rx,0,8,1C,2C,00,00,19,41,00,68,
0,00000284,false,Rx,0,6,03,03,00,00,00,00,00,00,
973000,00000588,false,Rx,0,8,0B,00,72,00,00,80,00,00,
0,00000280,false,Rx,0,8,B3,8A,00,00,33,FA,28,33,
0,00000288,false,Rx,0,8,64,33,D5,00,00,75,57,53,
0,00000380,false,Rx,0,8,B0,7F,00,96,20,00,00,FE,
0,00000488,false,Rx,0,8,EF,33,00,72,FE,FF,FF,50,
0,00000280,false,Rx,0,8,B3,8A,00,00,33,FA,28,33,
0,00000288,false,Rx,0,8,64,33,D5,00,00,75,57,53,
0,00000380,false,Rx,0,8,B0,7F,00,96,20,00,00,FE,
0,00000488,false,Rx,0,8,DF,33,00,72,FE,FF,FF,60,
0,00000480,false,Rx,0,8,54,2C,00,00,19,41,00,20,
0,00000284,false,Rx,0,6,04,04,00,00,00,00,00,00,
990000,00000588,false,Rx,0,8,0B,00,72,00,00,80,00,00,
0,00000280,false,Rx,0,8,B3,8A,00,00,33,FA,28,33,
0,00000288,false,Rx,0,8,64,33,D5,00,00,75,57,53,
0,00000380,false,Rx,0,8,B0,7F,00,96,20,00,00,FE,
0,00000488,false,Rx,0,8,CF,33,00,72,FE,FF,FF,70,
0,00000280,false,Rx,0,8,B3,8A,00,00,33,FA,28,33,
0,00000288,false,Rx,0,8,8A,33,D5,00,00,75,57,53,
0,00000380,false,Rx,0,8,B0,7F,00,96,20,00,00,FE,
0,00000488,false,Rx,0,8,3F,33,00,72,FE,FF,FF,80,
0,00000480,false,Rx,0,8,54,2C,00,00,19,41,00,20,
0,00000284,false,Rx,0,6,05,05,00,00,00,00,00,00,
10000,00000588,false,Rx,0,8,0B,00,72,00,00,80,00,00,
0,00000280,false,Rx,0,8,B3,8A,00,00,33,FA,28,33,
0,00000288,false,Rx,0,8,8A,33,D5,00,00,75,57,53,
0,00000380,false,Rx,0,8,B0,7F,00,96,20,00,00,FE,
0,00000488,false,Rx,0,8,2F,33,00,72,FE,FF,FF,90,
0,00000280,false,Rx,0,8,B3,8A,00,00,33,FA,28,33,
0,00000288,false,Rx,0,8,8A,33,D5,00,00,75,57,53,
0,00000380,false,Rx,0,8,B0,7F,00,96,20,00,00,FE,
0,00000488,false,Rx,0,8,1F,33,00,72,FE,FF,FF,A0,
0,00000480,false,Rx,0,8,54,2C,00,00,19,41,00,20,
0,00000284,false,Rx,0,6,06,06,00,00,00,00,00,00,
0,00000588,false,Rx,0,8,0B,00,72,00,00,80,00,00,
0,00000280,false,Rx,0,8,B3,8A,00,00,33,FA,28,33,
0,00000288,false,Rx,0,8,8A,33,D5,00,00,75,57,53,
0,00000380,false,Rx,0,8,B0,7F,00,96,20,00,00,FE,
0,00000488,false,Rx,0,8,0F,33,00,72,FE,FF,FF,B0,
0,00000280,false,Rx,0,8,B3,8A,00,00,33,FA,28,33,
0,00000288,false,Rx,0,8,E8,33,D5,00,00,75,57,53,
0,00000380,false,Rx,0,8,B0,7F,00,96,20,00,00,FE,
0,00000488,false,Rx,0,8,7F,33,00,72,FE,FF,FF,C0,
0,00000480,false,Rx,0,8,54,2C,00,00,19,41,00,20,
0,00000284,false,Rx,0,6,07,07,00,00,00,00,00,00,
0,00000588,false,Rx,0,8,0B,00,72,00,00,80,00,00,
0,00000280,false,Rx,0,8,B3,8A,00,00,33,FA,28,33,
0,00000288,false,Rx,0,8,E8,33,D5,00,00,75,57,53,
0,00000380,false,Rx,0,8,B0,7F,00,96,20,00,00,FE,
0,00000488,false,Rx,0,8,6F,33,00,72,FE,FF,FF,D0,
0,00000280,false,Rx,0,8,B3,8A,00,00,33,FA,28,33,
0,00000288,false,Rx,0,8,E8,33,D5,00,00,75,57,53,
0,00000380,false,Rx,0,8,B0,7F,00,96,20,00,00,FE,
0,00000488,false,Rx,0,8,5F,33,00,72,FE,FF,FF,E0,
0,00000480,false,Rx,0,8,84,2C,00,00,19,41,00,F0,
0,00000284,false,Rx,0,6,08,08,00,00,00,00,00,00,
0,00000588,false,Rx,0,8,0B,00,72,00,00,80,00,00,
0,00000280,false,Rx,0,8,B3,8A,00,00,33,FA,28,33,
0,00000288,false,Rx,0,8,E8,33,D5,00,00,75,57,53,
0,00000380,false,Rx,0,8,B0,7F,00,96,20,00,00,FE,
0,00000488,false,Rx,0,8,4F,33,00,72,FE,FF,FF,F0,
0,00000280,false,Rx,0,8,B3,8A,00,00,33,FA,28,33,
0,00000288,false,Rx,0,8,2C,33,D5,00,00,75,57,53,
0,00000380,false,Rx,0,8,B0,7F,00,96,20,00,00,FE,
0,00000488,false,Rx,0,8,40,33,00,72,FE,FF,00,00,
0,00000480,false,Rx,0,8,84,2C,00,00,19,41,00,F0,
0,00000284,false,Rx,0,6,09,09,00,00,00,00,00,00,
0,00000588,false,Rx,0,8,0B,00,72,00,00,80,00,00,
0,00000280,false,Rx,0,8,B3,8A,00,00,33,FA,28,33,
0,00000288,false,Rx,0,8,2C,33,D5,00,00,75,57,53,
0,00000380,false,Rx,0,8,B0,7F,00,96,20,00,00,FE,
0,00000488,false,Rx,0,8,AF,33,00,72,FE,FF,FF,10,
0,00000280,false,Rx,0,8,B3,8A,00,00,33,FA,28,33,
0,00000288,false,Rx,0,8,2C,33,D5,00,00,75,57,53,
0,00000380,false,Rx,0,8,B0,7F,00,96,20,00,00,FE,
0,00000488,false,Rx,0,8,60,33,00,72,FE,FF,00,20,
0,00000480,false,Rx,0,8,84,2C,00,00,19,41,00,F0,
0,00000284,false,Rx,0,6,0A,0A,00,00,00,00,00,00,
113000,00000588,false,Rx,0,8,0B,00,72,00,00,80,00,00,
0,00000280,false,Rx,0,8,B3,8A,00,00,33,FA,28,33,
0,00000288,false,Rx,0,8,2C,33,D5,00,00,75,57,53,
0,00000380,false,Rx,0,8,B0,7F,00,96,20,00,00,FE,
121000,00000488,false,Rx,0,8,70,33,00,72,FE,FF,00,30,
0,00000280,false,Rx,0,8,B3,8A,00,00,33,FA,28,33,
0,00000288,false,Rx,0,8,64,33,D5,00,00,75,57,53,
0,00000380,false,Rx,0,8,B0,7F,00,96,20,00,00,FE,
0,00000488,false,Rx,0,8,00,33,00,72,FE,FF,00,40,
0,00000480,false,Rx,0,8,84,2C,00,00,19,41,00,F0,
0,00000284,false,Rx,0,6,0B,0B,00,00,00,00,00,00,
133000,00000588,false,Rx,0,8,0B,00,72,00,00,80,00,00,
0,00000280,false,Rx,0,8,B3,8A,00,00,33,FA,28,33,
0,00000288,false,Rx,0,8,64,33,D5,00,00,75,57,53,
0,00000380,false,Rx,0,8,B0,7F,00,96,20,00,00,FE,
142000,00000488,false,Rx,0,8,EF,33,00,72,FE,FF,FF,50,
0,00000280,false,Rx,0,8,B3,8A,00,00,33,FA,28,33,
0,00000288,false,Rx,0,8,64,33,D5,00,00,75,57,53,
0,00000380,false,Rx,0,8,B0,7F,00,96,20,00,00,FE,
0,00000488,false,Rx,0,8,DF,33,00,72,FE,FF,FF,60,
0,00000480,false,Rx,0,8,C2,2C,00,00,19,41,00,B6,
0,00000284,false,Rx,0,6,0C,0C,00,00,00,00,00,00,
154000,00000588,false,Rx,0,8,0B,00,72,00,00,80,00,00,
0,00000280,false,Rx,0,8,B3,8A,00,00,33,FA,28,33,
0,00000288,false,Rx,0,8,64,33,D5,00,00,75,57,53,
0,00000380,false,Rx,0,8,B0,7F,00,96,20,00,00,FE,
0,00000488,false,Rx,0,8,CF,33,00,72,FE,FF,FF,70,
0,00000280,false,Rx,0,8,B3,8A,00,00,33,FA,28,33,
0,00000288,false,Rx,0,8,8A,33,D5,00,00,75,57,53,
0,00000380,false,Rx,0,8,B0,7F,00,96,20,00,00,FE,
0,00000488,false,Rx,0,8,3F,33,00,72,FE,FF,FF,80,
0,00000480,false,Rx,0,8,C2,2C,00,00,19,41,00,B6,
0,00000284,false,Rx,0,6,0D,0D,00,00,00,00,00,00,
0,00000588,false,Rx,0,8,0B,00,72,00,00,80,00,00,
0,00000280,false,Rx,0,8,B3,8A,00,00,33,FA,28,33,
0,00000288,false,Rx,0,8,8A,33,D5,00,00,75,57,53,
0,00000380,false,Rx,0,8,B0,7F,00,96,20,00,00,FE,
0,00000488,false,Rx,0,8,2F,33,00,72,FE,FF,FF,90,
0,00000280,false,Rx,0,8,B3,8A,00,00,33,FA,28,33,
0,00000288,false,Rx,0,8,8A,33,D5,00,00,75,57,53,
0,00000380,false,Rx,0,8,B0,7F,00,96,20,00,00,FE,
0,00000488,false,Rx,0,8,1F,33,00,72,FE,FF,FF,A0,
0,00000480,false,Rx,0,8,C2,2C,00,00,19,41,00,B6,
0,00000284,false,Rx,0,6,0E,0E,00,00,00,00,00,00,
190000,00000588,false,Rx,0,8,0B,00,72,00,00,80,00,00,
0,00000280,false,Rx,0,8,B3,8A,00,00,33,FA,28,33,
0,00000288,false,Rx,0,8,8A,33,D5,00,00,75,57,53,
0,00000380,false,Rx,0,8,B0,7F,00,96,20,00,00,FE,
0,00000488,false,Rx,0,8,0F,33,00,72,FE,FF,FF,B0,
0,00000280,false,Rx,0,8,B3,8A,00,00,33,FA,28,33,
0,00000288,false,Rx,0,8,E8,33,D5,00,00,75,57,53,
0,00000380,false,Rx,0,8,B0,7F,00,96,20,00,00,FE,
0,00000488,false,Rx,0,8,7F,33,00,72,FE,FF,FF,C0,
0,00000480,false,Rx,0,8,C2,2C,00,00,19,41,00,B6,
0,00000284,false,Rx,0,6,0F,0F,00,00,00,00,00,00,
0,00000588,false,Rx,0,8,0B,00,72,00,00,80,00,00,
0,00000280,false,Rx,0,8,B3,8A,00,00,33,FA,28,33,
0,00000288,false,Rx,0,8,E8,33,D5,00,00,75,57,53,
0,00000380,false,Rx,0,8,B0,7F,00,96,20,00,00,FE,
0,00000488,false,Rx,0,8,6F,33,00,72,FE,FF,FF,D0,
0,00000280,false,Rx,0,8,B3,8A,00,00,33,FA,28,33,
0,00000288,false,Rx,0,8,E8,33,D5,00,00,75,57,53,
0,00000380,false,Rx,0,8,B0,7F,00,96,20,00,00,FE,
0,00000488,false,Rx,0,8,5F,33,00,72,FE,FF,FF,E0,
0,00000480,false,Rx,0,8,1C,2C,00,00,19,41,00,68,
0,00000284,false,Rx,0,6,00,00,00,00,00,00,00,00,
0,00000588,false,Rx,0,8,0B,00,72,00,00,80,00,00,
0,00000280,false,Rx,0,8,B3,8A,00,00,33,FA,28,33,
0,00000288,false,Rx,0,8,E8,33,D5,00,00,75,57,53,
0,00000380,false,Rx,0,8,B0,7F,00,96,20,00,00,FE,
0,00000488,false,Rx,0,8,4F,33,00,72,FE,FF,FF,F0,
0,00000280,false,Rx,0,8,B3,8A,00,00,33,FA,28,33,
0,00000288,false,Rx,0,8,2C,33,D5,00,00,75,57,53,
0,00000380,false,Rx,0,8,B0,7F,00,96,20,00,00,FE,
0,00000488,false,Rx,0,8,40,33,00,72,FE,FF,00,00,
0,00000480,false,Rx,0,8,1C,2C,00,00,19,41,00,68,
0,00000284,false,Rx,0,6,01,01,00,00,00,00,00,00,
0,00000588,false,Rx,0,8,0B,00,72,00,00,80,00,00,
256000,00000280,false,Rx,0,8,B3,8A,00,00,33,FA,28,33,
0,00000288,false,Rx,0,8,2C,33,D5,00,00,75,57,53,
0,00000380,false,Rx,0,8,B0,7F,00,96,20,00,00,FE,
0,00000488,false,Rx,0,8,AF,33,00,72,FE,FF,FF,10,
0,00000280,false,Rx,0,8,B3,8A,00,00,33,FA,28,33,
0,00000288,false,Rx,0,8,2C,33,D5,00,00,75,57,53,
0,00000380,false,Rx,0,8,B0,7F,00,96,20,00,00,FE,
0,00000488,false,Rx,0,8,60,33,00,72,FE,FF,00,20,
0,00000480,false,Rx,0,8,1C,2C,00,00,19,41,00,68,
0,00000284,false,Rx,0,6,02,02,00,00,00,00,00,00,
0,00000588,false,Rx,0,8,0B,00,72,00,00,80,00,00,
0,00000280,false,Rx,0,8,B3,8A,00,00,33,FA,28,33,
0,00000288,false,Rx,0,8,2C,33,D5,00,00,75,57,53,
0,00000380,false,Rx,0,8,B0,7F,00,96,20,00,00,FE,
0,00000488,false,Rx,0,8,70,33,00,72,FE,FF,00,30,
0,00000280,false,Rx,0,8,B3,8A,00,00,33,FA,28,33,
0,00000288,false,Rx,0,8,64,33,D5,00,00,75,57,53,
0,00000380,false,Rx,0,8,B0,7F,00,96,20,00,00,FE,
0,00000488,false,Rx,0,8,00,33,00,72,FE,FF,00,40,
0,00000480,false,Rx,0,8,1C,2C,00,00,19,41,00,68,
0,00000284,false,Rx,0,6,03,03,00,00,00,00,00,00,
0,00000588,false,Rx,0,8,0B,00,72,00,00,80,00,00,
0,00000280,false,Rx,0,8,B3,8A,00,00,33,FA,28,33,
0,00000288,false,Rx,0,8,64,33,D5,00,00,75,57,53,
0,00000380,false,Rx,0,8,B0,7F,00,96,20,00,00,FE,
0,00000488,false,Rx,0,8,EF,33,00,72,FE,FF,FF,50,
0,00000280,false,Rx,0,8,B3,8A,00,00,33,FA,28,33,
0,00000288,false,Rx,0,8,64,33,D5,00,00,75,57,53,
0,00000380,false,Rx,0,8,B0,7F,00,96,20,00,00,FE,
0,00000488,false,Rx,0,8,DF,33,00,72,FE,FF,FF,60,
0,00000480,false,Rx,0,8,54,2C,00,00,19,41,00,20,
0,00000284,false,Rx,0,6,04,04,00,00,00,00,00,00,
314000,00000588,false,Rx,0,8,0B,00,72,00,00,80,00,00,
0,00000280,false,Rx,0,8,B3,8A,00,00,33,FA,28,33,
0,00000288,false,Rx,0,8,64,33,D5,00,00,75,57,53,
0,00000380,false,Rx,0,8,B0,7F,00,96,20,00,00,FE,
322000,00000488,false,Rx,0,8,CF,33,00,72,FE,FF,FF,70,
0,00000280,false,Rx,0,8,B3,8A,00,00,33,FA,28,33,
0,00000288,false,Rx,0,8,8A,33,D5,00,00,75,57,53,
0,00000380,false,Rx,0,8,B0,7F,00,96,20,00,00,FE,
0,00000488,false,Rx,0,8,3F,33,00,72,FE,FF,FF,80,
0,00000480,false,Rx,0,8,54,2C,00,00,19,41,00,20,
0,00000284,false,Rx,0,6,05,05,00,00,00,00,00,00,
334000,00000588,false,Rx,0,8,0B,00,72,00,00,80,00,00,
0,00000280,false,Rx,0,8,B3,8A,00,00,33,FA,28,33,
0,00000288,false,Rx,0,8,8A,33,D5,00,00,75,57,53,
0,00000380,false,Rx,0,8,B0,7F,00,96,20,00,00,FE,
0,00000488,false,Rx,0,8,2F,33,00,72,FE,FF,FF,90,
0,00000280,false,Rx,0,8,B3,8A,00,00,33,FA,28,33,
0,00000288,false,Rx,0,8,8A,33,D5,00,00,75,57,53,
0,00000380,false,Rx,0,8,B0,7F,00,96,20,00,00,FE,
0,00000488,false,Rx,0,8,1F,33,00,72,FE,FF,FF,A0,
0,00000480,false,Rx,0,8,54,2C,00,00,19,41,00,20,
0,00000284,false,Rx,0,6,06,06,00,00,00,00,00,00,
0,00000588,false,Rx,0,8,0B,00,72,00,00,80,00,00,
0,00000280,false,Rx,0,8,B3,8A,00,00,33,FA,28,33,
0,00000288,false,Rx,0,8,8A,33,D5,00,00,75,57,53,
0,00000380,false,Rx,0,8,B0,7F,00,96,20,00,00,FE,
0,00000488,false,Rx,0,8,0F,33,00,72,FE,FF,FF,B0,
0,00000280,false,Rx,0,8,B3,8A,00,00,33,FA,28,33,
0,00000288,false,Rx,0,8,E8,33,D5,00,00,75,57,53,
0,00000380,false,Rx,0,8,B0,7F,00,96,20,00,00,FE,
0,00000488,false,Rx,0,8,7F,33,00,72,FE,FF,FF,C0,
0,00000480,false,Rx,0,8,54,2C,00,00,19,41,00,20,
0,00000284,false,Rx,0,6,07,07,00,00,00,00,00,00,
371000,00000588,false,Rx,0,8,0B,00,72,00,00,80,00,00,
0,00000280,false,Rx,0,8,B3,8A,00,00,33,FA,28,33,
0,00000288,false,Rx,0,8,E8,33,D5,00,00,75,57,53,
0,00000380,false,Rx,0,8,B0,7F,00,96,20,00,00,FE,
0,00000488,false,Rx,0,8,6F,33,00,72,FE,FF,FF,D0,
383000,00000580,false,Rx,0,8,8D,00,00,7F,00,F0,47,01,
0,00000280,false,Rx,0,8,B3,8A,00,00,33,FA,28,33,
0,00000288,false,Rx,0,8,E8,33,D5,00,00,75,57,53,
0,00000380,false,Rx,0,8,B0,7F,00,96,20,00,00,FE,
0,00000488,false,Rx,0,8,5F,33,00,72,FE,FF,FF,E0,
0,00000480,false,Rx,0,8,84,2C,00,00,19,41,00,F0,
0,00000284,false,Rx,0,6,08,08,00,00,00,00,00,00,
0,00000588,false,Rx,0,8,0B,00,72,00,00,80,00,00,
0,00000280,false,Rx,0,8,B3,8A,00,00,33,FA,28,33,
0,00000288,false,Rx,0,8,E8,33,D5,00,00,75,57,53,
0,00000380,false,Rx,0,8,B0,7F,00,96,20,00,00,FE,
0,00000488,false,Rx,0,8,4F,33,00,72,FE,FF,FF,F0,
0,00000280,false,Rx,0,8,B3,8A,00,00,33,FA,28,33,
0,00000288,false,Rx,0,8,2C,33,D5,00,00,75,57,53,
0,00000380,false,Rx,0,8,B0,7F,00,96,20,00,00,FE,
0,00000488,false,Rx,0,8,40,33,00,72,FE,FF,00,00,
0,00000480,false,Rx,0,8,84,2C,00,00,19,41,00,F0,
0,00000284,false,Rx,0,6,09,09,00,00,00,00,00,00,
0,00000588,false,Rx,0,8,0B,00,72,00,00,80,00,00,
0,00000280,false,Rx,0,8,B3,8A,00,00,33,FA,28,33,
0,00000288,false,Rx,0,8,2C,33,D5,00,00,75,57,53,
0,00000380,false,Rx,0,8,B0,7F,00,96,20,00,00,FE,
0,00000488,false,Rx,0,8,AF,33,00,72,FE,FF,FF,10,
0,00000280,false,Rx,0,8,B3,8A,00,00,33,FA,28,33,
0,00000288,false,Rx,0,8,2C,33,D5,00,00,75,57,53,
0,00000380,false,Rx,0,8,B0,7F,00,96,20,00,00,FE,
0,00000488,false,Rx,0,8,60,33,00,72,FE,FF,00,20,
0,00000480,false,Rx,0,8,84,2C,00,00,19,41,00,F0,
0,00000284,false,Rx,0,6,0A,0A,00,00,00,00,00,00,
0,00000588,false,Rx,0,8,0B,00,72,00,00,80,00,00,
0,00000280,false,Rx,0,8,B3,8A,00,00,33,FA,28,33,
0,00000288,false,Rx,0,8,2C,33,D5,00,00,75,57,53,
0,00000380,false,Rx,0,8,B0,7F,00,96,20,00,00,FE,
0,00000488,false,Rx,0,8,70,33,00,72,FE,FF,00,30,
0,00000280,false,Rx,0,8,B3,8A,00,00,33,FA,28,33,
0,00000288,false,Rx,0,8,64,33,D5,00,00,75,57,53,
0,00000380,false,Rx,0,8,B0,7F,00,96,20,00,00,FE,
0,00000488,false,Rx,0,8,00,33,00,72,FE,FF,00,40,
0,00000480,false,Rx,0,8,84,2C,00,00,19,41,00,F0,
0,00000284,false,Rx,0,6,0B,0B,00,00,00,00,00,00,
0,00000588,false,Rx,0,8,0B,00,72,00,00,80,00,00,
0,00000280,false,Rx,0,8,B3,8A,00,00,33,FA,28,33,
0,00000288,false,Rx,0,8,64,33,D5,00,00,75,57,53,
0,00000380,false,Rx,0,8,B0,7F,00,96,20,00,00,FE,
0,00000488,false,Rx,0,8,EF,33,00,72,FE,FF,FF,50,
0,00000280,false,Rx,0,8,B3,8A,00,00,33,FA,28,33,
0,00000288,false,Rx,0,8,64,33,D5,00,00,75,57,53,
0,00000380,false,Rx,0,8,B0,7F,00,96,20,00,00,FE,
0,00000488,false,Rx,0,8,DF,33,00,72,FE,FF,FF,60,
0,00000480,false,Rx,0,8,C2,2C,00,00,19,41,00,B6,
0,00000284,false,Rx,0,6,0C,0C,00,00,00,00,00,00,
0,00000588,false,Rx,0,8,0B,00,72,00,00,80,00,00,
0,00000280,false,Rx,0,8,B3,8A,00,00,33,FA,28,33,
0,00000288,false,Rx,0,8,64,33,D5,00,00,75,57,53,
0,00000380,false,Rx,0,8,B0,7F,00,96,20,00,00,FE,
0,00000488,false,Rx,0,8,CF,33,00,72,FE,FF,FF,70,
0,00000280,false,Rx,0,8,B3,8A,00,00,33,FA,28,33,
0,00000288,false,Rx,0,8,8A,33,D5,00,00,75,57,53,
0,00000380,false,Rx,0,8,B0,7F,00,96,20,00,00,FE,
0,00000488,false,Rx,0,8,3F,33,00,72,FE,FF,FF,80,
0,00000480,false,Rx,0,8,C2,2C,00,00,19,41,00,B6,
0,00000284,false,Rx,0,6,0D,0D,00,00,00,00,00,00,
494000,00000588,false,Rx,0,8,0B,00,72,00,00,80,00,00,
0,00000280,false,Rx,0,8,B3,8A,00,00,33,FA,28,33,
0,00000288,false,Rx,0,8,8A,33,D5,00,00,75,57,53,
0,00000380,false,Rx,0,8,B0,7F,00,96,20,00,00,FE,
502000,00000488,false,Rx,0,8,2F,33,00,72,FE,FF,FF,90,
0,00000280,false,Rx,0,8,B3,8A,00,00,33,FA,28,33,
0,00000288,false,Rx,0,8,8A,33,D5,00,00,75,57,53,
0,00000380,false,Rx,0,8,B0,7F,00,96,20,00,00,FE,
0,00000488,false,Rx,0,8,1F,33,00,72,FE,FF,FF,A0,
0,00000480,false,Rx,0,8,C2,2C,00,00,19,41,00,B6,
0,00000284,false,Rx,0,6,0E,0E,00,00,00,00,00,00,
514000,00000588,false,Rx,0,8,0B,00,72,00,00,80,00,00,
0,00000280,false,Rx,0,8,B3,8A,00,00,33,FA,28,33,
0,00000288,false,Rx,0,8,8A,33,D5,00,00,75,57,53,
0,00000380,false,Rx,0,8,B0,7F,00,96,20,00,00,FE,
522000,00000488,false,Rx,0,8,0F,33,00,72,FE,FF,FF,B0,
0,00000280,false,Rx,0,8,B3,8A,00,00,33,FA,28,33,
0,00000288,false,Rx,0,8,E8,33,D5,00,00,75,57,53,
0,00000380,false,Rx,0,8,B0,7F,00,96,20,00,00,FE,
0,00000488,false,Rx,0,8,7F,33,00,72,FE,FF,FF,C0,
0,00000480,false,Rx,0,8,C2,2C,00,00,19,41,00,B6,
0,00000284,false,Rx,0,6,0F,0F,00,00,00,00,00,00,
534000,00000588,false,Rx,0,8,0B,00,72,00,00,80,00,00,
0,00000280,false,Rx,0,8,B3,8A,00,00,33,FA,28,33,
0,00000288,false,Rx,0,8,E8,33,D5,00,00,75,57,53,
0,00000380,false,Rx,0,8,B0,7F,00,96,20,00,00,FE,
0,00000488,false,Rx,0,8,6F,33,00,72,FE,FF,FF,D0,
0,00000280,false,Rx,0,8,B3,8A,00,00,33,FA,28,33,
0,00000288,false,Rx,0,8,E8,33,D5,00,00,75,57,53,
0,00000380,false,Rx,0,8,B0,7F,00,96,20,00,00,FE,
0,00000488,false,Rx,0,8,5F,33,00,72,FE,FF,FF,E0,
0,00000480,false,Rx,0,8,1C,2C,00,00,19,41,00,68,
0,00000284,false,Rx,0,6,00,00,00,00,00,00,00,00,
0,00000588,false,Rx,0,8,0B,00,72,00,00,80,00,00,
0,00000280,false,Rx,0,8,B3,8A,00,00,33,FA,28,33,
0,00000288,false,Rx,0,8,E8,33,D5,00,00,75,57,53,
0,00000380,false,Rx,0,8,B0,7F,00,96,20,00,00,FE,
0,00000488,false,Rx,0,8,4F,33,00,72,FE,FF,FF,F0,
0,00000280,false,Rx,0,8,B3,8A,00,00,33,FA,28,33,
0,00000288,false,Rx,0,8,2C,33,D5,00,00,75,57,53,
0,00000380,false,Rx,0,8,B0,7F,00,96,20,00,00,FE,
0,00000488,false,Rx,0,8,40,33,00,72,FE,FF,00,00,
0,00000480,false,Rx,0,8,1C,2C,00,00,19,41,00,68,
0,00000284,false,Rx,0,6,01,01,00,00,00,00,00,00,
571000,00000588,false,Rx,0,8,0B,00,72,00,00,80,00,00,
0,00000280,false,Rx,0,8,B3,8A,00,00,33,FA,28,33,
0,00000288,false,Rx,0,8,2C,33,D5,00,00,75,57,53,
0,00000380,false,Rx,0,8,B0,7F,00,96,20,00,00,FE,
0,00000488,false,Rx,0,8,AF,33,00,72,FE,FF,FF,10,
0,00000280,false,Rx,0,8,B3,8A,00,00,33,FA,28,33,
0,00000288,false,Rx,0,8,2C,33,D5,00,00,75,57,53,
0,00000380,false,Rx,0,8,B0,7F,00,96,20,00,00,FE,
0,00000488,false,Rx,0,8,60,33,00,72,FE,FF,00,20,
0,00000480,false,Rx,0,8,1C,2C,00,00,19,41,00,68,
0,00000284,false,Rx,0,6,02,02,00,00,00,00,00,00,
0,00000588,false,Rx,0,8,0B,00,72,00,00,80,00,00,
0,00000280,false,Rx,0,8,B3,8A,00,00,33,FA,28,33,
0,00000288,false,Rx,0,8,2C,33,D5,00,00,75,57,53,
0,00000380,false,Rx,0,8,B0,7F,00,96,20,00,00,FE,
0,00000488,false,Rx,0,8,70,33,00,72,FE,FF,00,30,
0,00000280,false,Rx,0,8,B3,8A,00,00,33,FA,28,33,
0,00000288,false,Rx,0,8,64,33,D5,00,00,75,57,53,
0,00000380,false,Rx,0,8,B0,7F,00,96,20,00,00,FE,
0,00000488,false,Rx,0,8,00,33,00,72,FE,FF,00,40,
0,00000480,false,Rx,0,8,1C,2C,00,00,19,41,00,68,
0,00000284,false,Rx,0,6,03,03,00,00,00,00,00,00,
0,00000588,false,Rx,0,8,0B,00,72,00,00,80,00,00,
0,00000280,false,Rx,0,8,B3,8A,00,00,33,FA,28,33,
0,00000288,false,Rx,0,8,64,33,D5,00,00,75,57,53,
0,00000380,false,Rx,0,8,B0,7F,00,96,20,00,00,FE,
0,00000488,false,Rx,0,8,EF,33,00,72,FE,FF,FF,50,
0,00000280,false,Rx,0,8,B3,8A,00,00,33,FA,28,33,
0,00000288,false,Rx,0,8,64,33,D5,00,00,75,57,53,
0,00000380,false,Rx,0,8,B0,7F,00,96,20,00,00,FE,
0,00000488,false,Rx,0,8,DF,33,00,72,FE,FF,FF,60,
0,00000480,false,Rx,0,8,54,2C,00,00,19,41,00,20,
0,00000284,false,Rx,0,6,04,04,00,00,00,00,00,00,
0,00000588,false,Rx,0,8,0B,00,72,00,00,80,00,00,
637000,00000280,false,Rx,0,8,B3,8A,00,00,33,FA,28,33,
0,00000288,false,Rx,0,8,64,33,D5,00,00,75,57,53,
0,00000380,false,Rx,0,8,B0,7F,00,96,20,00,00,FE,
0,00000488,false,Rx,0,8,CF,33,00,72,FE,FF,FF,70,
0,00000280,false,Rx,0,8,B3,8A,00,00,33,FA,28,33,
0,00000288,false,Rx,0,8,8A,33,D5,00,00,75,57,53,
0,00000380,false,Rx,0,8,B0,7F,00,96,20,00,00,FE,
0,00000488,false,Rx,0,8,3F,33,00,72,FE,FF,FF,80,
0,00000480,false,Rx,0,8,54,2C,00,00,19,41,00,20,
0,00000284,false,Rx,0,6,05,05,00,00,00,00,00,00,
0,00000588,false,Rx,0,8,0B,00,72,00,00,80,00,00,
0,00000280,false,Rx,0,8,B3,8A,00,00,33,FA,28,33,
0,00000288,false,Rx,0,8,8A,33,D5,00,00,75,57,53,
0,00000380,false,Rx,0,8,B0,7F,00,96,20,00,00,FE,
0,00000488,false,Rx,0,8,2F,33,00,72,FE,FF,FF,90,
0,00000280,false,Rx,0,8,B3,8A,00,00,33,FA,28,33,
0,00000288,false,Rx,0,8,8A,33,D5,00,00,75,57,53,
0,00000380,false,Rx,0,8,B0,7F,00,96,20,00,00,FE,
0,00000488,false,Rx,0,8,1F,33,00,72,FE,FF,FF,A0,
0,00000480,false,Rx,0,8,54,2C,00,00,19,41,00,20,
0,00000284,false,Rx,0,6,06,06,00,00,00,00,00,00,
674000,00000588,false,Rx,0,8,0B,00,72,00,00,80,00,00,
0,00000280,false,Rx,0,8,B3,8A,00,00,33,FA,28,33,
0,00000288,false,Rx,0,8,8A,33,D5,00,00,75,57,53,
0,00000380,false,Rx,0,8,B0,7F,00,96,20,00,00,FE,
0,00000488,false,Rx,0,8,0F,33,00,72,FE,FF,FF,B0,
0,00000280,false,Rx,0,8,B3,8A,00,00,33,FA,28,33,
0,00000288,false,Rx,0,8,E8,33,D5,00,00,75,57,53,
0,00000380,false,Rx,0,8,B0,7F,00,96,20,00,00,FE,
0,00000488,false,Rx,0,8,7F,33,00,72,FE,FF,FF,C0,
0,00000480,false,Rx,0,8,54,2C,00,00,19,41,00,20,
0,00000284,false,Rx,0,6,07,07,00,00,00,00,00,00,
694000,00000588,false,Rx,0,8,0B,00,72,00,00,80,00,00,
0,00000280,false,Rx,0,8,B3,8A,00,00,33,FA,28,33,
0,00000288,false,Rx,0,8,E8,33,D5,00,00,75,57,53,
0,00000380,false,Rx,0,8,B0,7F,00,96,20,00,00,FE,
703000,00000488,false,Rx,0,8,6F,33,00,72,FE,FF,FF,D0,
0,00000280,false,Rx,0,8,B3,8A,00,00,33,FA,28,33,
0,00000288,false,Rx,0,8,E8,33,D5,00,00,75,57,53,
0,00000380,false,Rx,0,8,B0,7F,00,96,20,00,00,FE,
0,00000488,false,Rx,0,8,5F,33,00,72,FE,FF,FF,E0,
0,00000480,false,Rx,0,8,84,2C,00,00,19,41,00,F0,
0,00000284,false,Rx,0,6,08,08,00,00,00,00,00,00,
715000,00000588,false,Rx,0,8,0B,00,72,00,00,80,00,00,
0,00000280,false,Rx,0,8,B3,8A,00,00,33,FA,28,33,
0,00000288,false,Rx,0,8,E8,33,D5,00,00,75,57,53,
0,00000380,false,Rx,0,8,B0,7F,00,96,20,00,00,FE,
0,00000488,false,Rx,0,8,4F,33,00,72,FE,FF,FF,F0,
727000,00000280,false,Rx,0,8,B3,8A,00,00,33,FA,28,33,
0,00000288,false,Rx,0,8,2C,33,D5,00,00,75,57,53,
0,00000380,false,Rx,0,8,B0,7F,00,96,20,00,00,FE,
0,00000488,false,Rx,0,8,40,33,00,72,FE,FF,00,00,
0,00000480,false,Rx,0,8,84,2C,00,00,19,41,00,F0,
0,00000284,false,Rx,0,6,09,09,00,00,00,00,00,00,
0,00000588,false,Rx,0,8,0B,00,72,00,00,80,00,00,
0,00000280,false,Rx,0,8,B3,8A,00,00,33,FA,28,33,
0,00000288,false,Rx,0,8,2C,33,D5,00,00,75,57,53,
0,00000380,false,Rx,0,8,B0,7F,00,96,20,00,00,FE,
0,00000488,false,Rx,0,8,AF,33,00,72,FE,FF,FF,10,
0,00000280,false,Rx,0,8,B3,8A,00,00,33,FA,28,33,
0,00000288,false,Rx,0,8,2C,33,D5,00,00,75,57,53,
0,00000380,false,Rx,0,8,B0,7F,00,96,20,00,00,FE,
0,00000488,false,Rx,0,8,60,33,00,72,FE,FF,00,20,
0,00000480,false,Rx,0,8,84,2C,00,00,19,41,00,F0,
0,00000284,false,Rx,0,6,0A,0A,00,00,00,00,00,00,
752000,00000588,false,Rx,0,8,0B,00,72,00,00,80,00,00,
0,00000280,false,Rx,0,8,B3,8A,00,00,33,FA,28,33,
0,00000288,false,Rx,0,8,2C,33,D5,00,00,75,57,53,
0,00000380,false,Rx,0,8,B0,7F,00,96,20,00,00,FE,
0,00000488,false,Rx,0,8,70,33,00,72,FE,FF,00,30,
0,00000280,false,Rx,0,8,B3,8A,00,00,33,FA,28,33,
0,00000288,false,Rx,0,8,64,33,D5,00,00,75,57,53,
0,00000380,false,Rx,0,8,B0,7F,00,96,20,00,00,FE,
0,00000488,false,Rx,0,8,00,33,00,72,FE,FF,00,40,
0,00000480,false,Rx,0,8,84,2C,00,00,19,41,00,F0,
0,00000284,false,Rx,0,6,0B,0B,00,00,00,00,00,00,
0,00000588,false,Rx,0,8,0B,00,72,00,00,80,00,00,
0,00000280,false,Rx,0,8,B3,8A,00,00,33,FA,28,33,
0,00000288,false,Rx,0,8,64,33,D5,00,00,75,57,53,
0,00000380,false,Rx,0,8,B0,7F,00,96,20,00,00,FE,
0,00000488,false,Rx,0,8,EF,33,00,72,FE,FF,FF,50,
0,00000280,false,Rx,0,8,B3,8A,00,00,33,FA,28,33,
0,00000288,false,Rx,0,8,64,33,D5,00,00,75,57,53,
0,00000380,false,Rx,0,8,B0,7F,00,96,20,00,00,FE,
0,00000488,false,Rx,0,8,DF,33,00,72,FE,FF,FF,60,
0,00000480,false,Rx,0,8,C2,2C,00,00,19,41,00,B6,
0,00000284,false,Rx,0,6,0C,0C,00,00,00,00,00,00,
0,00000588,false,Rx,0,8,0B,00,72,00,00,80,00,00,
0,00000280,false,Rx,0,8,B3,8A,00,00,33,FA,28,33,
0,00000288,false,Rx,0,8,64,33,D5,00,00,75,57,53,
0,00000380,false,Rx,0,8,B0,7F,00,96,20,00,00,FE,
0,00000488,false,Rx,0,8,CF,33,00,72,FE,FF,FF,70,
0,00000280,false,Rx,0,8,B3,8A,00,00,33,FA,28,33,
0,00000288,false,Rx,0,8,8A,33,D5,00,00,75,57,53,
0,00000380,false,Rx,0,8,B0,7F,00,96,20,00,00,FE,
0,00000488,false,Rx,0,8,3F,33,00,72,FE,FF,FF,80,
0,00000480,false,Rx,0,8,C2,2C,00,00,19,41,00,B6,
0,00000284,false,Rx,0,6,0D,0D,00,00,00,00,00,00,
0,00000588,false,Rx,0,8,0B,00,72,00,00,80,00,00,
0,00000280,false,Rx,0,8,B3,8A,00,00,33,FA,28,33,
0,00000288,false,Rx,0,8,8A,33,D5,00,00,75,57,53,
0,00000380,false,Rx,0,8,B0,7F,00,96,20,00,00,FE,
0,00000488,false,Rx,0,8,2F,33,00,72,FE,FF,FF,90,
0,00000280,false,Rx,0,8,B3,8A,00,00,33,FA,28,33,
0,00000288,false,Rx,0,8,8A,33,D5,00,00,75,57,53,
0,00000380,false,Rx,0,8,B0,7F,00,96,20,00,00,FE,
0,00000488,false,Rx,0,8,1F,33,00,72,FE,FF,FF,A0,
0,00000480,false,Rx,0,8,C2,2C,00,00,19,41,00,B6,
0,00000284,false,Rx,0,6,0E,0E,00,00,00,00,00,00,
0,00000588,false,Rx,0,8,0B,00,72,00,00,80,00,00,
0,00000280,false,Rx,0,8,B3,8A,00,00,33,FA,28,33,
0,00000288,false,Rx,0,8,8A,33,D5,00,00,75,57,53,
0,00000380,false,Rx,0,8,B0,7F,00,96,20,00,00,FE,
0,00000488,false,Rx,0,8,0F,33,00,72,FE,FF,FF,B0,
0,00000280,false,Rx,0,8,B3,8A,00,00,33,FA,28,33,
0,00000288,false,Rx,0,8,E8,33,D5,00,00,75,57,53,
0,00000380,false,Rx,0,8,B0,7F,00,96,20,00,00,FE,
0,00000488,false,Rx,0,8,7F,33,00,72,FE,FF,FF,C0,
0,00000480,false,Rx,0,8,C2,2C,00,00,19,41,00,B6,
0,00000284,false,Rx,0,6,0F,0F,00,00,00,00,00,00,
0,00000588,false,Rx,0,8,0B,00,72,00,00,80,00,00,
0,00000280,false,Rx,0,8,B3,8A,00,00,33,FA,28,33,
0,00000288,false,Rx,0,8,E8,33,D5,00,00,75,57,53,
0,00000380,false,Rx,0,8,B0,7F,00,96,20,00,00,FE,
0,00000488,false,Rx,0,8,6F,33,00,72,FE,FF,FF,D0,
0,00000280,false,Rx,0,8,B3,8A,00,00,33,FA,28,33,
0,00000288,false,Rx,0,8,E8,33,D5,00,00,75,57,53,
0,00000380,false,Rx,0,8,B0,7F,00,96,20,00,00,FE,
0,00000488,false,Rx,0,8,5F,33,00,72,FE,FF,FF,E0,
0,00000480,false,Rx,0,8,1C,2C,00,00,19,41,00,68,
0,00000284,false,Rx,0,6,00,00,00,00,00,00,00,00,
875000,00000588,false,Rx,0,8,0B,00,72,00,00,80,00,00,
0,00000280,false,Rx,0,8,B3,8A,00,00,33,FA,28,33,
0,00000288,false,Rx,0,8,E8,33,D5,00,00,75,57,53,
0,00000380,false,Rx,0,8,B0,7F,00,96,20,00,00,FE,
883000,00000488,false,Rx,0,8,4F,33,00,72,FE,FF,FF,F0,
0,00000280,false,Rx,0,8,B3,8A,00,00,33,FA,28,33,
0,00000288,false,Rx,0,8,2C,33,D5,00,00,75,57,53,
0,00000380,false,Rx,0,8,B0,7F,00,96,20,00,00,FE,
0,00000488,false,Rx,0,8,40,33,00,72,FE,FF,00,00,
0,00000480,false,Rx,0,8,1C,2C,00,00,19,41,00,68,
0,00000284,false,Rx,0,6,01,01,00,00,00,00,00,00,
895000,00000588,false,Rx,0,8,0B,00,72,00,00,80,00,00,
0,00000280,false,Rx,0,8,B3,8A,00,00,33,FA,28,33,
0,00000288,false,Rx,0,8,2C,33,D5,00,00,75,57,53,
0,00000380,false,Rx,0,8,B0,7F,00,96,20,00,00,FE,
0,00000488,false,Rx,0,8,AF,33,00,72,FE,FF,FF,10,
0,00000280,false,Rx,0,8,B3,8A,00,00,33,FA,28,33,
0,00000288,false,Rx,0,8,2C,33,D5,00,00,75,57,53,
0,00000380,false,Rx,0,8,B0,7F,00,96,20,00,00,FE,
0,00000488,false,Rx,0,8,60,33,00,72,FE,FF,00,20,
0,00000480,false,Rx,0,8,1C,2C,00,00,19,41,00,68,
0,00000284,false,Rx,0,6,02,02,00,00,00,00,00,00,
0,00000588,false,Rx,0,8,0B,00,72,00,00,80,00,00,
0,00000280,false,Rx,0,8,B3,8A,00,00,33,FA,28,33,
0,00000288,false,Rx,0,8,2C,33,D5,00,00,75,57,53,
0,00000380,false,Rx,0,8,B0,7F,00,96,20,00,00,FE,
0,00000488,false,Rx,0,8,70,33,00,72,FE,FF,00,30,
0,00000280,false,Rx,0,8,B3,8A,00,00,33,FA,28,33,
0,00000288,false,Rx,0,8,64,33,D5,00,00,75,57,53,
0,00000380,false,Rx,0,8,B0,7F,00,96,20,00,00,FE,
0,00000488,false,Rx,0,8,00,33,00,72,FE,FF,00,40,
0,00000480,false,Rx,0,8,1C,2C,00,00,19,41,00,68,
0,00000284,false,Rx,0,6,03,03,00,00,00,00,00,00,
932000,00000588,false,Rx,0,8,0B,00,72,00,00,80,00,00,
0,00000280,false,Rx,0,8,B3,8A,00,00,33,FA,28,33,
0,00000288,false,Rx,0,8,64,33,D5,00,00,75,57,53,
0,00000380,false,Rx,0,8,B0,7F,00,96,20,00,00,FE,
0,00000488,false,Rx,0,8,EF,33,00,72,FE,FF,FF,50,
0,00000280,false,Rx,0,8,B3,8A,00,00,33,FA,28,33,
0,00000288,false,Rx,0,8,64,33,D5,00,00,75,57,53,
0,00000380,false,Rx,0,8,B0,7F,00,96,20,00,00,FE,
0,00000488,false,Rx,0,8,DF,33,00,72,FE,FF,FF,60,
0,00000480,false,Rx,0,8,54,2C,00,00,19,41,00,20,
0,00000284,false,Rx,0,6,04,04,00,00,00,00,00,00,
952000,00000588,false,Rx,0,8,0B,00,72,00,00,80,00,00,
0,00000280,false,Rx,0,8,B3,8A,00,00,33,FA,28,33,
0,00000288,false,Rx,0,8,64,33,D5,00,00,75,57,53,
0,00000380,false,Rx,0,8,B0,7F,00,96,20,00,00,FE,
0,00000488,false,Rx,0,8,CF,33,00,72,FE,FF,FF,70,
0,00000280,false,Rx,0,8,B3,8A,00,00,33,FA,28,33,
0,00000288,false,Rx,0,8,8A,33,D5,00,00,75,57,53,
0,00000380,false,Rx,0,8,B0,7F,00,96,20,00,00,FE,
0,00000488,false,Rx,0,8,3F,33,00,72,FE,FF,FF,80,
0,00000480,false,Rx,0,8,54,2C,00,00,19,41,00,20,
0,00000284,false,Rx,0,6,05,05,00,00,00,00,00,00,
0,00000588,false,Rx,0,8,0B,00,72,00,00,80,00,00,
0,00000280,false,Rx,0,8,B3,8A,00,00,33,FA,28,33,
0,00000288,false,Rx,0,8,8A,33,D5,00,00,75,57,53,
0,00000380,false,Rx,0,8,B0,7F,00,96,20,00,00,FE,
0,00000488,false,Rx,0,8,2F,33,00,72,FE,FF,FF,90,
0,00000280,false,Rx,0,8,B3,8A,00,00,33,FA,28,33,
0,00000288,false,Rx,0,8,8A,33,D5,00,00,75,57,53,
0,00000380,false,Rx,0,8,B0,7F,00,96,20,00,00,FE,
0,00000488,false,Rx,0,8,1F,33,00,72,FE,FF,FF,A0,
0,00000480,false,Rx,0,8,54,2C,00,00,19,41,00,20,
0,00000284,false,Rx,0,6,06,06,00,00,00,00,00,00,
0,00000588,false,Rx,0,8,0B,00,72,00,00,80,00,00,
0,00000280,false,Rx,0,8,B3,8A,00,00,33,FA,28,33,
0,00000288,false,Rx,0,8,8A,33,D5,00,00,75,57,53,
0,00000380,false,Rx,0,8,B0,7F,00,96,20,00,00,FE,
0,00000488,false,Rx,0,8,0F,33,00,72,FE,FF,FF,B0,
0,00000280,false,Rx,0,8,B3,8A,00,00,33,FA,28,33,
0,00000288,false,Rx,0,8,E8,33,D5,00,00,75,57,53,
0,00000380,false,Rx,0,8,B0,7F,00,96,20,00,00,FE,
0,00000488,false,Rx,0,8,7F,33,00,72,FE,FF,FF,C0,
0,00000480,false,Rx,0,8,54,2C,00,00,19,41,00,20,
0,00000284,false,Rx,0,6,07,07,00,00,00,00,00,00,
0,00000588,false,Rx,0,8,0B,00,72,00,00,80,00,00,
0,00000280,false,Rx,0,8,B3,8A,00,00,33,FA,28,33,
0,00000288,false,Rx,0,8,E8,33,D5,00,00,75,57,53,
0,00000380,false,Rx,0,8,B0,7F,00,96,20,00,00,FE,
0,00000488,false,Rx,0,8,6F,33,00,72,FE,FF,FF,D0,
0,00000280,false,Rx,0,8,B3,8A,00,00,33,FA,28,33,
0,00000288,false,Rx,0,8,E8,33,D5,00,00,75,57,53,
0,00000380,false,Rx,0,8,B0,7F,00,96,20,00,00,FE,
0,00000488,false,Rx,0,8,5F,33,00,72,FE,FF,FF,E0,
0,00000480,false,Rx,0,8,84,2C,00,00,19,41,00,F0,
0,00000284,false,Rx,0,6,08,08,00,00,00,00,00,00,
0,00000588,false,Rx,0,8,0B,00,72,00,00,80,00,00,
0,00000280,false,Rx,0,8,B3,8A,00,00,33,FA,28,33,
0,00000288,false,Rx,0,8,E8,33,D5,00,00,75,57,53,
0,00000380,false,Rx,0,8,B0,7F,00,96,20,00,00,FE,
0,00000488,false,Rx,0,8,4F,33,00,72,FE,FF,FF,F0,
0,00000280,false,Rx,0,8,B3,8A,00,00,33,FA,28,33,
0,00000288,false,Rx,0,8,2C,33,D5,00,00,75,57,53,
0,00000380,false,Rx,0,8,B0,7F,00,96,20,00,00,FE,
0,00000488,false,Rx,0,8,40,33,00,72,FE,FF,00,00,
0,00000480,false,Rx,0,8,84,2C,00,00,19,41,00,F0,
0,00000284,false,Rx,0,6,09,09,00,00,00,00,00,00,
55000,00000588,false,Rx,0,8,0B,00,72,00,00,80,00,00,
0,00000280,false,Rx,0,8,B3,8A,00,00,33,FA,28,33,
0,00000288,false,Rx,0,8,2C,33,D5,00,00,75,57,53,
0,00000380,false,Rx,0,8,B0,7F,00,96,20,00,00,FE,
0,00000488,false,Rx,0,8,AF,33,00,72,FE,FF,FF,10,
0,00000280,false,Rx,0,8,B3,8A,00,00,33,FA,28,33,
0,00000288,false,Rx,0,8,2C,33,D5,00,00,75,57,53,
0,00000380,false,Rx,0,8,B0,7F,00,96,20,00,00,FE,
0,00000488,false,Rx,0,8,60,33,00,72,FE,FF,00,20,
0,00000480,false,Rx,0,8,84,2C,00,00,19,41,00,F0,
0,00000284,false,Rx,0,6,0A,0A,00,00,00,00,00,00,
75000,00000588,false,Rx,0,8,0B,00,72,00,00,80,00,00,
0,00000280,false,Rx,0,8,B3,8A,00,00,33,FA,28,33,
0,00000288,false,Rx,0,8,2C,33,D5,00,00,75,57,53,
0,00000380,false,Rx,0,8,B0,7F,00,96,20,00,00,FE,
84000,00000488,false,Rx,0,8,70,33,00,72,FE,FF,00,30,
0,00000280,false,Rx,0,8,B3,8A,00,00,33,FA,28,33,
0,00000288,false,Rx,0,8,64,33,D5,00,00,75,57,53,
0,00000380,false,Rx,0,8,B0,7F,00,96,20,00,00,FE,
0,00000488,false,Rx,0,8,00,33,00,72,FE,FF,00,40,
0,00000480,false,Rx,0,8,84,2C,00,00,19,41,00,F0,
0,00000284,false,Rx,0,6,0B,0B,00,00,00,00,00,00,
96000,00000588,false,Rx,0,8,0B,00,72,00,00,80,00,00,
0,00000280,false,Rx,0,8,B3,8A,00,00,33,FA,28,33,
0,00000288,false,Rx,0,8,64,33,D5,00,00,75,57,53,
0,00000380,false,Rx,0,8,B0,7F,00,96,20,00,00,FE,
0,00000488,false,Rx,0,8,EF,33,00,72,FE,FF,FF,50,
108000,00000280,false,Rx,0,8,B3,8A,00,00,33,FA,28,33,
0,00000288,false,Rx,0,8,64,33,D5,00,00,75,57,53,
0,00000380,false,Rx,0,8,B0,7F,00,96,20,00,00,FE,
0,00000488,false,Rx,0,8,DF,33,00,72,FE,FF,FF,60,
0,00000480,false,Rx,0,8,C2,2C,00,00,19,41,00,B6,
0,00000284,false,Rx,0,6,0C,0C,00,00,00,00,00,00,
0,00000588,false,Rx,0,8,0B,00,72,00,00,80,00,00,
0,00000280,false,Rx,0,8,B3,8A,00,00,33,FA,28,33,
0,00000288,false,Rx,0,8,64,33,D5,00,00,75,57,53,
0,00000380,false,Rx,0,8,B0,7F,00,96,20,00,00,FE,
0,00000488,false,Rx,0,8,CF,33,00,72,FE,FF,FF,70,
0,00000280,false,Rx,0,8,B3,8A,00,00,33,FA,28,33,
0,00000288,false,Rx,0,8,8A,33,D5,00,00,75,57,53,
0,00000380,false,Rx,0,8,B0,7F,00,96,20,00,00,FE,
0,00000488,false,Rx,0,8,3F,33,00,72,FE,FF,FF,80,
0,00000480,false,Rx,0,8,C2,2C,00,00,19,41,00,B6,
0,00000284,false,Rx,0,6,0D,0D,00,00,00,00,00,00,
0,00000588,false,Rx,0,8,0B,00,72,00,00,80,00,00,
0,00000280,false,Rx,0,8,B3,8A,00,00,33,FA,28,33,
0,00000288,false,Rx,0,8,8A,33,D5,00,00,75,57,53,
0,00000380,false,Rx,0,8,B0,7F,00,96,20,00,00,FE,
0,00000488,false,Rx,0,8,2F,33,00,72,FE,FF,FF,90,
0,00000280,false,Rx,0,8,B3,8A,00,00,33,FA,28,33,
0,00000288,false,Rx,0,8,8A,33,D5,00,00,75,57,53,
0,00000380,false,Rx,0,8,B0,7F,00,96,20,00,00,FE,
0,00000488,false,Rx,0,8,1F,33,00,72,FE,FF,FF,A0,
0,00000480,false,Rx,0,8,C2,2C,00,00,19,41,00,B6,
0,00000284,false,Rx,0,6,0E,0E,00,00,00,00,00,00,
0,00000588,false,Rx,0,8,0B,00,72,00,00,80,00,00,
0,00000280,false,Rx,0,8,B3,8A,00,00,33,FA,28,33,
0,00000288,false,Rx,0,8,8A,33,D5,00,00,75,57,53,
0,00000380,false,Rx,0,8,B0,7F,00,96,20,00,00,FE,
0,00000488,false,Rx,0,8,0F,33,00,72,FE,FF,FF,B0,
0,00000280,false,Rx,0,8,B3,8A,00,00,33,FA,28,33,
0,00000288,false,Rx,0,8,E8,33,D5,00,00,75,57,53,
0,00000380,false,Rx,0,8,B0,7F,00,96,20,00,00,FE,
0,00000488,false,Rx,0,8,7F,33,00,72,FE,FF,FF,C0,
0,00000480,false,Rx,0,8,C2,2C,00,00,19,41,00,B6,
0,00000284,false,Rx,0,6,0F,0F,00,00,00,00,00,00,
0,00000588,false,Rx,0,8,0B,00,72,00,00,80,00,00,
0,00000280,false,Rx,0,8,B3,8A,00,00,33,FA,28,33,
0,00000288,false,Rx,0,8,E8,33,D5,00,00,75,57,53,
0,00000380,false,Rx,0,8,B0,7F,00,96,20,00,00,FE,
0,00000488,false,Rx,0,8,6F,33,00,72,FE,FF,FF,D0,
0,00000280,false,Rx,0,8,B3,8A,00,00,33,FA,28,33,
0,00000288,false,Rx,0,8,E8,33,D5,00,00,75,57,53,
0,00000380,false,Rx,0,8,B0,7F,00,96,20,00,00,FE,
0,00000488,false,Rx,0,8,5F,33,00,72,FE,FF,FF,E0,
0,00000480,false,Rx,0,8,1C,2C,00,00,19,41,00,68,
0,00000284,false,Rx,0,6,00,00,00,00,00,00,00,00,
0,00000588,false,Rx,0,8,0B,00,72,00,00,80,00,00,
198000,00000280,false,Rx,0,8,B3,8A,00,00,33,FA,28,33,
0,00000288,false,Rx,0,8,E8,33,D5,00,00,75,57,53,
0,00000380,false,Rx,0,8,B0,7F,00,96,20,00,00,FE,
0,00000488,false,Rx,0,8,4F,33,00,72,FE,FF,FF,F0,
0,00000280,false,Rx,0,8,B3,8A,00,00,33,FA,28,33,
0,00000288,false,Rx,0,8,2C,33,D5,00,00,75,57,53,
0,00000380,false,Rx,0,8,B0,7F,00,96,20,00,00,FE,
0,00000488,false,Rx,0,8,40,33,00,72,FE,FF,00,00,
0,00000480,false,Rx,0,8,1C,2C,00,00,19,41,00,68,
0,00000284,false,Rx,0,6,01,01,00,00,00,00,00,00,
0,00000588,false,Rx,0,8,0B,00,72,00,00,80,00,00,
0,00000280,false,Rx,0,8,B3,8A,00,00,33,FA,28,33,
0,00000288,false,Rx,0,8,2C,33,D5,00,00,75,57,53,
0,00000380,false,Rx,0,8,B0,7F,00,96,20,00,00,FE,
0,00000488,false,Rx,0,8,AF,33,00,72,FE,FF,FF,10,
0,00000280,false,Rx,0,8,B3,8A,00,00,33,FA,28,33,
0,00000288,false,Rx,0,8,2C,33,D5,00,00,75,57,53,
0,00000380,false,Rx,0,8,B0,7F,00,96,20,00,00,FE,
0,00000488,false,Rx,0,8,60,33,00,72,FE,FF,00,20,
0,00000480,false,Rx,0,8,1C,2C,00,00,19,41,00,68,
0,00000284,false,Rx,0,6,02,02,00,00,00,00,00,00,
0,00000588,false,Rx,0,8,0B,00,72,00,00,80,00,00,
0,00000280,false,Rx,0,8,B3,8A,00,00,33,FA,28,33,
0,00000288,false,Rx,0,8,2C,33,D5,00,00,75,57,53,
0,00000380,false,Rx,0,8,B0,7F,00,96,20,00,00,FE,
0,00000488,false,Rx,0,8,70,33,00,72,FE,FF,00,30,
0,00000280,false,Rx,0,8,B3,8A,00,00,33,FA,28,33,
0,00000288,false,Rx,0,8,64,33,D5,00,00,75,57,53,
0,00000380,false,Rx,0,8,B0,7F,00,96,20,00,00,FE,
0,00000488,false,Rx,0,8,00,33,00,72,FE,FF,00,40,
0,00000480,false,Rx,0,8,1C,2C,00,00,19,41,00,68,
0,00000284,false,Rx,0,6,03,03,00,00,00,00,00,00,
255000,00000588,false,Rx,0,8,0B,00,72,00,00,80,00,00,
0,00000280,false,Rx,0,8,B3,8A,00,00,33,FA,28,33,
0,00000288,false,Rx,0,8,64,33,D5,00,00,75,57,53,
0,00000380,false,Rx,0,8,B0,7F,00,96,20,00,00,FE,
264000,00000488,false,Rx,0,8,EF,33,00,72,FE,FF,FF,50,
0,00000280,false,Rx,0,8,B3,8A,00,00,33,FA,28,33,
0,00000288,false,Rx,0,8,64,33,D5,00,00,75,57,53,
0,00000380,false,Rx,0,8,B0,7F,00,96,20,00,00,FE,
0,00000488,false,Rx,0,8,DF,33,00,72,FE,FF,FF,60,
0,00000480,false,Rx,0,8,54,2C,00,00,19,41,00,20,
0,00000284,false,Rx,0,6,04,04,00,00,00,00,00,00,
276000,00000588,false,Rx,0,8,0B,00,72,00,00,80,00,00,
0,00000280,false,Rx,0,8,B3,8A,00,00,33,FA,28,33,
0,00000288,false,Rx,0,8,64,33,D5,00,00,75,57,53,
0,00000380,false,Rx,0,8,B0,7F,00,96,20,00,00,FE,
0,00000488,false,Rx,0,8,CF,33,00,72,FE,FF,FF,70,
0,00000280,false,Rx,0,8,B3,8A,00,00,33,FA,28,33,
0,00000288,false,Rx,0,8,8A,33,D5,00,00,75,57,53,
0,00000380,false,Rx,0,8,B0,7F,00,96,20,00,00,FE,
0,00000488,false,Rx,0,8,3F,33,00,72,FE,FF,FF,80,
0,00000480,false,Rx,0,8,54,2C,00,00,19,41,00,20,
0,00000284,false,Rx,0,6,05,05,00,00,00,00,00,00,
0,00000588,false,Rx,0,8,0B,00,72,00,00,80,00,00,
0,00000280,false,Rx,0,8,B3,8A,00,00,33,FA,28,33,
0,00000288,false,Rx,0,8,8A,33,D5,00,00,75,57,53,
0,00000380,false,Rx,0,8,B0,7F,00,96,20,00,00,FE,
0,00000488,false,Rx,0,8,2F,33,00,72,FE,FF,FF,90,
0,00000280,false,Rx,0,8,B3,8A,00,00,33,FA,28,33,
0,00000288,false,Rx,0,8,8A,33,D5,00,00,75,57,53,
0,00000380,false,Rx,0,8,B0,7F,00,96,20,00,00,FE,
0,00000488,false,Rx,0,8,1F,33,00,72,FE,FF,FF,A0,
0,00000480,false,Rx,0,8,54,2C,00,00,19,41,00,20,
0,00000284,false,Rx,0,6,06,06,00,00,00,00,00,00,
0,00000588,false,Rx,0,8,0B,00,72,00,00,80,00,00,
0,00000280,false,Rx,0,8,B3,8A,00,00,33,FA,28,33,
0,00000288,false,Rx,0,8,8A,33,D5,00,00,75,57,53,
0,00000380,false,Rx,0,8,B0,7F,00,96,20,00,00,FE,
0,00000488,false,Rx,0,8,0F,33,00,72,FE,FF,FF,B0,
0,00000280,false,Rx,0,8,B3,8A,00,00,33,FA,28,33,
0,00000288,false,Rx,0,8,E8,33,D5,00,00,75,57,53,
0,00000380,false,Rx,0,8,B0,7F,00,96,20,00,00,FE,
0,00000488,false,Rx,0,8,7F,33,00,72,FE,FF,FF,C0,
0,00000480,false,Rx,0,8,54,2C,00,00,19,41,00,20,
0,00000284,false,Rx,0,6,07,07,00,00,00,00,00,00,
333000,00000588,false,Rx,0,8,0B,00,72,00,00,80,00,00,
0,00000280,false,Rx,0,8,B3,8A,00,00,33,FA,28,33,
0,00000288,false,Rx,0,8,E8,33,D5,00,00,75,57,53,
0,00000380,false,Rx,0,8,B0,7F,00,96,20,00,00,FE,
0,00000488,false,Rx,0,8,6F,33,00,72,FE,FF,FF,D0,
0,00000280,false,Rx,0,8,B3,8A,00,00,33,FA,28,33,
0,00000288,false,Rx,0,8,E8,33,D5,00,00,75,57,53,
0,00000380,false,Rx,0,8,B0,7F,00,96,20,00,00,FE,
0,00000488,false,Rx,0,8,5F,33,00,72,FE,FF,FF,E0,
0,00000480,false,Rx,0,8,84,2C,00,00,19,41,00,F0,
0,00000284,false,Rx,0,6,08,08,00,00,00,00,00,00,
0,00000588,false,Rx,0,8,0B,00,72,00,00,80,00,00,
0,00000280,false,Rx,0,8,B3,8A,00,00,33,FA,28,33,
0,00000288,false,Rx,0,8,E8,33,D5,00,00,75,57,53,
0,00000380,false,Rx,0,8,B0,7F,00,96,20,00,00,FE,
0,00000488,false,Rx,0,8,4F,33,00,72,FE,FF,FF,F0,
0,00000280,false,Rx,0,8,B3,8A,00,00,33,FA,28,33,
0,00000288,false,Rx,0,8,2C,33,D5,00,00,75,57,53,
0,00000380,false,Rx,0,8,B0,7F,00,96,20,00,00,FE,
0,00000488,false,Rx,0,8,40,33,00,72,FE,FF,00,00,
0,00000480,false,Rx,0,8,84,2C,00,00,19,41,00,F0,
0,00000284,false,Rx,0,6,09,09,00,00,00,00,00,00,
0,00000588,false,Rx,0,8,0B,00,72,00,00,80,00,00,
0,00000280,false,Rx,0,8,B3,8A,00,00,33,FA,28,33,
0,00000288,false,Rx,0,8,2C,33,D5,00,00,75,57,53,
0,00000380,false,Rx,0,8,B0,7F,00,96,20,00,00,FE,
0,00000488,false,Rx,0,8,AF,33,00,72,FE,FF,FF,10,
387000,00000580,false,Rx,0,8,8E,00,00,14,1C,93,48,14,
0,00000280,false,Rx,0,8,B3,8A,00,00,33,FA,28,33,
0,00000288,false,Rx,0,8,2C,33,D5,00,00,75,57,53,
0,00000380,false,Rx,0,8,B0,7F,00,96,20,00,00,FE,
0,00000488,false,Rx,0,8,60,33,00,72,FE,FF,00,20,
0,00000480,false,Rx,0,8,84,2C,00,00,19,41,00,F0,
0,00000284,false,Rx,0,6,0A,0A,00,00,00,00,00,00,
0,00000588,false,Rx,0,8,0B,00,72,00,00,80,00,00,
0,00000280,false,Rx,0,8,B3,8A,00,00,33,FA,28,33,
0,00000288,false,Rx,0,8,2C,33,D5,00,00,75,57,53,
0,00000380,false,Rx,0,8,B0,7F,00,96,20,00,00,FE,
0,00000488,false,Rx,0,8,70,33,00,72,FE,FF,00,30,
0,00000280,false,Rx,0,8,B3,8A,00,00,33,FA,28,33,
0,00000288,false,Rx,0,8,64,33,D5,00,00,75,57,53,
0,00000380,false,Rx,0,8,B0,7F,00,96,20,00,00,FE,
0,00000488,false,Rx,0,8,00,33,00,72,FE,FF,00,40,
0,00000480,false,Rx,0,8,84,2C,00,00,19,41,00,F0,
0,00000284,false,Rx,0,6,0B,0B,00,00,00,00,00,00,
0,00000588,false,Rx,0,8,0B,00,72,00,00,80,00,00,
0,00000280,false,Rx,0,8,B3,8A,00,00,33,FA,28,33,
0,00000288,false,Rx,0,8,64,33,D5,00,00,75,57,53,
0,00000380,false,Rx,0,8,B0,7F,00,96,20,00,00,FE,
0,00000488,false,Rx,0,8,EF,33,00,72,FE,FF,FF,50,
0,00000280,false,Rx,0,8,B3,8A,00,00,33,FA,28,33,
0,00000288,false,Rx,0,8,64,33,D5,00,00,75,57,53,
0,00000380,false,Rx,0,8,B0,7F,00,96,20,00,00,FE,
0,00000488,false,Rx,0,8,DF,33,00,72,FE,FF,FF,60,
0,00000480,false,Rx,0,8,C2,2C,00,00,19,41,00,B6,
0,00000284,false,Rx,0,6,0C,0C,00,00,00,00,00,00,
436000,00000588,false,Rx,0,8,0B,00,72,00,00,80,00,00,
0,00000280,false,Rx,0,8,B3,8A,00,00,33,FA,28,33,
0,00000288,false,Rx,0,8,64,33,D5,00,00,75,57,53,
0,00000380,false,Rx,0,8,B0,7F,00,96,20,00,00,FE,
444000,00000488,false,Rx,0,8,CF,33,00,72,FE,FF,FF,70,
0,00000280,false,Rx,0,8,B3,8A,00,00,33,FA,28,33,
0,00000288,false,Rx,0,8,8A,33,D5,00,00,75,57,53,
0,00000380,false,Rx,0,8,B0,7F,00,96,20,00,00,FE,
0,00000488,false,Rx,0,8,3F,33,00,72,FE,FF,FF,80,
0,00000480,false,Rx,0,8,C2,2C,00,00,19,41,00,B6,
0,00000284,false,Rx,0,6,0D,0D,00,00,00,00,00,00,
456000,00000588,false,Rx,0,8,0B,00,72,00,00,80,00,00,
0,00000280,false,Rx,0,8,B3,8A,00,00,33,FA,28,33,
0,00000288,false,Rx,0,8,8A,33,D5,00,00,75,57,53,
0,00000380,false,Rx,0,8,B0,7F,00,96,20,00,00,FE,
464000,00000488,false,Rx,0,8,2F,33,00,72,FE,FF,FF,90,
0,00000280,false,Rx,0,8,B3,8A,00,00,33,FA,28,33,
0,00000288,false,Rx,0,8,8A,33,D5,00,00,75,57,53,
0,00000380,false,Rx,0,8,B0,7F,00,96,20,00,00,FE,
0,00000488,false,Rx,0,8,1F,33,00,72,FE,FF,FF,A0,
0,00000480,false,Rx,0,8,C2,2C,00,00,19,41,00,B6,
0,00000284,false,Rx,0,6,0E,0E,00,00,00,00,00,00,
477000,00000588,false,Rx,0,8,0B,00,72,00,00,80,00,00,
0,00000280,false,Rx,0,8,B3,8A,00,00,33,FA,28,33,
0,00000288,false,Rx,0,8,8A,33,D5,00,00,75,57,53,
0,00000380,false,Rx,0,8,B0,7F,00,96,20,00,00,FE,
0,00000488,false,Rx,0,8,0F,33,00,72,FE,FF,FF,B0,
0,00000280,false,Rx,0,8,B3,8A,00,00,33,FA,28,33,
0,00000288,false,Rx,0,8,E8,33,D5,00,00,75,57,53,
0,00000380,false,Rx,0,8,B0,7F,00,96,20,00,00,FE,
0,00000488,false,Rx,0,8,7F,33,00,72,FE,FF,FF,C0,
0,00000480,false,Rx,0,8,C2,2C,00,00,19,41,00,B6,
0,00000284,false,Rx,0,6,0F,0F,00,00,00,00,00,00,
0,00000588,false,Rx,0,8,0B,00,72,00,00,80,00,00,
0,00000280,false,Rx,0,8,B3,8A,00,00,33,FA,28,33,
0,00000288,false,Rx,0,8,E8,33,D5,00,00,75,57,53,
0,00000380,false,Rx,0,8,B0,7F,00,96,20,00,00,FE,
0,00000488,false,Rx,0,8,6F,33,00,72,FE,FF,FF,D0,
0,00000280,false,Rx,0,8,B3,8A,00,00,33,FA,28,33,
0,00000288,false,Rx,0,8,E8,33,D5,00,00,75,57,53,
0,00000380,false,Rx,0,8,B0,7F,00,96,20,00,00,FE,
0,00000488,false,Rx,0,8,5F,33,00,72,FE,FF,FF,E0,
0,00000480,false,Rx,0,8,1C,2C,00,00,19,41,00,68,
0,00000284,false,Rx,0,6,00,00,00,00,00,00,00,00,
513000,00000588,false,Rx,0,8,0B,00,72,00,00,80,00,00,
0,00000280,false,Rx,0,8,B3,8A,00,00,33,FA,28,33,
0,00000288,false,Rx,0,8,E8,33,D5,00,00,75,57,53,
0,00000380,false,Rx,0,8,B0,7F,00,96,20,00,00,FE,
0,00000488,false,Rx,0,8,4F,33,00,72,FE,FF,FF,F0,
0,00000280,false,Rx,0,8,B3,8A,00,00,33,FA,28,33,
0,00000288,false,Rx,0,8,2C,33,D5,00,00,75,57,53,
0,00000380,false,Rx,0,8,B0,7F,00,96,20,00,00,FE,
0,00000488,false,Rx,0,8,40,33,00,72,FE,FF,00,00,
0,00000480,false,Rx,0,8,1C,2C,00,00,19,41,00,68,
0,00000284,false,Rx,0,6,01,01,00,00,00,00,00,00,
0,00000588,false,Rx,0,8,0B,00,72,00,00,80,00,00,
0,00000280,false,Rx,0,8,B3,8A,00,00,33,FA,28,33,
0,00000288,false,Rx,0,8,2C,33,D5,00,00,75,57,53,
0,00000380,false,Rx,0,8,B0,7F,00,96,20,00,00,FE,
0,00000488,false,Rx,0,8,AF,33,00,72,FE,FF,FF,10,
0,00000280,false,Rx,0,8,B3,8A,00,00,33,FA,28,33,
0,00000288,false,Rx,0,8,2C,33,D5,00,00,75,57,53,
0,00000380,false,Rx,0,8,B0,7F,00,96,20,00,00,FE,
0,00000488,false,Rx,0,8,60,33,00,72,FE,FF,00,20,
0,00000480,false,Rx,0,8,1C,2C,00,00,19,41,00,68,
0,00000284,false,Rx,0,6,02,02,00,00,00,00,00,00,
0,00000588,false,Rx,0,8,0B,00,72,00,00,80,00,00,
0,00000280,false,Rx,0,8,B3,8A,00,00,33,FA,28,33,
0,00000288,false,Rx,0,8,2C,33,D5,00,00,75,57,53,
0,00000380,false,Rx,0,8,B0,7F,00,96,20,00,00,FE,
0,00000488,false,Rx,0,8,70,33,00,72,FE,FF,00,30,
0,00000280,false,Rx,0,8,B3,8A,00,00,33,FA,28,33,
0,00000288,false,Rx,0,8,64,33,D5,00,00,75,57,53,
0,00000380,false,Rx,0,8,B0,7F,00,96,20,00,00,FE,
0,00000488,false,Rx,0,8,00,33,00,72,FE,FF,00,40,
0,00000480,false,Rx,0,8,1C,2C,00,00,19,41,00,68,
0,00000284,false,Rx,0,6,03,03,00,00,00,00,00,00,
0,00000588,false,Rx,0,8,0B,00,72,00,00,80,00,00,
579000,00000280,false,Rx,0,8,B3,8A,00,00,33,FA,28,33,
0,00000288,false,Rx,0,8,64,33,D5,00,00,75,57,53,
0,00000380,false,Rx,0,8,B0,7F,00,96,20,00,00,FE,
0,00000488,false,Rx,0,8,EF,33,00,72,FE,FF,FF,50,
0,00000280,false,Rx,0,8,B3,8A,00,00,33,FA,28,33,
0,00000288,false,Rx,0,8,64,33,D5,00,00,75,57,53,
0,00000380,false,Rx,0,8,B0,7F,00,96,20,00,00,FE,
0,00000488,false,Rx,0,8,DF,33,00,72,FE,FF,FF,60,
0,00000480,false,Rx,0,8,54,2C,00,00,19,41,00,20,
0,00000284,false,Rx,0,6,04,04,00,00,00,00,00,00,
0,00000588,false,Rx,0,8,0B,00,72,00,00,80,00,00,
0,00000280,false,Rx,0,8,B3,8A,00,00,33,FA,28,33,
0,00000288,false,Rx,0,8,64,33,D5,00,00,75,57,53,
0,00000380,false,Rx,0,8,B0,7F,00,96,20,00,00,FE,
0,00000488,false,Rx,0,8,CF,33,00,72,FE,FF,FF,70,
0,00000280,false,Rx,0,8,B3,8A,00,00,33,FA,28,33,
0,00000288,false,Rx,0,8,8A,33,D5,00,00,75,57,53,
0,00000380,false,Rx,0,8,B0,7F,00,96,20,00,00,FE,
0,00000488,false,Rx,0,8,3F,33,00,72,FE,FF,FF,80,
0,00000480,false,Rx,0,8,54,2C,00,00,19,41,00,20,
0,00000284,false,Rx,0,6,05,05,00,00,00,00,00,00,
616000,00000588,false,Rx,0,8,0B,00,72,00,00,80,00,00,
0,00000280,false,Rx,0,8,B3,8A,00,00,33,FA,28,33,
0,00000288,false,Rx,0,8,8A,33,D5,00,00,75,57,53,
0,00000380,false,Rx,0,8,B0,7F,00,96,20,00,00,FE,
0,00000488,false,Rx,0,8,2F,33,00,72,FE,FF,FF,90,
0,00000280,false,Rx,0,8,B3,8A,00,00,33,FA,28,33,
0,00000288,false,Rx,0,8,8A,33,D5,00,00,75,57,53,
0,00000380,false,Rx,0,8,B0,7F,00,96,20,00,00,FE,
0,00000488,false,Rx,0,8,1F,33,00,72,FE,FF,FF,A0,
0,00000480,false,Rx,0,8,54,2C,00,00,19,41,00,20,
0,00000284,false,Rx,0,6,06,06,00,00,00,00,00,00,
636000,00000588,false,Rx,0,8,0B,00,72,00,00,80,00,00,
0,00000280,false,Rx,0,8,B3,8A,00,00,33,FA,28,33,
0,00000288,false,Rx,0,8,8A,33,D5,00,00,75,57,53,
0,00000380,false,Rx,0,8,B0,7F,00,96,20,00,00,FE,
645000,00000488,false,Rx,0,8,0F,33,00,72,FE,FF,FF,B0,
0,00000280,false,Rx,0,8,B3,8A,00,00,33,FA,28,33,
0,00000288,false,Rx,0,8,E8,33,D5,00,00,75,57,53,
0,00000380,false,Rx,0,8,B0,7F,00,96,20,00,00,FE,
0,00000488,false,Rx,0,8,7F,33,00,72,FE,FF,FF,C0,
0,00000480,false,Rx,0,8,54,2C,00,00,19,41,00,20,
0,00000284,false,Rx,0,6,07,07,00,00,00,00,00,00,
657000,00000588,false,Rx,0,8,0B,00,72,00,00,80,00,00,
0,00000280,false,Rx,0,8,B3,8A,00,00,33,FA,28,33,
0,00000288,false,Rx,0,8,E8,33,D5,00,00,75,57,53,
0,00000380,false,Rx,0,8,B0,7F,00,96,20,00,00,FE,
0,00000488,false,Rx,0,8,6F,33,00,72,FE,FF,FF,D0,
669000,00000280,false,Rx,0,8,B3,8A,00,00,33,FA,28,33,
0,00000288,false,Rx,0,8,E8,33,D5,00,00,75,57,53,
0,00000380,false,Rx,0,8,B0,7F,00,96,20,00,00,FE,
0,00000488,false,Rx,0,8,5F,33,00,72,FE,FF,FF,E0,
0,00000480,false,Rx,0,8,84,2C,00,00,19,41,00,F0,
0,00000284,false,Rx,0,6,08,08,00,00,00,00,00,00,
0,00000588,false,Rx,0,8,0B,00,72,00,00,80,00,00,
0,00000280,false,Rx,0,8,B3,8A,00,00,33,FA,28,33,
0,00000288,false,Rx,0,8,E8,33,D5,00,00,75,57,53,
0,00000380,false,Rx,0,8,B0,7F,00,96,20,00,00,FE,
0,00000488,false,Rx,0,8,4F,33,00,72,FE,FF,FF,F0,
0,00000280,false,Rx,0,8,B3,8A,00,00,33,FA,28,33,
0,00000288,false,Rx,0,8,2C,33,D5,00,00,75,57,53,
0,00000380,false,Rx,0,8,B0,7F,00,96,20,00,00,FE,
0,00000488,false,Rx,0,8,40,33,00,72,FE,FF,00,00,
0,00000480,false,Rx,0,8,84,2C,00,00,19,41,00,F0,
0,00000284,false,Rx,0,6,09,09,00,00,00,00,00,00,
694000,00000588,false,Rx,0,8,0B,00,72,00,00,80,00,00,
0,00000280,false,Rx,0,8,B3,8A,00,00,33,FA,28,33,
0,00000288,false,Rx,0,8,2C,33,D5,00,00,75,57,53,
0,00000380,false,Rx,0,8,B0,7F,00,96,20,00,00,FE,
0,00000488,false,Rx,0,8,AF,33,00,72,FE,FF,FF,10,
0,00000280,false,Rx,0,8,B3,8A,00,00,33,FA,28,33,
0,00000288,false,Rx,0,8,2C,33,D5,00,00,75,57,53,
0,00000380,false,Rx,0,8,B0,7F,00,96,20,00,00,FE,
0,00000488,false,Rx,0,8,60,33,00,72,FE,FF,00,20,
0,00000480,false,Rx,0,8,84,2C,00,00,19,41,00,F0,
0,00000284,false,Rx,0,6,0A,0A,00,00,00,00,00,00,
0,00000588,false,Rx,0,8,0B,00,72,00,00,80,00,00,
0,00000280,false,Rx,0,8,B3,8A,00,00,33,FA,28,33,
0,00000288,false,Rx,0,8,2C,33,D5,00,00,75,57,53,
0,00000380,false,Rx,0,8,B0,7F,00,96,20,00,00,FE,
0,00000488,false,Rx,0,8,70,33,00,72,FE,FF,00,30,
0,00000280,false,Rx,0,8,B3,8A,00,00,33,FA,28,33,
0,00000288,false,Rx,0,8,64,33,D5,00,00,75,57,53,
0,00000380,false,Rx,0,8,B0,7F,00,96,20,00,00,FE,
0,00000488,false,Rx,0,8,00,33,00,72,FE,FF,00,40,
0,00000480,false,Rx,0,8,84,2C,00,00,19,41,00,F0,
0,00000284,false,Rx,0,6,0B,0B,00,00,00,00,00,00,
0,00000588,false,Rx,0,8,0B,00,72,00,00,80,00,00,
0,00000280,false,Rx,0,8,B3,8A,00,00,33,FA,28,33,
0,00000288,false,Rx,0,8,64,33,D5,00,00,75,57,53,
0,00000380,false,Rx,0,8,B0,7F,00,96,20,00,00,FE,
0,00000488,false,Rx,0,8,EF,33,00,72,FE,FF,FF,50,
0,00000280,false,Rx,0,8,B3,8A,00,00,33,FA,28,33,
0,00000288,false,Rx,0,8,64,33,D5,00,00,75,57,53,
0,00000380,false,Rx,0,8,B0,7F,00,96,20,00,00,FE,
0,00000488,false,Rx,0,8,DF,33,00,72,FE,FF,FF,60,
0,00000480,false,Rx,0,8,C2,2C,00,00,19,41,00,B6,
0,00000284,false,Rx,0,6,0C,0C,00,00,00,00,00,00,
0,00000588,false,Rx,0,8,0B,00,72,00,00,80,00,00,
0,00000280,false,Rx,0,8,B3,8A,00,00,33,FA,28,33,
0,00000288,false,Rx,0,8,64,33,D5,00,00,75,57,53,
0,00000380,false,Rx,0,8,B0,7F,00,96,20,00,00,FE,
0,00000488,false,Rx,0,8,CF,33,00,72,FE,FF,FF,70,
0,00000280,false,Rx,0,8,B3,8A,00,00,33,FA,28,33,
0,00000288,false,Rx,0,8,8A,33,D5,00,00,75,57,53,
0,00000380,false,Rx,0,8,B0,7F,00,96,20,00,00,FE,
0,00000488,false,Rx,0,8,3F,33,00,72,FE,FF,FF,80,
0,00000480,false,Rx,0,8,C2,2C,00,00,19,41,00,B6,
0,00000284,false,Rx,0,6,0D,0D,00,00,00,00,00,00,
0,00000588,false,Rx,0,8,0B,00,72,00,00,80,00,00,
0,00000280,false,Rx,0,8,B3,8A,00,00,33,FA,28,33,
0,00000288,false,Rx,0,8,8A,33,D5,00,00,75,57,53,
0,00000380,false,Rx,0,8,B0,7F,00,96,20,00,00,FE,
0,00000488,false,Rx,0,8,2F,33,00,72,FE,FF,FF,90,
0,00000280,false,Rx,0,8,B3,8A,00,00,33,FA,28,33,
0,00000288,false,Rx,0,8,8A,33,D5,00,00,75,57,53,
0,00000380,false,Rx,0,8,B0,7F,00,96,20,00,00,FE,
0,00000488,false,Rx,0,8,1F,33,00,72,FE,FF,FF,A0,
0,00000480,false,Rx,0,8,C2,2C,00,00,19,41,00,B6,
0,00000284,false,Rx,0,6,0E,0E,00,00,00,00,00,00,
0,00000588,false,Rx,0,8,0B,00,72,00,00,80,00,00,
0,00000280,false,Rx,0,8,B3,8A,00,00,33,FA,28,33,
0,00000288,false,Rx,0,8,8A,33,D5,00,00,75,57,53,
0,00000380,false,Rx,0,8,B0,7F,00,96,20,00,00,FE,
0,00000488,false,Rx,0,8,0F,33,00,72,FE,FF,FF,B0,
0,00000280,false,Rx,0,8,B3,8A,00,00,33,FA,28,33,
0,00000288,false,Rx,0,8,E8,33,D5,00,00,75,57,53,
0,00000380,false,Rx,0,8,B0,7F,00,96,20,00,00,FE,
0,00000488,false,Rx,0,8,7F,33,00,72,FE,FF,FF,C0,
0,00000480,false,Rx,0,8,C2,2C,00,00,19,41,00,B6,
0,00000284,false,Rx,0,6,0F,0F,00,00,00,00,00,00,
817000,00000588,false,Rx,0,8,0B,00,72,00,00,80,00,00,
0,00000280,false,Rx,0,8,B3,8A,00,00,33,FA,28,33,
0,00000288,false,Rx,0,8,E8,33,D5,00,00,75,57,53,
0,00000380,false,Rx,0,8,B0,7F,00,96,20,00,00,FE,
825000,00000488,false,Rx,0,8,6F,33,00,72,FE,FF,FF,D0,
0,00000280,false,Rx,0,8,B3,8A,00,00,33,FA,28,33,
0,00000288,false,Rx,0,8,E8,33,D5,00,00,75,57,53,
0,00000380,false,Rx,0,8,B0,7F,00,96,20,00,00,FE,
0,00000488,false,Rx,0,8,5F,33,00,72,FE,FF,FF,E0,
0,00000480,false,Rx,0,8,1C,2C,00,00,19,41,00,68,
0,00000284,false,Rx,0,6,00,00,00,00,00,00,00,00,
837000,00000588,false,Rx,0,8,0B,00,72,00,00,80,00,00,
0,00000280,false,Rx,0,8,B3,8A,00,00,33,FA,28,33,
0,00000288,false,Rx,0,8,E8,33,D5,00,00,75,57,53,
0,00000380,false,Rx,0,8,B0,7F,00,96,20,00,00,FE,
0,00000488,false,Rx,0,8,4F,33,00,72,FE,FF,FF,F0,
0,00000280,false,Rx,0,8,B3,8A,00,00,33,FA,28,33,
0,00000288,false,Rx,0,8,2C,33,D5,00,00,75,57,53,
0,00000380,false,Rx,0,8,B0,7F,00,96,20,00,00,FE,
0,00000488,false,Rx,0,8,40,33,00,72,FE,FF,00,00,
0,00000480,false,Rx,0,8,1C,2C,00,00,19,41,00,68,
0,00000284,false,Rx,0,6,01,01,00,00,00,00,00,00,
858000,00000588,false,Rx,0,8,0B,00,72,00,00,80,00,00,
0,00000280,false,Rx,0,8,B3,8A,00,00,33,FA,28,33,
0,00000288,false,Rx,0,8,2C,33,D5,00,00,75,57,53,
0,00000380,false,Rx,0,8,B0,7F,00,96,20,00,00,FE,
0,00000488,false,Rx,0,8,AF,33,00,72,FE,FF,FF,10,
0,00000280,false,Rx,0,8,B3,8A,00,00,33,FA,28,33,
0,00000288,false,Rx,0,8,2C,33,D5,00,00,75,57,53,
0,00000380,false,Rx,0,8,B0,7F,00,96,20,00,00,FE,
0,00000488,false,Rx,0,8,60,33,00,72,FE,FF,00,20,
0,00000480,false,Rx,0,8,1C,2C,00,00,19,41,00,68,
0,00000284,false,Rx,0,6,02,02,00,00,00,00,00,00,
0,00000588,false,Rx,0,8,0B,00,72,00,00,80,00,00,
0,00000280,false,Rx,0,8,B3,8A,00,00,33,FA,28,33,
0,00000288,false,Rx,0,8,2C,33,D5,00,00,75,57,53,
0,00000380,false,Rx,0,8,B0,7F,00,96,20,00,00,FE,
0,00000488,false,Rx,0,8,70,33,00,72,FE,FF,00,30,
0,00000280,false,Rx,0,8,B3,8A,00,00,33,FA,28,33,
0,00000288,false,Rx,0,8,64,33,D5,00,00,75,57,53,
0,00000380,false,Rx,0,8,B0,7F,00,96,20,00,00,FE,
0,00000488,false,Rx,0,8,00,33,00,72,FE,FF,00,40,
0,00000480,false,Rx,0,8,1C,2C,00,00,19,41,00,68,
0,00000284,false,Rx,0,6,03,03,00,00,00,00,00,00,
894000,00000588,false,Rx,0,8,0B,00,72,00,00,80,00,00,
0,00000280,false,Rx,0,8,B3,8A,00,00,33,FA,28,33,
0,00000288,false,Rx,0,8,64,33,D5,00,00,75,57,53,
0,00000380,false,Rx,0,8,B0,7F,00,96,20,00,00,FE,
0,00000488,false,Rx,0,8,EF,33,00,72,FE,FF,FF,50,
0,00000280,false,Rx,0,8,B3,8A,00,00,33,FA,28,33,
0,00000288,false,Rx,0,8,64,33,D5,00,00,75,57,53,
0,00000380,false,Rx,0,8,B0,7F,00,96,20,00,00,FE,
0,00000488,false,Rx,0,8,DF,33,00,72,FE,FF,FF,60,
0,00000480,false,Rx,0,8,54,2C,00,00,19,41,00,20,
0,00000284,false,Rx,0,6,04,04,00,00,00,00,00,00,
0,00000588,false,Rx,0,8,0B,00,72,00,00,80,00,00,
0,00000280,false,Rx,0,8,B3,8A,00,00,33,FA,28,33,
0,00000288,false,Rx,0,8,64,33,D5,00,00,75,57,53,
0,00000380,false,Rx,0,8,B0,7F,00,96,20,00,00,FE,
0,00000488,false,Rx,0,8,CF,33,00,72,FE,FF,FF,70,
0,00000280,false,Rx,0,8,B3,8A,00,00,33,FA,28,33,
0,00000288,false,Rx,0,8,8A,33,D5,00,00,75,57,53,
0,00000380,false,Rx,0,8,B0,7F,00,96,20,00,00,FE,
0,00000488,false,Rx,0,8,3F,33,00,72,FE,FF,FF,80,
0,00000480,false,Rx,0,8,54,2C,00,00,19,41,00,20,
0,00000284,false,Rx,0,6,05,05,00,00,00,00,00,00,
0,00000588,false,Rx,0,8,0B,00,72,00,00,80,00,00,
0,00000280,false,Rx,0,8,B3,8A,00,00,33,FA,28,33,
0,00000288,false,Rx,0,8,8A,33,D5,00,00,75,57,53,
0,00000380,false,Rx,0,8,B0,7F,00,96,20,00,00,FE,
0,00000488,false,Rx,0,8,2F,33,00,72,FE,FF,FF,90,
0,00000280,false,Rx,0,8,B3,8A,00,00,33,FA,28,33,
0,00000288,false,Rx,0,8,8A,33,D5,00,00,75,57,53,
0,00000380,false,Rx,0,8,B0,7F,00,96,20,00,00,FE,
0,00000488,false,Rx,0,8,1F,33,00,72,FE,FF,FF,A0,
0,00000480,false,Rx,0,8,54,2C,00,00,19,41,00,20,
0,00000284,false,Rx,0,6,06,06,00,00,00,00,00,00,
0,00000588,false,Rx,0,8,0B,00,72,00,00,80,00,00,
0,00000280,false,Rx,0,8,B3,8A,00,00,33,FA,28,33,
0,00000288,false,Rx,0,8,8A,33,D5,00,00,75,57,53,
0,00000380,false,Rx,0,8,B0,7F,00,96,20,00,00,FE,
0,00000488,false,Rx,0,8,0F,33,00,72,FE,FF,FF,B0,
0,00000280,false,Rx,0,8,B3,8A,00,00,33,FA,28,33,
0,00000288,false,Rx,0,8,E8,33,D5,00,00,75,57,53,
0,00000380,false,Rx,0,8,B0,7F,00,96,20,00,00,FE,
0,00000488,false,Rx,0,8,7F,33,00,72,FE,FF,FF,C0,
0,00000480,false,Rx,0,8,54,2C,00,00,19,41,00,20,
0,00000284,false,Rx,0,6,07,07,00,00,00,00,00,00,
0,00000588,false,Rx,0,8,0B,00,72,00,00,80,00,00,
0,00000280,false,Rx,0,8,B3,8A,00,00,33,FA,28,33,
0,00000288,false,Rx,0,8,E8,33,D5,00,00,75,57,53,
0,00000380,false,Rx,0,8,B0,7F,00,96,20,00,00,FE,
0,00000488,false,Rx,0,8,6F,33,00,72,FE,FF,FF,D0,
0,00000280,false,Rx,0,8,B3,8A,00,00,33,FA,28,33,
0,00000288,false,Rx,0,8,E8,33,D5,00,00,75,57,53,
0,00000380,false,Rx,0,8,B0,7F,00,96,20,00,00,FE,
0,00000488,false,Rx,0,8,5F,33,00,72,FE,FF,FF,E0,
0,00000480,false,Rx,0,8,84,2C,00,00,19,41,00,F0,
0,00000284,false,Rx,0,6,08,08,00,00,00,00,00,00,
997000,00000588,false,Rx,0,8,0B,00,72,00,00,80,00,00,
0,00000280,false,Rx,0,8,B3,8A,00,00,33,FA,28,33,
0,00000288,false,Rx,0,8,E8,33,D5,00,00,75,57,53,
0,00000380,false,Rx,0,8,B0,7F,00,96,20,00,00,FE,
0,00000488,false,Rx,0,8,4F,33,00,72,FE,FF,FF,F0,
0,00000280,false,Rx,0,8,B3,8A,00,00,33,FA,28,33,
0,00000288,false,Rx,0,8,2C,33,D5,00,00,75,57,53,
0,00000380,false,Rx,0,8,B0,7F,00,96,20,00,00,FE,
0,00000488,false,Rx,0,8,40,33,00,72,FE,FF,00,00,
0,00000480,false,Rx,0,8,84,2C,00,00,19,41,00,F0,
0,00000284,false,Rx,0,6,09,09,00,00,00,00,00,00,
18000,00000588,false,Rx,0,8,0B,00,72,00,00,80,00,00,
0,00000280,false,Rx,0,8,B3,8A,00,00,33,FA,28,33,
0,00000288,false,Rx,0,8,2C,33,D5,00,00,75,57,53,
0,00000380,false,Rx,0,8,B0,7F,00,96,20,00,00,FE,
26000,00000488,false,Rx,0,8,AF,33,00,72,FE,FF,FF,10,
0,00000280,false,Rx,0,8,B3,8A,00,00,33,FA,28,33,
0,00000288,false,Rx,0,8,2C,33,D5,00,00,75,57,53,
0,00000380,false,Rx,0,8,B0,7F,00,96,20,00,00,FE,
0,00000488,false,Rx,0,8,60,33,00,72,FE,FF,00,20,
0,00000480,false,Rx,0,8,84,2C,00,00,19,41,00,F0,
0,00000284,false,Rx,0,6,0A,0A,00,00,00,00,00,00,
38000,00000588,false,Rx,0,8,0B,00,72,00,00,80,00,00,
0,00000280,false,Rx,0,8,B3,8A,00,00,33,FA,28,33,
0,00000288,false,Rx,0,8,2C,33,D5,00,00,75,57,53,
0,00000380,false,Rx,0,8,B0,7F,00,96,20,00,00,FE,
0,00000488,false,Rx,0,8,70,33,00,72,FE,FF,00,30,
50000,00000280,false,Rx,0,8,B3,8A,00,00,33,FA,28,33,
0,00000288,false,Rx,0,8,64,33,D5,00,00,75,57,53,
0,00000380,false,Rx,0,8,B0,7F,00,96,20,00,00,FE,
0,00000488,false,Rx,0,8,00,33,00,72,FE,FF,00,40,
0,00000480,false,Rx,0,8,84,2C,00,00,19,41,00,F0,
0,00000284,false,Rx,0,6,0B,0B,00,00,00,00,00,00,
0,00000588,false,Rx,0,8,0B,00,72,00,00,80,00,00,
0,00000280,false,Rx,0,8,B3,8A,00,00,33,FA,28,33,
0,00000288,false,Rx,0,8,64,33,D5,00,00,75,57,53,
0,00000380,false,Rx,0,8,B0,7F,00,96,20,00,00,FE,
0,00000488,false,Rx,0,8,EF,33,00,72,FE,FF,FF,50,
0,00000280,false,Rx,0,8,B3,8A,00,00,33,FA,28,33,
0,00000288,false,Rx,0,8,64,33,D5,00,00,75,57,53,
0,00000380,false,Rx,0,8,B0,7F,00,96,20,00,00,FE,
0,00000488,false,Rx,0,8,DF,33,00,72,FE,FF,FF,60,
0,00000480,false,Rx,0,8,C2,2C,00,00,19,41,00,B6,
0,00000284,false,Rx,0,6,0C,0C,00,00,00,00,00,00,
75000,00000588,false,Rx,0,8,0B,00,72,00,00,80,00,00,
0,00000280,false,Rx,0,8,B3,8A,00,00,33,FA,28,33,
0,00000288,false,Rx,0,8,64,33,D5,00,00,75,57,53,
0,00000380,false,Rx,0,8,B0,7F,00,96,20,00,00,FE,
0,00000488,false,Rx,0,8,CF,33,00,72,FE,FF,FF,70,
0,00000280,false,Rx,0,8,B3,8A,00,00,33,FA,28,33,
0,00000288,false,Rx,0,8,8A,33,D5,00,00,75,57,53,
0,00000380,false,Rx,0,8,B0,7F,00,96,20,00,00,FE,
0,00000488,false,Rx,0,8,3F,33,00,72,FE,FF,FF,80,
0,00000480,false,Rx,0,8,C2,2C,00,00,19,41,00,B6,
0,00000284,false,Rx,0,6,0D,0D,00,00,00,00,00,00,
0,00000588,false,Rx,0,8,0B,00,72,00,00,80,00,00,
0,00000280,false,Rx,0,8,B3,8A,00,00,33,FA,28,33,
0,00000288,false,Rx,0,8,8A,33,D5,00,00,75,57,53,
0,00000380,false,Rx,0,8,B0,7F,00,96,20,00,00,FE,
0,00000488,false,Rx,0,8,2F,33,00,72,FE,FF,FF,90,
0,00000280,false,Rx,0,8,B3,8A,00,00,33,FA,28,33,
0,00000288,false,Rx,0,8,8A,33,D5,00,00,75,57,53,
0,00000380,false,Rx,0,8,B0,7F,00,96,20,00,00,FE,
0,00000488,false,Rx,0,8,1F,33,00,72,FE,FF,FF,A0,
0,00000480,false,Rx,0,8,C2,2C,00,00,19,41,00,B6,
0,00000284,false,Rx,0,6,0E,0E,00,00,00,00,00,00,
0,00000588,false,Rx,0,8,0B,00,72,00,00,80,00,00,
0,00000280,false,Rx,0,8,B3,8A,00,00,33,FA,28,33,
0,00000288,false,Rx,0,8,8A,33,D5,00,00,75,57,53,
0,00000380,false,Rx,0,8,B0,7F,00,96,20,00,00,FE,
0,00000488,false,Rx,0,8,0F,33,00,72,FE,FF,FF,B0,
0,00000280,false,Rx,0,8,B3,8A,00,00,33,FA,28,33,
0,00000288,false,Rx,0,8,E8,33,D5,00,00,75,57,53,
0,00000380,false,Rx,0,8,B0,7F,00,96,20,00,00,FE,
0,00000488,false,Rx,0,8,7F,33,00,72,FE,FF,FF,C0,
0,00000480,false,Rx,0,8,C2,2C,00,00,19,41,00,B6,
0,00000284,false,Rx,0,6,0F,0F,00,00,00,00,00,00,
0,00000588,false,Rx,0,8,0B,00,72,00,00,80,00,00,
140000,00000280,false,Rx,0,8,B3,8A,00,00,33,FA,28,33,
0,00000288,false,Rx,0,8,E8,33,D5,00,00,75,57,53,
0,00000380,false,Rx,0,8,B0,7F,00,96,20,00,00,FE,
0,00000488,false,Rx,0,8,6F,33,00,72,FE,FF,FF,D0,
0,00000280,false,Rx,0,8,B3,8A,00,00,33,FA,28,33,
0,00000288,false,Rx,0,8,E8,33,D5,00,00,75,57,53,
0,00000380,false,Rx,0,8,B0,7F,00,96,20,00,00,FE,
0,00000488,false,Rx,0,8,5F,33,00,72,FE,FF,FF,E0,
0,00000480,false,Rx,0,8,1C,2C,00,00,19,41,00,68,
0,00000284,false,Rx,0,6,00,00,00,00,00,00,00,00,
0,00000588,false,Rx,0,8,0B,00,72,00,00,80,00,00,
0,00000280,false,Rx,0,8,B3,8A,00,00,33,FA,28,33,
0,00000288,false,Rx,0,8,E8,33,D5,00,00,75,57,53,
0,00000380,false,Rx,0,8,B0,7F,00,96,20,00,00,FE,
0,00000488,false,Rx,0,8,4F,33,00,72,FE,FF,FF,F0,
0,00000280,false,Rx,0,8,B3,8A,00,00,33,FA,28,33,
0,00000288,false,Rx,0,8,2C,33,D5,00,00,75,57,53,
0,00000380,false,Rx,0,8,B0,7F,00,96,20,00,00,FE,
0,00000488,false,Rx,0,8,40,33,00,72,FE,FF,00,00,
0,00000480,false,Rx,0,8,1C,2C,00,00,19,41,00,68,
0,00000284,false,Rx,0,6,01,01,00,00,00,00,00,00,
0,00000588,false,Rx,0,8,0B,00,72,00,00,80,00,00,
0,00000280,false,Rx,0,8,B3,8A,00,00,33,FA,28,33,
0,00000288,false,Rx,0,8,2C,33,D5,00,00,75,57,53,
0,00000380,false,Rx,0,8,B0,7F,00,96,20,00,00,FE,
0,00000488,false,Rx,0,8,AF,33,00,72,FE,FF,FF,10,
0,00000280,false,Rx,0,8,B3,8A,00,00,33,FA,28,33,
0,00000288,false,Rx,0,8,2C,33,D5,00,00,75,57,53,
0,00000380,false,Rx,0,8,B0,7F,00,96,20,00,00,FE,
0,00000488,false,Rx,0,8,60,33,00,72,FE,FF,00,20,
0,00000480,false,Rx,0,8,1C,2C,00,00,19,41,00,68,
0,00000284,false,Rx,0,6,02,02,00,00,00,00,00,00,
198000,00000588,false,Rx,0,8,0B,00,72,00,00,80,00,00,
0,00000280,false,Rx,0,8,B3,8A,00,00,33,FA,28,33,
0,00000288,false,Rx,0,8,2C,33,D5,00,00,75,57,53,
0,00000380,false,Rx,0,8,B0,7F,00,96,20,00,00,FE,
206000,00000488,false,Rx,0,8,70,33,00,72,FE,FF,00,30,
0,00000280,false,Rx,0,8,B3,8A,00,00,33,FA,28,33,
0,00000288,false,Rx,0,8,64,33,D5,00,00,75,57,53,
0,00000380,false,Rx,0,8,B0,7F,00,96,20,00,00,FE,
0,00000488,false,Rx,0,8,00,33,00,72,FE,FF,00,40,
0,00000480,false,Rx,0,8,1C,2C,00,00,19,41,00,68,
0,00000284,false,Rx,0,6,03,03,00,00,00,00,00,00,
218000,00000588,false,Rx,0,8,0B,00,72,00,00,80,00,00,
0,00000280,false,Rx,0,8,B3,8A,00,00,33,FA,28,33,
0,00000288,false,Rx,0,8,64,33,D5,00,00,75,57,53,
0,00000380,false,Rx,0,8,B0,7F,00,96,20,00,00,FE,
0,00000488,false,Rx,0,8,EF,33,00,72,FE,FF,FF,50,
0,00000280,false,Rx,0,8,B3,8A,00,00,33,FA,28,33,
0,00000288,false,Rx,0,8,64,33,D5,00,00,75,57,53,
0,00000380,false,Rx,0,8,B0,7F,00,96,20,00,00,FE,
0,00000488,false,Rx,0,8,DF,33,00,72,FE,FF,FF,60,
0,00000480,false,Rx,0,8,54,2C,00,00,19,41,00,20,
0,00000284,false,Rx,0,6,04,04,00,00,00,00,00,00,
0,00000588,false,Rx,0,8,0B,00,72,00,00,80,00,00,
0,00000280,false,Rx,0,8,B3,8A,00,00,33,FA,28,33,
0,00000288,false,Rx,0,8,64,33,D5,00,00,75,57,53,
0,00000380,false,Rx,0,8,B0,7F,00,96,20,00,00,FE,
0,00000488,false,Rx,0,8,CF,33,00,72,FE,FF,FF,70,
0,00000280,false,Rx,0,8,B3,8A,00,00,33,FA,28,33,
0,00000288,false,Rx,0,8,8A,33,D5,00,00,75,57,53,
0,00000380,false,Rx,0,8,B0,7F,00,96,20,00,00,FE,
0,00000488,false,Rx,0,8,3F,33,00,72,FE,FF,FF,80,
0,00000480,false,Rx,0,8,54,2C,00,00,19,41,00,20,
0,00000284,false,Rx,0,6,05,05,00,00,00,00,00,00,
255000,00000588,false,Rx,0,8,0B,00,72,00,00,80,00,00,
0,00000280,false,Rx,0,8,B3,8A,00,00,33,FA,28,33,
0,00000288,false,Rx,0,8,8A,33,D5,00,00,75,57,53,
0,00000380,false,Rx,0,8,B0,7F,00,96,20,00,00,FE,
0,00000488,false,Rx,0,8,2F,33,00,72,FE,FF,FF,90,
0,00000280,false,Rx,0,8,B3,8A,00,00,33,FA,28,33,
0,00000288,false,Rx,0,8,8A,33,D5,00,00,75,57,53,
0,00000380,false,Rx,0,8,B0,7F,00,96,20,00,00,FE,
0,00000488,false,Rx,0,8,1F,33,00,72,FE,FF,FF,A0,
0,00000480,false,Rx,0,8,54,2C,00,00,19,41,00,20,
0,00000284,false,Rx,0,6,06,06,00,00,00,00,00,00,
275000,00000588,false,Rx,0,8,0B,00,72,00,00,80,00,00,
0,00000280,false,Rx,0,8,B3,8A,00,00,33,FA,28,33,
0,00000288,false,Rx,0,8,8A,33,D5,00,00,75,57,53,
0,00000380,false,Rx,0,8,B0,7F,00,96,20,00,00,FE,
0,00000488,false,Rx,0,8,0F,33,00,72,FE,FF,FF,B0,
0,00000280,false,Rx,0,8,B3,8A,00,00,33,FA,28,33,
0,00000288,false,Rx,0,8,E8,33,D5,00,00,75,57,53,
0,00000380,false,Rx,0,8,B0,7F,00,96,20,00,00,FE,
0,00000488,false,Rx,0,8,7F,33,00,72,FE,FF,FF,C0,
0,00000480,false,Rx,0,8,54,2C,00,00,19,41,00,20,
0,00000284,false,Rx,0,6,07,07,00,00,00,00,00,00,
0,00000588,false,Rx,0,8,0B,00,72,00,00,80,00,00,
0,00000280,false,Rx,0,8,B3,8A,00,00,33,FA,28,33,
0,00000288,false,Rx,0,8,E8,33,D5,00,00,75,57,53,
0,00000380,false,Rx,0,8,B0,7F,00,96,20,00,00,FE,
0,00000488,false,Rx,0,8,6F,33,00,72,FE,FF,FF,D0,
0,00000280,false,Rx,0,8,B3,8A,00,00,33,FA,28,33,
0,00000288,false,Rx,0,8,E8,33,D5,00,00,75,57,53,
0,00000380,false,Rx,0,8,B0,7F,00,96,20,00,00,FE,
0,00000488,false,Rx,0,8,5F,33,00,72,FE,FF,FF,E0,
0,00000480,false,Rx,0,8,84,2C,00,00,19,41,00,F0,
0,00000284,false,Rx,0,6,08,08,00,00,00,00,00,00,
0,00000588,false,Rx,0,8,0B,00,72,00,00,80,00,00,
0,00000280,false,Rx,0,8,B3,8A,00,00,33,FA,28,33,
0,00000288,false,Rx,0,8,E8,33,D5,00,00,75,57,53,
0,00000380,false,Rx,0,8,B0,7F,00,96,20,00,00,FE,
0,00000488,false,Rx,0,8,4F,33,00,72,FE,FF,FF,F0,
0,00000280,false,Rx,0,8,B3,8A,00,00,33,FA,28,33,
0,00000288,false,Rx,0,8,2C,33,D5,00,00,75,57,53,
0,00000380,false,Rx,0,8,B0,7F,00,96,20,00,00,FE,
0,00000488,false,Rx,0,8,40,33,00,72,FE,FF,00,00,
0,00000480,false,Rx,0,8,84,2C,00,00,19,41,00,F0,
0,00000284,false,Rx,0,6,09,09,00,00,00,00,00,00,
0,00000588,false,Rx,0,8,0B,00,72,00,00,80,00,00,
0,00000280,false,Rx,0,8,B3,8A,00,00,33,FA,28,33,
0,00000288,false,Rx,0,8,2C,33,D5,00,00,75,57,53,
0,00000380,false,Rx,0,8,B0,7F,00,96,20,00,00,FE,
0,00000488,false,Rx,0,8,AF,33,00,72,FE,FF,FF,10,
0,00000280,false,Rx,0,8,B3,8A,00,00,33,FA,28,33,
0,00000288,false,Rx,0,8,2C,33,D5,00,00,75,57,53,
0,00000380,false,Rx,0,8,B0,7F,00,96,20,00,00,FE,
0,00000488,false,Rx,0,8,60,33,00,72,FE,FF,00,20,
0,00000480,false,Rx,0,8,84,2C,00,00,19,41,00,F0,
0,00000284,false,Rx,0,6,0A,0A,00,00,00,00,00,00,
0,00000588,false,Rx,0,8,0B,00,72,00,00,80,00,00,
0,00000280,false,Rx,0,8,B3,8A,00,00,33,FA,28,33,
0,00000288,false,Rx,0,8,2C,33,D5,00,00,75,57,53,
0,00000380,false,Rx,0,8,B0,7F,00,96,20,00,00,FE,
0,00000488,false,Rx,0,8,70,33,00,72,FE,FF,00,30,
0,00000280,false,Rx,0,8,B3,8A,00,00,33,FA,28,33,
0,00000288,false,Rx,0,8,64,33,D5,00,00,75,57,53,
0,00000380,false,Rx,0,8,B0,7F,00,96,20,00,00,FE,
0,00000488,false,Rx,0,8,00,33,00,72,FE,FF,00,40,
0,00000480,false,Rx,0,8,84,2C,00,00,19,41,00,F0,
0,00000284,false,Rx,0,6,0B,0B,00,00,00,00,00,00,
378000,00000588,false,Rx,0,8,0B,00,72,00,00,80,00,00,
0,00000280,false,Rx,0,8,B3,8A,00,00,33,FA,28,33,
0,00000288,false,Rx,0,8,64,33,D5,00,00,75,57,53,
0,00000380,false,Rx,0,8,B0,7F,00,96,20,00,00,FE,
0,00000488,false,Rx,0,8,EF,33,00,72,FE,FF,FF,50,
0,00000580,false,Rx,0,8,8F,00,00,11,1F,E0,0C,46,
0,00000280,false,Rx,0,8,B3,8A,00,00,33,FA,28,33,
0,00000288,false,Rx,0,8,64,33,D5,00,00,75,57,53,
0,00000380,false,Rx,0,8,B0,7F,00,96,20,00,00,FE,
0,00000488,false,Rx,0,8,DF,33,00,72,FE,FF,FF,60,
0,00000480,false,Rx,0,8,C2,2C,00,00,19,41,00,B6,
0,00000284,false,Rx,0,6,0C,0C,00,00,00,00,00,00,
398000,00000588,false,Rx,0,8,0B,00,72,00,00,80,00,00,
0,00000280,false,Rx,0,8,B3,8A,00,00,33,FA,28,33,
0,00000288,false,Rx,0,8,64,33,D5,00,00,75,57,53,
0,00000380,false,Rx,0,8,B0,7F,00,96,20,00,00,FE,
406000,00000488,false,Rx,0,8,CF,33,00,72,FE,FF,FF,70,
0,00000280,false,Rx,0,8,B3,8A,00,00,33,FA,28,33,
0,00000288,false,Rx,0,8,8A,33,D5,00,00,75,57,53,
0,00000380,false,Rx,0,8,B0,7F,00,96,20,00,00,FE,
0,00000488,false,Rx,0,8,3F,33,00,72,FE,FF,FF,80,
0,00000480,false,Rx,0,8,C2,2C,00,00,19,41,00,B6,
0,00000284,false,Rx,0,6,0D,0D,00,00,00,00,00,00,
419000,00000588,false,Rx,0,8,0B,00,72,00,00,80,00,00,
0,00000280,false,Rx,0,8,B3,8A,00,00,33,FA,28,33,
0,00000288,false,Rx,0,8,8A,33,D5,00,00,75,57,53,
0,00000380,false,Rx,0,8,B0,7F,00,96,20,00,00,FE,
0,00000488,false,Rx,0,8,2F,33,00,72,FE,FF,FF,90,
0,00000280,false,Rx,0,8,B3,8A,00,00,33,FA,28,33,
0,00000288,false,Rx,0,8,8A,33,D5,00,00,75,57,53,
0,00000380,false,Rx,0,8,B0,7F,00,96,20,00,00,FE,
0,00000488,false,Rx,0,8,1F,33,00,72,FE,FF,FF,A0,
0,00000480,false,Rx,0,8,C2,2C,00,00,19,41,00,B6,
0,00000284,false,Rx,0,6,0E,0E,00,00,00,00,00,00,
0,00000588,false,Rx,0,8,0B,00,72,00,00,80,00,00,
0,00000280,false,Rx,0,8,B3,8A,00,00,33,FA,28,33,
0,00000288,false,Rx,0,8,8A,33,D5,00,00,75,57,53,
0,00000380,false,Rx,0,8,B0,7F,00,96,20,00,00,FE,
0,00000488,false,Rx,0,8,0F,33,00,72,FE,FF,FF,B0,
0,00000280,false,Rx,0,8,B3,8A,00,00,33,FA,28,33,
0,00000288,false,Rx,0,8,E8,33,D5,00,00,75,57,53,
0,00000380,false,Rx,0,8,B0,7F,00,96,20,00,00,FE,
0,00000488,false,Rx,0,8,7F,33,00,72,FE,FF,FF,C0,
0,00000480,false,Rx,0,8,C2,2C,00,00,19,41,00,B6,
0,00000284,false,Rx,0,6,0F,0F,00,00,00,00,00,00,
456000,00000588,false,Rx,0,8,0B,00,72,00,00,80,00,00,
0,00000280,false,Rx,0,8,B3,8A,00,00,33,FA,28,33,
0,00000288,false,Rx,0,8,E8,33,D5,00,00,75,57,53,
0,00000380,false,Rx,0,8,B0,7F,00,96,20,00,00,FE,
0,00000488,false,Rx,0,8,6F,33,00,72,FE,FF,FF,D0,
0,00000280,false,Rx,0,8,B3,8A,00,00,33,FA,28,33,
0,00000288,false,Rx,0,8,E8,33,D5,00,00,75,57,53,
0,00000380,false,Rx,0,8,B0,7F,00,96,20,00,00,FE,
0,00000488,false,Rx,0,8,5F,33,00,72,FE,FF,FF,E0,
0,00000480,false,Rx,0,8,1C,2C,00,00,19,41,00,68,
0,00000284,false,Rx,0,6,00,00,00,00,00,00,00,00,
0,00000588,false,Rx,0,8,0B,00,72,00,00,80,00,00,
0,00000280,false,Rx,0,8,B3,8A,00,00,33,FA,28,33,
0,00000288,false,Rx,0,8,E8,33,D5,00,00,75,57,53,
0,00000380,false,Rx,0,8,B0,7F,00,96,20,00,00,FE,
0,00000488,false,Rx,0,8,4F,33,00,72,FE,FF,FF,F0,
0,00000280,false,Rx,0,8,B3,8A,00,00,33,FA,28,33,
0,00000288,false,Rx,0,8,2C,33,D5,00,00,75,57,53,
0,00000380,false,Rx,0,8,B0,7F,00,96,20,00,00,FE,
0,00000488,false,Rx,0,8,40,33,00,72,FE,FF,00,00,
0,00000480,false,Rx,0,8,1C,2C,00,00,19,41,00,68,
0,00000284,false,Rx,0,6,01,01,00,00,00,00,00,00,
0,00000588,false,Rx,0,8,0B,00,72,00,00,80,00,00,
0,00000280,false,Rx,0,8,B3,8A,00,00,33,FA,28,33,
0,00000288,false,Rx,0,8,2C,33,D5,00,00,75,57,53,
0,00000380,false,Rx,0,8,B0,7F,00,96,20,00,00,FE,
0,00000488,false,Rx,0,8,AF,33,00,72,FE,FF,FF,10,
0,00000280,false,Rx,0,8,B3,8A,00,00,33,FA,28,33,
0,00000288,false,Rx,0,8,2C,33,D5,00,00,75,57,53,
0,00000380,false,Rx,0,8,B0,7F,00,96,20,00,00,FE,
0,00000488,false,Rx,0,8,60,33,00,72,FE,FF,00,20,
0,00000480,false,Rx,0,8,1C,2C,00,00,19,41,00,68,
0,00000284,false,Rx,0,6,02,02,00,00,00,00,00,00,
0,00000588,false,Rx,0,8,0B,00,72,00,00,80,00,00,
521000,00000280,false,Rx,0,8,B3,8A,00,00,33,FA,28,33,
0,00000288,false,Rx,0,8,2C,33,D5,00,00,75,57,53,
0,00000380,false,Rx,0,8,B0,7F,00,96,20,00,00,FE,
0,00000488,false,Rx,0,8,70,33,00,72,FE,FF,00,30,
0,00000280,false,Rx,0,8,B3,8A,00,00,33,FA,28,33,
0,00000288,false,Rx,0,8,64,33,D5,00,00,75,57,53,
0,00000380,false,Rx,0,8,B0,7F,00,96,20,00,00,FE,
0,00000488,false,Rx,0,8,00,33,00,72,FE,FF,00,40,
0,00000480,false,Rx,0,8,1C,2C,00,00,19,41,00,68,
0,00000284,false,Rx,0,6,03,03,00,00,00,00,00,00,
0,00000588,false,Rx,0,8,0B,00,72,00,00,80,00,00,
0,00000280,false,Rx,0,8,B3,8A,00,00,33,FA,28,33,
0,00000288,false,Rx,0,8,64,33,D5,00,00,75,57,53,
0,00000380,false,Rx,0,8,B0,7F,00,96,20,00,00,FE,
0,00000488,false,Rx,0,8,EF,33,00,72,FE,FF,FF,50,
0,00000280,false,Rx,0,8,B3,8A,00,00,33,FA,28,33,
0,00000288,false,Rx,0,8,64,33,D5,00,00,75,57,53,
0,00000380,false,Rx,0,8,B0,7F,00,96,20,00,00,FE,
0,00000488,false,Rx,0,8,DF,33,00,72,FE,FF,FF,60,
0,00000480,false,Rx,0,8,54,2C,00,00,19,41,00,20,
0,00000284,false,Rx,0,6,04,04,00,00,00,00,00,00,
558000,00000588,false,Rx,0,8,0B,00,72,00,00,80,00,00,
0,00000280,false,Rx,0,8,B3,8A,00,00,33,FA,28,33,
0,00000288,false,Rx,0,8,64,33,D5,00,00,75,57,53,
0,00000380,false,Rx,0,8,B0,7F,00,96,20,00,00,FE,
0,00000488,false,Rx,0,8,CF,33,00,72,FE,FF,FF,70,
0,00000280,false,Rx,0,8,B3,8A,00,00,33,FA,28,33,
0,00000288,false,Rx,0,8,8A,33,D5,00,00,75,57,53,
0,00000380,false,Rx,0,8,B0,7F,00,96,20,00,00,FE,
0,00000488,false,Rx,0,8,3F,33,00,72,FE,FF,FF,80,
0,00000480,false,Rx,0,8,54,2C,00,00,19,41,00,20,
0,00000284,false,Rx,0,6,05,05,00,00,00,00,00,00,
579000,00000588,false,Rx,0,8,0B,00,72,00,00,80,00,00,
0,00000280,false,Rx,0,8,B3,8A,00,00,33,FA,28,33,
0,00000288,false,Rx,0,8,8A,33,D5,00,00,75,57,53,
0,00000380,false,Rx,0,8,B0,7F,00,96,20,00,00,FE,
587000,00000488,false,Rx,0,8,2F,33,00,72,FE,FF,FF,90,
0,00000280,false,Rx,0,8,B3,8A,00,00,33,FA,28,33,
0,00000288,false,Rx,0,8,8A,33,D5,00,00,75,57,53,
0,00000380,false,Rx,0,8,B0,7F,00,96,20,00,00,FE,
0,00000488,false,Rx,0,8,1F,33,00,72,FE,FF,FF,A0,
0,00000480,false,Rx,0,8,54,2C,00,00,19,41,00,20,
0,00000284,false,Rx,0,6,06,06,00,00,00,00,00,00,
599000,00000588,false,Rx,0,8,0B,00,72,00,00,80,00,00,
0,00000280,false,Rx,0,8,B3,8A,00,00,33,FA,28,33,
0,00000288,false,Rx,0,8,8A,33,D5,00,00,75,57,53,
0,00000380,false,Rx,0,8,B0,7F,00,96,20,00,00,FE,
0,00000488,false,Rx,0,8,0F,33,00,72,FE,FF,FF,B0,
0,00000280,false,Rx,0,8,B3,8A,00,00,33,FA,28,33,
0,00000288,false,Rx,0,8,E8,33,D5,00,00,75,57,53,
0,00000380,false,Rx,0,8,B0,7F,00,96,20,00,00,FE,
0,00000488,false,Rx,0,8,7F,33,00,72,FE,FF,FF,C0,
0,00000480,false,Rx,0,8,54,2C,00,00,19,41,00,20,
0,00000284,false,Rx,0,6,07,07,00,00,00,00,00,00,
0,00000588,false,Rx,0,8,0B,00,72,00,00,80,00,00,
0,00000280,false,Rx,0,8,B3,8A,00,00,33,FA,28,33,
0,00000288,false,Rx,0,8,E8,33,D5,00,00,75,57,53,
0,00000380,false,Rx,0,8,B0,7F,00,96,20,00,00,FE,
0,00000488,false,Rx,0,8,6F,33,00,72,FE,FF,FF,D0,
0,00000280,false,Rx,0,8,B3,8A,00,00,33,FA,28,33,
0,00000288,false,Rx,0,8,E8,33,D5,00,00,75,57,53,
0,00000380,false,Rx,0,8,B0,7F,00,96,20,00,00,FE,
0,00000488,false,Rx,0,8,5F,33,00,72,FE,FF,FF,E0,
0,00000480,false,Rx,0,8,84,2C,00,00,19,41,00,F0,
0,00000284,false,Rx,0,6,08,08,00,00,00,00,00,00,
0,00000588,false,Rx,0,8,0B,00,72,00,00,80,00,00,
0,00000280,false,Rx,0,8,B3,8A,00,00,33,FA,28,33,
0,00000288,false,Rx,0,8,E8,33,D5,00,00,75,57,53,
0,00000380,false,Rx,0,8,B0,7F,00,96,20,00,00,FE,
0,00000488,false,Rx,0,8,4F,33,00,72,FE,FF,FF,F0,
0,00000280,false,Rx,0,8,B3,8A,00,00,33,FA,28,33,
0,00000288,false,Rx,0,8,2C,33,D5,00,00,75,57,53,
0,00000380,false,Rx,0,8,B0,7F,00,96,20,00,00,FE,
0,00000488,false,Rx,0,8,40,33,00,72,FE,FF,00,00,
0,00000480,false,Rx,0,8,84,2C,00,00,19,41,00,F0,
0,00000284,false,Rx,0,6,09,09,00,00,00,00,00,00,
0,00000588,false,Rx,0,8,0B,00,72,00,00,80,00,00,
0,00000280,false,Rx,0,8,B3,8A,00,00,33,FA,28,33,
0,00000288,false,Rx,0,8,2C,33,D5,00,00,75,57,53,
0,00000380,false,Rx,0,8,B0,7F,00,96,20,00,00,FE,
0,00000488,false,Rx,0,8,AF,33,00,72,FE,FF,FF,10,
0,00000280,false,Rx,0,8,B3,8A,00,00,33,FA,28,33,
0,00000288,false,Rx,0,8,2C,33,D5,00,00,75,57,53,
0,00000380,false,Rx,0,8,B0,7F,00,96,20,00,00,FE,
0,00000488,false,Rx,0,8,60,33,00,72,FE,FF,00,20,
0,00000480,false,Rx,0,8,84,2C,00,00,19,41,00,F0,
0,00000284,false,Rx,0,6,0A,0A,00,00,00,00,00,00,
0,00000588,false,Rx,0,8,0B,00,72,00,00,80,00,00,
0,00000280,false,Rx,0,8,B3,8A,00,00,33,FA,28,33,
0,00000288,false,Rx,0,8,2C,33,D5,00,00,75,57,53,
0,00000380,false,Rx,0,8,B0,7F,00,96,20,00,00,FE,
0,00000488,false,Rx,0,8,70,33,00,72,FE,FF,00,30,
0,00000280,false,Rx,0,8,B3,8A,00,00,33,FA,28,33,
0,00000288,false,Rx,0,8,64,33,D5,00,00,75,57,53,
0,00000380,false,Rx,0,8,B0,7F,00,96,20,00,00,FE,
0,00000488,false,Rx,0,8,00,33,00,72,FE,FF,00,40,
0,00000480,false,Rx,0,8,84,2C,00,00,19,41,00,F0,
0,00000284,false,Rx,0,6,0B,0B,00,00,00,00,00,00,
0,00000588,false,Rx,0,8,0B,00,72,00,00,80,00,00,
0,00000280,false,Rx,0,8,B3,8A,00,00,33,FA,28,33,
0,00000288,false,Rx,0,8,64,33,D5,00,00,75,57,53,
0,00000380,false,Rx,0,8,B0,7F,00,96,20,00,00,FE,
0,00000488,false,Rx,0,8,EF,33,00,72,FE,FF,FF,50,
0,00000280,false,Rx,0,8,B3,8A,00,00,33,FA,28,33,
0,00000288,false,Rx,0,8,64,33,D5,00,00,75,57,53,
0,00000380,false,Rx,0,8,B0,7F,00,96,20,00,00,FE,
0,00000488,false,Rx,0,8,DF,33,00,72,FE,FF,FF,60,
0,00000480,false,Rx,0,8,C2,2C,00,00,19,41,00,B6,
0,00000284,false,Rx,0,6,0C,0C,00,00,00,00,00,00,
0,00000588,false,Rx,0,8,0B,00,72,00,00,80,00,00,
0,00000280,false,Rx,0,8,B3,8A,00,00,33,FA,28,33,
0,00000288,false,Rx,0,8,64,33,D5,00,00,75,57,53,
0,00000380,false,Rx,0,8,B0,7F,00,96,20,00,00,FE,
0,00000488,false,Rx,0,8,CF,33,00,72,FE,FF,FF,70,
0,00000280,false,Rx,0,8,B3,8A,00,00,33,FA,28,33,
0,00000288,false,Rx,0,8,8A,33,D5,00,00,75,57,53,
0,00000380,false,Rx,0,8,B0,7F,00,96,20,00,00,FE,
0,00000488,false,Rx,0,8,3F,33,00,72,FE,FF,FF,80,
0,00000480,false,Rx,0,8,C2,2C,00,00,19,41,00,B6,
0,00000284,false,Rx,0,6,0D,0D,00,00,00,00,00,00,
0,00000588,false,Rx,0,8,0B,00,72,00,00,80,00,00,
0,00000280,false,Rx,0,8,B3,8A,00,00,33,FA,28,33,
0,00000288,false,Rx,0,8,8A,33,D5,00,00,75,57,53,
0,00000380,false,Rx,0,8,B0,7F,00,96,20,00,00,FE,
0,00000488,false,Rx,0,8,2F,33,00,72,FE,FF,FF,90,
0,00000280,false,Rx,0,8,B3,8A,00,00,33,FA,28,33,
0,00000288,false,Rx,0,8,8A,33,D5,00,00,75,57,53,
0,00000380,false,Rx,0,8,B0,7F,00,96,20,00,00,FE,
0,00000488,false,Rx,0,8,1F,33,00,72,FE,FF,FF,A0,
0,00000480,false,Rx,0,8,C2,2C,00,00,19,41,00,B6,
0,00000284,false,Rx,0,6,0E,0E,00,00,00,00,00,00,
759000,00000588,false,Rx,0,8,0B,00,72,00,00,80,00,00,
0,00000280,false,Rx,0,8,B3,8A,00,00,33,FA,28,33,
0,00000288,false,Rx,0,8,8A,33,D5,00,00,75,57,53,
0,00000380,false,Rx,0,8,B0,7F,00,96,20,00,00,FE,
767000,00000488,false,Rx,0,8,0F,33,00,72,FE,FF,FF,B0,
0,00000280,false,Rx,0,8,B3,8A,00,00,33,FA,28,33,
0,00000288,false,Rx,0,8,E8,33,D5,00,00,75,57,53,
0,00000380,false,Rx,0,8,B0,7F,00,96,20,00,00,FE,
0,00000488,false,Rx,0,8,7F,33,00,72,FE,FF,FF,C0,
0,00000480,false,Rx,0,8,C2,2C,00,00,19,41,00,B6,
0,00000284,false,Rx,0,6,0F,0F,00,00,00,00,00,00,
779000,00000588,false,Rx,0,8,0B,00,72,00,00,80,00,00,
0,00000280,false,Rx,0,8,B3,8A,00,00,33,FA,28,33,
0,00000288,false,Rx,0,8,E8,33,D5,00,00,75,57,53,
0,00000380,false,Rx,0,8,B0,7F,00,96,20,00,00,FE,
0,00000488,false,Rx,0,8,6F,33,00,72,FE,FF,FF,D0,
0,00000280,false,Rx,0,8,B3,8A,00,00,33,FA,28,33,
0,00000288,false,Rx,0,8,E8,33,D5,00,00,75,57,53,
0,00000380,false,Rx,0,8,B0,7F,00,96,20,00,00,FE,
0,00000488,false,Rx,0,8,5F,33,00,72,FE,FF,FF,E0,
0,00000480,false,Rx,0,8,1C,2C,00,00,19,41,00,68,
0,00000284,false,Rx,0,6,00,00,00,00,00,00,00,00,
800000,00000588,false,Rx,0,8,0B,00,72,00,00,80,00,00,
0,00000280,false,Rx,0,8,B3,8A,00,00,33,FA,28,33,
0,00000288,false,Rx,0,8,E8,33,D5,00,00,75,57,53,
0,00000380,false,Rx,0,8,B0,7F,00,96,20,00,00,FE,
0,00000488,false,Rx,0,8,4F,33,00,72,FE,FF,FF,F0,
0,00000280,false,Rx,0,8,B3,8A,00,00,33,FA,28,33,
0,00000288,false,Rx,0,8,2C,33,D5,00,00,75,57,53,
0,00000380,false,Rx,0,8,B0,7F,00,96,20,00,00,FE,
0,00000488,false,Rx,0,8,40,33,00,72,FE,FF,00,00,
0,00000480,false,Rx,0,8,1C,2C,00,00,19,41,00,68,
0,00000284,false,Rx,0,6,01,01,00,00,00,00,00,00,
0,00000588,false,Rx,0,8,0B,00,72,00,00,80,00,00,
0,00000280,false,Rx,0,8,B3,8A,00,00,33,FA,28,33,
0,00000288,false,Rx,0,8,2C,33,D5,00,00,75,57,53,
0,00000380,false,Rx,0,8,B0,7F,00,96,20,00,00,FE,
0,00000488,false,Rx,0,8,AF,33,00,72,FE,FF,FF,10,
0,00000280,false,Rx,0,8,B3,8A,00,00,33,FA,28,33,
0,00000288,false,Rx,0,8,2C,33,D5,00,00,75,57,53,
0,00000380,false,Rx,0,8,B0,7F,00,96,20,00,00,FE,
0,00000488,false,Rx,0,8,60,33,00,72,FE,FF,00,20,
0,00000480,false,Rx,0,8,1C,2C,00,00,19,41,00,68,
0,00000284,false,Rx,0,6,02,02,00,00,00,00,00,00,
836000,00000588,false,Rx,0,8,0B,00,72,00,00,80,00,00,
0,00000280,false,Rx,0,8,B3,8A,00,00,33,FA,28,33,
0,00000288,false,Rx,0,8,2C,33,D5,00,00,75,57,53,
0,00000380,false,Rx,0,8,B0,7F,00,96,20,00,00,FE,
0,00000488,false,Rx,0,8,70,33,00,72,FE,FF,00,30,
0,00000280,false,Rx,0,8,B3,8A,00,00,33,FA,28,33,
0,00000288,false,Rx,0,8,64,33,D5,00,00,75,57,53,
0,00000380,false,Rx,0,8,B0,7F,00,96,20,00,00,FE,
0,00000488,false,Rx,0,8,00,33,00,72,FE,FF,00,40,
0,00000480,false,Rx,0,8,1C,2C,00,00,19,41,00,68,
0,00000284,false,Rx,0,6,03,03,00,00,00,00,00,00,
0,00000588,false,Rx,0,8,0B,00,72,00,00,80,00,00,
0,00000280,false,Rx,0,8,B3,8A,00,00,33,FA,28,33,
0,00000288,false,Rx,0,8,64,33,D5,00,00,75,57,53,
0,00000380,false,Rx,0,8,B0,7F,00,96,20,00,00,FE,
0,00000488,false,Rx,0,8,EF,33,00,72,FE,FF,FF,50,
0,00000280,false,Rx,0,8,B3,8A,00,00,33,FA,28,33,
0,00000288,false,Rx,0,8,64,33,D5,00,00,75,57,53,
0,00000380,false,Rx,0,8,B0,7F,00,96,20,00,00,FE,
0,00000488,false,Rx,0,8,DF,33,00,72,FE,FF,FF,60,
0,00000480,false,Rx,0,8,54,2C,00,00,19,41,00,20,
0,00000284,false,Rx,0,6,04,04,00,00,00,00,00,00,
0,00000588,false,Rx,0,8,0B,00,72,00,00,80,00,00,
0,00000280,false,Rx,0,8,B3,8A,00,00,33,FA,28,33,
0,00000288,false,Rx,0,8,64,33,D5,00,00,75,57,53,
0,00000380,false,Rx,0,8,B0,7F,00,96,20,00,00,FE,
0,00000488,false,Rx,0,8,CF,33,00,72,FE,FF,FF,70,
0,00000280,false,Rx,0,8,B3,8A,00,00,33,FA,28,33,
0,00000288,false,Rx,0,8,8A,33,D5,00,00,75,57,53,
0,00000380,false,Rx,0,8,B0,7F,00,96,20,00,00,FE,
0,00000488,false,Rx,0,8,3F,33,00,72,FE,FF,FF,80,
0,00000480,false,Rx,0,8,54,2C,00,00,19,41,00,20,
0,00000284,false,Rx,0,6,05,05,00,00,00,00,00,00,
0,00000588,false,Rx,0,8,0B,00,72,00,00,80,00,00,
0,00000280,false,Rx,0,8,B3,8A,00,00,33,FA,28,33,
0,00000288,false,Rx,0,8,8A,33,D5,00,00,75,57,53,
0,00000380,false,Rx,0,8,B0,7F,00,96,20,00,00,FE,
0,00000488,false,Rx,0,8,2F,33,00,72,FE,FF,FF,90,
0,00000280,false,Rx,0,8,B3,8A,00,00,33,FA,28,33,
0,00000288,false,Rx,0,8,8A,33,D5,00,00,75,57,53,
0,00000380,false,Rx,0,8,B0,7F,00,96,20,00,00,FE,
0,00000488,false,Rx,0,8,1F,33,00,72,FE,FF,FF,A0,
0,00000480,false,Rx,0,8,54,2C,00,00,19,41,00,20,
0,00000284,false,Rx,0,6,06,06,00,00,00,00,00,00,
0,00000588,false,Rx,0,8,0B,00,72,00,00,80,00,00,
0,00000280,false,Rx,0,8,B3,8A,00,00,33,FA,28,33,
0,00000288,false,Rx,0,8,8A,33,D5,00,00,75,57,53,
0,00000380,false,Rx,0,8,B0,7F,00,96,20,00,00,FE,
0,00000488,false,Rx,0,8,0F,33,00,72,FE,FF,FF,B0,
0,00000280,false,Rx,0,8,B3,8A,00,00,33,FA,28,33,
0,00000288,false,Rx,0,8,E8,33,D5,00,00,75,57,53,
0,00000380,false,Rx,0,8,B0,7F,00,96,20,00,00,FE,
0,00000488,false,Rx,0,8,7F,33,00,72,FE,FF,FF,C0,
0,00000480,false,Rx,0,8,54,2C,00,00,19,41,00,20,
0,00000284,false,Rx,0,6,07,07,00,00,00,00,00,00,
939000,00000588,false,Rx,0,8,0B,00,72,00,00,80,00,00,
0,00000280,false,Rx,0,8,B3,8A,00,00,33,FA,28,33,
0,00000288,false,Rx,0,8,E8,33,D5,00,00,75,57,53,
0,00000380,false,Rx,0,8,B0,7F,00,96,20,00,00,FE,
0,00000488,false,Rx,0,8,6F,33,00,72,FE,FF,FF,D0,
0,00000280,false,Rx,0,8,B3,8A,00,00,33,FA,28,33,
0,00000288,false,Rx,0,8,E8,33,D5,00,00,75,57,53,
0,00000380,false,Rx,0,8,B0,7F,00,96,20,00,00,FE,
0,00000488,false,Rx,0,8,5F,33,00,72,FE,FF,FF,E0,
0,00000480,false,Rx,0,8,84,2C,00,00,19,41,00,F0,
0,00000284,false,Rx,0,6,08,08,00,00,00,00,00,00,
960000,00000588,false,Rx,0,8,0B,00,72,00,00,80,00,00,
0,00000280,false,Rx,0,8,B3,8A,00,00,33,FA,28,33,
0,00000288,false,Rx,0,8,E8,33,D5,00,00,75,57,53,
0,00000380,false,Rx,0,8,B0,7F,00,96,20,00,00,FE,
968000,00000488,false,Rx,0,8,4F,33,00,72,FE,FF,FF,F0,
0,00000280,false,Rx,0,8,B3,8A,00,00,33,FA,28,33,
0,00000288,false,Rx,0,8,2C,33,D5,00,00,75,57,53,
0,00000380,false,Rx,0,8,B0,7F,00,96,20,00,00,FE,
0,00000488,false,Rx,0,8,40,33,00,72,FE,FF,00,00,
0,00000480,false,Rx,0,8,84,2C,00,00,19,41,00,F0,
0,00000284,false,Rx,0,6,09,09,00,00,00,00,00,00,
980000,00000588,false,Rx,0,8,0B,00,72,00,00,80,00,00,
0,00000280,false,Rx,0,8,B3,8A,00,00,33,FA,28,33,
0,00000288,false,Rx,0,8,2C,33,D5,00,00,75,57,53,
0,00000380,false,Rx,0,8,B0,7F,00,96,20,00,00,FE,
0,00000488,false,Rx,0,8,AF,33,00,72,FE,FF,FF,10,
992000,00000280,false,Rx,0,8,B3,8A,00,00,33,FA,28,33,
0,00000288,false,Rx,0,8,2C,33,D5,00,00,75,57,53,
0,00000380,false,Rx,0,8,B0,7F,00,96,20,00,00,FE,
0,00000488,false,Rx,0,8,60,33,00,72,FE,FF,00,20,
0,00000480,false,Rx,0,8,84,2C,00,00,19,41,00,F0,
0,00000284,false,Rx,0,6,0A,0A,00,00,00,00,00,00,
0,00000588,false,Rx,0,8,0B,00,72,00,00,80,00,00,
0,00000280,false,Rx,0,8,B3,8A,00,00,33,FA,28,33,
0,00000288,false,Rx,0,8,2C,33,D5,00,00,75,57,53,
0,00000380,false,Rx,0,8,B0,7F,00,96,20,00,00,FE,
0,00000488,false,Rx,0,8,70,33,00,72,FE,FF,00,30,
0,00000280,false,Rx,0,8,B3,8A,00,00,33,FA,28,33,
0,00000288,false,Rx,0,8,64,33,D5,00,00,75,57,53,
0,00000380,false,Rx,0,8,B0,7F,00,96,20,00,00,FE,
0,00000488,false,Rx,0,8,00,33,00,72,FE,FF,00,40,
0,00000480,false,Rx,0,8,84,2C,00,00,19,41,00,F0,
0,00000284,false,Rx,0,6,0B,0B,00,00,00,00,00,00,
17000,00000588,false,Rx,0,8,0B,00,72,00,00,80,00,00,
0,00000280,false,Rx,0,8,B3,8A,00,00,33,FA,28,33,
0,00000288,false,Rx,0,8,64,33,D5,00,00,75,57,53,
0,00000380,false,Rx,0,8,B0,7F,00,96,20,00,00,FE,
0,00000488,false,Rx,0,8,EF,33,00,72,FE,FF,FF,50,
0,00000280,false,Rx,0,8,B3,8A,00,00,33,FA,28,33,
0,00000288,false,Rx,0,8,64,33,D5,00,00,75,57,53,
0,00000380,false,Rx,0,8,B0,7F,00,96,20,00,00,FE,
0,00000488,false,Rx,0,8,DF,33,00,72,FE,FF,FF,60,
0,00000480,false,Rx,0,8,C2,2C,00,00,19,41,00,B6,
0,00000284,false,Rx,0,6,0C,0C,00,00,00,00,00,00,
0,00000588,false,Rx,0,8,0B,00,72,00,00,80,00,00,
0,00000280,false,Rx,0,8,B3,8A,00,00,33,FA,28,33,
0,00000288,false,Rx,0,8,64,33,D5,00,00,75,57,53,
0,00000380,false,Rx,0,8,B0,7F,00,96,20,00,00,FE,
0,00000488,false,Rx,0,8,CF,33,00,72,FE,FF,FF,70,
0,00000280,false,Rx,0,8,B3,8A,00,00,33,FA,28,33,
0,00000288,false,Rx,0,8,8A,33,D5,00,00,75,57,53,
0,00000380,false,Rx,0,8,B0,7F,00,96,20,00,00,FE,
0,00000488,false,Rx,0,8,3F,33,00,72,FE,FF,FF,80,
0,00000480,false,Rx,0,8,C2,2C,00,00,19,41,00,B6,
0,00000284,false,Rx,0,6,0D,0D,00,00,00,00,00,00,
0,00000588,false,Rx,0,8,0B,00,72,00,00,80,00,00,
0,00000280,false,Rx,0,8,B3,8A,00,00,33,FA,28,33,
0,00000288,false,Rx,0,8,8A,33,D5,00,00,75,57,53,
0,00000380,false,Rx,0,8,B0,7F,00,96,20,00,00,FE,
0,00000488,false,Rx,0,8,2F,33,00,72,FE,FF,FF,90,
0,00000280,false,Rx,0,8,B3,8A,00,00,33,FA,28,33,
0,00000288,false,Rx,0,8,8A,33,D5,00,00,75,57,53,
0,00000380,false,Rx,0,8,B0,7F,00,96,20,00,00,FE,
0,00000488,false,Rx,0,8,1F,33,00,72,FE,FF,FF,A0,
0,00000480,false,Rx,0,8,C2,2C,00,00,19,41,00,B6,
0,00000284,false,Rx,0,6,0E,0E,00,00,00,00,00,00,
0,00000588,false,Rx,0,8,0B,00,72,00,00,80,00,00,
0,00000280,false,Rx,0,8,B3,8A,00,00,33,FA,28,33,
0,00000288,false,Rx,0,8,8A,33,D5,00,00,75,57,53,
0,00000380,false,Rx,0,8,B0,7F,00,96,20,00,00,FE,
0,00000488,false,Rx,0,8,0F,33,00,72,FE,FF,FF,B0,
0,00000280,false,Rx,0,8,B3,8A,00,00,33,FA,28,33,
0,00000288,false,Rx,0,8,E8,33,D5,00,00,75,57,53,
0,00000380,false,Rx,0,8,B0,7F,00,96,20,00,00,FE,
0,00000488,false,Rx,0,8,7F,33,00,72,FE,FF,FF,C0,
0,00000480,false,Rx,0,8,C2,2C,00,00,19,41,00,B6,
0,00000284,false,Rx,0,6,0F,0F,00,00,00,00,00,00,
0,00000588,false,Rx,0,8,0B,00,72,00,00,80,00,00,
0,00000280,false,Rx,0,8,B3,8A,00,00,33,FA,28,33,
0,00000288,false,Rx,0,8,E8,33,D5,00,00,75,57,53,
0,00000380,false,Rx,0,8,B0,7F,00,96,20,00,00,FE,
0,00000488,false,Rx,0,8,6F,33,00,72,FE,FF,FF,D0,
0,00000280,false,Rx,0,8,B3,8A,00,00,33,FA,28,33,
0,00000288,false,Rx,0,8,E8,33,D5,00,00,75,57,53,
0,00000380,false,Rx,0,8,B0,7F,00,96,20,00,00,FE,
0,00000488,false,Rx,0,8,5F,33,00,72,FE,FF,FF,E0,
0,00000480,false,Rx,0,8,1C,2C,00,00,19,41,00,68,
0,00000284,false,Rx,0,6,00,00,00,00,00,00,00,00,
0,00000588,false,Rx,0,8,0B,00,72,00,00,80,00,00,
0,00000280,false,Rx,0,8,B3,8A,00,00,33,FA,28,33,
0,00000288,false,Rx,0,8,E8,33,D5,00,00,75,57,53,
0,00000380,false,Rx,0,8,B0,7F,00,96,20,00,00,FE,
0,00000488,false,Rx,0,8,4F,33,00,72,FE,FF,FF,F0,
0,00000280,false,Rx,0,8,B3,8A,00,00,33,FA,28,33,
0,00000288,false,Rx,0,8,2C,33,D5,00,00,75,57,53,
0,00000380,false,Rx,0,8,B0,7F,00,96,20,00,00,FE,
0,00000488,false,Rx,0,8,40,33,00,72,FE,FF,00,00,
0,00000480,false,Rx,0,8,1C,2C,00,00,19,41,00,68,
0,00000284,false,Rx,0,6,01,01,00,00,00,00,00,00,
140000,00000588,false,Rx,0,8,0B,00,72,00,00,80,00,00,
0,00000280,false,Rx,0,8,B3,8A,00,00,33,FA,28,33,
0,00000288,false,Rx,0,8,2C,33,D5,00,00,75,57,53,
0,00000380,false,Rx,0,8,B0,7F,00,96,20,00,00,FE,
148000,00000488,false,Rx,0,8,AF,33,00,72,FE,FF,FF,10,
0,00000280,false,Rx,0,8,B3,8A,00,00,33,FA,28,33,
0,00000288,false,Rx,0,8,2C,33,D5,00,00,75,57,53,
0,00000380,false,Rx,0,8,B0,7F,00,96,20,00,00,FE,
0,00000488,false,Rx,0,8,60,33,00,72,FE,FF,00,20,
0,00000480,false,Rx,0,8,1C,2C,00,00,19,41,00,68,
0,00000284,false,Rx,0,6,02,02,00,00,00,00,00,00,
160000,00000588,false,Rx,0,8,0B,00,72,00,00,80,00,00,
0,00000280,false,Rx,0,8,B3,8A,00,00,33,FA,28,33,
0,00000288,false,Rx,0,8,2C,33,D5,00,00,75,57,53,
0,00000380,false,Rx,0,8,B0,7F,00,96,20,00,00,FE,
0,00000488,false,Rx,0,8,70,33,00,72,FE,FF,00,30,
0,00000280,false,Rx,0,8,B3,8A,00,00,33,FA,28,33,
0,00000288,false,Rx,0,8,64,33,D5,00,00,75,57,53,
0,00000380,false,Rx,0,8,B0,7F,00,96,20,00,00,FE,
0,00000488,false,Rx,0,8,00,33,00,72,FE,FF,00,40,
0,00000480,false,Rx,0,8,1C,2C,00,00,19,41,00,68,
0,00000284,false,Rx,0,6,03,03,00,00,00,00,00,00,
181000,00000588,false,Rx,0,8,0B,00,72,00,00,80,00,00,
0,00000280,false,Rx,0,8,B3,8A,00,00,33,FA,28,33,
0,00000288,false,Rx,0,8,64,33,D5,00,00,75,57,53,
0,00000380,false,Rx,0,8,B0,7F,00,96,20,00,00,FE,
0,00000488,false,Rx,0,8,EF,33,00,72,FE,FF,FF,50,
0,00000280,false,Rx,0,8,B3,8A,00,00,33,FA,28,33,
0,00000288,false,Rx,0,8,64,33,D5,00,00,75,57,53,
0,00000380,false,Rx,0,8,B0,7F,00,96,20,00,00,FE,
0,00000488,false,Rx,0,8,DF,33,00,72,FE,FF,FF,60,
0,00000480,false,Rx,0,8,54,2C,00,00,19,41,00,20,
0,00000284,false,Rx,0,6,04,04,00,00,00,00,00,00,
197000,00000588,false,Rx,0,8,0B,00,72,00,00,80,00,00,
0,00000280,false,Rx,0,8,B3,8A,00,00,33,FA,28,33,
0,00000288,false,Rx,0,8,64,33,D5,00,00,75,57,53,
0,00000380,false,Rx,0,8,B0,7F,00,96,20,00,00,FE,
0,00000488,false,Rx,0,8,CF,33,00,72,FE,FF,FF,70,
0,00000280,false,Rx,0,8,B3,8A,00,00,33,FA,28,33,
0,00000288,false,Rx,0,8,8A,33,D5,00,00,75,57,53,
0,00000380,false,Rx,0,8,B0,7F,00,96,20,00,00,FE,
0,00000488,false,Rx,0,8,3F,33,00,72,FE,FF,FF,80,
0,00000480,false,Rx,0,8,54,2C,00,00,19,41,00,20,
0,00000284,false,Rx,0,6,05,05,00,00,00,00,00,00,
217000,00000588,false,Rx,0,8,0B,00,72,00,00,80,00,00,
0,00000280,false,Rx,0,8,B3,8A,00,00,33,FA,28,33,
0,00000288,false,Rx,0,8,8A,33,D5,00,00,75,57,53,
0,00000380,false,Rx,0,8,B0,7F,00,96,20,00,00,FE,
0,00000488,false,Rx,0,8,2F,33,00,72,FE,FF,FF,90,
0,00000280,false,Rx,0,8,B3,8A,00,00,33,FA,28,33,
0,00000288,false,Rx,0,8,8A,33,D5,00,00,75,57,53,
0,00000380,false,Rx,0,8,B0,7F,00,96,20,00,00,FE,
0,00000488,false,Rx,0,8,1F,33,00,72,FE,FF,FF,A0,
0,00000480,false,Rx,0,8,54,2C,00,00,19,41,00,20,
0,00000284,false,Rx,0,6,06,06,00,00,00,00,00,00,
0,00000588,false,Rx,0,8,0B,00,72,00,00,80,00,00,
0,00000280,false,Rx,0,8,B3,8A,00,00,33,FA,28,33,
0,00000288,false,Rx,0,8,8A,33,D5,00,00,75,57,53,
0,00000380,false,Rx,0,8,B0,7F,00,96,20,00,00,FE,
0,00000488,false,Rx,0,8,0F,33,00,72,FE,FF,FF,B0,
0,00000280,false,Rx,0,8,B3,8A,00,00,33,FA,28,33,
0,00000288,false,Rx,0,8,E8,33,D5,00,00,75,57,53,
0,00000380,false,Rx,0,8,B0,7F,00,96,20,00,00,FE,
0,00000488,false,Rx,0,8,7F,33,00,72,FE,FF,FF,C0,
0,00000480,false,Rx,0,8,54,2C,00,00,19,41,00,20,
0,00000284,false,Rx,0,6,07,07,00,00,00,00,00,00,
0,00000588,false,Rx,0,8,0B,00,72,00,00,80,00,00,
0,00000280,false,Rx,0,8,B3,8A,00,00,33,FA,28,33,
0,00000288,false,Rx,0,8,E8,33,D5,00,00,75,57,53,
0,00000380,false,Rx,0,8,B0,7F,00,96,20,00,00,FE,
0,00000488,false,Rx,0,8,6F,33,00,72,FE,FF,FF,D0,
0,00000280,false,Rx,0,8,B3,8A,00,00,33,FA,28,33,
0,00000288,false,Rx,0,8,E8,33,D5,00,00,75,57,53,
0,00000380,false,Rx,0,8,B0,7F,00,96,20,00,00,FE,
0,00000488,false,Rx,0,8,5F,33,00,72,FE,FF,FF,E0,
0,00000480,false,Rx,0,8,84,2C,00,00,19,41,00,F0,
0,00000284,false,Rx,0,6,08,08,00,00,00,00,00,00,
0,00000588,false,Rx,0,8,0B,00,72,00,00,80,00,00,
0,00000280,false,Rx,0,8,B3,8A,00,00,33,FA,28,33,
0,00000288,false,Rx,0,8,E8,33,D5,00,00,75,57,53,
0,00000380,false,Rx,0,8,B0,7F,00,96,20,00,00,FE,
0,00000488,false,Rx,0,8,4F,33,00,72,FE,FF,FF,F0,
0,00000280,false,Rx,0,8,B3,8A,00,00,33,FA,28,33,
0,00000288,false,Rx,0,8,2C,33,D5,00,00,75,57,53,
0,00000380,false,Rx,0,8,B0,7F,00,96,20,00,00,FE,
0,00000488,false,Rx,0,8,40,33,00,72,FE,FF,00,00,
0,00000480,false,Rx,0,8,84,2C,00,00,19,41,00,F0,
0,00000284,false,Rx,0,6,09,09,00,00,00,00,00,00,
0,00000588,false,Rx,0,8,0B,00,72,00,00,80,00,00,
0,00000280,false,Rx,0,8,B3,8A,00,00,33,FA,28,33,
0,00000288,false,Rx,0,8,2C,33,D5,00,00,75,57,53,
0,00000380,false,Rx,0,8,B0,7F,00,96,20,00,00,FE,
0,00000488,false,Rx,0,8,AF,33,00,72,FE,FF,FF,10,
0,00000280,false,Rx,0,8,B3,8A,00,00,33,FA,28,33,
0,00000288,false,Rx,0,8,2C,33,D5,00,00,75,57,53,
0,00000380,false,Rx,0,8,B0,7F,00,96,20,00,00,FE,
0,00000488,false,Rx,0,8,60,33,00,72,FE,FF,00,20,
0,00000480,false,Rx,0,8,84,2C,00,00,19,41,00,F0,
0,00000284,false,Rx,0,6,0A,0A,00,00,00,00,00,00,
320000,00000588,false,Rx,0,8,0B,00,72,00,00,80,00,00,
0,00000280,false,Rx,0,8,B3,8A,00,00,33,FA,28,33,
0,00000288,false,Rx,0,8,2C,33,D5,00,00,75,57,53,
0,00000380,false,Rx,0,8,B0,7F,00,96,20,00,00,FE,
328000,00000488,false,Rx,0,8,70,33,00,72,FE,FF,00,30,
0,00000280,false,Rx,0,8,B3,8A,00,00,33,FA,28,33,
0,00000288,false,Rx,0,8,64,33,D5,00,00,75,57,53,
0,00000380,false,Rx,0,8,B0,7F,00,96,20,00,00,FE,
0,00000488,false,Rx,0,8,00,33,00,72,FE,FF,00,40,
0,00000480,false,Rx,0,8,84,2C,00,00,19,41,00,F0,
0,00000284,false,Rx,0,6,0B,0B,00,00,00,00,00,00,
341000,00000588,false,Rx,0,8,0B,00,72,00,00,80,00,00,
0,00000280,false,Rx,0,8,B3,8A,00,00,33,FA,28,33,
0,00000288,false,Rx,0,8,64,33,D5,00,00,75,57,53,
0,00000380,false,Rx,0,8,B0,7F,00,96,20,00,00,FE,
349000,00000488,false,Rx,0,8,EF,33,00,72,FE,FF,FF,50,
0,00000280,false,Rx,0,8,B3,8A,00,00,33,FA,28,33,
0,00000288,false,Rx,0,8,64,33,D5,00,00,75,57,53,
0,00000380,false,Rx,0,8,B0,7F,00,96,20,00,00,FE,
0,00000488,false,Rx,0,8,DF,33,00,72,FE,FF,FF,60,
0,00000480,false,Rx,0,8,C2,2C,00,00,19,41,00,B6,
0,00000284,false,Rx,0,6,0C,0C,00,00,00,00,00,00,
361000,00000588,false,Rx,0,8,0B,00,72,00,00,80,00,00,
0,00000280,false,Rx,0,8,B3,8A,00,00,33,FA,28,33,
0,00000288,false,Rx,0,8,64,33,D5,00,00,75,57,53,
0,00000380,false,Rx,0,8,B0,7F,00,96,20,00,00,FE,
0,00000488,false,Rx,0,8,CF,33,00,72,FE,FF,FF,70,
0,00000280,false,Rx,0,8,B3,8A,00,00,33,FA,28,33,
0,00000288,false,Rx,0,8,8A,33,D5,00,00,75,57,53,
0,00000380,false,Rx,0,8,B0,7F,00,96,20,00,00,FE,
0,00000488,false,Rx,0,8,3F,33,00,72,FE,FF,FF,80,
0,00000480,false,Rx,0,8,C2,2C,00,00,19,41,00,B6,
0,00000284,false,Rx,0,6,0D,0D,00,00,00,00,00,00,
0,00000588,false,Rx,0,8,0B,00,72,00,00,80,00,00,
0,00000280,false,Rx,0,8,B3,8A,00,00,33,FA,28,33,
0,00000288,false,Rx,0,8,8A,33,D5,00,00,75,57,53,
0,00000380,false,Rx,0,8,B0,7F,00,96,20,00,00,FE,
0,00000488,false,Rx,0,8,2F,33,00,72,FE,FF,FF,90,
390000,00000580,false,Rx,0,8,80,00,00,14,1C,93,48,14,
0,00000280,false,Rx,0,8,B3,8A,00,00,33,FA,28,33,
0,00000288,false,Rx,0,8,8A,33,D5,00,00,75,57,53,
0,00000380,false,Rx,0,8,B0,7F,00,96,20,00,00,FE,
0,00000488,false,Rx,0,8,1F,33,00,72,FE,FF,FF,A0,
0,00000480,false,Rx,0,8,C2,2C,00,00,19,41,00,B6,
0,00000284,false,Rx,0,6,0E,0E,00,00,00,00,00,00,
398000,00000588,false,Rx,0,8,0B,00,72,00,00,80,00,00,
0,00000280,false,Rx,0,8,B3,8A,00,00,33,FA,28,33,
0,00000288,false,Rx,0,8,8A,33,D5,00,00,75,57,53,
0,00000380,false,Rx,0,8,B0,7F,00,96,20,00,00,FE,
0,00000488,false,Rx,0,8,0F,33,00,72,FE,FF,FF,B0,
0,00000280,false,Rx,0,8,B3,8A,00,00,33,FA,28,33,
0,00000288,false,Rx,0,8,E8,33,D5,00,00,75,57,53,
0,00000380,false,Rx,0,8,B0,7F,00,96,20,00,00,FE,
0,00000488,false,Rx,0,8,7F,33,00,72,FE,FF,FF,C0,
0,00000480,false,Rx,0,8,C2,2C,00,00,19,41,00,B6,
0,00000284,false,Rx,0,6,0F,0F,00,00,00,00,00,00,
0,00000588,false,Rx,0,8,0B,00,72,00,00,80,00,00,
0,00000280,false,Rx,0,8,B3,8A,00,00,33,FA,28,33,
0,00000288,false,Rx,0,8,E8,33,D5,00,00,75,57,53,
0,00000380,false,Rx,0,8,B0,7F,00,96,20,00,00,FE,
0,00000488,false,Rx,0,8,6F,33,00,72,FE,FF,FF,D0,
0,00000280,false,Rx,0,8,B3,8A,00,00,33,FA,28,33,
0,00000288,false,Rx,0,8,E8,33,D5,00,00,75,57,53,
0,00000380,false,Rx,0,8,B0,7F,00,96,20,00,00,FE,
0,00000488,false,Rx,0,8,5F,33,00,72,FE,FF,FF,E0,
0,00000480,false,Rx,0,8,1C,2C,00,00,19,41,00,68,
0,00000284,false,Rx,0,6,00,00,00,00,00,00,00,00,
0,00000588,false,Rx,0,8,0B,00,72,00,00,80,00,00,
0,00000280,false,Rx,0,8,B3,8A,00,00,33,FA,28,33,
0,00000288,false,Rx,0,8,E8,33,D5,00,00,75,57,53,
0,00000380,false,Rx,0,8,B0,7F,00,96,20,00,00,FE,
0,00000488,false,Rx,0,8,4F,33,00,72,FE,FF,FF,F0,
0,00000280,false,Rx,0,8,B3,8A,00,00,33,FA,28,33,
0,00000288,false,Rx,0,8,2C,33,D5,00,00,75,57,53,
0,00000380,false,Rx,0,8,B0,7F,00,96,20,00,00,FE,
0,00000488,false,Rx,0,8,40,33,00,72,FE,FF,00,00,
0,00000480,false,Rx,0,8,1C,2C,00,00,19,41,00,68,
0,00000284,false,Rx,0,6,01,01,00,00,00,00,00,00,
0,00000588,false,Rx,0,8,0B,00,72,00,00,80,00,00,
463000,00000280,false,Rx,0,8,B3,8A,00,00,33,FA,28,33,
0,00000288,false,Rx,0,8,2C,33,D5,00,00,75,57,53,
0,00000380,false,Rx,0,8,B0,7F,00,96,20,00,00,FE,
0,00000488,false,Rx,0,8,AF,33,00,72,FE,FF,FF,10,
0,00000280,false,Rx,0,8,B3,8A,00,00,33,FA,28,33,
0,00000288,false,Rx,0,8,2C,33,D5,00,00,75,57,53,
0,00000380,false,Rx,0,8,B0,7F,00,96,20,00,00,FE,
0,00000488,false,Rx,0,8,60,33,00,72,FE,FF,00,20,
0,00000480,false,Rx,0,8,1C,2C,00,00,19,41,00,68,
0,00000284,false,Rx,0,6,02,02,00,00,00,00,00,00,
0,00000588,false,Rx,0,8,0B,00,72,00,00,80,00,00,
0,00000280,false,Rx,0,8,B3,8A,00,00,33,FA,28,33,
0,00000288,false,Rx,0,8,2C,33,D5,00,00,75,57,53,
0,00000380,false,Rx,0,8,B0,7F,00,96,20,00,00,FE,
0,00000488,false,Rx,0,8,70,33,00,72,FE,FF,00,30,
0,00000280,false,Rx,0,8,B3,8A,00,00,33,FA,28,33,
0,00000288,false,Rx,0,8,64,33,D5,00,00,75,57,53,
0,00000380,false,Rx,0,8,B0,7F,00,96,20,00,00,FE,
0,00000488,false,Rx,0,8,00,33,00,72,FE,FF,00,40,
0,00000480,false,Rx,0,8,1C,2C,00,00,19,41,00,68,
0,00000284,false,Rx,0,6,03,03,00,00,00,00,00,00,
500000,00000588,false,Rx,0,8,0B,00,72,00,00,80,00,00,
0,00000280,false,Rx,0,8,B3,8A,00,00,33,FA,28,33,
0,00000288,false,Rx,0,8,64,33,D5,00,00,75,57,53,
0,00000380,false,Rx,0,8,B0,7F,00,96,20,00,00,FE,
0,00000488,false,Rx,0,8,EF,33,00,72,FE,FF,FF,50,
0,00000280,false,Rx,0,8,B3,8A,00,00,33,FA,28,33,
0,00000288,false,Rx,0,8,64,33,D5,00,00,75,57,53,
0,00000380,false,Rx,0,8,B0,7F,00,96,20,00,00,FE,
0,00000488,false,Rx,0,8,DF,33,00,72,FE,FF,FF,60,
0,00000480,false,Rx,0,8,54,2C,00,00,19,41,00,20,
0,00000284,false,Rx,0,6,04,04,00,00,00,00,00,00,
521000,00000588,false,Rx,0,8,0B,00,72,00,00,80,00,00,
0,00000280,false,Rx,0,8,B3,8A,00,00,33,FA,28,33,
0,00000288,false,Rx,0,8,64,33,D5,00,00,75,57,53,
0,00000380,false,Rx,0,8,B0,7F,00,96,20,00,00,FE,
529000,00000488,false,Rx,0,8,CF,33,00,72,FE,FF,FF,70,
0,00000280,false,Rx,0,8,B3,8A,00,00,33,FA,28,33,
0,00000288,false,Rx,0,8,8A,33,D5,00,00,75,57,53,
0,00000380,false,Rx,0,8,B0,7F,00,96,20,00,00,FE,
0,00000488,false,Rx,0,8,3F,33,00,72,FE,FF,FF,80,
0,00000480,false,Rx,0,8,54,2C,00,00,19,41,00,20,
0,00000284,false,Rx,0,6,05,05,00,00,00,00,00,00,
541000,00000588,false,Rx,0,8,0B,00,72,00,00,80,00,00,
0,00000280,false,Rx,0,8,B3,8A,00,00,33,FA,28,33,
0,00000288,false,Rx,0,8,8A,33,D5,00,00,75,57,53,
0,00000380,false,Rx,0,8,B0,7F,00,96,20,00,00,FE,
0,00000488,false,Rx,0,8,2F,33,00,72,FE,FF,FF,90,
0,00000280,false,Rx,0,8,B3,8A,00,00,33,FA,28,33,
0,00000288,false,Rx,0,8,8A,33,D5,00,00,75,57,53,
0,00000380,false,Rx,0,8,B0,7F,00,96,20,00,00,FE,
0,00000488,false,Rx,0,8,1F,33,00,72,FE,FF,FF,A0,
0,00000480,false,Rx,0,8,54,2C,00,00,19,41,00,20,
0,00000284,false,Rx,0,6,06,06,00,00,00,00,00,00,
0,00000588,false,Rx,0,8,0B,00,72,00,00,80,00,00,
0,00000280,false,Rx,0,8,B3,8A,00,00,33,FA,28,33,
0,00000288,false,Rx,0,8,8A,33,D5,00,00,75,57,53,
0,00000380,false,Rx,0,8,B0,7F,00,96,20,00,00,FE,
0,00000488,false,Rx,0,8,0F,33,00,72,FE,FF,FF,B0,
0,00000280,false,Rx,0,8,B3,8A,00,00,33,FA,28,33,
0,00000288,false,Rx,0,8,E8,33,D5,00,00,75,57,53,
0,00000380,false,Rx,0,8,B0,7F,00,96,20,00,00,FE,
0,00000488,false,Rx,0,8,7F,33,00,72,FE,FF,FF,C0,
0,00000480,false,Rx,0,8,54,2C,00,00,19,41,00,20,
0,00000588,false,Rx,0,8,0B,00,72,00,00,80,00,00,
0,00000284,false,Rx,0,6,07,07,00,00,00,00,00,00,
0,00000280,false,Rx,0,8,B3,8A,00,00,33,FA,28,33,
0,00000288,false,Rx,0,8,E8,33,D5,00,00,75,57,53,
0,00000380,false,Rx,0,8,B0,7F,00,96,20,00,00,FE,
0,00000488,false,Rx,0,8,6F,33,00,72,FE,FF,FF,D0,
0,00000280,false,Rx,0,8,B3,8A,00,00,33,FA,28,33,
0,00000288,false,Rx,0,8,E8,33,D5,00,00,75,57,53,
0,00000380,false,Rx,0,8,B0,7F,00,96,20,00,00,FE,
0,00000488,false,Rx,0,8,5F,33,00,72,FE,FF,FF,E0,
0,00000480,false,Rx,0,8,84,2C,00,00,19,41,00,F0,
0,00000284,false,Rx,0,6,08,08,00,00,00,00,00,00,
0,00000588,false,Rx,0,8,0B,00,72,00,00,80,00,00,
0,00000280,false,Rx,0,8,B3,8A,00,00,33,FA,28,33,
0,00000288,false,Rx,0,8,E8,33,D5,00,00,75,57,53,
0,00000380,false,Rx,0,8,B0,7F,00,96,20,00,00,FE,
0,00000488,false,Rx,0,8,4F,33,00,72,FE,FF,FF,F0,
0,00000280,false,Rx,0,8,B3,8A,00,00,33,FA,28,33,
0,00000288,false,Rx,0,8,2C,33,D5,00,00,75,57,53,
0,00000380,false,Rx,0,8,B0,7F,00,96,20,00,00,FE,
0,00000488,false,Rx,0,8,40,33,00,72,FE,FF,00,00,
0,00000480,false,Rx,0,8,84,2C,00,00,19,41,00,F0,
0,00000588,false,Rx,0,8,0B,00,72,00,00,80,00,00,
0,00000284,false,Rx,0,6,09,09,00,00,00,00,00,00,
0,00000280,false,Rx,0,8,B3,8A,00,00,33,FA,28,33,
0,00000288,false,Rx,0,8,2C,33,D5,00,00,75,57,53,
0,00000380,false,Rx,0,8,B0,7F,00,96,20,00,00,FE,
0,00000488,false,Rx,0,8,AF,33,00,72,FE,FF,FF,10,
0,00000280,false,Rx,0,8,B3,8A,00,00,33,FA,28,33,
0,00000288,false,Rx,0,8,2C,33,D5,00,00,75,57,53,
0,00000380,false,Rx,0,8,B0,7F,00,96,20,00,00,FE,
0,00000488,false,Rx,0,8,60,33,00,72,FE,FF,00,20,
0,00000480,false,Rx,0,8,84,2C,00,00,19,41,00,F0,
0,00000284,false,Rx,0,6,0A,0A,00,00,00,00,00,00,
0,00000588,false,Rx,0,8,0B,00,72,00,00,80,00,00,
0,00000280,false,Rx,0,8,B3,8A,00,00,33,FA,28,33,
0,00000288,false,Rx,0,8,2C,33,D5,00,00,75,57,53,
0,00000380,false,Rx,0,8,B0,7F,00,96,20,00,00,FE,
0,00000488,false,Rx,0,8,70,33,00,72,FE,FF,00,30,
0,00000280,false,Rx,0,8,B3,8A,00,00,33,FA,28,33,
0,00000288,false,Rx,0,8,64,33,D5,00,00,75,57,53,
0,00000380,false,Rx,0,8,B0,7F,00,96,20,00,00,FE,
0,00000488,false,Rx,0,8,00,33,00,72,FE,FF,00,40,
0,00000480,false,Rx,0,8,84,2C,00,00,19,41,00,F0,
0,00000588,false,Rx,0,8,0B,00,72,00,00,80,00,00,
0,00000284,false,Rx,0,6,0B,0B,00,00,00,00,00,00,
0,00000280,false,Rx,0,8,B3,8A,00,00,33,FA,28,33,
0,00000288,false,Rx,0,8,64,33,D5,00,00,75,57,53,
0,00000380,false,Rx,0,8,B0,7F,00,96,20,00,00,FE,
0,00000488,false,Rx,0,8,EF,33,00,72,FE,FF,FF,50,
0,00000280,false,Rx,0,8,B3,8A,00,00,33,FA,28,33,
0,00000288,false,Rx,0,8,64,33,D5,00,00,75,57,53,
0,00000380,false,Rx,0,8,B0,7F,00,96,20,00,00,FE,
0,00000488,false,Rx,0,8,DF,33,00,72,FE,FF,FF,60,
0,00000480,false,Rx,0,8,C2,2C,00,00,19,41,00,B6,
0,00000284,false,Rx,0,6,0C,0C,00,00,00,00,00,00,
0,00000588,false,Rx,0,8,0B,00,72,00,00,80,00,00,
0,00000280,false,Rx,0,8,B3,8A,00,00,33,FA,28,33,
0,00000288,false,Rx,0,8,64,33,D5,00,00,75,57,53,
0,00000380,false,Rx,0,8,B0,7F,00,96,20,00,00,FE,
0,00000488,false,Rx,0,8,CF,33,00,72,FE,FF,FF,70,
0,00000280,false,Rx,0,8,B3,8A,00,00,33,FA,28,33,
0,00000288,false,Rx,0,8,8A,33,D5,00,00,75,57,53,
0,00000380,false,Rx,0,8,B0,7F,00,96,20,00,00,FE,
0,00000488,false,Rx,0,8,3F,33,00,72,FE,FF,FF,80,
0,00000480,false,Rx,0,8,C2,2C,00,00,19,41,00,B6,
0,00000284,false,Rx,0,6,0D,0D,00,00,00,00,00,00,
702000,00000588,false,Rx,0,8,0B,00,72,00,00,80,00,00,
0,00000280,false,Rx,0,8,B3,8A,00,00,33,FA,28,33,
0,00000288,false,Rx,0,8,8A,33,D5,00,00,75,57,53,
0,00000380,false,Rx,0,8,B0,7F,00,96,20,00,00,FE,
709000,00000488,false,Rx,0,8,2F,33,00,72,FE,FF,FF,90,
0,00000280,false,Rx,0,8,B3,8A,00,00,33,FA,28,33,
0,00000288,false,Rx,0,8,8A,33,D5,00,00,75,57,53,
0,00000380,false,Rx,0,8,B0,7F,00,96,20,00,00,FE,
0,00000488,false,Rx,0,8,1F,33,00,72,FE,FF,FF,A0,
0,00000480,false,Rx,0,8,C2,2C,00,00,19,41,00,B6,
0,00000588,false,Rx,0,8,0B,00,72,00,00,80,00,00,
721000,00000284,false,Rx,0,6,0E,0E,00,00,00,00,00,00,
0,00000280,false,Rx,0,8,B3,8A,00,00,33,FA,28,33,
0,00000288,false,Rx,0,8,8A,33,D5,00,00,75,57,53,
0,00000380,false,Rx,0,8,B0,7F,00,96,20,00,00,FE,
0,00000488,false,Rx,0,8,0F,33,00,72,FE,FF,FF,B0,
0,00000280,false,Rx,0,8,B3,8A,00,00,33,FA,28,33,
0,00000288,false,Rx,0,8,E8,33,D5,00,00,75,57,53,
0,00000380,false,Rx,0,8,B0,7F,00,96,20,00,00,FE,
0,00000488,false,Rx,0,8,7F,33,00,72,FE,FF,FF,C0,
0,00000480,false,Rx,0,8,C2,2C,00,00,19,41,00,B6,
0,00000588,false,Rx,0,8,0B,00,72,00,00,80,00,00,
742000,00000284,false,Rx,0,6,0F,0F,00,00,00,00,00,00,
0,00000280,false,Rx,0,8,B3,8A,00,00,33,FA,28,33,
0,00000288,false,Rx,0,8,E8,33,D5,00,00,75,57,53,
0,00000380,false,Rx,0,8,B0,7F,00,96,20,00,00,FE,
0,00000488,false,Rx,0,8,6F,33,00,72,FE,FF,FF,D0,
0,00000280,false,Rx,0,8,B3,8A,00,00,33,FA,28,33,
0,00000288,false,Rx,0,8,E8,33,D5,00,00,75,57,53,
0,00000380,false,Rx,0,8,B0,7F,00,96,20,00,00,FE,
0,00000488,false,Rx,0,8,5F,33,00,72,FE,FF,FF,E0,
0,00000480,false,Rx,0,8,1C,2C,00,00,19,41,00,68,
0,00000284,false,Rx,0,6,00,00,00,00,00,00,00,00,
0,00000588,false,Rx,0,8,0B,00,72,00,00,80,00,00,
0,00000280,false,Rx,0,8,B3,8A,00,00,33,FA,28,33,
0,00000288,false,Rx,0,8,E8,33,D5,00,00,75,57,53,
0,00000380,false,Rx,0,8,B0,7F,00,96,20,00,00,FE,
771000,00000488,false,Rx,0,8,4F,33,00,72,FE,FF,FF,F0,
0,00000280,false,Rx,0,8,B3,8A,00,00,33,FA,28,33,
0,00000288,false,Rx,0,8,2C,33,D5,00,00,75,57,53,
0,00000380,false,Rx,0,8,B0,7F,00,96,20,00,00,FE,
0,00000488,false,Rx,0,8,40,33,00,72,FE,FF,00,00,
0,00000480,false,Rx,0,8,1C,2C,00,00,19,41,00,68,
0,00000284,false,Rx,0,6,01,01,00,00,00,00,00,00,
783000,00000588,false,Rx,0,8,0B,00,72,00,00,80,00,00,
0,00000280,false,Rx,0,8,B3,8A,00,00,33,FA,28,33,
0,00000288,false,Rx,0,8,2C,33,D5,00,00,75,57,53,
0,00000380,false,Rx,0,8,B0,7F,00,96,20,00,00,FE,
0,00000488,false,Rx,0,8,AF,33,00,72,FE,FF,FF,10,
0,00000280,false,Rx,0,8,B3,8A,00,00,33,FA,28,33,
0,00000288,false,Rx,0,8,2C,33,D5,00,00,75,57,53,
0,00000380,false,Rx,0,8,B0,7F,00,96,20,00,00,FE,
0,00000488,false,Rx,0,8,60,33,00,72,FE,FF,00,20,
0,00000480,false,Rx,0,8,1C,2C,00,00,19,41,00,68,
0,00000284,false,Rx,0,6,02,02,00,00,00,00,00,00,
0,00000588,false,Rx,0,8,0B,00,72,00,00,80,00,00,
0,00000280,false,Rx,0,8,B3,8A,00,00,33,FA,28,33,
0,00000288,false,Rx,0,8,2C,33,D5,00,00,75,57,53,
0,00000380,false,Rx,0,8,B0,7F,00,96,20,00,00,FE,
0,00000488,false,Rx,0,8,70,33,00,72,FE,FF,00,30,
0,00000280,false,Rx,0,8,B3,8A,00,00,33,FA,28,33,
0,00000288,false,Rx,0,8,64,33,D5,00,00,75,57,53,
0,00000380,false,Rx,0,8,B0,7F,00,96,20,00,00,FE,
0,00000488,false,Rx,0,8,00,33,00,72,FE,FF,00,40,
0,00000480,false,Rx,0,8,1C,2C,00,00,19,41,00,68,
0,00000588,false,Rx,0,8,0B,00,72,00,00,80,00,00,
820000,00000284,false,Rx,0,6,03,03,00,00,00,00,00,00,
0,00000280,false,Rx,0,8,B3,8A,00,00,33,FA,28,33,
0,00000288,false,Rx,0,8,64,33,D5,00,00,75,57,53,
0,00000380,false,Rx,0,8,B0,7F,00,96,20,00,00,FE,
0,00000488,false,Rx,0,8,EF,33,00,72,FE,FF,FF,50,
0,00000280,false,Rx,0,8,B3,8A,00,00,33,FA,28,33,
0,00000288,false,Rx,0,8,64,33,D5,00,00,75,57,53,
0,00000380,false,Rx,0,8,B0,7F,00,96,20,00,00,FE,
0,00000488,false,Rx,0,8,DF,33,00,72,FE,FF,FF,60,
0,00000480,false,Rx,0,8,54,2C,00,00,19,41,00,20,
0,00000284,false,Rx,0,6,04,04,00,00,00,00,00,00,
0,00000588,false,Rx,0,8,0B,00,72,00,00,80,00,00,
0,00000280,false,Rx,0,8,B3,8A,00,00,33,FA,28,33,
0,00000288,false,Rx,0,8,64,33,D5,00,00,75,57,53,
0,00000380,false,Rx,0,8,B0,7F,00,96,20,00,00,FE,
0,00000488,false,Rx,0,8,CF,33,00,72,FE,FF,FF,70,
0,00000280,false,Rx,0,8,B3,8A,00,00,33,FA,28,33,
0,00000288,false,Rx,0,8,8A,33,D5,00,00,75,57,53,
0,00000380,false,Rx,0,8,B0,7F,00,96,20,00,00,FE,
0,00000488,false,Rx,0,8,3F,33,00,72,FE,FF,FF,80,
0,00000480,false,Rx,0,8,54,2C,00,00,19,41,00,20,
0,00000588,false,Rx,0,8,0B,00,72,00,00,80,00,00,
0,00000284,false,Rx,0,6,05,05,00,00,00,00,00,00,
0,00000280,false,Rx,0,8,B3,8A,00,00,33,FA,28,33,
0,00000288,false,Rx,0,8,8A,33,D5,00,00,75,57,53,
0,00000380,false,Rx,0,8,B0,7F,00,96,20,00,00,FE,
0,00000488,false,Rx,0,8,2F,33,00,72,FE,FF,FF,90,
0,00000280,false,Rx,0,8,B3,8A,00,00,33,FA,28,33,
0,00000288,false,Rx,0,8,8A,33,D5,00,00,75,57,53,
0,00000380,false,Rx,0,8,B0,7F,00,96,20,00,00,FE,
0,00000488,false,Rx,0,8,1F,33,00,72,FE,FF,FF,A0,
0,00000480,false,Rx,0,8,54,2C,00,00,19,41,00,20,
0,00000588,false,Rx,0,8,0B,00,72,00,00,80,00,00,
0,00000284,false,Rx,0,6,06,06,00,00,00,00,00,00,
885000,00000280,false,Rx,0,8,B3,8A,00,00,33,FA,28,33,
0,00000288,false,Rx,0,8,8A,33,D5,00,00,75,57,53,
0,00000380,false,Rx,0,8,B0,7F,00,96,20,00,00,FE,
0,00000488,false,Rx,0,8,0F,33,00,72,FE,FF,FF,B0,
0,00000280,false,Rx,0,8,B3,8A,00,00,33,FA,28,33,
0,00000288,false,Rx,0,8,E8,33,D5,00,00,75,57,53,
0,00000380,false,Rx,0,8,B0,7F,00,96,20,00,00,FE,
0,00000488,false,Rx,0,8,7F,33,00,72,FE,FF,FF,C0,
0,00000480,false,Rx,0,8,54,2C,00,00,19,41,00,20,
0,00000284,false,Rx,0,6,07,07,00,00,00,00,00,00,
0,00000588,false,Rx,0,8,0B,00,72,00,00,80,00,00,
0,00000280,false,Rx,0,8,B3,8A,00,00,33,FA,28,33,
0,00000288,false,Rx,0,8,E8,33,D5,00,00,75,57,53,
0,00000380,false,Rx,0,8,B0,7F,00,96,20,00,00,FE,
910000,00000488,false,Rx,0,8,6F,33,00,72,FE,FF,FF,D0,
0,00000280,false,Rx,0,8,B3,8A,00,00,33,FA,28,33,
0,00000288,false,Rx,0,8,E8,33,D5,00,00,75,57,53,
0,00000380,false,Rx,0,8,B0,7F,00,96,20,00,00,FE,
0,00000488,false,Rx,0,8,5F,33,00,72,FE,FF,FF,E0,
0,00000480,false,Rx,0,8,84,2C,00,00,19,41,00,F0,
0,00000588,false,Rx,0,8,0B,00,72,00,00,80,00,00,
922000,00000284,false,Rx,0,6,08,08,00,00,00,00,00,00,
0,00000280,false,Rx,0,8,B3,8A,00,00,33,FA,28,33,
0,00000288,false,Rx,0,8,E8,33,D5,00,00,75,57,53,
0,00000380,false,Rx,0,8,B0,7F,00,96,20,00,00,FE,
0,00000488,false,Rx,0,8,4F,33,00,72,FE,FF,FF,F0,
0,00000280,false,Rx,0,8,B3,8A,00,00,33,FA,28,33,
0,00000288,false,Rx,0,8,2C,33,D5,00,00,75,57,53,
0,00000380,false,Rx,0,8,B0,7F,00,96,20,00,00,FE,
0,00000488,false,Rx,0,8,40,33,00,72,FE,FF,00,00,
0,00000480,false,Rx,0,8,84,2C,00,00,19,41,00,F0,
0,00000588,false,Rx,0,8,0B,00,72,00,00,80,00,00,
943000,00000284,false,Rx,0,6,09,09,00,00,00,00,00,00,
0,00000280,false,Rx,0,8,B3,8A,00,00,33,FA,28,33,
0,00000288,false,Rx,0,8,2C,33,D5,00,00,75,57,53,
0,00000380,false,Rx,0,8,B0,7F,00,96,20,00,00,FE,
0,00000488,false,Rx,0,8,AF,33,00,72,FE,FF,FF,10,
0,00000280,false,Rx,0,8,B3,8A,00,00,33,FA,28,33,
0,00000288,false,Rx,0,8,2C,33,D5,00,00,75,57,53,
0,00000380,false,Rx,0,8,B0,7F,00,96,20,00,00,FE,
0,00000488,false,Rx,0,8,60,33,00,72,FE,FF,00,20,
0,00000480,false,Rx,0,8,84,2C,00,00,19,41,00,F0,
0,00000588,false,Rx,0,8,0B,00,72,00,00,80,00,00,
0,00000284,false,Rx,0,6,0A,0A,00,00,00,00,00,00,
0,00000280,false,Rx,0,8,B3,8A,00,00,33,FA,28,33,
0,00000288,false,Rx,0,8,2C,33,D5,00,00,75,57,53,
0,00000380,false,Rx,0,8,B0,7F,00,96,20,00,00,FE,
0,00000488,false,Rx,0,8,70,33,00,72,FE,FF,00,30,
0,00000280,false,Rx,0,8,B3,8A,00,00,33,FA,28,33,
0,00000288,false,Rx,0,8,64,33,D5,00,00,75,57,53,
0,00000380,false,Rx,0,8,B0,7F,00,96,20,00,00,FE,
0,00000488,false,Rx,0,8,00,33,00,72,FE,FF,00,40,
0,00000480,false,Rx,0,8,84,2C,00,00,19,41,00,F0,
0,00000284,false,Rx,0,6,0B,0B,00,00,00,00,00,00,
0,00000588,false,Rx,0,8,0B,00,72,00,00,80,00,00,
0,00000280,false,Rx,0,8,B3,8A,00,00,33,FA,28,33,
0,00000288,false,Rx,0,8,64,33,D5,00,00,75,57,53,
0,00000380,false,Rx,0,8,B0,7F,00,96,20,00,00,FE,
0,00000488,false,Rx,0,8,EF,33,00,72,FE,FF,FF,50,
0,00000280,false,Rx,0,8,B3,8A,00,00,33,FA,28,33,
0,00000288,false,Rx,0,8,64,33,D5,00,00,75,57,53,
0,00000380,false,Rx,0,8,B0,7F,00,96,20,00,00,FE,
0,00000488,false,Rx,0,8,DF,33,00,72,FE,FF,FF,60,
0,00000480,false,Rx,0,8,C2,2C,00,00,19,41,00,B6,
0,00000588,false,Rx,0,8,0B,00,72,00,00,80,00,00,
0,00000284,false,Rx,0,6,0C,0C,00,00,00,00,00,00,
0,00000280,false,Rx,0,8,B3,8A,00,00,33,FA,28,33,
0,00000288,false,Rx,0,8,64,33,D5,00,00,75,57,53,
0,00000380,false,Rx,0,8,B0,7F,00,96,20,00,00,FE,
0,00000488,false,Rx,0,8,CF,33,00,72,FE,FF,FF,70,
0,00000280,false,Rx,0,8,B3,8A,00,00,33,FA,28,33,
0,00000288,false,Rx,0,8,8A,33,D5,00,00,75,57,53,
0,00000380,false,Rx,0,8,B0,7F,00,96,20,00,00,FE,
0,00000488,false,Rx,0,8,3F,33,00,72,FE,FF,FF,80,
0,00000480,false,Rx,0,8,C2,2C,00,00,19,41,00,B6,
0,00000284,false,Rx,0,6,0D,0D,00,00,00,00,00,00,
0,00000588,false,Rx,0,8,0B,00,72,00,00,80,00,00,
0,00000280,false,Rx,0,8,B3,8A,00,00,33,FA,28,33,
0,00000288,false,Rx,0,8,8A,33,D5,00,00,75,57,53,
0,00000380,false,Rx,0,8,B0,7F,00,96,20,00,00,FE,
0,00000488,false,Rx,0,8,2F,33,00,72,FE,FF,FF,90,
0,00000280,false,Rx,0,8,B3,8A,00,00,33,FA,28,33,
0,00000288,false,Rx,0,8,8A,33,D5,00,00,75,57,53,
0,00000380,false,Rx,0,8,B0,7F,00,96,20,00,00,FE,
0,00000488,false,Rx,0,8,1F,33,00,72,FE,FF,FF,A0,
0,00000480,false,Rx,0,8,C2,2C,00,00,19,41,00,B6,
0,00000588,false,Rx,0,8,0B,00,72,00,00,80,00,00,
0,00000284,false,Rx,0,6,0E,0E,00,00,00,00,00,00,
0,00000280,false,Rx,0,8,B3,8A,00,00,33,FA,28,33,
0,00000288,false,Rx,0,8,8A,33,D5,00,00,75,57,53,
0,00000380,false,Rx,0,8,B0,7F,00,96,20,00,00,FE,
0,00000488,false,Rx,0,8,0F,33,00,72,FE,FF,FF,B0,
0,00000280,false,Rx,0,8,B3,8A,00,00,33,FA,28,33,
0,00000288,false,Rx,0,8,E8,33,D5,00,00,75,57,53,
0,00000380,false,Rx,0,8,B0,7F,00,96,20,00,00,FE,
0,00000488,false,Rx,0,8,7F,33,00,72,FE,FF,FF,C0,
0,00000480,false,Rx,0,8,C2,2C,00,00,19,41,00,B6,
0,00000284,false,Rx,0,6,0F,0F,00,00,00,00,00,00,
0,00000588,false,Rx,0,8,0B,00,72,00,00,80,00,00,
0,00000280,false,Rx,0,8,B3,8A,00,00,33,FA,28,33,
0,00000288,false,Rx,0,8,E8,33,D5,00,00,75,57,53,
0,00000380,false,Rx,0,8,B0,7F,00,96,20,00,00,FE,
0,00000488,false,Rx,0,8,6F,33,00,72,FE,FF,FF,D0,
0,00000280,false,Rx,0,8,B3,8A,00,00,33,FA,28,33,
0,00000288,false,Rx,0,8,E8,33,D5,00,00,75,57,53,
0,00000380,false,Rx,0,8,B0,7F,00,96,20,00,00,FE,
0,00000488,false,Rx,0,8,5F,33,00,72,FE,FF,FF,E0,
0,00000480,false,Rx,0,8,1C,2C,00,00,19,41,00,68,
0,00000284,false,Rx,0,6,00,00,00,00,00,00,00,00,
0,00000588,false,Rx,0,8,0B,00,72,00,00,80,00,00,
0,00000280,false,Rx,0,8,B3,8A,00,00,33,FA,28,33,
0,00000288,false,Rx,0,8,E8,33,D5,00,00,75,57,53,
0,00000380,false,Rx,0,8,B0,7F,00,96,20,00,00,FE,
0,00000488,false,Rx,0,8,4F,33,00,72,FE,FF,FF,F0,
0,00000280,false,Rx,0,8,B3,8A,00,00,33,FA,28,33,
0,00000288,false,Rx,0,8,2C,33,D5,00,00,75,57,53,
0,00000380,false,Rx,0,8,B0,7F,00,96,20,00,00,FE,
0,00000488,false,Rx,0,8,40,33,00,72,FE,FF,00,00,
0,00000480,false,Rx,0,8,1C,2C,00,00,19,41,00,68,
0,00000284,false,Rx,0,6,01,01,00,00,00,00,00,00,
0,00000588,false,Rx,0,8,0B,00,72,00,00,80,00,00,
0,00000280,false,Rx,0,8,B3,8A,00,00,33,FA,28,33,
0,00000288,false,Rx,0,8,2C,33,D5,00,00,75,57,53,
0,00000380,false,Rx,0,8,B0,7F,00,96,20,00,00,FE,
0,00000488,false,Rx,0,8,AF,33,00,72,FE,FF,FF,10,
0,00000280,false,Rx,0,8,B3,8A,00,00,33,FA,28,33,
0,00000288,false,Rx,0,8,2C,33,D5,00,00,75,57,53,
0,00000380,false,Rx,0,8,B0,7F,00,96,20,00,00,FE,
0,00000488,false,Rx,0,8,60,33,00,72,FE,FF,00,20,
0,00000480,false,Rx,0,8,1C,2C,00,00,19,41,00,68,
0,00000588,false,Rx,0,8,0B,00,72,00,00,80,00,00,
123000,00000284,false,Rx,0,6,02,02,00,00,00,00,00,00,
0,00000280,false,Rx,0,8,B3,8A,00,00,33,FA,28,33,
0,00000288,false,Rx,0,8,2C,33,D5,00,00,75,57,53,
0,00000380,false,Rx,0,8,B0,7F,00,96,20,00,00,FE,
131000,00000488,false,Rx,0,8,70,33,00,72,FE,FF,00,30,
0,00000280,false,Rx,0,8,B3,8A,00,00,33,FA,28,33,
0,00000288,false,Rx,0,8,64,33,D5,00,00,75,57,53,
0,00000380,false,Rx,0,8,B0,7F,00,96,20,00,00,FE,
0,00000488,false,Rx,0,8,00,33,00,72,FE,FF,00,40,
0,00000480,false,Rx,0,8,1C,2C,00,00,19,41,00,68,
0,00000284,false,Rx,0,6,03,03,00,00,00,00,00,00,
143000,00000588,false,Rx,0,8,0B,00,72,00,00,80,00,00,
0,00000280,false,Rx,0,8,B3,8A,00,00,33,FA,28,33,
0,00000288,false,Rx,0,8,64,33,D5,00,00,75,57,53,
0,00000380,false,Rx,0,8,B0,7F,00,96,20,00,00,FE,
0,00000488,false,Rx,0,8,EF,33,00,72,FE,FF,FF,50,
0,00000280,false,Rx,0,8,B3,8A,00,00,33,FA,28,33,
0,00000288,false,Rx,0,8,64,33,D5,00,00,75,57,53,
0,00000380,false,Rx,0,8,B0,7F,00,96,20,00,00,FE,
0,00000488,false,Rx,0,8,DF,33,00,72,FE,FF,FF,60,
0,00000480,false,Rx,0,8,54,2C,00,00,19,41,00,20,
0,00000284,false,Rx,0,6,04,04,00,00,00,00,00,00,
164000,00000588,false,Rx,0,8,0B,00,72,00,00,80,00,00,
0,00000280,false,Rx,0,8,B3,8A,00,00,33,FA,28,33,
0,00000288,false,Rx,0,8,64,33,D5,00,00,75,57,53,
0,00000380,false,Rx,0,8,B0,7F,00,96,20,00,00,FE,
0,00000488,false,Rx,0,8,CF,33,00,72,FE,FF,FF,70,
0,00000280,false,Rx,0,8,B3,8A,00,00,33,FA,28,33,
0,00000288,false,Rx,0,8,8A,33,D5,00,00,75,57,53,
0,00000380,false,Rx,0,8,B0,7F,00,96,20,00,00,FE,
0,00000488,false,Rx,0,8,3F,33,00,72,FE,FF,FF,80,
0,00000480,false,Rx,0,8,54,2C,00,00,19,41,00,20,
0,00000284,false,Rx,0,6,05,05,00,00,00,00,00,00,
0,00000588,false,Rx,0,8,0B,00,72,00,00,80,00,00,
0,00000280,false,Rx,0,8,B3,8A,00,00,33,FA,28,33,
0,00000288,false,Rx,0,8,8A,33,D5,00,00,75,57,53,
0,00000380,false,Rx,0,8,B0,7F,00,96,20,00,00,FE,
0,00000488,false,Rx,0,8,2F,33,00,72,FE,FF,FF,90,
0,00000280,false,Rx,0,8,B3,8A,00,00,33,FA,28,33,
0,00000288,false,Rx,0,8,8A,33,D5,00,00,75,57,53,
0,00000380,false,Rx,0,8,B0,7F,00,96,20,00,00,FE,
0,00000488,false,Rx,0,8,1F,33,00,72,FE,FF,FF,A0,
0,00000480,false,Rx,0,8,54,2C,00,00,19,41,00,20,
0,00000284,false,Rx,0,6,06,06,00,00,00,00,00,00,
200000,00000588,false,Rx,0,8,0B,00,72,00,00,80,00,00,
0,00000280,false,Rx,0,8,B3,8A,00,00,33,FA,28,33,
0,00000288,false,Rx,0,8,8A,33,D5,00,00,75,57,53,
0,00000380,false,Rx,0,8,B0,7F,00,96,20,00,00,FE,
0,00000488,false,Rx,0,8,0F,33,00,72,FE,FF,FF,B0,
0,00000280,false,Rx,0,8,B3,8A,00,00,33,FA,28,33,
0,00000288,false,Rx,0,8,E8,33,D5,00,00,75,57,53,
0,00000380,false,Rx,0,8,B0,7F,00,96,20,00,00,FE,
0,00000488,false,Rx,0,8,7F,33,00,72,FE,FF,FF,C0,
0,00000480,false,Rx,0,8,54,2C,00,00,19,41,00,20,
0,00000284,false,Rx,0,6,07,07,00,00,00,00,00,00,
0,00000588,false,Rx,0,8,0B,00,72,00,00,80,00,00,
0,00000280,false,Rx,0,8,B3,8A,00,00,33,FA,28,33,
0,00000288,false,Rx,0,8,E8,33,D5,00,00,75,57,53,
0,00000380,false,Rx,0,8,B0,7F,00,96,20,00,00,FE,
0,00000488,false,Rx,0,8,6F,33,00,72,FE,FF,FF,D0,
0,00000280,false,Rx,0,8,B3,8A,00,00,33,FA,28,33,
0,00000288,false,Rx,0,8,E8,33,D5,00,00,75,57,53,
0,00000380,false,Rx,0,8,B0,7F,00,96,20,00,00,FE,
0,00000488,false,Rx,0,8,5F,33,00,72,FE,FF,FF,E0,
0,00000480,false,Rx,0,8,84,2C,00,00,19,41,00,F0,
0,00000284,false,Rx,0,6,08,08,00,00,00,00,00,00,
0,00000588,false,Rx,0,8,0B,00,72,00,00,80,00,00,
0,00000280,false,Rx,0,8,B3,8A,00,00,33,FA,28,33,
0,00000288,false,Rx,0,8,E8,33,D5,00,00,75,57,53,
0,00000380,false,Rx,0,8,B0,7F,00,96,20,00,00,FE,
0,00000488,false,Rx,0,8,4F,33,00,72,FE,FF,FF,F0,
0,00000280,false,Rx,0,8,B3,8A,00,00,33,FA,28,33,
0,00000288,false,Rx,0,8,2C,33,D5,00,00,75,57,53,
0,00000380,false,Rx,0,8,B0,7F,00,96,20,00,00,FE,
0,00000488,false,Rx,0,8,40,33,00,72,FE,FF,00,00,
0,00000480,false,Rx,0,8,84,2C,00,00,19,41,00,F0,
0,00000284,false,Rx,0,6,09,09,00,00,00,00,00,00,
0,00000588,false,Rx,0,8,0B,00,72,00,00,80,00,00,
266000,00000280,false,Rx,0,8,B3,8A,00,00,33,FA,28,33,
0,00000288,false,Rx,0,8,2C,33,D5,00,00,75,57,53,
0,00000380,false,Rx,0,8,B0,7F,00,96,20,00,00,FE,
0,00000488,false,Rx,0,8,AF,33,00,72,FE,FF,FF,10,
0,00000280,false,Rx,0,8,B3,8A,00,00,33,FA,28,33,
0,00000288,false,Rx,0,8,2C,33,D5,00,00,75,57,53,
0,00000380,false,Rx,0,8,B0,7F,00,96,20,00,00,FE,
0,00000488,false,Rx,0,8,60,33,00,72,FE,FF,00,20,
0,00000480,false,Rx,0,8,84,2C,00,00,19,41,00,F0,
0,00000284,false,Rx,0,6,0A,0A,00,00,00,00,00,00,
0,00000588,false,Rx,0,8,0B,00,72,00,00,80,00,00,
0,00000280,false,Rx,0,8,B3,8A,00,00,33,FA,28,33,
0,00000288,false,Rx,0,8,2C,33,D5,00,00,75,57,53,
0,00000380,false,Rx,0,8,B0,7F,00,96,20,00,00,FE,
0,00000488,false,Rx,0,8,70,33,00,72,FE,FF,00,30,
0,00000280,false,Rx,0,8,B3,8A,00,00,33,FA,28,33,
0,00000288,false,Rx,0,8,64,33,D5,00,00,75,57,53,
0,00000380,false,Rx,0,8,B0,7F,00,96,20,00,00,FE,
0,00000488,false,Rx,0,8,00,33,00,72,FE,FF,00,40,
0,00000480,false,Rx,0,8,84,2C,00,00,19,41,00,F0,
0,00000284,false,Rx,0,6,0B,0B,00,00,00,00,00,00,
303000,00000588,false,Rx,0,8,0B,00,72,00,00,80,00,00,
0,00000280,false,Rx,0,8,B3,8A,00,00,33,FA,28,33,
0,00000288,false,Rx,0,8,64,33,D5,00,00,75,57,53,
0,00000380,false,Rx,0,8,B0,7F,00,96,20,00,00,FE,
0,00000488,false,Rx,0,8,EF,33,00,72,FE,FF,FF,50,
0,00000280,false,Rx,0,8,B3,8A,00,00,33,FA,28,33,
0,00000288,false,Rx,0,8,64,33,D5,00,00,75,57,53,
0,00000380,false,Rx,0,8,B0,7F,00,96,20,00,00,FE,
0,00000488,false,Rx,0,8,DF,33,00,72,FE,FF,FF,60,
0,00000480,false,Rx,0,8,C2,2C,00,00,19,41,00,B6,
0,00000284,false,Rx,0,6,0C,0C,00,00,00,00,00,00,
324000,00000588,false,Rx,0,8,0B,00,72,00,00,80,00,00,
0,00000280,false,Rx,0,8,B3,8A,00,00,33,FA,28,33,
0,00000288,false,Rx,0,8,64,33,D5,00,00,75,57,53,
0,00000380,false,Rx,0,8,B0,7F,00,96,20,00,00,FE,
332000,00000488,false,Rx,0,8,CF,33,00,72,FE,FF,FF,70,
0,00000280,false,Rx,0,8,B3,8A,00,00,33,FA,28,33,
0,00000288,false,Rx,0,8,8A,33,D5,00,00,75,57,53,
0,00000380,false,Rx,0,8,B0,7F,00,96,20,00,00,FE,
0,00000488,false,Rx,0,8,3F,33,00,72,FE,FF,FF,80,
0,00000480,false,Rx,0,8,C2,2C,00,00,19,41,00,B6,
0,00000284,false,Rx,0,6,0D,0D,00,00,00,00,00,00,
344000,00000588,false,Rx,0,8,0B,00,72,00,00,80,00,00,
0,00000280,false,Rx,0,8,B3,8A,00,00,33,FA,28,33,
0,00000288,false,Rx,0,8,8A,33,D5,00,00,75,57,53,
0,00000380,false,Rx,0,8,B0,7F,00,96,20,00,00,FE,
0,00000488,false,Rx,0,8,2F,33,00,72,FE,FF,FF,90,
356000,00000280,false,Rx,0,8,B3,8A,00,00,33,FA,28,33,
0,00000288,false,Rx,0,8,8A,33,D5,00,00,75,57,53,
0,00000380,false,Rx,0,8,B0,7F,00,96,20,00,00,FE,
0,00000488,false,Rx,0,8,1F,33,00,72,FE,FF,FF,A0,
0,00000480,false,Rx,0,8,C2,2C,00,00,19,41,00,B6,
0,00000284,false,Rx,0,6,0E,0E,00,00,00,00,00,00,
0,00000588,false,Rx,0,8,0B,00,72,00,00,80,00,00,
0,00000280,false,Rx,0,8,B3,8A,00,00,33,FA,28,33,
0,00000288,false,Rx,0,8,8A,33,D5,00,00,75,57,53,
0,00000380,false,Rx,0,8,B0,7F,00,96,20,00,00,FE,
0,00000488,false,Rx,0,8,0F,33,00,72,FE,FF,FF,B0,
0,00000280,false,Rx,0,8,B3,8A,00,00,33,FA,28,33,
0,00000288,false,Rx,0,8,E8,33,D5,00,00,75,57,53,
0,00000380,false,Rx,0,8,B0,7F,00,96,20,00,00,FE,
0,00000488,false,Rx,0,8,7F,33,00,72,FE,FF,FF,C0,
0,00000480,false,Rx,0,8,C2,2C,00,00,19,41,00,B6,
0,00000284,false,Rx,0,6,0F,0F,00,00,00,00,00,00,
0,00000588,false,Rx,0,8,0B,00,72,00,00,80,00,00,
0,00000280,false,Rx,0,8,B3,8A,00,00,33,FA,28,33,
0,00000288,false,Rx,0,8,E8,33,D5,00,00,75,57,53,
0,00000380,false,Rx,0,8,B0,7F,00,96,20,00,00,FE,
0,00000488,false,Rx,0,8,6F,33,00,72,FE,FF,FF,D0,
393000,00000580,false,Rx,0,8,81,00,00,7F,00,F0,47,01,
0,00000280,false,Rx,0,8,B3,8A,00,00,33,FA,28,33,
0,00000288,false,Rx,0,8,E8,33,D5,00,00,75,57,53,
0,00000380,false,Rx,0,8,B0,7F,00,96,20,00,00,FE,
0,00000488,false,Rx,0,8,5F,33,00,72,FE,FF,FF,E0,
0,00000480,false,Rx,0,8,1C,2C,00,00,19,41,00,68,
0,00000284,false,Rx,0,6,00,00,00,00,00,00,00,00,
0,00000588,false,Rx,0,8,0B,00,72,00,00,80,00,00,
0,00000280,false,Rx,0,8,B3,8A,00,00,33,FA,28,33,
0,00000288,false,Rx,0,8,E8,33,D5,00,00,75,57,53,
0,00000380,false,Rx,0,8,B0,7F,00,96,20,00,00,FE,
0,00000488,false,Rx,0,8,4F,33,00,72,FE,FF,FF,F0,
0,00000280,false,Rx,0,8,B3,8A,00,00,33,FA,28,33,
0,00000288,false,Rx,0,8,2C,33,D5,00,00,75,57,53,
0,00000380,false,Rx,0,8,B0,7F,00,96,20,00,00,FE,
0,00000488,false,Rx,0,8,40,33,00,72,FE,FF,00,00,
0,00000480,false,Rx,0,8,1C,2C,00,00,19,41,00,68,
0,00000284,false,Rx,0,6,01,01,00,00,00,00,00,00,
0,00000588,false,Rx,0,8,0B,00,72,00,00,80,00,00,
0,00000280,false,Rx,0,8,B3,8A,00,00,33,FA,28,33,
0,00000288,false,Rx,0,8,2C,33,D5,00,00,75,57,53,
0,00000380,false,Rx,0,8,B0,7F,00,96,20,00,00,FE,
0,00000488,false,Rx,0,8,AF,33,00,72,FE,FF,FF,10,
0,00000280,false,Rx,0,8,B3,8A,00,00,33,FA,28,33,
0,00000288,false,Rx,0,8,2C,33,D5,00,00,75,57,53,
0,00000380,false,Rx,0,8,B0,7F,00,96,20,00,00,FE,
0,00000488,false,Rx,0,8,60,33,00,72,FE,FF,00,20,
0,00000480,false,Rx,0,8,1C,2C,00,00,19,41,00,68,
0,00000284,false,Rx,0,6,02,02,00,00,00,00,00,00,
0,00000588,false,Rx,0,8,03,00,72,00,00,80,00,00,
0,00000280,false,Rx,0,8,B3,8A,00,00,33,FA,28,33,
0,00000288,false,Rx,0,8,2C,33,D5,00,00,75,57,53,
0,00000380,false,Rx,0,8,B0,7F,00,96,20,00,00,FE,
0,00000488,false,Rx,0,8,70,33,00,72,FE,FF,00,30,
0,00000280,false,Rx,0,8,B3,8A,00,00,33,FA,28,33,
0,00000288,false,Rx,0,8,64,33,D5,00,00,75,57,53,
0,00000380,false,Rx,0,8,B0,7F,00,96,20,00,00,FE,
0,00000488,false,Rx,0,8,00,33,00,72,FE,FF,00,40,
0,00000480,false,Rx,0,8,1C,2C,00,00,19,41,00,68,
0,00000284,false,Rx,0,6,03,03,00,00,00,00,00,00,
0,00000588,false,Rx,0,8,0B,00,72,00,00,80,00,00,
0,00000280,false,Rx,0,8,B3,8A,00,00,33,FA,28,33,
0,00000288,false,Rx,0,8,64,33,D5,00,00,75,57,53,
0,00000380,false,Rx,0,8,B0,7F,00,96,20,00,00,FE,
0,00000488,false,Rx,0,8,EF,33,00,72,FE,FF,FF,50,
0,00000280,false,Rx,0,8,B3,8A,00,00,33,FA,28,33,
0,00000288,false,Rx,0,8,64,33,D5,00,00,75,57,53,
0,00000380,false,Rx,0,8,B0,7F,00,96,20,00,00,FE,
0,00000488,false,Rx,0,8,DF,33,00,72,FE,FF,FF,60,
0,00000480,false,Rx,0,8,54,2C,00,00,19,41,00,20,
0,00000284,false,Rx,0,6,04,04,00,00,00,00,00,00,
0,00000588,false,Rx,0,8,0B,00,72,00,00,80,00,00,
0,00000280,false,Rx,0,8,B3,8A,00,00,33,FA,28,33,
0,00000288,false,Rx,0,8,64,33,D5,00,00,75,57,53,
0,00000380,false,Rx,0,8,B0,7F,00,96,20,00,00,FE,
0,00000488,false,Rx,0,8,CF,33,00,72,FE,FF,FF,70,
0,00000280,false,Rx,0,8,B3,8A,00,00,33,FA,28,33,
0,00000288,false,Rx,0,8,8A,33,D5,00,00,75,57,53,
0,00000380,false,Rx,0,8,B0,7F,00,96,20,00,00,FE,
0,00000488,false,Rx,0,8,3F,33,00,72,FE,FF,FF,80,
0,00000480,false,Rx,0,8,54,2C,00,00,19,41,00,20,
0,00000284,false,Rx,0,6,05,05,00,00,00,00,00,00,
504000,00000588,false,Rx,0,8,0B,00,72,00,00,80,00,00,
0,00000280,false,Rx,0,8,B3,8A,00,00,33,FA,28,33,
0,00000288,false,Rx,0,8,8A,33,D5,00,00,75,57,53,
0,00000380,false,Rx,0,8,B0,7F,00,96,20,00,00,FE,
512000,00000488,false,Rx,0,8,2F,33,00,72,FE,FF,FF,90,
0,00000280,false,Rx,0,8,B3,8A,00,00,33,FA,28,33,
0,00000288,false,Rx,0,8,8A,33,D5,00,00,75,57,53,
0,00000380,false,Rx,0,8,B0,7F,00,96,20,00,00,FE,
0,00000488,false,Rx,0,8,1F,33,00,72,FE,FF,FF,A0,
0,00000480,false,Rx,0,8,54,2C,00,00,19,41,00,20,
0,00000284,false,Rx,0,6,06,06,00,00,00,00,00,00,
524000,00000588,false,Rx,0,8,0B,00,72,00,00,80,00,00,
0,00000280,false,Rx,0,8,B3,8A,00,00,33,FA,28,33,
0,00000288,false,Rx,0,8,8A,33,D5,00,00,75,57,53,
0,00000380,false,Rx,0,8,B0,7F,00,96,20,00,00,FE,
0,00000488,false,Rx,0,8,0F,33,00,72,FE,FF,FF,B0,
0,00000280,false,Rx,0,8,B3,8A,00,00,33,FA,28,33,
0,00000288,false,Rx,0,8,E8,33,D5,00,00,75,57,53,
0,00000380,false,Rx,0,8,B0,7F,00,96,20,00,00,FE,
0,00000488,false,Rx,0,8,7F,33,00,72,FE,FF,FF,C0,
0,00000480,false,Rx,0,8,54,2C,00,00,19,41,00,20,
0,00000284,false,Rx,0,6,07,07,00,00,00,00,00,00,
545000,00000588,false,Rx,0,8,0B,00,72,00,00,80,00,00,
0,00000280,false,Rx,0,8,B3,8A,00,00,33,FA,28,33,
0,00000288,false,Rx,0,8,E8,33,D5,00,00,75,57,53,
0,00000380,false,Rx,0,8,B0,7F,00,96,20,00,00,FE,
0,00000488,false,Rx,0,8,6F,33,00,72,FE,FF,FF,D0,
0,00000280,false,Rx,0,8,B3,8A,00,00,33,FA,28,33,
0,00000288,false,Rx,0,8,E8,33,D5,00,00,75,57,53,
0,00000380,false,Rx,0,8,B0,7F,00,96,20,00,00,FE,
0,00000488,false,Rx,0,8,5F,33,00,72,FE,FF,FF,E0,
0,00000480,false,Rx,0,8,84,2C,00,00,19,41,00,F0,
0,00000284,false,Rx,0,6,08,08,00,00,00,00,00,00,
0,00000588,false,Rx,0,8,0B,00,72,00,00,80,00,00,
0,00000280,false,Rx,0,8,B3,8A,00,00,33,FA,28,33,
0,00000288,false,Rx,0,8,E8,33,D5,00,00,75,57,53,
0,00000380,false,Rx,0,8,B0,7F,00,96,20,00,00,FE,
0,00000488,false,Rx,0,8,4F,33,00,72,FE,FF,FF,F0,
0,00000280,false,Rx,0,8,B3,8A,00,00,33,FA,28,33,
0,00000288,false,Rx,0,8,2C,33,D5,00,00,75,57,53,
0,00000380,false,Rx,0,8,B0,7F,00,96,20,00,00,FE,
0,00000488,false,Rx,0,8,40,33,00,72,FE,FF,00,00,
0,00000480,false,Rx,0,8,84,2C,00,00,19,41,00,F0,
0,00000284,false,Rx,0,6,09,09,00,00,00,00,00,00,
0,00000588,false,Rx,0,8,0B,00,72,00,00,80,00,00,
0,00000280,false,Rx,0,8,B3,8A,00,00,33,FA,28,33,
0,00000288,false,Rx,0,8,2C,33,D5,00,00,75,57,53,
0,00000380,false,Rx,0,8,B0,7F,00,96,20,00,00,FE,
0,00000488,false,Rx,0,8,AF,33,00,72,FE,FF,FF,10,
0,00000280,false,Rx,0,8,B3,8A,00,00,33,FA,28,33,
0,00000288,false,Rx,0,8,2C,33,D5,00,00,75,57,53,
0,00000380,false,Rx,0,8,B0,7F,00,96,20,00,00,FE,
0,00000488,false,Rx,0,8,60,33,00,72,FE,FF,00,20,
0,00000480,false,Rx,0,8,84,2C,00,00,19,41,00,F0,
0,00000284,false,Rx,0,6,0A,0A,00,00,00,00,00,00,
0,00000588,false,Rx,0,8,0B,00,72,00,00,80,00,00,
0,00000280,false,Rx,0,8,B3,8A,00,00,33,FA,28,33,
0,00000288,false,Rx,0,8,2C,33,D5,00,00,75,57,53,
0,00000380,false,Rx,0,8,B0,7F,00,96,20,00,00,FE,
0,00000488,false,Rx,0,8,70,33,00,72,FE,FF,00,30,
0,00000280,false,Rx,0,8,B3,8A,00,00,33,FA,28,33,
0,00000288,false,Rx,0,8,64,33,D5,00,00,75,57,53,
0,00000380,false,Rx,0,8,B0,7F,00,96,20,00,00,FE,
0,00000488,false,Rx,0,8,00,33,00,72,FE,FF,00,40,
0,00000480,false,Rx,0,8,84,2C,00,00,19,41,00,F0,
0,00000284,false,Rx,0,6,0B,0B,00,00,00,00,00,00,
0,00000588,false,Rx,0,8,0B,00,72,00,00,80,00,00,
0,00000280,false,Rx,0,8,B3,8A,00,00,33,FA,28,33,
0,00000288,false,Rx,0,8,64,33,D5,00,00,75,57,53,
0,00000380,false,Rx,0,8,B0,7F,00,96,20,00,00,FE,
0,00000488,false,Rx,0,8,EF,33,00,72,FE,FF,FF,50,
0,00000280,false,Rx,0,8,B3,8A,00,00,33,FA,28,33,
0,00000288,false,Rx,0,8,64,33,D5,00,00,75,57,53,
0,00000380,false,Rx,0,8,B0,7F,00,96,20,00,00,FE,
0,00000488,false,Rx,0,8,DF,33,00,72,FE,FF,FF,60,
0,00000480,false,Rx,0,8,C2,2C,00,00,19,41,00,B6,
0,00000284,false,Rx,0,6,0C,0C,00,00,00,00,00,00,
0,00000588,false,Rx,0,8,0B,00,72,00,00,80,00,00,
0,00000280,false,Rx,0,8,B3,8A,00,00,33,FA,28,33,
0,00000288,false,Rx,0,8,64,33,D5,00,00,75,57,53,
0,00000380,false,Rx,0,8,B0,7F,00,96,20,00,00,FE,
0,00000488,false,Rx,0,8,CF,33,00,72,FE,FF,FF,70,
0,00000280,false,Rx,0,8,B3,8A,00,00,33,FA,28,33,
0,00000288,false,Rx,0,8,8A,33,D5,00,00,75,57,53,
0,00000380,false,Rx,0,8,B0,7F,00,96,20,00,00,FE,
0,00000488,false,Rx,0,8,3F,33,00,72,FE,FF,FF,80,
0,00000480,false,Rx,0,8,C2,2C,00,00,19,41,00,B6,
0,00000284,false,Rx,0,6,0D,0D,00,00,00,00,00,00,
0,00000588,false,Rx,0,8,0B,00,72,00,00,80,00,00,
0,00000280,false,Rx,0,8,B3,8A,00,00,33,FA,28,33,
0,00000288,false,Rx,0,8,8A,33,D5,00,00,75,57,53,
0,00000380,false,Rx,0,8,B0,7F,00,96,20,00,00,FE,
0,00000488,false,Rx,0,8,2F,33,00,72,FE,FF,FF,90,
0,00000280,false,Rx,0,8,B3,8A,00,00,33,FA,28,33,
0,00000288,false,Rx,0,8,8A,33,D5,00,00,75,57,53,
0,00000380,false,Rx,0,8,B0,7F,00,96,20,00,00,FE,
0,00000488,false,Rx,0,8,1F,33,00,72,FE,FF,FF,A0,
0,00000480,false,Rx,0,8,C2,2C,00,00,19,41,00,B6,
0,00000284,false,Rx,0,6,0E,0E,00,00,00,00,00,00,
684000,00000588,false,Rx,0,8,0B,00,72,00,00,80,00,00,
0,00000280,false,Rx,0,8,B3,8A,00,00,33,FA,28,33,
0,00000288,false,Rx,0,8,8A,33,D5,00,00,75,57,53,
0,00000380,false,Rx,0,8,B0,7F,00,96,20,00,00,FE,
0,00000488,false,Rx,0,8,0F,33,00,72,FE,FF,FF,B0,
0,00000280,false,Rx,0,8,B3,8A,00,00,33,FA,28,33,
0,00000288,false,Rx,0,8,E8,33,D5,00,00,75,57,53,
0,00000380,false,Rx,0,8,B0,7F,00,96,20,00,00,FE,
0,00000488,false,Rx,0,8,7F,33,00,72,FE,FF,FF,C0,
0,00000480,false,Rx,0,8,C2,2C,00,00,19,41,00,B6,
0,00000284,false,Rx,0,6,0F,0F,00,00,00,00,00,00,
704000,00000588,false,Rx,0,8,0B,00,72,00,00,80,00,00,
0,00000280,false,Rx,0,8,B3,8A,00,00,33,FA,28,33,
0,00000288,false,Rx,0,8,E8,33,D5,00,00,75,57,53,
0,00000380,false,Rx,0,8,B0,7F,00,96,20,00,00,FE,
712000,00000488,false,Rx,0,8,6F,33,00,72,FE,FF,FF,D0,
0,00000280,false,Rx,0,8,B3,8A,00,00,33,FA,28,33,
0,00000288,false,Rx,0,8,E8,33,D5,00,00,75,57,53,
0,00000380,false,Rx,0,8,B0,7F,00,96,20,00,00,FE,
0,00000488,false,Rx,0,8,5F,33,00,72,FE,FF,FF,E0,
0,00000480,false,Rx,0,8,1C,2C,00,00,19,41,00,68,
0,00000284,false,Rx,0,6,00,00,00,00,00,00,00,00,
725000,00000588,false,Rx,0,8,0B,00,72,00,00,80,00,00,
0,00000280,false,Rx,0,8,B3,8A,00,00,33,FA,28,33,
0,00000288,false,Rx,0,8,E8,33,D5,00,00,75,57,53,
0,00000380,false,Rx,0,8,B0,7F,00,96,20,00,00,FE,
0,00000488,false,Rx,0,8,4F,33,00,72,FE,FF,FF,F0,
737000,00000280,false,Rx,0,8,B3,8A,00,00,33,FA,28,33,
0,00000288,false,Rx,0,8,2C,33,D5,00,00,75,57,53,
0,00000380,false,Rx,0,8,B0,7F,00,96,20,00,00,FE,
0,00000488,false,Rx,0,8,40,33,00,72,FE,FF,00,00,
0,00000480,false,Rx,0,8,1C,2C,00,00,19,41,00,68,
0,00000284,false,Rx,0,6,01,01,00,00,00,00,00,00,
0,00000588,false,Rx,0,8,0B,00,72,00,00,80,00,00,
0,00000280,false,Rx,0,8,B3,8A,00,00,33,FA,28,33,
0,00000288,false,Rx,0,8,2C,33,D5,00,00,75,57,53,
0,00000380,false,Rx,0,8,B0,7F,00,96,20,00,00,FE,
0,00000488,false,Rx,0,8,AF,33,00,72,FE,FF,FF,10,
0,00000280,false,Rx,0,8,B3,8A,00,00,33,FA,28,33,
0,00000288,false,Rx,0,8,2C,33,D5,00,00,75,57,53,
0,00000380,false,Rx,0,8,B0,7F,00,96,20,00,00,FE,
0,00000488,false,Rx,0,8,60,33,00,72,FE,FF,00,20,
0,00000480,false,Rx,0,8,1C,2C,00,00,19,41,00,68,
0,00000284,false,Rx,0,6,02,02,00,00,00,00,00,00,
762000,00000588,false,Rx,0,8,0B,00,72,00,00,80,00,00,
0,00000280,false,Rx,0,8,B3,8A,00,00,33,FA,28,33,
0,00000288,false,Rx,0,8,2C,33,D5,00,00,75,57,53,
0,00000380,false,Rx,0,8,B0,7F,00,96,20,00,00,FE,
0,00000488,false,Rx,0,8,70,33,00,72,FE,FF,00,30,
0,00000280,false,Rx,0,8,B3,8A,00,00,33,FA,28,33,
0,00000288,false,Rx,0,8,64,33,D5,00,00,75,57,53,
0,00000380,false,Rx,0,8,B0,7F,00,96,20,00,00,FE,
0,00000488,false,Rx,0,8,00,33,00,72,FE,FF,00,40,
0,00000480,false,Rx,0,8,1C,2C,00,00,19,41,00,68,
0,00000284,false,Rx,0,6,03,03,00,00,00,00,00,00,
0,00000588,false,Rx,0,8,0B,00,72,00,00,80,00,00,
0,00000280,false,Rx,0,8,B3,8A,00,00,33,FA,28,33,
0,00000288,false,Rx,0,8,64,33,D5,00,00,75,57,53,
0,00000380,false,Rx,0,8,B0,7F,00,96,20,00,00,FE,
0,00000488,false,Rx,0,8,EF,33,00,72,FE,FF,FF,50,
0,00000280,false,Rx,0,8,B3,8A,00,00,33,FA,28,33,
0,00000288,false,Rx,0,8,64,33,D5,00,00,75,57,53,
0,00000380,false,Rx,0,8,B0,7F,00,96,20,00,00,FE,
0,00000488,false,Rx,0,8,DF,33,00,72,FE,FF,FF,60,
0,00000480,false,Rx,0,8,54,2C,00,00,19,41,00,20,
0,00000284,false,Rx,0,6,04,04,00,00,00,00,00,00,
0,00000588,false,Rx,0,8,0B,00,72,00,00,80,00,00,
0,00000280,false,Rx,0,8,B3,8A,00,00,33,FA,28,33,
0,00000288,false,Rx,0,8,64,33,D5,00,00,75,57,53,
0,00000380,false,Rx,0,8,B0,7F,00,96,20,00,00,FE,
0,00000488,false,Rx,0,8,CF,33,00,72,FE,FF,FF,70,
0,00000280,false,Rx,0,8,B3,8A,00,00,33,FA,28,33,
0,00000288,false,Rx,0,8,8A,33,D5,00,00,75,57,53,
0,00000380,false,Rx,0,8,B0,7F,00,96,20,00,00,FE,
0,00000488,false,Rx,0,8,3F,33,00,72,FE,FF,FF,80,
0,00000480,false,Rx,0,8,54,2C,00,00,19,41,00,20,
0,00000284,false,Rx,0,6,05,05,00,00,00,00,00,00,
0,00000588,false,Rx,0,8,0B,00,72,00,00,80,00,00,
827000,00000280,false,Rx,0,8,B3,8A,00,00,33,FA,28,33,
0,00000288,false,Rx,0,8,8A,33,D5,00,00,75,57,53,
0,00000380,false,Rx,0,8,B0,7F,00,96,20,00,00,FE,
0,00000488,false,Rx,0,8,2F,33,00,72,FE,FF,FF,90,
0,00000280,false,Rx,0,8,B3,8A,00,00,33,FA,28,33,
0,00000288,false,Rx,0,8,8A,33,D5,00,00,75,57,53,
0,00000380,false,Rx,0,8,B0,7F,00,96,20,00,00,FE,
0,00000488,false,Rx,0,8,1F,33,00,72,FE,FF,FF,A0,
0,00000480,false,Rx,0,8,54,2C,00,00,19,41,00,20,
0,00000284,false,Rx,0,6,06,06,00,00,00,00,00,00,
0,00000588,false,Rx,0,8,0B,00,72,00,00,80,00,00,
0,00000280,false,Rx,0,8,B3,8A,00,00,33,FA,28,33,
0,00000288,false,Rx,0,8,8A,33,D5,00,00,75,57,53,
0,00000380,false,Rx,0,8,B0,7F,00,96,20,00,00,FE,
0,00000488,false,Rx,0,8,0F,33,00,72,FE,FF,FF,B0,
0,00000280,false,Rx,0,8,B3,8A,00,00,33,FA,28,33,
0,00000288,false,Rx,0,8,E8,33,D5,00,00,75,57,53,
0,00000380,false,Rx,0,8,B0,7F,00,96,20,00,00,FE,
0,00000488,false,Rx,0,8,7F,33,00,72,FE,FF,FF,C0,
0,00000480,false,Rx,0,8,54,2C,00,00,19,41,00,20,
0,00000284,false,Rx,0,6,07,07,00,00,00,00,00,00,
0,00000588,false,Rx,0,8,0B,00,72,00,00,80,00,00,
0,00000280,false,Rx,0,8,B3,8A,00,00,33,FA,28,33,
0,00000288,false,Rx,0,8,E8,33,D5,00,00,75,57,53,
0,00000380,false,Rx,0,8,B0,7F,00,96,20,00,00,FE,
0,00000488,false,Rx,0,8,6F,33,00,72,FE,FF,FF,D0,
0,00000280,false,Rx,0,8,B3,8A,00,00,33,FA,28,33,
0,00000288,false,Rx,0,8,E8,33,D5,00,00,75,57,53,
0,00000380,false,Rx,0,8,B0,7F,00,96,20,00,00,FE,
0,00000488,false,Rx,0,8,5F,33,00,72,FE,FF,FF,E0,
0,00000480,false,Rx,0,8,84,2C,00,00,19,41,00,F0,
0,00000284,false,Rx,0,6,08,08,00,00,00,00,00,00,
885000,00000588,false,Rx,0,8,0B,00,72,00,00,80,00,00,
0,00000280,false,Rx,0,8,B3,8A,00,00,33,FA,28,33,
0,00000288,false,Rx,0,8,E8,33,D5,00,00,75,57,53,
0,00000380,false,Rx,0,8,B0,7F,00,96,20,00,00,FE,
893000,00000488,false,Rx,0,8,4F,33,00,72,FE,FF,FF,F0,
0,00000280,false,Rx,0,8,B3,8A,00,00,33,FA,28,33,
0,00000288,false,Rx,0,8,2C,33,D5,00,00,75,57,53,
0,00000380,false,Rx,0,8,B0,7F,00,96,20,00,00,FE,
0,00000488,false,Rx,0,8,40,33,00,72,FE,FF,00,00,
0,00000480,false,Rx,0,8,84,2C,00,00,19,41,00,F0,
0,00000284,false,Rx,0,6,09,09,00,00,00,00,00,00,
905000,00000588,false,Rx,0,8,0B,00,72,00,00,80,00,00,
0,00000280,false,Rx,0,8,B3,8A,00,00,33,FA,28,33,
0,00000288,false,Rx,0,8,2C,33,D5,00,00,75,57,53,
0,00000380,false,Rx,0,8,B0,7F,00,96,20,00,00,FE,
0,00000488,false,Rx,0,8,AF,33,00,72,FE,FF,FF,10,
0,00000280,false,Rx,0,8,B3,8A,00,00,33,FA,28,33,
0,00000288,false,Rx,0,8,2C,33,D5,00,00,75,57,53,
0,00000380,false,Rx,0,8,B0,7F,00,96,20,00,00,FE,
0,00000488,false,Rx,0,8,60,33,00,72,FE,FF,00,20,
0,00000480,false,Rx,0,8,84,2C,00,00,19,41,00,F0,
0,00000284,false,Rx,0,6,0A,0A,00,00,00,00,00,00,
926000,00000588,false,Rx,0,8,0B,00,72,00,00,80,00,00,
0,00000280,false,Rx,0,8,B3,8A,00,00,33,FA,28,33,
0,00000288,false,Rx,0,8,2C,33,D5,00,00,75,57,53,
0,00000380,false,Rx,0,8,B0,7F,00,96,20,00,00,FE,
0,00000488,false,Rx,0,8,70,33,00,72,FE,FF,00,30,
0,00000280,false,Rx,0,8,B3,8A,00,00,33,FA,28,33,
0,00000288,false,Rx,0,8,64,33,D5,00,00,75,57,53,
0,00000380,false,Rx,0,8,B0,7F,00,96,20,00,00,FE,
0,00000488,false,Rx,0,8,00,33,00,72,FE,FF,00,40,
0,00000480,false,Rx,0,8,84,2C,00,00,19,41,00,F0,
0,00000284,false,Rx,0,6,0B,0B,00,00,00,00,00,00,
0,00000588,false,Rx,0,8,0B,00,72,00,00,80,00,00,
0,00000280,false,Rx,0,8,B3,8A,00,00,33,FA,28,33,
0,00000288,false,Rx,0,8,64,33,D5,00,00,75,57,53,
0,00000380,false,Rx,0,8,B0,7F,00,96,20,00,00,FE,
0,00000488,false,Rx,0,8,EF,33,00,72,FE,FF,FF,50,
0,00000280,false,Rx,0,8,B3,8A,00,00,33,FA,28,33,
0,00000288,false,Rx,0,8,64,33,D5,00,00,75,57,53,
0,00000380,false,Rx,0,8,B0,7F,00,96,20,00,00,FE,
0,00000488,false,Rx,0,8,DF,33,00,72,FE,FF,FF,60,
0,00000480,false,Rx,0,8,C2,2C,00,00,19,41,00,B6,
0,00000284,false,Rx,0,6,0C,0C,00,00,00,00,00,00,
962000,00000588,false,Rx,0,8,0B,00,72,00,00,80,00,00,
0,00000280,false,Rx,0,8,B3,8A,00,00,33,FA,28,33,
0,00000288,false,Rx,0,8,64,33,D5,00,00,75,57,53,
0,00000380,false,Rx,0,8,B0,7F,00,96,20,00,00,FE,
0,00000488,false,Rx,0,8,CF,33,00,72,FE,FF,FF,70,
0,00000280,false,Rx,0,8,B3,8A,00,00,33,FA,28,33,
0,00000288,false,Rx,0,8,8A,33,D5,00,00,75,57,53,
0,00000380,false,Rx,0,8,B0,7F,00,96,20,00,00,FE,
0,00000488,false,Rx,0,8,3F,33,00,72,FE,FF,FF,80,
0,00000480,false,Rx,0,8,C2,2C,00,00,19,41,00,B6,
0,00000284,false,Rx,0,6,0D,0D,00,00,00,00,00,00,
0,00000588,false,Rx,0,8,0B,00,72,00,00,80,00,00,
0,00000280,false,Rx,0,8,B3,8A,00,00,33,FA,28,33,
0,00000288,false,Rx,0,8,8A,33,D5,00,00,75,57,53,
0,00000380,false,Rx,0,8,B0,7F,00,96,20,00,00,FE,
0,00000488,false,Rx,0,8,2F,33,00,72,FE,FF,FF,90,
0,00000280,false,Rx,0,8,B3,8A,00,00,33,FA,28,33,
0,00000288,false,Rx,0,8,8A,33,D5,00,00,75,57,53,
0,00000380,false,Rx,0,8,B0,7F,00,96,20,00,00,FE,
0,00000488,false,Rx,0,8,1F,33,00,72,FE,FF,FF,A0,
0,00000480,false,Rx,0,8,C2,2C,00,00,19,41,00,B6,
0,00000284,false,Rx,0,6,0E,0E,00,00,00,00,00,00,
0,00000588,false,Rx,0,8,0B,00,72,00,00,80,00,00,
0,00000280,false,Rx,0,8,B3,8A,00,00,33,FA,28,33,
0,00000288,false,Rx,0,8,8A,33,D5,00,00,75,57,53,
0,00000380,false,Rx,0,8,B0,7F,00,96,20,00,00,FE,
0,00000488,false,Rx,0,8,0F,33,00,72,FE,FF,FF,B0,
0,00000280,false,Rx,0,8,B3,8A,00,00,33,FA,28,33,
0,00000288,false,Rx,0,8,E8,33,D5,00,00,75,57,53,
0,00000380,false,Rx,0,8,B0,7F,00,96,20,00,00,FE,
0,00000488,false,Rx,0,8,7F,33,00,72,FE,FF,FF,C0,
0,00000480,false,Rx,0,8,C2,2C,00,00,19,41,00,B6,
0,00000284,false,Rx,0,6,0F,0F,00,00,00,00,00,00,
0,00000588,false,Rx,0,8,0B,00,72,00,00,80,00,00,
0,00000280,false,Rx,0,8,B3,8A,00,00,33,FA,28,33,
0,00000288,false,Rx,0,8,E8,33,D5,00,00,75,57,53,
0,00000380,false,Rx,0,8,B0,7F,00,96,20,00,00,FE,
0,00000488,false,Rx,0,8,6F,33,00,72,FE,FF,FF,D0,
0,00000280,false,Rx,0,8,B3,8A,00,00,33,FA,28,33,
0,00000288,false,Rx,0,8,E8,33,D5,00,00,75,57,53,
0,00000380,false,Rx,0,8,B0,7F,00,96,20,00,00,FE,
0,00000488,false,Rx,0,8,5F,33,00,72,FE,FF,FF,E0,
0,00000480,false,Rx,0,8,1C,2C,00,00,19,41,00,68,
0,00000284,false,Rx,0,6,00,00,00,00,00,00,00,00,
0,00000588,false,Rx,0,8,0B,00,72,00,00,80,00,00,
0,00000280,false,Rx,0,8,B3,8A,00,00,33,FA,28,33,
0,00000288,false,Rx,0,8,E8,33,D5,00,00,75,57,53,
0,00000380,false,Rx,0,8,B0,7F,00,96,20,00,00,FE,
0,00000488,false,Rx,0,8,4F,33,00,72,FE,FF,FF,F0,
0,00000280,false,Rx,0,8,B3,8A,00,00,33,FA,28,33,
0,00000288,false,Rx,0,8,2C,33,D5,00,00,75,57,53,
0,00000380,false,Rx,0,8,B0,7F,00,96,20,00,00,FE,
0,00000488,false,Rx,0,8,40,33,00,72,FE,FF,00,00,
0,00000480,false,Rx,0,8,1C,2C,00,00,19,41,00,68,
0,00000284,false,Rx,0,6,01,01,00,00,00,00,00,00,
65000,00000588,false,Rx,0,8,0B,00,72,00,00,80,00,00,
0,00000280,false,Rx,0,8,B3,8A,00,00,33,FA,28,33,
0,00000288,false,Rx,0,8,2C,33,D5,00,00,75,57,53,
0,00000380,false,Rx,0,8,B0,7F,00,96,20,00,00,FE,
73000,00000488,false,Rx,0,8,AF,33,00,72,FE,FF,FF,10,
0,00000280,false,Rx,0,8,B3,8A,00,00,33,FA,28,33,
0,00000288,false,Rx,0,8,2C,33,D5,00,00,75,57,53,
0,00000380,false,Rx,0,8,B0,7F,00,96,20,00,00,FE,
0,00000488,false,Rx,0,8,60,33,00,72,FE,FF,00,20,
0,00000480,false,Rx,0,8,1C,2C,00,00,19,41,00,68,
0,00000284,false,Rx,0,6,02,02,00,00,00,00,00,00,
85000,00000588,false,Rx,0,8,0B,00,72,00,00,80,00,00,
0,00000280,false,Rx,0,8,B3,8A,00,00,33,FA,28,33,
0,00000288,false,Rx,0,8,2C,33,D5,00,00,75,57,53,
0,00000380,false,Rx,0,8,B0,7F,00,96,20,00,00,FE,
94000,00000488,false,Rx,0,8,70,33,00,72,FE,FF,00,30,
0,00000280,false,Rx,0,8,B3,8A,00,00,33,FA,28,33,
0,00000288,false,Rx,0,8,64,33,D5,00,00,75,57,53,
0,00000380,false,Rx,0,8,B0,7F,00,96,20,00,00,FE,
0,00000488,false,Rx,0,8,00,33,00,72,FE,FF,00,40,
0,00000480,false,Rx,0,8,1C,2C,00,00,19,41,00,68,
0,00000284,false,Rx,0,6,03,03,00,00,00,00,00,00,
106000,00000588,false,Rx,0,8,0B,00,72,00,00,80,00,00,
0,00000280,false,Rx,0,8,B3,8A,00,00,33,FA,28,33,
0,00000288,false,Rx,0,8,64,33,D5,00,00,75,57,53,
0,00000380,false,Rx,0,8,B0,7F,00,96,20,00,00,FE,
0,00000488,false,Rx,0,8,EF,33,00,72,FE,FF,FF,50,
0,00000280,false,Rx,0,8,B3,8A,00,00,33,FA,28,33,
0,00000288,false,Rx,0,8,64,33,D5,00,00,75,57,53,
0,00000380,false,Rx,0,8,B0,7F,00,96,20,00,00,FE,
0,00000488,false,Rx,0,8,DF,33,00,72,FE,FF,FF,60,
0,00000480,false,Rx,0,8,54,2C,00,00,19,41,00,20,
0,00000284,false,Rx,0,6,04,04,00,00,00,00,00,00,
0,00000588,false,Rx,0,8,0B,00,72,00,00,80,00,00,
0,00000280,false,Rx,0,8,B3,8A,00,00,33,FA,28,33,
0,00000288,false,Rx,0,8,64,33,D5,00,00,75,57,53,
0,00000380,false,Rx,0,8,B0,7F,00,96,20,00,00,FE,
0,00000488,false,Rx,0,8,CF,33,00,72,FE,FF,FF,70,
0,00000280,false,Rx,0,8,B3,8A,00,00,33,FA,28,33,
0,00000288,false,Rx,0,8,8A,33,D5,00,00,75,57,53,
0,00000380,false,Rx,0,8,B0,7F,00,96,20,00,00,FE,
0,00000488,false,Rx,0,8,3F,33,00,72,FE,FF,FF,80,
0,00000480,false,Rx,0,8,54,2C,00,00,19,41,00,20,
0,00000284,false,Rx,0,6,05,05,00,00,00,00,00,00,
143000,00000588,false,Rx,0,8,0B,00,72,00,00,80,00,00,
0,00000280,false,Rx,0,8,B3,8A,00,00,33,FA,28,33,
0,00000288,false,Rx,0,8,8A,33,D5,00,00,75,57,53,
0,00000380,false,Rx,0,8,B0,7F,00,96,20,00,00,FE,
0,00000488,false,Rx,0,8,2F,33,00,72,FE,FF,FF,90,
0,00000280,false,Rx,0,8,B3,8A,00,00,33,FA,28,33,
0,00000288,false,Rx,0,8,8A,33,D5,00,00,75,57,53,
0,00000380,false,Rx,0,8,B0,7F,00,96,20,00,00,FE,
0,00000488,false,Rx,0,8,1F,33,00,72,FE,FF,FF,A0,
0,00000480,false,Rx,0,8,54,2C,00,00,19,41,00,20,
0,00000284,false,Rx,0,6,06,06,00,00,00,00,00,00,
0,00000588,false,Rx,0,8,0B,00,72,00,00,80,00,00,
0,00000280,false,Rx,0,8,B3,8A,00,00,33,FA,28,33,
0,00000288,false,Rx,0,8,8A,33,D5,00,00,75,57,53,
0,00000380,false,Rx,0,8,B0,7F,00,96,20,00,00,FE,
0,00000488,false,Rx,0,8,0F,33,00,72,FE,FF,FF,B0,
0,00000280,false,Rx,0,8,B3,8A,00,00,33,FA,28,33,
0,00000288,false,Rx,0,8,E8,33,D5,00,00,75,57,53,
0,00000380,false,Rx,0,8,B0,7F,00,96,20,00,00,FE,
0,00000488,false,Rx,0,8,7F,33,00,72,FE,FF,FF,C0,
0,00000480,false,Rx,0,8,54,2C,00,00,19,41,00,20,
0,00000284,false,Rx,0,6,07,07,00,00,00,00,00,00,
0,00000588,false,Rx,0,8,0B,00,72,00,00,80,00,00,
0,00000280,false,Rx,0,8,B3,8A,00,00,33,FA,28,33,
0,00000288,false,Rx,0,8,E8,33,D5,00,00,75,57,53,
0,00000380,false,Rx,0,8,B0,7F,00,96,20,00,00,FE,
0,00000488,false,Rx,0,8,6F,33,00,72,FE,FF,FF,D0,
0,00000280,false,Rx,0,8,B3,8A,00,00,33,FA,28,33,
0,00000288,false,Rx,0,8,E8,33,D5,00,00,75,57,53,
0,00000380,false,Rx,0,8,B0,7F,00,96,20,00,00,FE,
0,00000488,false,Rx,0,8,5F,33,00,72,FE,FF,FF,E0,
0,00000480,false,Rx,0,8,84,2C,00,00,19,41,00,F0,
0,00000284,false,Rx,0,6,08,08,00,00,00,00,00,00,
0,00000588,false,Rx,0,8,0B,00,72,00,00,80,00,00,
208000,00000280,false,Rx,0,8,B3,8A,00,00,33,FA,28,33,
0,00000288,false,Rx,0,8,E8,33,D5,00,00,75,57,53,
0,00000380,false,Rx,0,8,B0,7F,00,96,20,00,00,FE,
0,00000488,false,Rx,0,8,4F,33,00,72,FE,FF,FF,F0,
0,00000280,false,Rx,0,8,B3,8A,00,00,33,FA,28,33,
0,00000288,false,Rx,0,8,2C,33,D5,00,00,75,57,53,
0,00000380,false,Rx,0,8,B0,7F,00,96,20,00,00,FE,
0,00000488,false,Rx,0,8,40,33,00,72,FE,FF,00,00,
0,00000480,false,Rx,0,8,84,2C,00,00,19,41,00,F0,
0,00000284,false,Rx,0,6,09,09,00,00,00,00,00,00,
0,00000588,false,Rx,0,8,0B,00,72,00,00,80,00,00,
0,00000280,false,Rx,0,8,B3,8A,00,00,33,FA,28,33,
0,00000288,false,Rx,0,8,2C,33,D5,00,00,75,57,53,
0,00000380,false,Rx,0,8,B0,7F,00,96,20,00,00,FE,
0,00000488,false,Rx,0,8,AF,33,00,72,FE,FF,FF,10,
0,00000280,false,Rx,0,8,B3,8A,00,00,33,FA,28,33,
0,00000288,false,Rx,0,8,2C,33,D5,00,00,75,57,53,
0,00000380,false,Rx,0,8,B0,7F,00,96,20,00,00,FE,
0,00000488,false,Rx,0,8,60,33,00,72,FE,FF,00,20,
0,00000480,false,Rx,0,8,84,2C,00,00,19,41,00,F0,
0,00000284,false,Rx,0,6,0A,0A,00,00,00,00,00,00,
0,00000588,false,Rx,0,8,0B,00,72,00,00,80,00,00,
0,00000280,false,Rx,0,8,B3,8A,00,00,33,FA,28,33,
0,00000288,false,Rx,0,8,2C,33,D5,00,00,75,57,53,
0,00000380,false,Rx,0,8,B0,7F,00,96,20,00,00,FE,
0,00000488,false,Rx,0,8,70,33,00,72,FE,FF,00,30,
0,00000280,false,Rx,0,8,B3,8A,00,00,33,FA,28,33,
0,00000288,false,Rx,0,8,64,33,D5,00,00,75,57,53,
0,00000380,false,Rx,0,8,B0,7F,00,96,20,00,00,FE,
0,00000488,false,Rx,0,8,00,33,00,72,FE,FF,00,40,
0,00000480,false,Rx,0,8,84,2C,00,00,19,41,00,F0,
0,00000284,false,Rx,0,6,0B,0B,00,00,00,00,00,00,
266000,00000588,false,Rx,0,8,0B,00,72,00,00,80,00,00,
0,00000280,false,Rx,0,8,B3,8A,00,00,33,FA,28,33,
0,00000288,false,Rx,0,8,64,33,D5,00,00,75,57,53,
0,00000380,false,Rx,0,8,B0,7F,00,96,20,00,00,FE,
274000,00000488,false,Rx,0,8,EF,33,00,72,FE,FF,FF,50,
0,00000280,false,Rx,0,8,B3,8A,00,00,33,FA,28,33,
0,00000288,false,Rx,0,8,64,33,D5,00,00,75,57,53,
0,00000380,false,Rx,0,8,B0,7F,00,96,20,00,00,FE,
0,00000488,false,Rx,0,8,DF,33,00,72,FE,FF,FF,60,
0,00000480,false,Rx,0,8,C2,2C,00,00,19,41,00,B6,
0,00000284,false,Rx,0,6,0C,0C,00,00,00,00,00,00,
286000,00000588,false,Rx,0,8,0B,00,72,00,00,80,00,00,
0,00000280,false,Rx,0,8,B3,8A,00,00,33,FA,28,33,
0,00000288,false,Rx,0,8,64,33,D5,00,00,75,57,53,
0,00000380,false,Rx,0,8,B0,7F,00,96,20,00,00,FE,
0,00000488,false,Rx,0,8,CF,33,00,72,FE,FF,FF,70,
0,00000280,false,Rx,0,8,B3,8A,00,00,33,FA,28,33,
0,00000288,false,Rx,0,8,8A,33,D5,00,00,75,57,53,
0,00000380,false,Rx,0,8,B0,7F,00,96,20,00,00,FE,
0,00000488,false,Rx,0,8,3F,33,00,72,FE,FF,FF,80,
0,00000480,false,Rx,0,8,C2,2C,00,00,19,41,00,B6,
0,00000284,false,Rx,0,6,0D,0D,00,00,00,00,00,00,
0,00000588,false,Rx,0,8,0B,00,72,00,00,80,00,00,
0,00000280,false,Rx,0,8,B3,8A,00,00,33,FA,28,33,
0,00000288,false,Rx,0,8,8A,33,D5,00,00,75,57,53,
0,00000380,false,Rx,0,8,B0,7F,00,96,20,00,00,FE,
0,00000488,false,Rx,0,8,2F,33,00,72,FE,FF,FF,90,
0,00000280,false,Rx,0,8,B3,8A,00,00,33,FA,28,33,
0,00000288,false,Rx,0,8,8A,33,D5,00,00,75,57,53,
0,00000380,false,Rx,0,8,B0,7F,00,96,20,00,00,FE,
0,00000488,false,Rx,0,8,1F,33,00,72,FE,FF,FF,A0,
0,00000480,false,Rx,0,8,C2,2C,00,00,19,41,00,B6,
0,00000284,false,Rx,0,6,0E,0E,00,00,00,00,00,00,
323000,00000588,false,Rx,0,8,0B,00,72,00,00,80,00,00,
0,00000280,false,Rx,0,8,B3,8A,00,00,33,FA,28,33,
0,00000288,false,Rx,0,8,8A,33,D5,00,00,75,57,53,
0,00000380,false,Rx,0,8,B0,7F,00,96,20,00,00,FE,
0,00000488,false,Rx,0,8,0F,33,00,72,FE,FF,FF,B0,
0,00000280,false,Rx,0,8,B3,8A,00,00,33,FA,28,33,
0,00000288,false,Rx,0,8,E8,33,D5,00,00,75,57,53,
0,00000380,false,Rx,0,8,B0,7F,00,96,20,00,00,FE,
0,00000488,false,Rx,0,8,7F,33,00,72,FE,FF,FF,C0,
0,00000480,false,Rx,0,8,C2,2C,00,00,19,41,00,B6,
0,00000284,false,Rx,0,6,0F,0F,00,00,00,00,00,00,
0,00000588,false,Rx,0,8,0B,00,72,00,00,80,00,00,
0,00000280,false,Rx,0,8,B3,8A,00,00,33,FA,28,33,
0,00000288,false,Rx,0,8,E8,33,D5,00,00,75,57,53,
0,00000380,false,Rx,0,8,B0,7F,00,96,20,00,00,FE,
0,00000488,false,Rx,0,8,6F,33,00,72,FE,FF,FF,D0,
0,00000280,false,Rx,0,8,B3,8A,00,00,33,FA,28,33,
0,00000288,false,Rx,0,8,E8,33,D5,00,00,75,57,53,
0,00000380,false,Rx,0,8,B0,7F,00,96,20,00,00,FE,
0,00000488,false,Rx,0,8,5F,33,00,72,FE,FF,FF,E0,
0,00000480,false,Rx,0,8,1C,2C,00,00,19,41,00,68,
0,00000284,false,Rx,0,6,00,00,00,00,00,00,00,00,
0,00000588,false,Rx,0,8,0B,00,72,00,00,80,00,00,
0,00000280,false,Rx,0,8,B3,8A,00,00,33,FA,28,33,
0,00000288,false,Rx,0,8,E8,33,D5,00,00,75,57,53,
0,00000380,false,Rx,0,8,B0,7F,00,96,20,00,00,FE,
0,00000488,false,Rx,0,8,4F,33,00,72,FE,FF,FF,F0,
0,00000280,false,Rx,0,8,B3,8A,00,00,33,FA,28,33,
0,00000288,false,Rx,0,8,2C,33,D5,00,00,75,57,53,
0,00000380,false,Rx,0,8,B0,7F,00,96,20,00,00,FE,
0,00000488,false,Rx,0,8,40,33,00,72,FE,FF,00,00,
0,00000480,false,Rx,0,8,1C,2C,00,00,19,41,00,68,
0,00000284,false,Rx,0,6,01,01,00,00,00,00,00,00,
0,00000588,false,Rx,0,8,0B,00,72,00,00,80,00,00,
0,00000280,false,Rx,0,8,B3,8A,00,00,33,FA,28,33,
0,00000288,false,Rx,0,8,2C,33,D5,00,00,75,57,53,
0,00000380,false,Rx,0,8,B0,7F,00,96,20,00,00,FE,
0,00000488,false,Rx,0,8,AF,33,00,72,FE,FF,FF,10,
397000,00000580,false,Rx,0,8,82,00,00,14,1C,93,48,14,
0,00000280,false,Rx,0,8,B3,8A,00,00,33,FA,28,33,
0,00000288,false,Rx,0,8,2C,33,D5,00,00,75,57,53,
0,00000380,false,Rx,0,8,B0,7F,00,96,20,00,00,FE,
0,00000488,false,Rx,0,8,60,33,00,72,FE,FF,00,20,
0,00000480,false,Rx,0,8,1C,2C,00,00,19,41,00,68,
0,00000284,false,Rx,0,6,02,02,00,00,00,00,00,00,
0,00000588,false,Rx,0,8,0B,00,72,00,00,80,00,00,
0,00000280,false,Rx,0,8,B3,8A,00,00,33,FA,28,33,
0,00000288,false,Rx,0,8,2C,33,D5,00,00,75,57,53,
0,00000380,false,Rx,0,8,B0,7F,00,96,20,00,00,FE,
0,00000488,false,Rx,0,8,70,33,00,72,FE,FF,00,30,
0,00000280,false,Rx,0,8,B3,8A,00,00,33,FA,28,33,
0,00000288,false,Rx,0,8,64,33,D5,00,00,75,57,53,
0,00000380,false,Rx,0,8,B0,7F,00,96,20,00,00,FE,
0,00000488,false,Rx,0,8,00,33,00,72,FE,FF,00,40,
0,00000480,false,Rx,0,8,1C,2C,00,00,19,41,00,68,
0,00000284,false,Rx,0,6,03,03,00,00,00,00,00,00,
0,00000588,false,Rx,0,8,0B,00,72,00,00,80,00,00,
0,00000280,false,Rx,0,8,B3,8A,00,00,33,FA,28,33,
0,00000288,false,Rx,0,8,64,33,D5,00,00,75,57,53,
0,00000380,false,Rx,0,8,B0,7F,00,96,20,00,00,FE,
0,00000488,false,Rx,0,8,EF,33,00,72,FE,FF,FF,50,
0,00000280,false,Rx,0,8,B3,8A,00,00,33,FA,28,33,
0,00000288,false,Rx,0,8,64,33,D5,00,00,75,57,53,
0,00000380,false,Rx,0,8,B0,7F,00,96,20,00,00,FE,
0,00000488,false,Rx,0,8,DF,33,00,72,FE,FF,FF,60,
0,00000480,false,Rx,0,8,54,2C,00,00,19,41,00,20,
0,00000284,false,Rx,0,6,04,04,00,00,00,00,00,00,
446000,00000588,false,Rx,0,8,0B,00,72,00,00,80,00,00,
0,00000280,false,Rx,0,8,B3,8A,00,00,33,FA,28,33,
0,00000288,false,Rx,0,8,64,33,D5,00,00,75,57,53,
0,00000380,false,Rx,0,8,B0,7F,00,96,20,00,00,FE,
454000,00000488,false,Rx,0,8,CF,33,00,72,FE,FF,FF,70,
0,00000280,false,Rx,0,8,B3,8A,00,00,33,FA,28,33,
0,00000288,false,Rx,0,8,8A,33,D5,00,00,75,57,53,
0,00000380,false,Rx,0,8,B0,7F,00,96,20,00,00,FE,
0,00000488,false,Rx,0,8,3F,33,00,72,FE,FF,FF,80,
0,00000480,false,Rx,0,8,54,2C,00,00,19,41,00,20,
0,00000284,false,Rx,0,6,05,05,00,00,00,00,00,00,
466000,00000588,false,Rx,0,8,0B,00,72,00,00,80,00,00,
0,00000280,false,Rx,0,8,B3,8A,00,00,33,FA,28,33,
0,00000288,false,Rx,0,8,8A,33,D5,00,00,75,57,53,
0,00000380,false,Rx,0,8,B0,7F,00,96,20,00,00,FE,
474000,00000488,false,Rx,0,8,2F,33,00,72,FE,FF,FF,90,
0,00000280,false,Rx,0,8,B3,8A,00,00,33,FA,28,33,
0,00000288,false,Rx,0,8,8A,33,D5,00,00,75,57,53,
0,00000380,false,Rx,0,8,B0,7F,00,96,20,00,00,FE,
0,00000488,false,Rx,0,8,1F,33,00,72,FE,FF,FF,A0,
0,00000480,false,Rx,0,8,54,2C,00,00,19,41,00,20,
0,00000284,false,Rx,0,6,06,06,00,00,00,00,00,00,
487000,00000588,false,Rx,0,8,0B,00,72,00,00,80,00,00,
0,00000280,false,Rx,0,8,B3,8A,00,00,33,FA,28,33,
0,00000288,false,Rx,0,8,8A,33,D5,00,00,75,57,53,
0,00000380,false,Rx,0,8,B0,7F,00,96,20,00,00,FE,
0,00000488,false,Rx,0,8,0F,33,00,72,FE,FF,FF,B0,
0,00000280,false,Rx,0,8,B3,8A,00,00,33,FA,28,33,
0,00000288,false,Rx,0,8,E8,33,D5,00,00,75,57,53,
0,00000380,false,Rx,0,8,B0,7F,00,96,20,00,00,FE,
0,00000488,false,Rx,0,8,7F,33,00,72,FE,FF,FF,C0,
0,00000480,false,Rx,0,8,54,2C,00,00,19,41,00,20,
0,00000284,false,Rx,0,6,07,07,00,00,00,00,00,00,
0,00000588,false,Rx,0,8,0B,00,72,00,00,80,00,00,
0,00000280,false,Rx,0,8,B3,8A,00,00,33,FA,28,33,
0,00000288,false,Rx,0,8,E8,33,D5,00,00,75,57,53,
0,00000380,false,Rx,0,8,B0,7F,00,96,20,00,00,FE,
0,00000488,false,Rx,0,8,6F,33,00,72,FE,FF,FF,D0,
0,00000280,false,Rx,0,8,B3,8A,00,00,33,FA,28,33,
0,00000288,false,Rx,0,8,E8,33,D5,00,00,75,57,53,
0,00000380,false,Rx,0,8,B0,7F,00,96,20,00,00,FE,
0,00000488,false,Rx,0,8,5F,33,00,72,FE,FF,FF,E0,
0,00000480,false,Rx,0,8,84,2C,00,00,19,41,00,F0,
0,00000284,false,Rx,0,6,08,08,00,00,00,00,00,00,
524000,00000588,false,Rx,0,8,0B,00,72,00,00,80,00,00,
0,00000280,false,Rx,0,8,B3,8A,00,00,33,FA,28,33,
0,00000288,false,Rx,0,8,E8,33,D5,00,00,75,57,53,
0,00000380,false,Rx,0,8,B0,7F,00,96,20,00,00,FE,
0,00000488,false,Rx,0,8,4F,33,00,72,FE,FF,FF,F0,
0,00000280,false,Rx,0,8,B3,8A,00,00,33,FA,28,33,
0,00000288,false,Rx,0,8,2C,33,D5,00,00,75,57,53,
0,00000380,false,Rx,0,8,B0,7F,00,96,20,00,00,FE,
0,00000488,false,Rx,0,8,40,33,00,72,FE,FF,00,00,
0,00000480,false,Rx,0,8,84,2C,00,00,19,41,00,F0,
0,00000284,false,Rx,0,6,09,09,00,00,00,00,00,00,
0,00000588,false,Rx,0,8,0B,00,72,00,00,80,00,00,
0,00000280,false,Rx,0,8,B3,8A,00,00,33,FA,28,33,
0,00000288,false,Rx,0,8,2C,33,D5,00,00,75,57,53,
0,00000380,false,Rx,0,8,B0,7F,00,96,20,00,00,FE,
0,00000488,false,Rx,0,8,AF,33,00,72,FE,FF,FF,10,
0,00000280,false,Rx,0,8,B3,8A,00,00,33,FA,28,33,
0,00000288,false,Rx,0,8,2C,33,D5,00,00,75,57,53,
0,00000380,false,Rx,0,8,B0,7F,00,96,20,00,00,FE,
0,00000488,false,Rx,0,8,60,33,00,72,FE,FF,00,20,
0,00000480,false,Rx,0,8,84,2C,00,00,19,41,00,F0,
0,00000284,false,Rx,0,6,0A,0A,00,00,00,00,00,00,
0,00000588,false,Rx,0,8,0B,00,72,00,00,80,00,00,
0,00000280,false,Rx,0,8,B3,8A,00,00,33,FA,28,33,
0,00000288,false,Rx,0,8,2C,33,D5,00,00,75,57,53,
0,00000380,false,Rx,0,8,B0,7F,00,96,20,00,00,FE,
0,00000488,false,Rx,0,8,70,33,00,72,FE,FF,00,30,
0,00000280,false,Rx,0,8,B3,8A,00,00,33,FA,28,33,
0,00000288,false,Rx,0,8,64,33,D5,00,00,75,57,53,
0,00000380,false,Rx,0,8,B0,7F,00,96,20,00,00,FE,
0,00000488,false,Rx,0,8,00,33,00,72,FE,FF,00,40,
0,00000480,false,Rx,0,8,84,2C,00,00,19,41,00,F0,
0,00000284,false,Rx,0,6,0B,0B,00,00,00,00,00,00,
0,00000588,false,Rx,0,8,0B,00,72,00,00,80,00,00,
0,00000280,false,Rx,0,8,B3,8A,00,00,33,FA,28,33,
0,00000288,false,Rx,0,8,64,33,D5,00,00,75,57,53,
0,00000380,false,Rx,0,8,B0,7F,00,96,20,00,00,FE,
0,00000488,false,Rx,0,8,EF,33,00,72,FE,FF,FF,50,
0,00000280,false,Rx,0,8,B3,8A,00,00,33,FA,28,33,
0,00000288,false,Rx,0,8,64,33,D5,00,00,75,57,53,
0,00000380,false,Rx,0,8,B0,7F,00,96,20,00,00,FE,
0,00000488,false,Rx,0,8,DF,33,00,72,FE,FF,FF,60,
0,00000480,false,Rx,0,8,C2,2C,00,00,19,41,00,B6,
0,00000284,false,Rx,0,6,0C,0C,00,00,00,00,00,00,
0,00000588,false,Rx,0,8,0B,00,72,00,00,80,00,00,
0,00000280,false,Rx,0,8,B3,8A,00,00,33,FA,28,33,
0,00000288,false,Rx,0,8,64,33,D5,00,00,75,57,53,
0,00000380,false,Rx,0,8,B0,7F,00,96,20,00,00,FE,
0,00000488,false,Rx,0,8,CF,33,00,72,FE,FF,FF,70,
0,00000280,false,Rx,0,8,B3,8A,00,00,33,FA,28,33,
0,00000288,false,Rx,0,8,8A,33,D5,00,00,75,57,53,
0,00000380,false,Rx,0,8,B0,7F,00,96,20,00,00,FE,
0,00000488,false,Rx,0,8,3F,33,00,72,FE,FF,FF,80,
0,00000480,false,Rx,0,8,C2,2C,00,00,19,41,00,B6,
0,00000284,false,Rx,0,6,0D,0D,00,00,00,00,00,00,
626000,00000588,false,Rx,0,8,0B,00,72,00,00,80,00,00,
0,00000280,false,Rx,0,8,B3,8A,00,00,33,FA,28,33,
0,00000288,false,Rx,0,8,8A,33,D5,00,00,75,57,53,
0,00000380,false,Rx,0,8,B0,7F,00,96,20,00,00,FE,
0,00000488,false,Rx,0,8,2F,33,00,72,FE,FF,FF,90,
0,00000280,false,Rx,0,8,B3,8A,00,00,33,FA,28,33,
0,00000288,false,Rx,0,8,8A,33,D5,00,00,75,57,53,
0,00000380,false,Rx,0,8,B0,7F,00,96,20,00,00,FE,
0,00000488,false,Rx,0,8,1F,33,00,72,FE,FF,FF,A0,
0,00000480,false,Rx,0,8,C2,2C,00,00,19,41,00,B6,
0,00000284,false,Rx,0,6,0E,0E,00,00,00,00,00,00,
647000,00000588,false,Rx,0,8,0B,00,72,00,00,80,00,00,
0,00000280,false,Rx,0,8,B3,8A,00,00,33,FA,28,33,
0,00000288,false,Rx,0,8,8A,33,D5,00,00,75,57,53,
0,00000380,false,Rx,0,8,B0,7F,00,96,20,00,00,FE,
655000,00000488,false,Rx,0,8,0F,33,00,72,FE,FF,FF,B0,
0,00000280,false,Rx,0,8,B3,8A,00,00,33,FA,28,33,
0,00000288,false,Rx,0,8,E8,33,D5,00,00,75,57,53,
0,00000380,false,Rx,0,8,B0,7F,00,96,20,00,00,FE,
0,00000488,false,Rx,0,8,7F,33,00,72,FE,FF,FF,C0,
0,00000480,false,Rx,0,8,C2,2C,00,00,19,41,00,B6,
0,00000284,false,Rx,0,6,0F,0F,00,00,00,00,00,00,
667000,00000588,false,Rx,0,8,0B,00,72,00,00,80,00,00,
0,00000280,false,Rx,0,8,B3,8A,00,00,33,FA,28,33,
0,00000288,false,Rx,0,8,E8,33,D5,00,00,75,57,53,
0,00000380,false,Rx,0,8,B0,7F,00,96,20,00,00,FE,
0,00000488,false,Rx,0,8,6F,33,00,72,FE,FF,FF,D0,
680000,00000280,false,Rx,0,8,B3,8A,00,00,33,FA,28,33,
0,00000288,false,Rx,0,8,E8,33,D5,00,00,75,57,53,
0,00000380,false,Rx,0,8,B0,7F,00,96,20,00,00,FE,
0,00000488,false,Rx,0,8,5F,33,00,72,FE,FF,FF,E0,
0,00000480,false,Rx,0,8,1C,2C,00,00,19,41,00,68,
0,00000284,false,Rx,0,6,00,00,00,00,00,00,00,00,
0,00000588,false,Rx,0,8,0B,00,72,00,00,80,00,00,
0,00000280,false,Rx,0,8,B3,8A,00,00,33,FA,28,33,
0,00000288,false,Rx,0,8,E8,33,D5,00,00,75,57,53,
0,00000380,false,Rx,0,8,B0,7F,00,96,20,00,00,FE,
0,00000488,false,Rx,0,8,4F,33,00,72,FE,FF,FF,F0,
0,00000280,false,Rx,0,8,B3,8A,00,00,33,FA,28,33,
0,00000288,false,Rx,0,8,2C,33,D5,00,00,75,57,53,
0,00000380,false,Rx,0,8,B0,7F,00,96,20,00,00,FE,
0,00000488,false,Rx,0,8,40,33,00,72,FE,FF,00,00,
0,00000480,false,Rx,0,8,1C,2C,00,00,19,41,00,68,
0,00000284,false,Rx,0,6,01,01,00,00,00,00,00,00,
704000,00000588,false,Rx,0,8,0B,00,72,00,00,80,00,00,
0,00000280,false,Rx,0,8,B3,8A,00,00,33,FA,28,33,
0,00000288,false,Rx,0,8,2C,33,D5,00,00,75,57,53,
0,00000380,false,Rx,0,8,B0,7F,00,96,20,00,00,FE,
0,00000488,false,Rx,0,8,AF,33,00,72,FE,FF,FF,10,
0,00000280,false,Rx,0,8,B3,8A,00,00,33,FA,28,33,
0,00000288,false,Rx,0,8,2C,33,D5,00,00,75,57,53,
0,00000380,false,Rx,0,8,B0,7F,00,96,20,00,00,FE,
0,00000488,false,Rx,0,8,60,33,00,72,FE,FF,00,20,
0,00000480,false,Rx,0,8,1C,2C,00,00,19,41,00,68,
0,00000284,false,Rx,0,6,02,02,00,00,00,00,00,00,
0,00000588,false,Rx,0,8,0B,00,72,00,00,80,00,00,
0,00000280,false,Rx,0,8,B3,8A,00,00,33,FA,28,33,
0,00000288,false,Rx,0,8,2C,33,D5,00,00,75,57,53,
0,00000380,false,Rx,0,8,B0,7F,00,96,20,00,00,FE,
0,00000488,false,Rx,0,8,70,33,00,72,FE,FF,00,30,
0,00000280,false,Rx,0,8,B3,8A,00,00,33,FA,28,33,
0,00000288,false,Rx,0,8,64,33,D5,00,00,75,57,53,
0,00000380,false,Rx,0,8,B0,7F,00,96,20,00,00,FE,
0,00000488,false,Rx,0,8,00,33,00,72,FE,FF,00,40,
0,00000480,false,Rx,0,8,1C,2C,00,00,19,41,00,68,
0,00000284,false,Rx,0,6,03,03,00,00,00,00,00,00,
0,00000588,false,Rx,0,8,0B,00,72,00,00,80,00,00,
0,00000280,false,Rx,0,8,B3,8A,00,00,33,FA,28,33,
0,00000288,false,Rx,0,8,64,33,D5,00,00,75,57,53,
0,00000380,false,Rx,0,8,B0,7F,00,96,20,00,00,FE,
0,00000488,false,Rx,0,8,EF,33,00,72,FE,FF,FF,50,
0,00000280,false,Rx,0,8,B3,8A,00,00,33,FA,28,33,
0,00000288,false,Rx,0,8,64,33,D5,00,00,75,57,53,
0,00000380,false,Rx,0,8,B0,7F,00,96,20,00,00,FE,
0,00000488,false,Rx,0,8,DF,33,00,72,FE,FF,FF,60,
0,00000480,false,Rx,0,8,54,2C,00,00,19,41,00,20,
0,00000284,false,Rx,0,6,04,04,00,00,00,00,00,00,
0,00000588,false,Rx,0,8,0B,00,72,00,00,80,00,00,
0,00000280,false,Rx,0,8,B3,8A,00,00,33,FA,28,33,
0,00000288,false,Rx,0,8,64,33,D5,00,00,75,57,53,
0,00000380,false,Rx,0,8,B0,7F,00,96,20,00,00,FE,
0,00000488,false,Rx,0,8,CF,33,00,72,FE,FF,FF,70,
0,00000280,false,Rx,0,8,B3,8A,00,00,33,FA,28,33,
0,00000288,false,Rx,0,8,8A,33,D5,00,00,75,57,53,
0,00000380,false,Rx,0,8,B0,7F,00,96,20,00,00,FE,
0,00000488,false,Rx,0,8,3F,33,00,72,FE,FF,FF,80,
0,00000480,false,Rx,0,8,54,2C,00,00,19,41,00,20,
0,00000284,false,Rx,0,6,05,05,00,00,00,00,00,00,
0,00000588,false,Rx,0,8,0B,00,72,00,00,80,00,00,
0,00000280,false,Rx,0,8,B3,8A,00,00,33,FA,28,33,
0,00000288,false,Rx,0,8,8A,33,D5,00,00,75,57,53,
0,00000380,false,Rx,0,8,B0,7F,00,96,20,00,00,FE,
0,00000488,false,Rx,0,8,2F,33,00,72,FE,FF,FF,90,
0,00000280,false,Rx,0,8,B3,8A,00,00,33,FA,28,33,
0,00000288,false,Rx,0,8,8A,33,D5,00,00,75,57,53,
0,00000380,false,Rx,0,8,B0,7F,00,96,20,00,00,FE,
0,00000488,false,Rx,0,8,1F,33,00,72,FE,FF,FF,A0,
0,00000480,false,Rx,0,8,54,2C,00,00,19,41,00,20,
0,00000284,false,Rx,0,6,06,06,00,00,00,00,00,00,
0,00000588,false,Rx,0,8,0B,00,72,00,00,80,00,00,
0,00000280,false,Rx,0,8,B3,8A,00,00,33,FA,28,33,
0,00000288,false,Rx,0,8,8A,33,D5,00,00,75,57,53,
0,00000380,false,Rx,0,8,B0,7F,00,96,20,00,00,FE,
0,00000488,false,Rx,0,8,0F,33,00,72,FE,FF,FF,B0,
0,00000280,false,Rx,0,8,B3,8A,00,00,33,FA,28,33,
0,00000288,false,Rx,0,8,E8,33,D5,00,00,75,57,53,
0,00000380,false,Rx,0,8,B0,7F,00,96,20,00,00,FE,
0,00000488,false,Rx,0,8,7F,33,00,72,FE,FF,FF,C0,
0,00000480,false,Rx,0,8,54,2C,00,00,19,41,00,20,
0,00000284,false,Rx,0,6,07,07,00,00,00,00,00,00,
827000,00000588,false,Rx,0,8,0B,00,72,00,00,80,00,00,
0,00000280,false,Rx,0,8,B3,8A,00,00,33,FA,28,33,
0,00000288,false,Rx,0,8,E8,33,D5,00,00,75,57,53,
0,00000380,false,Rx,0,8,B0,7F,00,96,20,00,00,FE,
835000,00000488,false,Rx,0,8,6F,33,00,72,FE,FF,FF,D0,
0,00000280,false,Rx,0,8,B3,8A,00,00,33,FA,28,33,
0,00000288,false,Rx,0,8,E8,33,D5,00,00,75,57,53,
0,00000380,false,Rx,0,8,B0,7F,00,96,20,00,00,FE,
0,00000488,false,Rx,0,8,5F,33,00,72,FE,FF,FF,E0,
0,00000480,false,Rx,0,8,84,2C,00,00,19,41,00,F0,
0,00000284,false,Rx,0,6,08,08,00,00,00,00,00,00,
847000,00000588,false,Rx,0,8,0B,00,72,00,00,80,00,00,
0,00000280,false,Rx,0,8,B3,8A,00,00,33,FA,28,33,
0,00000288,false,Rx,0,8,E8,33,D5,00,00,75,57,53,
0,00000380,false,Rx,0,8,B0,7F,00,96,20,00,00,FE,
0,00000488,false,Rx,0,8,4F,33,00,72,FE,FF,FF,F0,
0,00000280,false,Rx,0,8,B3,8A,00,00,33,FA,28,33,
0,00000288,false,Rx,0,8,2C,33,D5,00,00,75,57,53,
0,00000380,false,Rx,0,8,B0,7F,00,96,20,00,00,FE,
0,00000488,false,Rx,0,8,40,33,00,72,FE,FF,00,00,
0,00000480,false,Rx,0,8,84,2C,00,00,19,41,00,F0,
0,00000284,false,Rx,0,6,09,09,00,00,00,00,00,00,
868000,00000588,false,Rx,0,8,0B,00,72,00,00,80,00,00,
0,00000280,false,Rx,0,8,B3,8A,00,00,33,FA,28,33,
0,00000288,false,Rx,0,8,2C,33,D5,00,00,75,57,53,
0,00000380,false,Rx,0,8,B0,7F,00,96,20,00,00,FE,
0,00000488,false,Rx,0,8,AF,33,00,72,FE,FF,FF,10,
0,00000280,false,Rx,0,8,B3,8A,00,00,33,FA,28,33,
0,00000288,false,Rx,0,8,2C,33,D5,00,00,75,57,53,
0,00000380,false,Rx,0,8,B0,7F,00,96,20,00,00,FE,
0,00000488,false,Rx,0,8,60,33,00,72,FE,FF,00,20,
0,00000480,false,Rx,0,8,84,2C,00,00,19,41,00,F0,
0,00000284,false,Rx,0,6,0A,0A,00,00,00,00,00,00,
884000,00000588,false,Rx,0,8,0B,00,72,00,00,80,00,00,
0,00000280,false,Rx,0,8,B3,8A,00,00,33,FA,28,33,
0,00000288,false,Rx,0,8,2C,33,D5,00,00,75,57,53,
0,00000380,false,Rx,0,8,B0,7F,00,96,20,00,00,FE,
0,00000488,false,Rx,0,8,70,33,00,72,FE,FF,00,30,
0,00000280,false,Rx,0,8,B3,8A,00,00,33,FA,28,33,
0,00000288,false,Rx,0,8,64,33,D5,00,00,75,57,53,
0,00000380,false,Rx,0,8,B0,7F,00,96,20,00,00,FE,
0,00000488,false,Rx,0,8,00,33,00,72,FE,FF,00,40,
0,00000480,false,Rx,0,8,84,2C,00,00,19,41,00,F0,
0,00000284,false,Rx,0,6,0B,0B,00,00,00,00,00,00,
905000,00000588,false,Rx,0,8,0B,00,72,00,00,80,00,00,
0,00000280,false,Rx,0,8,B3,8A,00,00,33,FA,28,33,
0,00000288,false,Rx,0,8,64,33,D5,00,00,75,57,53,
0,00000380,false,Rx,0,8,B0,7F,00,96,20,00,00,FE,
0,00000488,false,Rx,0,8,EF,33,00,72,FE,FF,FF,50,
0,00000280,false,Rx,0,8,B3,8A,00,00,33,FA,28,33,
0,00000288,false,Rx,0,8,64,33,D5,00,00,75,57,53,
0,00000380,false,Rx,0,8,B0,7F,00,96,20,00,00,FE,
0,00000488,false,Rx,0,8,DF,33,00,72,FE,FF,FF,60,
0,00000480,false,Rx,0,8,C2,2C,00,00,19,41,00,B6,
0,00000284,false,Rx,0,6,0C,0C,00,00,00,00,00,00,
0,00000588,false,Rx,0,8,0B,00,72,00,00,80,00,00,
0,00000280,false,Rx,0,8,B3,8A,00,00,33,FA,28,33,
0,00000288,false,Rx,0,8,64,33,D5,00,00,75,57,53,
0,00000380,false,Rx,0,8,B0,7F,00,96,20,00,00,FE,
0,00000488,false,Rx,0,8,CF,33,00,72,FE,FF,FF,70,
0,00000280,false,Rx,0,8,B3,8A,00,00,33,FA,28,33,
0,00000288,false,Rx,0,8,8A,33,D5,00,00,75,57,53,
0,00000380,false,Rx,0,8,B0,7F,00,96,20,00,00,FE,
0,00000488,false,Rx,0,8,3F,33,00,72,FE,FF,FF,80,
0,00000480,false,Rx,0,8,C2,2C,00,00,19,41,00,B6,
0,00000284,false,Rx,0,6,0D,0D,00,00,00,00,00,00,
0,00000588,false,Rx,0,8,0B,00,72,00,00,80,00,00,
0,00000280,false,Rx,0,8,B3,8A,00,00,33,FA,28,33,
0,00000288,false,Rx,0,8,8A,33,D5,00,00,75,57,53,
0,00000380,false,Rx,0,8,B0,7F,00,96,20,00,00,FE,
0,00000488,false,Rx,0,8,2F,33,00,72,FE,FF,FF,90,
0,00000280,false,Rx,0,8,B3,8A,00,00,33,FA,28,33,
0,00000288,false,Rx,0,8,8A,33,D5,00,00,75,57,53,
0,00000380,false,Rx,0,8,B0,7F,00,96,20,00,00,FE,
0,00000488,false,Rx,0,8,1F,33,00,72,FE,FF,FF,A0,
0,00000480,false,Rx,0,8,C2,2C,00,00,19,41,00,B6,
0,00000284,false,Rx,0,6,0E,0E,00,00,00,00,00,00,
0,00000588,false,Rx,0,8,0B,00,72,00,00,80,00,00,
0,00000280,false,Rx,0,8,B3,8A,00,00,33,FA,28,33,
0,00000288,false,Rx,0,8,8A,33,D5,00,00,75,57,53,
0,00000380,false,Rx,0,8,B0,7F,00,96,20,00,00,FE,
0,00000488,false,Rx,0,8,0F,33,00,72,FE,FF,FF,B0,
0,00000280,false,Rx,0,8,B3,8A,00,00,33,FA,28,33,
0,00000288,false,Rx,0,8,E8,33,D5,00,00,75,57,53,
0,00000380,false,Rx,0,8,B0,7F,00,96,20,00,00,FE,
0,00000488,false,Rx,0,8,7F,33,00,72,FE,FF,FF,C0,
0,00000480,false,Rx,0,8,C2,2C,00,00,19,41,00,B6,
0,00000284,false,Rx,0,6,0F,0F,00,00,00,00,00,00,
0,00000588,false,Rx,0,8,0B,00,72,00,00,80,00,00,
0,00000280,false,Rx,0,8,B3,8A,00,00,33,FA,28,33,
0,00000288,false,Rx,0,8,E8,33,D5,00,00,75,57,53,
0,00000380,false,Rx,0,8,B0,7F,00,96,20,00,00,FE,
0,00000488,false,Rx,0,8,6F,33,00,72,FE,FF,FF,D0,
0,00000280,false,Rx,0,8,B3,8A,00,00,33,FA,28,33,
0,00000288,false,Rx,0,8,E8,33,D5,00,00,75,57,53,
0,00000380,false,Rx,0,8,B0,7F,00,96,20,00,00,FE,
0,00000488,false,Rx,0,8,5F,33,00,72,FE,FF,FF,E0,
0,00000480,false,Rx,0,8,1C,2C,00,00,19,41,00,68,
0,00000284,false,Rx,0,6,00,00,00,00,00,00,00,00,
7000,00000588,false,Rx,0,8,0B,00,72,00,00,80,00,00,
0,00000280,false,Rx,0,8,B3,8A,00,00,33,FA,28,33,
0,00000288,false,Rx,0,8,E8,33,D5,00,00,75,57,53,
0,00000380,false,Rx,0,8,B0,7F,00,96,20,00,00,FE,
15000,00000488,false,Rx,0,8,4F,33,00,72,FE,FF,FF,F0,
0,00000280,false,Rx,0,8,B3,8A,00,00,33,FA,28,33,
0,00000288,false,Rx,0,8,2C,33,D5,00,00,75,57,53,
0,00000380,false,Rx,0,8,B0,7F,00,96,20,00,00,FE,
0,00000488,false,Rx,0,8,40,33,00,72,FE,FF,00,00,
0,00000480,false,Rx,0,8,1C,2C,00,00,19,41,00,68,
0,00000284,false,Rx,0,6,01,01,00,00,00,00,00,00,
28000,00000588,false,Rx,0,8,0B,00,72,00,00,80,00,00,
0,00000280,false,Rx,0,8,B3,8A,00,00,33,FA,28,33,
0,00000288,false,Rx,0,8,2C,33,D5,00,00,75,57,53,
0,00000380,false,Rx,0,8,B0,7F,00,96,20,00,00,FE,
36000,00000488,false,Rx,0,8,AF,33,00,72,FE,FF,FF,10,
0,00000280,false,Rx,0,8,B3,8A,00,00,33,FA,28,33,
0,00000288,false,Rx,0,8,2C,33,D5,00,00,75,57,53,
0,00000380,false,Rx,0,8,B0,7F,00,96,20,00,00,FE,
0,00000488,false,Rx,0,8,60,33,00,72,FE,FF,00,20,
0,00000480,false,Rx,0,8,1C,2C,00,00,19,41,00,68,
0,00000284,false,Rx,0,6,02,02,00,00,00,00,00,00,
48000,00000588,false,Rx,0,8,0B,00,72,00,00,80,00,00,
0,00000280,false,Rx,0,8,B3,8A,00,00,33,FA,28,33,
0,00000288,false,Rx,0,8,2C,33,D5,00,00,75,57,53,
0,00000380,false,Rx,0,8,B0,7F,00,96,20,00,00,FE,
0,00000488,false,Rx,0,8,70,33,00,72,FE,FF,00,30,
0,00000280,false,Rx,0,8,B3,8A,00,00,33,FA,28,33,
0,00000288,false,Rx,0,8,64,33,D5,00,00,75,57,53,
0,00000380,false,Rx,0,8,B0,7F,00,96,20,00,00,FE,
0,00000488,false,Rx,0,8,00,33,00,72,FE,FF,00,40,
0,00000480,false,Rx,0,8,1C,2C,00,00,19,41,00,68,
0,00000284,false,Rx,0,6,03,03,00,00,00,00,00,00,
0,00000588,false,Rx,0,8,0B,00,72,00,00,80,00,00,
0,00000280,false,Rx,0,8,B3,8A,00,00,33,FA,28,33,
0,00000288,false,Rx,0,8,64,33,D5,00,00,75,57,53,
0,00000380,false,Rx,0,8,B0,7F,00,96,20,00,00,FE,
0,00000488,false,Rx,0,8,EF,33,00,72,FE,FF,FF,50,
0,00000280,false,Rx,0,8,B3,8A,00,00,33,FA,28,33,
0,00000288,false,Rx,0,8,64,33,D5,00,00,75,57,53,
0,00000380,false,Rx,0,8,B0,7F,00,96,20,00,00,FE,
0,00000488,false,Rx,0,8,DF,33,00,72,FE,FF,FF,60,
0,00000480,false,Rx,0,8,54,2C,00,00,19,41,00,20,
0,00000284,false,Rx,0,6,04,04,00,00,00,00,00,00,
85000,00000588,false,Rx,0,8,0B,00,72,00,00,80,00,00,
0,00000280,false,Rx,0,8,B3,8A,00,00,33,FA,28,33,
0,00000288,false,Rx,0,8,64,33,D5,00,00,75,57,53,
0,00000380,false,Rx,0,8,B0,7F,00,96,20,00,00,FE,
0,00000488,false,Rx,0,8,CF,33,00,72,FE,FF,FF,70,
0,00000280,false,Rx,0,8,B3,8A,00,00,33,FA,28,33,
0,00000288,false,Rx,0,8,8A,33,D5,00,00,75,57,53,
0,00000380,false,Rx,0,8,B0,7F,00,96,20,00,00,FE,
0,00000488,false,Rx,0,8,3F,33,00,72,FE,FF,FF,80,
0,00000480,false,Rx,0,8,54,2C,00,00,19,41,00,20,
0,00000284,false,Rx,0,6,05,05,00,00,00,00,00,00,
0,00000588,false,Rx,0,8,0B,00,72,00,00,80,00,00,
0,00000280,false,Rx,0,8,B3,8A,00,00,33,FA,28,33,
0,00000288,false,Rx,0,8,8A,33,D5,00,00,75,57,53,
0,00000380,false,Rx,0,8,B0,7F,00,96,20,00,00,FE,
0,00000488,false,Rx,0,8,2F,33,00,72,FE,FF,FF,90,
0,00000280,false,Rx,0,8,B3,8A,00,00,33,FA,28,33,
0,00000288,false,Rx,0,8,8A,33,D5,00,00,75,57,53,
0,00000380,false,Rx,0,8,B0,7F,00,96,20,00,00,FE,
0,00000488,false,Rx,0,8,1F,33,00,72,FE,FF,FF,A0,
0,00000480,false,Rx,0,8,54,2C,00,00,19,41,00,20,
0,00000284,false,Rx,0,6,06,06,00,00,00,00,00,00,
0,00000588,false,Rx,0,8,0B,00,72,00,00,80,00,00,
0,00000280,false,Rx,0,8,B3,8A,00,00,33,FA,28,33,
0,00000288,false,Rx,0,8,8A,33,D5,00,00,75,57,53,
0,00000380,false,Rx,0,8,B0,7F,00,96,20,00,00,FE,
0,00000488,false,Rx,0,8,0F,33,00,72,FE,FF,FF,B0,
0,00000280,false,Rx,0,8,B3,8A,00,00,33,FA,28,33,
0,00000288,false,Rx,0,8,E8,33,D5,00,00,75,57,53,
0,00000380,false,Rx,0,8,B0,7F,00,96,20,00,00,FE,
0,00000488,false,Rx,0,8,7F,33,00,72,FE,FF,FF,C0,
0,00000480,false,Rx,0,8,54,2C,00,00,19,41,00,20,
0,00000284,false,Rx,0,6,07,07,00,00,00,00,00,00,
0,00000588,false,Rx,0,8,0B,00,72,00,00,80,00,00,
151000,00000280,false,Rx,0,8,B3,8A,00,00,33,FA,28,33,
0,00000288,false,Rx,0,8,E8,33,D5,00,00,75,57,53,
0,00000380,false,Rx,0,8,B0,7F,00,96,20,00,00,FE,
0,00000488,false,Rx,0,8,6F,33,00,72,FE,FF,FF,D0,
0,00000280,false,Rx,0,8,B3,8A,00,00,33,FA,28,33,
0,00000288,false,Rx,0,8,E8,33,D5,00,00,75,57,53,
0,00000380,false,Rx,0,8,B0,7F,00,96,20,00,00,FE,
0,00000488,false,Rx,0,8,5F,33,00,72,FE,FF,FF,E0,
0,00000480,false,Rx,0,8,84,2C,00,00,19,41,00,F0,
0,00000284,false,Rx,0,6,08,08,00,00,00,00,00,00,
0,00000588,false,Rx,0,8,0B,00,72,00,00,80,00,00,
0,00000280,false,Rx,0,8,B3,8A,00,00,33,FA,28,33,
0,00000288,false,Rx,0,8,E8,33,D5,00,00,75,57,53,
0,00000380,false,Rx,0,8,B0,7F,00,96,20,00,00,FE,
0,00000488,false,Rx,0,8,4F,33,00,72,FE,FF,FF,F0,
0,00000280,false,Rx,0,8,B3,8A,00,00,33,FA,28,33,
0,00000288,false,Rx,0,8,2C,33,D5,00,00,75,57,53,
0,00000380,false,Rx,0,8,B0,7F,00,96,20,00,00,FE,
0,00000488,false,Rx,0,8,40,33,00,72,FE,FF,00,00,
0,00000480,false,Rx,0,8,84,2C,00,00,19,41,00,F0,
0,00000284,false,Rx,0,6,09,09,00,00,00,00,00,00,
0,00000588,false,Rx,0,8,0B,00,72,00,00,80,00,00,
0,00000280,false,Rx,0,8,B3,8A,00,00,33,FA,28,33,
0,00000288,false,Rx,0,8,2C,33,D5,00,00,75,57,53,
0,00000380,false,Rx,0,8,B0,7F,00,96,20,00,00,FE,
0,00000488,false,Rx,0,8,AF,33,00,72,FE,FF,FF,10,
0,00000280,false,Rx,0,8,B3,8A,00,00,33,FA,28,33,
0,00000288,false,Rx,0,8,2C,33,D5,00,00,75,57,53,
0,00000380,false,Rx,0,8,B0,7F,00,96,20,00,00,FE,
0,00000488,false,Rx,0,8,60,33,00,72,FE,FF,00,20,
0,00000480,false,Rx,0,8,84,2C,00,00,19,41,00,F0,
0,00000284,false,Rx,0,6,0A,0A,00,00,00,00,00,00,
208000,00000588,false,Rx,0,8,0B,00,72,00,00,80,00,00,
0,00000280,false,Rx,0,8,B3,8A,00,00,33,FA,28,33,
0,00000288,false,Rx,0,8,2C,33,D5,00,00,75,57,53,
0,00000380,false,Rx,0,8,B0,7F,00,96,20,00,00,FE,
216000,00000488,false,Rx,0,8,70,33,00,72,FE,FF,00,30,
0,00000280,false,Rx,0,8,B3,8A,00,00,33,FA,28,33,
0,00000288,false,Rx,0,8,64,33,D5,00,00,75,57,53,
0,00000380,false,Rx,0,8,B0,7F,00,96,20,00,00,FE,
0,00000488,false,Rx,0,8,00,33,00,72,FE,FF,00,40,
0,00000480,false,Rx,0,8,84,2C,00,00,19,41,00,F0,
0,00000284,false,Rx,0,6,0B,0B,00,00,00,00,00,00,
228000,00000588,false,Rx,0,8,0B,00,72,00,00,80,00,00,
0,00000280,false,Rx,0,8,B3,8A,00,00,33,FA,28,33,
0,00000288,false,Rx,0,8,64,33,D5,00,00,75,57,53,
0,00000380,false,Rx,0,8,B0,7F,00,96,20,00,00,FE,
0,00000488,false,Rx,0,8,EF,33,00,72,FE,FF,FF,50,
0,00000280,false,Rx,0,8,B3,8A,00,00,33,FA,28,33,
0,00000288,false,Rx,0,8,64,33,D5,00,00,75,57,53,
0,00000380,false,Rx,0,8,B0,7F,00,96,20,00,00,FE,
0,00000488,false,Rx,0,8,DF,33,00,72,FE,FF,FF,60,
0,00000480,false,Rx,0,8,C2,2C,00,00,19,41,00,B6,
0,00000284,false,Rx,0,6,0C,0C,00,00,00,00,00,00,
0,00000588,false,Rx,0,8,0B,00,72,00,00,80,00,00,
0,00000280,false,Rx,0,8,B3,8A,00,00,33,FA,28,33,
0,00000288,false,Rx,0,8,64,33,D5,00,00,75,57,53,
0,00000380,false,Rx,0,8,B0,7F,00,96,20,00,00,FE,
0,00000488,false,Rx,0,8,CF,33,00,72,FE,FF,FF,70,
0,00000280,false,Rx,0,8,B3,8A,00,00,33,FA,28,33,
0,00000288,false,Rx,0,8,8A,33,D5,00,00,75,57,53,
0,00000380,false,Rx,0,8,B0,7F,00,96,20,00,00,FE,
0,00000488,false,Rx,0,8,3F,33,00,72,FE,FF,FF,80,
0,00000480,false,Rx,0,8,C2,2C,00,00,19,41,00,B6,
0,00000284,false,Rx,0,6,0D,0D,00,00,00,00,00,00,
0,00000588,false,Rx,0,8,0B,00,72,00,00,80,00,00,
0,00000280,false,Rx,0,8,B3,8A,00,00,33,FA,28,33,
0,00000288,false,Rx,0,8,8A,33,D5,00,00,75,57,53,
0,00000380,false,Rx,0,8,B0,7F,00,96,20,00,00,FE,
0,00000488,false,Rx,0,8,2F,33,00,72,FE,FF,FF,90,
0,00000280,false,Rx,0,8,B3,8A,00,00,33,FA,28,33,
0,00000288,false,Rx,0,8,8A,33,D5,00,00,75,57,53,
0,00000380,false,Rx,0,8,B0,7F,00,96,20,00,00,FE,
0,00000488,false,Rx,0,8,1F,33,00,72,FE,FF,FF,A0,
0,00000480,false,Rx,0,8,C2,2C,00,00,19,41,00,B6,
0,00000284,false,Rx,0,6,0E,0E,00,00,00,00,00,00,
0,00000588,false,Rx,0,8,0B,00,72,00,00,80,00,00,
0,00000280,false,Rx,0,8,B3,8A,00,00,33,FA,28,33,
0,00000288,false,Rx,0,8,8A,33,D5,00,00,75,57,53,
0,00000380,false,Rx,0,8,B0,7F,00,96,20,00,00,FE,
0,00000488,false,Rx,0,8,0F,33,00,72,FE,FF,FF,B0,
0,00000280,false,Rx,0,8,B3,8A,00,00,33,FA,28,33,
0,00000288,false,Rx,0,8,E8,33,D5,00,00,75,57,53,
0,00000380,false,Rx,0,8,B0,7F,00,96,20,00,00,FE,
0,00000488,false,Rx,0,8,7F,33,00,72,FE,FF,FF,C0,
0,00000480,false,Rx,0,8,C2,2C,00,00,19,41,00,B6,
0,00000284,false,Rx,0,6,0F,0F,00,00,00,00,00,00,
0,00000588,false,Rx,0,8,0B,00,72,00,00,80,00,00,
0,00000280,false,Rx,0,8,B3,8A,00,00,33,FA,28,33,
0,00000288,false,Rx,0,8,E8,33,D5,00,00,75,57,53,
0,00000380,false,Rx,0,8,B0,7F,00,96,20,00,00,FE,
0,00000488,false,Rx,0,8,6F,33,00,72,FE,FF,FF,D0,
0,00000280,false,Rx,0,8,B3,8A,00,00,33,FA,28,33,
0,00000288,false,Rx,0,8,E8,33,D5,00,00,75,57,53,
0,00000380,false,Rx,0,8,B0,7F,00,96,20,00,00,FE,
0,00000488,false,Rx,0,8,5F,33,00,72,FE,FF,FF,E0,
0,00000480,false,Rx,0,8,1C,2C,00,00,19,41,00,68,
0,00000284,false,Rx,0,6,00,00,00,00,00,00,00,00,
0,00000588,false,Rx,0,8,0B,00,72,00,00,80,00,00,
0,00000280,false,Rx,0,8,B3,8A,00,00,33,FA,28,33,
0,00000288,false,Rx,0,8,E8,33,D5,00,00,75,57,53,
0,00000380,false,Rx,0,8,B0,7F,00,96,20,00,00,FE,
0,00000488,false,Rx,0,8,4F,33,00,72,FE,FF,FF,F0,
0,00000280,false,Rx,0,8,B3,8A,00,00,33,FA,28,33,
0,00000288,false,Rx,0,8,2C,33,D5,00,00,75,57,53,
0,00000380,false,Rx,0,8,B0,7F,00,96,20,00,00,FE,
0,00000488,false,Rx,0,8,40,33,00,72,FE,FF,00,00,
0,00000480,false,Rx,0,8,1C,2C,00,00,19,41,00,68,
0,00000284,false,Rx,0,6,01,01,00,00,00,00,00,00,
0,00000588,false,Rx,0,8,0B,00,72,00,00,80,00,00,
0,00000280,false,Rx,0,8,B3,8A,00,00,33,FA,28,33,
0,00000288,false,Rx,0,8,2C,33,D5,00,00,75,57,53,
0,00000380,false,Rx,0,8,B0,7F,00,96,20,00,00,FE,
0,00000488,false,Rx,0,8,AF,33,00,72,FE,FF,FF,10,
0,00000280,false,Rx,0,8,B3,8A,00,00,33,FA,28,33,
0,00000288,false,Rx,0,8,2C,33,D5,00,00,75,57,53,
0,00000380,false,Rx,0,8,B0,7F,00,96,20,00,00,FE,
0,00000488,false,Rx,0,8,60,33,00,72,FE,FF,00,20,
0,00000480,false,Rx,0,8,1C,2C,00,00,19,41,00,68,
0,00000284,false,Rx,0,6,02,02,00,00,00,00,00,00,
0,00000588,false,Rx,0,8,0B,00,72,00,00,80,00,00,
0,00000280,false,Rx,0,8,B3,8A,00,00,33,FA,28,33,
0,00000288,false,Rx,0,8,2C,33,D5,00,00,75,57,53,
0,00000380,false,Rx,0,8,B0,7F,00,96,20,00,00,FE,
0,00000488,false,Rx,0,8,70,33,00,72,FE,FF,00,30,
0,00000280,false,Rx,0,8,B3,8A,00,00,33,FA,28,33,
0,00000288,false,Rx,0,8,64,33,D5,00,00,75,57,53,
0,00000380,false,Rx,0,8,B0,7F,00,96,20,00,00,FE,
0,00000488,false,Rx,0,8,00,33,00,72,FE,FF,00,40,
0,00000480,false,Rx,0,8,1C,2C,00,00,19,41,00,68,
0,00000284,false,Rx,0,6,03,03,00,00,00,00,00,00,
388000,00000588,false,Rx,0,8,0B,00,72,00,00,80,00,00,
0,00000280,false,Rx,0,8,B3,8A,00,00,33,FA,28,33,
0,00000288,false,Rx,0,8,64,33,D5,00,00,75,57,53,
0,00000380,false,Rx,0,8,B0,7F,00,96,20,00,00,FE,
0,00000488,false,Rx,0,8,EF,33,00,72,FE,FF,FF,50,
0,00000580,false,Rx,0,8,83,00,00,11,1F,E0,0C,46,
0,00000280,false,Rx,0,8,B3,8A,00,00,33,FA,28,33,
0,00000288,false,Rx,0,8,64,33,D5,00,00,75,57,53,
0,00000380,false,Rx,0,8,B0,7F,00,96,20,00,00,FE,
0,00000488,false,Rx,0,8,DF,33,00,72,FE,FF,FF,60,
0,00000480,false,Rx,0,8,54,2C,00,00,19,41,00,20,
0,00000284,false,Rx,0,6,04,04,00,00,00,00,00,00,
408000,00000588,false,Rx,0,8,0B,00,72,00,00,80,00,00,
0,00000280,false,Rx,0,8,B3,8A,00,00,33,FA,28,33,
0,00000288,false,Rx,0,8,64,33,D5,00,00,75,57,53,
0,00000380,false,Rx,0,8,B0,7F,00,96,20,00,00,FE,
417000,00000488,false,Rx,0,8,CF,33,00,72,FE,FF,FF,70,
0,00000280,false,Rx,0,8,B3,8A,00,00,33,FA,28,33,
0,00000288,false,Rx,0,8,8A,33,D5,00,00,75,57,53,
0,00000380,false,Rx,0,8,B0,7F,00,96,20,00,00,FE,
0,00000488,false,Rx,0,8,3F,33,00,72,FE,FF,FF,80,
0,00000480,false,Rx,0,8,54,2C,00,00,19,41,00,20,
0,00000284,false,Rx,0,6,05,05,00,00,00,00,00,00,
429000,00000588,false,Rx,0,8,0B,00,72,00,00,80,00,00,
0,00000280,false,Rx,0,8,B3,8A,00,00,33,FA,28,33,
0,00000288,false,Rx,0,8,8A,33,D5,00,00,75,57,53,
0,00000380,false,Rx,0,8,B0,7F,00,96,20,00,00,FE,
0,00000488,false,Rx,0,8,2F,33,00,72,FE,FF,FF,90,
0,00000280,false,Rx,0,8,B3,8A,00,00,33,FA,28,33,
0,00000288,false,Rx,0,8,8A,33,D5,00,00,75,57,53,
0,00000380,false,Rx,0,8,B0,7F,00,96,20,00,00,FE,
0,00000488,false,Rx,0,8,1F,33,00,72,FE,FF,FF,A0,
0,00000480,false,Rx,0,8,54,2C,00,00,19,41,00,20,
0,00000284,false,Rx,0,6,06,06,00,00,00,00,00,00,
0,00000588,false,Rx,0,8,0B,00,72,00,00,80,00,00,
0,00000280,false,Rx,0,8,B3,8A,00,00,33,FA,28,33,
0,00000288,false,Rx,0,8,8A,33,D5,00,00,75,57,53,
0,00000380,false,Rx,0,8,B0,7F,00,96,20,00,00,FE,
0,00000488,false,Rx,0,8,0F,33,00,72,FE,FF,FF,B0,
0,00000280,false,Rx,0,8,B3,8A,00,00,33,FA,28,33,
0,00000288,false,Rx,0,8,E8,33,D5,00,00,75,57,53,
0,00000380,false,Rx,0,8,B0,7F,00,96,20,00,00,FE,
0,00000488,false,Rx,0,8,7F,33,00,72,FE,FF,FF,C0,
0,00000480,false,Rx,0,8,54,2C,00,00,19,41,00,20,
0,00000284,false,Rx,0,6,07,07,00,00,00,00,00,00,
466000,00000588,false,Rx,0,8,0B,00,72,00,00,80,00,00,
0,00000280,false,Rx,0,8,B3,8A,00,00,33,FA,28,33,
0,00000288,false,Rx,0,8,E8,33,D5,00,00,75,57,53,
0,00000380,false,Rx,0,8,B0,7F,00,96,20,00,00,FE,
0,00000488,false,Rx,0,8,6F,33,00,72,FE,FF,FF,D0,
0,00000280,false,Rx,0,8,B3,8A,00,00,33,FA,28,33,
0,00000288,false,Rx,0,8,E8,33,D5,00,00,75,57,53,
0,00000380,false,Rx,0,8,B0,7F,00,96,20,00,00,FE,
0,00000488,false,Rx,0,8,5F,33,00,72,FE,FF,FF,E0,
0,00000480,false,Rx,0,8,84,2C,00,00,19,41,00,F0,
0,00000284,false,Rx,0,6,08,08,00,00,00,00,00,00,
0,00000588,false,Rx,0,8,0B,00,72,00,00,80,00,00,
0,00000280,false,Rx,0,8,B3,8A,00,00,33,FA,28,33,
0,00000288,false,Rx,0,8,E8,33,D5,00,00,75,57,53,
0,00000380,false,Rx,0,8,B0,7F,00,96,20,00,00,FE,
0,00000488,false,Rx,0,8,4F,33,00,72,FE,FF,FF,F0,
0,00000280,false,Rx,0,8,B3,8A,00,00,33,FA,28,33,
0,00000288,false,Rx,0,8,2C,33,D5,00,00,75,57,53,
0,00000380,false,Rx,0,8,B0,7F,00,96,20,00,00,FE,
0,00000488,false,Rx,0,8,40,33,00,72,FE,FF,00,00,
0,00000480,false,Rx,0,8,84,2C,00,00,19,41,00,F0,
0,00000284,false,Rx,0,6,09,09,00,00,00,00,00,00,
0,00000588,false,Rx,0,8,0B,00,72,00,00,80,00,00,
0,00000280,false,Rx,0,8,B3,8A,00,00,33,FA,28,33,
0,00000288,false,Rx,0,8,2C,33,D5,00,00,75,57,53,
0,00000380,false,Rx,0,8,B0,7F,00,96,20,00,00,FE,
0,00000488,false,Rx,0,8,AF,33,00,72,FE,FF,FF,10,
0,00000280,false,Rx,0,8,B3,8A,00,00,33,FA,28,33,
0,00000288,false,Rx,0,8,2C,33,D5,00,00,75,57,53,
0,00000380,false,Rx,0,8,B0,7F,00,96,20,00,00,FE,
0,00000488,false,Rx,0,8,60,33,00,72,FE,FF,00,20,
0,00000480,false,Rx,0,8,84,2C,00,00,19,41,00,F0,
0,00000284,false,Rx,0,6,0A,0A,00,00,00,00,00,00,
0,00000588,false,Rx,0,8,0B,00,72,00,00,80,00,00,
0,00000280,false,Rx,0,8,B3,8A,00,00,33,FA,28,33,
0,00000288,false,Rx,0,8,2C,33,D5,00,00,75,57,53,
0,00000380,false,Rx,0,8,B0,7F,00,96,20,00,00,FE,
0,00000488,false,Rx,0,8,70,33,00,72,FE,FF,00,30,
0,00000280,false,Rx,0,8,B3,8A,00,00,33,FA,28,33,
0,00000288,false,Rx,0,8,64,33,D5,00,00,75,57,53,
0,00000380,false,Rx,0,8,B0,7F,00,96,20,00,00,FE,
0,00000488,false,Rx,0,8,00,33,00,72,FE,FF,00,40,
0,00000480,false,Rx,0,8,84,2C,00,00,19,41,00,F0,
0,00000284,false,Rx,0,6,0B,0B,00,00,00,00,00,00,
0,00000588,false,Rx,0,8,0B,00,72,00,00,80,00,00,
0,00000280,false,Rx,0,8,B3,8A,00,00,33,FA,28,33,
0,00000288,false,Rx,0,8,64,33,D5,00,00,75,57,53,
0,00000380,false,Rx,0,8,B0,7F,00,96,20,00,00,FE,
0,00000488,false,Rx,0,8,EF,33,00,72,FE,FF,FF,50,
0,00000280,false,Rx,0,8,B3,8A,00,00,33,FA,28,33,
0,00000288,false,Rx,0,8,64,33,D5,00,00,75,57,53,
0,00000380,false,Rx,0,8,B0,7F,00,96,20,00,00,FE,
0,00000488,false,Rx,0,8,DF,33,00,72,FE,FF,FF,60,
0,00000480,false,Rx,0,8,C2,2C,00,00,19,41,00,B6,
0,00000284,false,Rx,0,6,0C,0C,00,00,00,00,00,00,
568000,00000588,false,Rx,0,8,0B,00,72,00,00,80,00,00,
0,00000280,false,Rx,0,8,B3,8A,00,00,33,FA,28,33,
0,00000288,false,Rx,0,8,64,33,D5,00,00,75,57,53,
0,00000380,false,Rx,0,8,B0,7F,00,96,20,00,00,FE,
0,00000488,false,Rx,0,8,CF,33,00,72,FE,FF,FF,70,
0,00000280,false,Rx,0,8,B3,8A,00,00,33,FA,28,33,
0,00000288,false,Rx,0,8,8A,33,D5,00,00,75,57,53,
0,00000380,false,Rx,0,8,B0,7F,00,96,20,00,00,FE,
0,00000488,false,Rx,0,8,3F,33,00,72,FE,FF,FF,80,
0,00000480,false,Rx,0,8,C2,2C,00,00,19,41,00,B6,
0,00000284,false,Rx,0,6,0D,0D,00,00,00,00,00,00,
589000,00000588,false,Rx,0,8,0B,00,72,00,00,80,00,00,
0,00000280,false,Rx,0,8,B3,8A,00,00,33,FA,28,33,
0,00000288,false,Rx,0,8,8A,33,D5,00,00,75,57,53,
0,00000380,false,Rx,0,8,B0,7F,00,96,20,00,00,FE,
597000,00000488,false,Rx,0,8,2F,33,00,72,FE,FF,FF,90,
0,00000280,false,Rx,0,8,B3,8A,00,00,33,FA,28,33,
0,00000288,false,Rx,0,8,8A,33,D5,00,00,75,57,53,
0,00000380,false,Rx,0,8,B0,7F,00,96,20,00,00,FE,
0,00000488,false,Rx,0,8,1F,33,00,72,FE,FF,FF,A0,
0,00000480,false,Rx,0,8,C2,2C,00,00,19,41,00,B6,
0,00000284,false,Rx,0,6,0E,0E,00,00,00,00,00,00,
609000,00000588,false,Rx,0,8,0B,00,72,00,00,80,00,00,
0,00000280,false,Rx,0,8,B3,8A,00,00,33,FA,28,33,
0,00000288,false,Rx,0,8,8A,33,D5,00,00,75,57,53,
0,00000380,false,Rx,0,8,B0,7F,00,96,20,00,00,FE,
0,00000488,false,Rx,0,8,0F,33,00,72,FE,FF,FF,B0,
622000,00000280,false,Rx,0,8,B3,8A,00,00,33,FA,28,33,
0,00000288,false,Rx,0,8,E8,33,D5,00,00,75,57,53,
0,00000380,false,Rx,0,8,B0,7F,00,96,20,00,00,FE,
0,00000488,false,Rx,0,8,7F,33,00,72,FE,FF,FF,C0,
0,00000480,false,Rx,0,8,C2,2C,00,00,19,41,00,B6,
0,00000284,false,Rx,0,6,0F,0F,00,00,00,00,00,00,
0,00000588,false,Rx,0,8,0B,00,72,00,00,80,00,00,
0,00000280,false,Rx,0,8,B3,8A,00,00,33,FA,28,33,
0,00000288,false,Rx,0,8,E8,33,D5,00,00,75,57,53,
0,00000380,false,Rx,0,8,B0,7F,00,96,20,00,00,FE,
0,00000488,false,Rx,0,8,6F,33,00,72,FE,FF,FF,D0,
0,00000280,false,Rx,0,8,B3,8A,00,00,33,FA,28,33,
0,00000288,false,Rx,0,8,E8,33,D5,00,00,75,57,53,
0,00000380,false,Rx,0,8,B0,7F,00,96,20,00,00,FE,
0,00000488,false,Rx,0,8,5F,33,00,72,FE,FF,FF,E0,
0,00000480,false,Rx,0,8,1C,2C,00,00,19,41,00,68,
0,00000284,false,Rx,0,6,00,00,00,00,00,00,00,00,
0,00000588,false,Rx,0,8,0B,00,72,00,00,80,00,00,
0,00000280,false,Rx,0,8,B3,8A,00,00,33,FA,28,33,
0,00000288,false,Rx,0,8,E8,33,D5,00,00,75,57,53,
0,00000380,false,Rx,0,8,B0,7F,00,96,20,00,00,FE,
0,00000488,false,Rx,0,8,4F,33,00,72,FE,FF,FF,F0,
0,00000280,false,Rx,0,8,B3,8A,00,00,33,FA,28,33,
0,00000288,false,Rx,0,8,2C,33,D5,00,00,75,57,53,
0,00000380,false,Rx,0,8,B0,7F,00,96,20,00,00,FE,
0,00000488,false,Rx,0,8,40,33,00,72,FE,FF,00,00,
0,00000480,false,Rx,0,8,1C,2C,00,00,19,41,00,68,
0,00000284,false,Rx,0,6,01,01,00,00,00,00,00,00,
0,00000588,false,Rx,0,8,0B,00,72,00,00,80,00,00,
0,00000280,false,Rx,0,8,B3,8A,00,00,33,FA,28,33,
0,00000288,false,Rx,0,8,2C,33,D5,00,00,75,57,53,
0,00000380,false,Rx,0,8,B0,7F,00,96,20,00,00,FE,
0,00000488,false,Rx,0,8,AF,33,00,72,FE,FF,FF,10,
0,00000280,false,Rx,0,8,B3,8A,00,00,33,FA,28,33,
0,00000288,false,Rx,0,8,2C,33,D5,00,00,75,57,53,
0,00000380,false,Rx,0,8,B0,7F,00,96,20,00,00,FE,
0,00000488,false,Rx,0,8,60,33,00,72,FE,FF,00,20,
0,00000480,false,Rx,0,8,1C,2C,00,00,19,41,00,68,
0,00000284,false,Rx,0,6,02,02,00,00,00,00,00,00,
0,00000588,false,Rx,0,8,0B,00,72,00,00,80,00,00,
0,00000280,false,Rx,0,8,B3,8A,00,00,33,FA,28,33,
0,00000288,false,Rx,0,8,2C,33,D5,00,00,75,57,53,
0,00000380,false,Rx,0,8,B0,7F,00,96,20,00,00,FE,
0,00000488,false,Rx,0,8,70,33,00,72,FE,FF,00,30,
0,00000280,false,Rx,0,8,B3,8A,00,00,33,FA,28,33,
0,00000288,false,Rx,0,8,64,33,D5,00,00,75,57,53,
0,00000380,false,Rx,0,8,B0,7F,00,96,20,00,00,FE,
0,00000488,false,Rx,0,8,00,33,00,72,FE,FF,00,40,
0,00000480,false,Rx,0,8,1C,2C,00,00,19,41,00,68,
0,00000284,false,Rx,0,6,03,03,00,00,00,00,00,00,
0,00000588,false,Rx,0,8,0B,00,72,00,00,80,00,00,
0,00000280,false,Rx,0,8,B3,8A,00,00,33,FA,28,33,
0,00000288,false,Rx,0,8,64,33,D5,00,00,75,57,53,
0,00000380,false,Rx,0,8,B0,7F,00,96,20,00,00,FE,
0,00000488,false,Rx,0,8,EF,33,00,72,FE,FF,FF,50,
0,00000280,false,Rx,0,8,B3,8A,00,00,33,FA,28,33,
0,00000288,false,Rx,0,8,64,33,D5,00,00,75,57,53,
0,00000380,false,Rx,0,8,B0,7F,00,96,20,00,00,FE,
0,00000488,false,Rx,0,8,DF,33,00,72,FE,FF,FF,60,
0,00000480,false,Rx,0,8,54,2C,00,00,19,41,00,20,
0,00000284,false,Rx,0,6,04,04,00,00,00,00,00,00,
0,00000588,false,Rx,0,8,0B,00,72,00,00,80,00,00,
0,00000280,false,Rx,0,8,B3,8A,00,00,33,FA,28,33,
0,00000288,false,Rx,0,8,64,33,D5,00,00,75,57,53,
0,00000380,false,Rx,0,8,B0,7F,00,96,20,00,00,FE,
0,00000488,false,Rx,0,8,CF,33,00,72,FE,FF,FF,70,
0,00000280,false,Rx,0,8,B3,8A,00,00,33,FA,28,33,
0,00000288,false,Rx,0,8,8A,33,D5,00,00,75,57,53,
0,00000380,false,Rx,0,8,B0,7F,00,96,20,00,00,FE,
0,00000488,false,Rx,0,8,3F,33,00,72,FE,FF,FF,80,
0,00000480,false,Rx,0,8,54,2C,00,00,19,41,00,20,
0,00000284,false,Rx,0,6,05,05,00,00,00,00,00,00,
0,00000588,false,Rx,0,8,0B,00,72,00,00,80,00,00,
0,00000280,false,Rx,0,8,B3,8A,00,00,33,FA,28,33,
0,00000288,false,Rx,0,8,8A,33,D5,00,00,75,57,53,
0,00000380,false,Rx,0,8,B0,7F,00,96,20,00,00,FE,
0,00000488,false,Rx,0,8,2F,33,00,72,FE,FF,FF,90,
0,00000280,false,Rx,0,8,B3,8A,00,00,33,FA,28,33,
0,00000288,false,Rx,0,8,8A,33,D5,00,00,75,57,53,
0,00000380,false,Rx,0,8,B0,7F,00,96,20,00,00,FE,
0,00000488,false,Rx,0,8,1F,33,00,72,FE,FF,FF,A0,
0,00000480,false,Rx,0,8,54,2C,00,00,19,41,00,20,
0,00000284,false,Rx,0,6,06,06,00,00,00,00,00,00,
769000,00000588,false,Rx,0,8,0B,00,72,00,00,80,00,00,
0,00000280,false,Rx,0,8,B3,8A,00,00,33,FA,28,33,
0,00000288,false,Rx,0,8,8A,33,D5,00,00,75,57,53,
0,00000380,false,Rx,0,8,B0,7F,00,96,20,00,00,FE,
777000,00000488,false,Rx,0,8,0F,33,00,72,FE,FF,FF,B0,
0,00000280,false,Rx,0,8,B3,8A,00,00,33,FA,28,33,
0,00000288,false,Rx,0,8,E8,33,D5,00,00,75,57,53,
0,00000380,false,Rx,0,8,B0,7F,00,96,20,00,00,FE,
0,00000488,false,Rx,0,8,7F,33,00,72,FE,FF,FF,C0,
0,00000480,false,Rx,0,8,54,2C,00,00,19,41,00,20,
0,00000284,false,Rx,0,6,07,07,00,00,00,00,00,00,
790000,00000588,false,Rx,0,8,0B,00,72,00,00,80,00,00,
0,00000280,false,Rx,0,8,B3,8A,00,00,33,FA,28,33,
0,00000288,false,Rx,0,8,E8,33,D5,00,00,75,57,53,
0,00000380,false,Rx,0,8,B0,7F,00,96,20,00,00,FE,
0,00000488,false,Rx,0,8,6F,33,00,72,FE,FF,FF,D0,
0,00000280,false,Rx,0,8,B3,8A,00,00,33,FA,28,33,
0,00000288,false,Rx,0,8,E8,33,D5,00,00,75,57,53,
0,00000380,false,Rx,0,8,B0,7F,00,96,20,00,00,FE,
0,00000488,false,Rx,0,8,5F,33,00,72,FE,FF,FF,E0,
0,00000480,false,Rx,0,8,84,2C,00,00,19,41,00,F0,
0,00000284,false,Rx,0,6,08,08,00,00,00,00,00,00,
810000,00000588,false,Rx,0,8,0B,00,72,00,00,80,00,00,
0,00000280,false,Rx,0,8,B3,8A,00,00,33,FA,28,33,
0,00000288,false,Rx,0,8,E8,33,D5,00,00,75,57,53,
0,00000380,false,Rx,0,8,B0,7F,00,96,20,00,00,FE,
0,00000488,false,Rx,0,8,4F,33,00,72,FE,FF,FF,F0,
0,00000280,false,Rx,0,8,B3,8A,00,00,33,FA,28,33,
0,00000288,false,Rx,0,8,2C,33,D5,00,00,75,57,53,
0,00000380,false,Rx,0,8,B0,7F,00,96,20,00,00,FE,
0,00000488,false,Rx,0,8,40,33,00,72,FE,FF,00,00,
0,00000480,false,Rx,0,8,84,2C,00,00,19,41,00,F0,
0,00000284,false,Rx,0,6,09,09,00,00,00,00,00,00,
0,00000588,false,Rx,0,8,0B,00,72,00,00,80,00,00,
0,00000280,false,Rx,0,8,B3,8A,00,00,33,FA,28,33,
0,00000288,false,Rx,0,8,2C,33,D5,00,00,75,57,53,
0,00000380,false,Rx,0,8,B0,7F,00,96,20,00,00,FE,
0,00000488,false,Rx,0,8,AF,33,00,72,FE,FF,FF,10,
0,00000280,false,Rx,0,8,B3,8A,00,00,33,FA,28,33,
0,00000288,false,Rx,0,8,2C,33,D5,00,00,75,57,53,
0,00000380,false,Rx,0,8,B0,80,00,96,20,00,00,FE,
0,00000488,false,Rx,0,8,60,33,00,72,FE,FF,00,20,
0,00000480,false,Rx,0,8,84,2C,00,00,19,41,00,F0,
0,00000284,false,Rx,0,6,0A,0A,00,00,00,00,00,00,
847000,00000588,false,Rx,0,8,0B,00,72,00,00,80,00,00,
0,00000280,false,Rx,0,8,B3,8A,00,00,33,FA,28,33,
0,00000288,false,Rx,0,8,2C,33,D5,00,00,75,57,53,
0,00000380,false,Rx,0,8,B0,80,00,96,20,00,00,FE,
0,00000488,false,Rx,0,8,70,33,00,72,FE,FF,00,30,
0,00000280,false,Rx,0,8,B3,8A,00,00,33,FA,28,33,
0,00000288,false,Rx,0,8,64,33,D5,00,00,75,57,53,
0,00000380,false,Rx,0,8,B0,80,00,96,20,00,00,FE,
0,00000488,false,Rx,0,8,00,33,00,72,FE,FF,00,40,
0,00000480,false,Rx,0,8,84,2C,00,00,19,41,00,F0,
0,00000284,false,Rx,0,6,0B,0B,00,00,00,00,00,00,
0,00000588,false,Rx,0,8,0B,00,72,00,00,80,00,00,
0,00000280,false,Rx,0,8,B3,8A,00,00,33,FA,28,33,
0,00000288,false,Rx,0,8,64,33,D5,00,00,75,57,53,
0,00000380,false,Rx,0,8,B0,80,00,96,20,00,00,FE,
0,00000488,false,Rx,0,8,EF,33,00,72,FE,FF,FF,50,
0,00000280,false,Rx,0,8,B3,8A,00,00,33,FA,28,33,
0,00000288,false,Rx,0,8,64,33,D5,00,00,75,57,53,
0,00000380,false,Rx,0,8,B0,80,00,96,20,00,00,FE,
0,00000488,false,Rx,0,8,DF,33,00,72,FE,FF,FF,60,
0,00000480,false,Rx,0,8,C2,2C,00,00,19,41,00,B6,
0,00000284,false,Rx,0,6,0C,0C,00,00,00,00,00,00,
0,00000588,false,Rx,0,8,0B,00,72,00,00,80,00,00,
0,00000280,false,Rx,0,8,B3,8A,00,00,33,FA,28,33,
0,00000288,false,Rx,0,8,64,33,D5,00,00,75,57,53,
0,00000380,false,Rx,0,8,B0,80,00,96,20,00,00,FE,
0,00000488,false,Rx,0,8,CF,33,00,72,FE,FF,FF,70,
0,00000280,false,Rx,0,8,B3,8A,00,00,33,FA,28,33,
0,00000288,false,Rx,0,8,8A,33,D5,00,00,75,57,53,
0,00000380,false,Rx,0,8,B0,80,00,96,20,00,00,FE,
0,00000488,false,Rx,0,8,3F,33,00,72,FE,FF,FF,80,
0,00000480,false,Rx,0,8,C2,2C,00,00,19,41,00,B6,
0,00000284,false,Rx,0,6,0D,0D,00,00,00,00,00,00,
0,00000588,false,Rx,0,8,0B,00,72,00,00,80,00,00,
0,00000280,false,Rx,0,8,B3,8A,00,00,33,FA,28,33,
0,00000288,false,Rx,0,8,8A,33,D5,00,00,75,57,53,
0,00000380,false,Rx,0,8,B0,80,00,96,20,00,00,FE,
0,00000488,false,Rx,0,8,2F,33,00,72,FE,FF,FF,90,
0,00000280,false,Rx,0,8,B3,8A,00,00,33,FA,28,33,
0,00000288,false,Rx,0,8,8A,33,D5,00,00,75,57,53,
0,00000380,false,Rx,0,8,B0,80,00,96,20,00,00,FE,
0,00000488,false,Rx,0,8,1F,33,00,72,FE,FF,FF,A0,
0,00000480,false,Rx,0,8,C2,2C,00,00,19,41,00,B6,
0,00000284,false,Rx,0,6,0E,0E,00,00,00,00,00,00,
0,00000588,false,Rx,0,8,0B,00,72,00,00,80,00,00,
0,00000280,false,Rx,0,8,B3,8A,00,00,33,FA,28,33,
0,00000288,false,Rx,0,8,8A,33,D5,00,00,75,57,53,
0,00000380,false,Rx,0,8,B0,80,00,96,20,00,00,FE,
0,00000488,false,Rx,0,8,0F,33,00,72,FE,FF,FF,B0,
0,00000280,false,Rx,0,8,B3,8A,00,00,33,FA,28,33,
0,00000288,false,Rx,0,8,E8,33,D5,00,00,75,57,53,
0,00000380,false,Rx,0,8,B0,80,00,96,20,00,00,FE,
0,00000488,false,Rx,0,8,7F,33,00,72,FE,FF,FF,C0,
0,00000480,false,Rx,0,8,C2,2C,00,00,19,41,00,B6,
0,00000284,false,Rx,0,6,0F,0F,00,00,00,00,00,00,
949000,00000588,false,Rx,0,8,0B,00,72,00,00,80,00,00,
0,00000280,false,Rx,0,8,B3,8A,00,00,33,FA,28,33,
0,00000288,false,Rx,0,8,E8,33,D5,00,00,75,57,53,
0,00000380,false,Rx,0,8,B0,80,00,96,20,00,00,FE,
958000,00000488,false,Rx,0,8,6F,33,00,72,FE,FF,FF,D0,
0,00000280,false,Rx,0,8,B3,8A,00,00,33,FA,28,33,
0,00000288,false,Rx,0,8,E8,33,D5,00,00,75,57,53,
0,00000380,false,Rx,0,8,B0,80,00,96,20,00,00,FE,
0,00000488,false,Rx,0,8,5F,33,00,72,FE,FF,FF,E0,
0,00000480,false,Rx,0,8,1C,2C,00,00,19,41,00,68,
0,00000284,false,Rx,0,6,00,00,00,00,00,00,00,00,
970000,00000588,false,Rx,0,8,0B,00,72,00,00,80,00,00,
0,00000280,false,Rx,0,8,B3,8A,00,00,33,FA,28,33,
0,00000288,false,Rx,0,8,E8,33,D5,00,00,75,57,53,
0,00000380,false,Rx,0,8,B0,80,00,96,20,00,00,FE,
978000,00000488,false,Rx,0,8,4F,33,00,72,FE,FF,FF,F0,
0,00000280,false,Rx,0,8,B3,8A,00,00,33,FA,28,33,
0,00000288,false,Rx,0,8,2C,33,D5,00,00,75,57,53,
0,00000380,false,Rx,0,8,B0,80,00,96,20,00,00,FE,
0,00000488,false,Rx,0,8,40,33,00,72,FE,FF,00,00,
0,00000480,false,Rx,0,8,1C,2C,00,00,19,41,00,68,
0,00000284,false,Rx,0,6,01,01,00,00,00,00,00,00,
990000,00000588,false,Rx,0,8,0B,00,72,00,00,80,00,00,
0,00000280,false,Rx,0,8,B3,8A,00,00,33,FA,28,33,
0,00000288,false,Rx,0,8,2C,33,D5,00,00,75,57,53,
0,00000380,false,Rx,0,8,B0,80,00,96,20,00,00,FE,
0,00000488,false,Rx,0,8,AF,33,00,72,FE,FF,FF,10,
2000,00000280,false,Rx,0,8,B3,8A,00,00,33,FA,28,33,
0,00000288,false,Rx,0,8,2C,33,D5,00,00,75,57,53,
0,00000380,false,Rx,0,8,B0,80,00,96,20,00,00,FE,
0,00000488,false,Rx,0,8,60,33,00,72,FE,FF,00,20,
0,00000480,false,Rx,0,8,1C,2C,00,00,19,41,00,68,
0,00000284,false,Rx,0,6,02,02,00,00,00,00,00,00,
0,00000588,false,Rx,0,8,0B,00,72,00,00,80,00,00,
0,00000280,false,Rx,0,8,B3,8A,00,00,33,FA,28,33,
0,00000288,false,Rx,0,8,2C,33,D5,00,00,75,57,53,
0,00000380,false,Rx,0,8,B0,80,00,96,20,00,00,FE,
0,00000488,false,Rx,0,8,70,33,00,72,FE,FF,00,30,
0,00000280,false,Rx,0,8,B3,8A,00,00,33,FA,28,33,
0,00000288,false,Rx,0,8,64,33,D5,00,00,75,57,53,
0,00000380,false,Rx,0,8,B0,80,00,96,20,00,00,FE,
0,00000488,false,Rx,0,8,00,33,00,72,FE,FF,00,40,
0,00000480,false,Rx,0,8,1C,2C,00,00,19,41,00,68,
0,00000284,false,Rx,0,6,03,03,00,00,00,00,00,00,
27000,00000588,false,Rx,0,8,0B,00,72,00,00,80,00,00,
0,00000280,false,Rx,0,8,B3,8A,00,00,33,FA,28,33,
0,00000288,false,Rx,0,8,64,33,D5,00,00,75,57,53,
0,00000380,false,Rx,0,8,B0,80,00,96,20,00,00,FE,
0,00000488,false,Rx,0,8,EF,33,00,72,FE,FF,FF,50,
0,00000280,false,Rx,0,8,B3,8A,00,00,33,FA,28,33,
0,00000288,false,Rx,0,8,64,33,D5,00,00,75,57,53,
0,00000380,false,Rx,0,8,B0,80,00,96,20,00,00,FE,
0,00000488,false,Rx,0,8,DF,33,00,72,FE,FF,FF,60,
0,00000480,false,Rx,0,8,54,2C,00,00,19,41,00,20,
0,00000284,false,Rx,0,6,04,04,00,00,00,00,00,00,
0,00000588,false,Rx,0,8,0B,00,72,00,00,80,00,00,
0,00000280,false,Rx,0,8,B3,8A,00,00,33,FA,28,33,
0,00000288,false,Rx,0,8,64,33,D5,00,00,75,57,53,
0,00000380,false,Rx,0,8,B0,80,00,96,20,00,00,FE,
0,00000488,false,Rx,0,8,CF,33,00,72,FE,FF,FF,70,
0,00000280,false,Rx,0,8,B3,8A,00,00,33,FA,28,33,
0,00000288,false,Rx,0,8,8A,33,D5,00,00,75,57,53,
0,00000380,false,Rx,0,8,B0,80,00,96,20,00,00,FE,
0,00000488,false,Rx,0,8,3F,33,00,72,FE,FF,FF,80,
0,00000480,false,Rx,0,8,54,2C,00,00,19,41,00,20,
0,00000284,false,Rx,0,6,05,05,00,00,00,00,00,00,
0,00000588,false,Rx,0,8,0B,00,72,00,00,80,00,00,
0,00000280,false,Rx,0,8,B3,8A,00,00,33,FA,28,33,
0,00000288,false,Rx,0,8,8A,33,D5,00,00,75,57,53,
0,00000380,false,Rx,0,8,B0,80,00,96,20,00,00,FE,
0,00000488,false,Rx,0,8,2F,33,00,72,FE,FF,FF,90,
0,00000280,false,Rx,0,8,B3,8A,00,00,33,FA,28,33,
0,00000288,false,Rx,0,8,8A,33,D5,00,00,75,57,53,
0,00000380,false,Rx,0,8,B0,80,00,96,20,00,00,FE,
0,00000488,false,Rx,0,8,1F,33,00,72,FE,FF,FF,A0,
0,00000480,false,Rx,0,8,54,2C,00,00,19,41,00,20,
0,00000284,false,Rx,0,6,06,06,00,00,00,00,00,00,
0,00000588,false,Rx,0,8,0B,00,72,00,00,80,00,00,
92000,00000280,false,Rx,0,8,B3,8A,00,00,33,FA,28,33,
0,00000288,false,Rx,0,8,8A,33,D5,00,00,75,57,53,
0,00000380,false,Rx,0,8,B0,80,00,96,20,00,00,FE,
0,00000488,false,Rx,0,8,0F,33,00,72,FE,FF,FF,B0,
0,00000280,false,Rx,0,8,B3,8A,00,00,33,FA,28,33,
0,00000288,false,Rx,0,8,E8,33,D5,00,00,75,57,53,
0,00000380,false,Rx,0,8,B0,80,00,96,20,00,00,FE,
0,00000488,false,Rx,0,8,7F,33,00,72,FE,FF,FF,C0,
0,00000480,false,Rx,0,8,54,2C,00,00,19,41,00,20,
0,00000284,false,Rx,0,6,07,07,00,00,00,00,00,00,
0,00000588,false,Rx,0,8,0B,00,72,00,00,80,00,00,
0,00000280,false,Rx,0,8,B3,8A,00,00,33,FA,28,33,
0,00000288,false,Rx,0,8,E8,33,D5,00,00,75,57,53,
0,00000380,false,Rx,0,8,B0,80,00,96,20,00,00,FE,
0,00000488,false,Rx,0,8,6F,33,00,72,FE,FF,FF,D0,
0,00000280,false,Rx,0,8,B3,8A,00,00,33,FA,28,33,
0,00000288,false,Rx,0,8,E8,33,D5,00,00,75,57,53,
0,00000380,false,Rx,0,8,B0,80,00,96,20,00,00,FE,
0,00000488,false,Rx,0,8,5F,33,00,72,FE,FF,FF,E0,
0,00000480,false,Rx,0,8,84,2C,00,00,19,41,00,F0,
0,00000284,false,Rx,0,6,08,08,00,00,00,00,00,00,
0,00000588,false,Rx,0,8,0B,00,72,00,00,80,00,00,
0,00000280,false,Rx,0,8,B3,8A,00,00,33,FA,28,33,
0,00000288,false,Rx,0,8,E8,33,D5,00,00,75,57,53,
0,00000380,false,Rx,0,8,B0,80,00,96,20,00,00,FE,
0,00000488,false,Rx,0,8,4F,33,00,72,FE,FF,FF,F0,
0,00000280,false,Rx,0,8,B3,8A,00,00,33,FA,28,33,
0,00000288,false,Rx,0,8,2C,33,D5,00,00,75,57,53,
0,00000380,false,Rx,0,8,B0,80,00,96,20,00,00,FE,
0,00000488,false,Rx,0,8,40,33,00,72,FE,FF,00,00,
0,00000480,false,Rx,0,8,84,2C,00,00,19,41,00,F0,
0,00000284,false,Rx,0,6,09,09,00,00,00,00,00,00,
150000,00000588,false,Rx,0,8,0B,00,72,00,00,80,00,00,
0,00000280,false,Rx,0,8,B3,8A,00,00,33,FA,28,33,
0,00000288,false,Rx,0,8,2C,33,D5,00,00,75,57,53,
0,00000380,false,Rx,0,8,B0,80,00,96,20,00,00,FE,
158000,00000488,false,Rx,0,8,AF,33,00,72,FE,FF,FF,10,
0,00000280,false,Rx,0,8,B3,8A,00,00,33,FA,28,33,
0,00000288,false,Rx,0,8,2C,33,D5,00,00,75,57,53,
0,00000380,false,Rx,0,8,B0,80,00,96,20,00,00,FE,
0,00000488,false,Rx,0,8,60,33,00,72,FE,FF,00,20,
0,00000480,false,Rx,0,8,84,2C,00,00,19,41,00,F0,
0,00000284,false,Rx,0,6,0A,0A,00,00,00,00,00,00,
170000,00000588,false,Rx,0,8,0B,00,72,00,00,80,00,00,
0,00000280,false,Rx,0,8,B3,8A,00,00,33,FA,28,33,
0,00000288,false,Rx,0,8,2C,33,D5,00,00,75,57,53,
0,00000380,false,Rx,0,8,B0,80,00,96,20,00,00,FE,
0,00000488,false,Rx,0,8,70,33,00,72,FE,FF,00,30,
0,00000280,false,Rx,0,8,B3,8A,00,00,33,FA,28,33,
0,00000288,false,Rx,0,8,64,33,D5,00,00,75,57,53,
0,00000380,false,Rx,0,8,B0,80,00,96,20,00,00,FE,
0,00000488,false,Rx,0,8,00,33,00,72,FE,FF,00,40,
0,00000480,false,Rx,0,8,84,2C,00,00,19,41,00,F0,
0,00000284,false,Rx,0,6,0B,0B,00,00,00,00,00,00,
0,00000588,false,Rx,0,8,0B,00,72,00,00,80,00,00,
0,00000280,false,Rx,0,8,B3,8A,00,00,33,FA,28,33,
0,00000288,false,Rx,0,8,64,33,D5,00,00,75,57,53,
0,00000380,false,Rx,0,8,B0,80,00,96,20,00,00,FE,
0,00000488,false,Rx,0,8,EF,33,00,72,FE,FF,FF,50,
0,00000280,false,Rx,0,8,B3,8A,00,00,33,FA,28,33,
0,00000288,false,Rx,0,8,64,33,D5,00,00,75,57,53,
0,00000380,false,Rx,0,8,B0,80,00,96,20,00,00,FE,
0,00000488,false,Rx,0,8,DF,33,00,72,FE,FF,FF,60,
0,00000480,false,Rx,0,8,C2,2C,00,00,19,41,00,B6,
0,00000284,false,Rx,0,6,0C,0C,00,00,00,00,00,00,
207000,00000588,false,Rx,0,8,0B,00,72,00,00,80,00,00,
0,00000280,false,Rx,0,8,B3,8A,00,00,33,FA,28,33,
0,00000288,false,Rx,0,8,64,33,D5,00,00,75,57,53,
0,00000380,false,Rx,0,8,B0,80,00,96,20,00,00,FE,
0,00000488,false,Rx,0,8,CF,33,00,72,FE,FF,FF,70,
0,00000280,false,Rx,0,8,B3,8A,00,00,33,FA,28,33,
0,00000288,false,Rx,0,8,8A,33,D5,00,00,75,57,53,
0,00000380,false,Rx,0,8,B0,80,00,96,20,00,00,FE,
0,00000488,false,Rx,0,8,3F,33,00,72,FE,FF,FF,80,
0,00000480,false,Rx,0,8,C2,2C,00,00,19,41,00,B6,
0,00000284,false,Rx,0,6,0D,0D,00,00,00,00,00,00,
227000,00000588,false,Rx,0,8,0B,00,72,00,00,80,00,00,
0,00000280,false,Rx,0,8,B3,8A,00,00,33,FA,28,33,
0,00000288,false,Rx,0,8,8A,33,D5,00,00,75,57,53,
0,00000380,false,Rx,0,8,B0,80,00,96,20,00,00,FE,
0,00000488,false,Rx,0,8,2F,33,00,72,FE,FF,FF,90,
0,00000280,false,Rx,0,8,B3,8A,00,00,33,FA,28,33,
0,00000288,false,Rx,0,8,8A,33,D5,00,00,75,57,53,
0,00000380,false,Rx,0,8,B0,80,00,96,20,00,00,FE,
0,00000488,false,Rx,0,8,1F,33,00,72,FE,FF,FF,A0,
0,00000480,false,Rx,0,8,C2,2C,00,00,19,41,00,B6,
0,00000284,false,Rx,0,6,0E,0E,00,00,00,00,00,00,
0,00000588,false,Rx,0,8,0B,00,72,00,00,80,00,00,
0,00000280,false,Rx,0,8,B3,8A,00,00,33,FA,28,33,
0,00000288,false,Rx,0,8,8A,33,D5,00,00,75,57,53,
0,00000380,false,Rx,0,8,B0,80,00,96,20,00,00,FE,
0,00000488,false,Rx,0,8,0F,33,00,72,FE,FF,FF,B0,
0,00000280,false,Rx,0,8,B3,8A,00,00,33,FA,28,33,
0,00000288,false,Rx,0,8,E8,33,D5,00,00,75,57,53,
0,00000380,false,Rx,0,8,B0,80,00,96,20,00,00,FE,
0,00000488,false,Rx,0,8,7F,33,00,72,FE,FF,FF,C0,
0,00000480,false,Rx,0,8,C2,2C,00,00,19,41,00,B6,
0,00000284,false,Rx,0,6,0F,0F,00,00,00,00,00,00,
0,00000588,false,Rx,0,8,0B,00,72,00,00,80,00,00,
0,00000280,false,Rx,0,8,B3,8A,00,00,33,FA,28,33,
0,00000288,false,Rx,0,8,E8,33,D5,00,00,75,57,53,
0,00000380,false,Rx,0,8,B0,80,00,96,20,00,00,FE,
0,00000488,false,Rx,0,8,6F,33,00,72,FE,FF,FF,D0,
0,00000280,false,Rx,0,8,B3,8A,00,00,33,FA,28,33,
0,00000288,false,Rx,0,8,E8,33,D5,00,00,75,57,53,
0,00000380,false,Rx,0,8,B0,80,00,96,20,00,00,FE,
0,00000488,false,Rx,0,8,5F,33,00,72,FE,FF,FF,E0,
0,00000480,false,Rx,0,8,1C,2C,00,00,19,41,00,68,
0,00000284,false,Rx,0,6,00,00,00,00,00,00,00,00,
0,00000588,false,Rx,0,8,0B,00,72,00,00,80,00,00,
0,00000280,false,Rx,0,8,B3,8A,00,00,33,FA,28,33,
0,00000288,false,Rx,0,8,E8,33,D5,00,00,75,57,53,
0,00000380,false,Rx,0,8,B0,80,00,96,20,00,00,FE,
0,00000488,false,Rx,0,8,4F,33,00,72,FE,FF,FF,F0,
0,00000280,false,Rx,0,8,B3,8A,00,00,33,FA,28,33,
0,00000288,false,Rx,0,8,2C,33,D5,00,00,75,57,53,
0,00000380,false,Rx,0,8,B0,80,00,96,20,00,00,FE,
0,00000488,false,Rx,0,8,40,33,00,72,FE,FF,00,00,
0,00000480,false,Rx,0,8,1C,2C,00,00,19,41,00,68,
0,00000284,false,Rx,0,6,01,01,00,00,00,00,00,00,
0,00000588,false,Rx,0,8,0B,00,72,00,00,80,00,00,
0,00000280,false,Rx,0,8,B3,8A,00,00,33,FA,28,33,
0,00000288,false,Rx,0,8,2C,33,D5,00,00,75,57,53,
0,00000380,false,Rx,0,8,B0,80,00,96,20,00,00,FE,
0,00000488,false,Rx,0,8,AF,33,00,72,FE,FF,FF,10,
0,00000280,false,Rx,0,8,B3,8A,00,00,33,FA,28,33,
0,00000288,false,Rx,0,8,2C,33,D5,00,00,75,57,53,
0,00000380,false,Rx,0,8,B0,80,00,96,20,00,00,FE,
0,00000488,false,Rx,0,8,60,33,00,72,FE,FF,00,20,
0,00000480,false,Rx,0,8,1C,2C,00,00,19,41,00,68,
0,00000284,false,Rx,0,6,02,02,00,00,00,00,00,00,
330000,00000588,false,Rx,0,8,0B,00,72,00,00,80,00,00,
0,00000280,false,Rx,0,8,B3,8A,00,00,33,FA,28,33,
0,00000288,false,Rx,0,8,2C,33,D5,00,00,75,57,53,
0,00000380,false,Rx,0,8,B0,80,00,96,20,00,00,FE,
338000,00000488,false,Rx,0,8,70,33,00,72,FE,FF,00,30,
0,00000280,false,Rx,0,8,B3,8A,00,00,33,FA,28,33,
0,00000288,false,Rx,0,8,64,33,D5,00,00,75,57,53,
0,00000380,false,Rx,0,8,B0,80,00,96,20,00,00,FE,
0,00000488,false,Rx,0,8,00,33,00,72,FE,FF,00,40,
0,00000480,false,Rx,0,8,1C,2C,00,00,19,41,00,68,
0,00000284,false,Rx,0,6,03,03,00,00,00,00,00,00,
350000,00000588,false,Rx,0,8,0B,00,72,00,00,80,00,00,
0,00000280,false,Rx,0,8,B3,8A,00,00,33,FA,28,33,
0,00000288,false,Rx,0,8,64,33,D5,00,00,75,57,53,
0,00000380,false,Rx,0,8,B0,80,00,96,20,00,00,FE,
359000,00000488,false,Rx,0,8,EF,33,00,72,FE,FF,FF,50,
0,00000280,false,Rx,0,8,B3,8A,00,00,33,FA,28,33,
0,00000288,false,Rx,0,8,64,33,D5,00,00,75,57,53,
0,00000380,false,Rx,0,8,B0,80,00,96,20,00,00,FE,
0,00000488,false,Rx,0,8,DF,33,00,72,FE,FF,FF,60,
0,00000480,false,Rx,0,8,54,2C,00,00,19,41,00,20,
0,00000284,false,Rx,0,6,04,04,00,00,00,00,00,00,
371000,00000588,false,Rx,0,8,0B,00,72,00,00,80,00,00,
0,00000280,false,Rx,0,8,B3,8A,00,00,33,FA,28,33,
0,00000288,false,Rx,0,8,64,33,D5,00,00,75,57,53,
0,00000380,false,Rx,0,8,B0,80,00,96,20,00,00,FE,
0,00000488,false,Rx,0,8,CF,33,00,72,FE,FF,FF,70,
0,00000280,false,Rx,0,8,B3,8A,00,00,33,FA,28,33,
0,00000288,false,Rx,0,8,8A,33,D5,00,00,75,57,53,
0,00000380,false,Rx,0,8,B0,80,00,96,20,00,00,FE,
0,00000488,false,Rx,0,8,3F,33,00,72,FE,FF,FF,80,
0,00000480,false,Rx,0,8,54,2C,00,00,19,41,00,20,
0,00000284,false,Rx,0,6,05,05,00,00,00,00,00,00,
0,00000588,false,Rx,0,8,0B,00,72,00,00,80,00,00,
0,00000280,false,Rx,0,8,B3,8A,00,00,33,FA,28,33,
0,00000288,false,Rx,0,8,8A,33,D5,00,00,75,57,53,
0,00000380,false,Rx,0,8,B0,80,00,96,20,00,00,FE,
0,00000488,false,Rx,0,8,2F,33,00,72,FE,FF,FF,90,
400000,00000580,false,Rx,0,8,84,00,00,14,1C,93,48,14,
0,00000280,false,Rx,0,8,B3,8A,00,00,33,FA,28,33,
0,00000288,false,Rx,0,8,8A,33,D5,00,00,75,57,53,
0,00000380,false,Rx,0,8,B0,80,00,96,20,00,00,FE,
0,00000488,false,Rx,0,8,1F,33,00,72,FE,FF,FF,A0,
0,00000480,false,Rx,0,8,54,2C,00,00,19,41,00,20,
0,00000284,false,Rx,0,6,06,06,00,00,00,00,00,00,
408000,00000588,false,Rx,0,8,0B,00,72,00,00,80,00,00,
0,00000280,false,Rx,0,8,B3,8A,00,00,33,FA,28,33,
0,00000288,false,Rx,0,8,8A,33,D5,00,00,75,57,53,
0,00000380,false,Rx,0,8,B0,80,00,96,20,00,00,FE,
0,00000488,false,Rx,0,8,0F,33,00,72,FE,FF,FF,B0,
0,00000280,false,Rx,0,8,B3,8A,00,00,33,FA,28,33,
0,00000288,false,Rx,0,8,E8,33,D5,00,00,75,57,53,
0,00000380,false,Rx,0,8,B0,80,00,96,20,00,00,FE,
0,00000488,false,Rx,0,8,7F,33,00,72,FE,FF,FF,C0,
0,00000480,false,Rx,0,8,54,2C,00,00,19,41,00,20,
0,00000284,false,Rx,0,6,07,07,00,00,00,00,00,00,
0,00000588,false,Rx,0,8,0B,00,72,00,00,80,00,00,
0,00000280,false,Rx,0,8,B3,8A,00,00,33,FA,28,33,
0,00000288,false,Rx,0,8,E8,33,D5,00,00,75,57,53,
0,00000380,false,Rx,0,8,B0,80,00,96,20,00,00,FE,
0,00000488,false,Rx,0,8,6F,33,00,72,FE,FF,FF,D0,
0,00000280,false,Rx,0,8,B3,8A,00,00,33,FA,28,33,
0,00000288,false,Rx,0,8,E8,33,D5,00,00,75,57,53,
0,00000380,false,Rx,0,8,B0,80,00,96,20,00,00,FE,
0,00000488,false,Rx,0,8,5F,33,00,72,FE,FF,FF,E0,
0,00000480,false,Rx,0,8,84,2C,00,00,19,41,00,F0,
0,00000284,false,Rx,0,6,08,08,00,00,00,00,00,00,
0,00000588,false,Rx,0,8,0B,00,72,00,00,80,00,00,
0,00000280,false,Rx,0,8,B3,8A,00,00,33,FA,28,33,
0,00000288,false,Rx,0,8,E8,33,D5,00,00,75,57,53,
0,00000380,false,Rx,0,8,B0,80,00,96,20,00,00,FE,
0,00000488,false,Rx,0,8,4F,33,00,72,FE,FF,FF,F0,
0,00000280,false,Rx,0,8,B3,8A,00,00,33,FA,28,33,
0,00000288,false,Rx,0,8,2C,33,D5,00,00,75,57,53,
0,00000380,false,Rx,0,8,B0,80,00,96,20,00,00,FE,
0,00000488,false,Rx,0,8,40,33,00,72,FE,FF,00,00,
0,00000480,false,Rx,0,8,84,2C,00,00,19,41,00,F0,
0,00000284,false,Rx,0,6,09,09,00,00,00,00,00,00,
0,00000588,false,Rx,0,8,0B,00,72,00,00,80,00,00,
473000,00000280,false,Rx,0,8,B3,8A,00,00,33,FA,28,33,
0,00000288,false,Rx,0,8,2C,33,D5,00,00,75,57,53,
0,00000380,false,Rx,0,8,B0,80,00,96,20,00,00,FE,
0,00000488,false,Rx,0,8,AF,33,00,72,FE,FF,FF,10,
0,00000280,false,Rx,0,8,B3,8A,00,00,33,FA,28,33,
0,00000288,false,Rx,0,8,2C,33,D5,00,00,75,57,53,
0,00000380,false,Rx,0,8,B0,80,00,96,20,00,00,FE,
0,00000488,false,Rx,0,8,60,33,00,72,FE,FF,00,20,
0,00000480,false,Rx,0,8,84,2C,00,00,19,41,00,F0,
0,00000284,false,Rx,0,6,0A,0A,00,00,00,00,00,00,
0,00000588,false,Rx,0,8,0B,00,72,00,00,80,00,00,
0,00000280,false,Rx,0,8,B3,8A,00,00,33,FA,28,33,
0,00000288,false,Rx,0,8,2C,33,D5,00,00,75,57,53,
0,00000380,false,Rx,0,8,B0,80,00,96,20,00,00,FE,
0,00000488,false,Rx,0,8,70,33,00,72,FE,FF,00,30,
0,00000280,false,Rx,0,8,B3,8A,00,00,33,FA,28,33,
0,00000288,false,Rx,0,8,64,33,D5,00,00,75,57,53,
0,00000380,false,Rx,0,8,B0,80,00,96,20,00,00,FE,
0,00000488,false,Rx,0,8,00,33,00,72,FE,FF,00,40,
0,00000480,false,Rx,0,8,84,2C,00,00,19,41,00,F0,
0,00000284,false,Rx,0,6,0B,0B,00,00,00,00,00,00,
510000,00000588,false,Rx,0,8,0B,00,72,00,00,80,00,00,
0,00000280,false,Rx,0,8,B3,8A,00,00,33,FA,28,33,
0,00000288,false,Rx,0,8,64,33,D5,00,00,75,57,53,
0,00000380,false,Rx,0,8,B0,80,00,96,20,00,00,FE,
0,00000488,false,Rx,0,8,EF,33,00,72,FE,FF,FF,50,
0,00000280,false,Rx,0,8,B3,8A,00,00,33,FA,28,33,
0,00000288,false,Rx,0,8,64,33,D5,00,00,75,57,53,
0,00000380,false,Rx,0,8,B0,80,00,96,20,00,00,FE,
0,00000488,false,Rx,0,8,DF,33,00,72,FE,FF,FF,60,
0,00000480,false,Rx,0,8,C2,2C,00,00,19,41,00,B6,
0,00000284,false,Rx,0,6,0C,0C,00,00,00,00,00,00,
531000,00000588,false,Rx,0,8,0B,00,72,00,00,80,00,00,
0,00000280,false,Rx,0,8,B3,8A,00,00,33,FA,28,33,
0,00000288,false,Rx,0,8,64,33,D5,00,00,75,57,53,
0,00000380,false,Rx,0,8,B0,80,00,96,20,00,00,FE,
539000,00000488,false,Rx,0,8,CF,33,00,72,FE,FF,FF,70,
0,00000280,false,Rx,0,8,B3,8A,00,00,33,FA,28,33,
0,00000288,false,Rx,0,8,8A,33,D5,00,00,75,57,53,
0,00000380,false,Rx,0,8,B0,80,00,96,20,00,00,FE,
0,00000488,false,Rx,0,8,3F,33,00,72,FE,FF,FF,80,
0,00000480,false,Rx,0,8,C2,2C,00,00,19,41,00,B6,
0,00000284,false,Rx,0,6,0D,0D,00,00,00,00,00,00,
551000,00000588,false,Rx,0,8,0B,00,72,00,00,80,00,00,
0,00000280,false,Rx,0,8,B3,8A,00,00,33,FA,28,33,
0,00000288,false,Rx,0,8,8A,33,D5,00,00,75,57,53,
0,00000380,false,Rx,0,8,B0,80,00,96,20,00,00,FE,
0,00000488,false,Rx,0,8,2F,33,00,72,FE,FF,FF,90,
564000,00000280,false,Rx,0,8,B3,8A,00,00,33,FA,28,33,
0,00000288,false,Rx,0,8,8A,33,D5,00,00,75,57,53,
0,00000380,false,Rx,0,8,B0,80,00,96,20,00,00,FE,
0,00000488,false,Rx,0,8,1F,33,00,72,FE,FF,FF,A0,
0,00000480,false,Rx,0,8,C2,2C,00,00,19,41,00,B6,
0,00000284,false,Rx,0,6,0E,0E,00,00,00,00,00,00,
0,00000588,false,Rx,0,8,0B,00,72,00,00,80,00,00,
0,00000280,false,Rx,0,8,B3,8A,00,00,33,FA,28,33,
0,00000288,false,Rx,0,8,8A,33,D5,00,00,75,57,53,
0,00000380,false,Rx,0,8,B0,80,00,96,20,00,00,FE,
0,00000488,false,Rx,0,8,0F,33,00,72,FE,FF,FF,B0,
0,00000280,false,Rx,0,8,B3,8A,00,00,33,FA,28,33,
0,00000288,false,Rx,0,8,E8,33,D5,00,00,75,57,53,
0,00000380,false,Rx,0,8,B0,80,00,96,20,00,00,FE,
0,00000488,false,Rx,0,8,7F,33,00,72,FE,FF,FF,C0,
0,00000480,false,Rx,0,8,C2,2C,00,00,19,41,00,B6,
0,00000284,false,Rx,0,6,0F,0F,00,00,00,00,00,00,
0,00000588,false,Rx,0,8,0B,00,72,00,00,80,00,00,
0,00000280,false,Rx,0,8,B3,8A,00,00,33,FA,28,33,
0,00000288,false,Rx,0,8,E8,33,D5,00,00,75,57,53,
0,00000380,false,Rx,0,8,B0,80,00,96,20,00,00,FE,
0,00000488,false,Rx,0,8,6F,33,00,72,FE,FF,FF,D0,
0,00000280,false,Rx,0,8,B3,8A,00,00,33,FA,28,33,
0,00000288,false,Rx,0,8,E8,33,D5,00,00,75,57,53,
0,00000380,false,Rx,0,8,B0,80,00,96,20,00,00,FE,
0,00000488,false,Rx,0,8,5F,33,00,72,FE,FF,FF,E0,
0,00000480,false,Rx,0,8,1C,2C,00,00,19,41,00,68,
0,00000284,false,Rx,0,6,00,00,00,00,00,00,00,00,
0,00000588,false,Rx,0,8,0B,00,72,00,00,80,00,00,
0,00000280,false,Rx,0,8,B3,8A,00,00,33,FA,28,33,
0,00000288,false,Rx,0,8,E8,33,D5,00,00,75,57,53,
0,00000380,false,Rx,0,8,B0,80,00,96,20,00,00,FE,
0,00000488,false,Rx,0,8,4F,33,00,72,FE,FF,FF,F0,
0,00000280,false,Rx,0,8,B3,8A,00,00,33,FA,28,33,
0,00000288,false,Rx,0,8,2C,33,D5,00,00,75,57,53,
0,00000380,false,Rx,0,8,B0,80,00,96,20,00,00,FE,
0,00000488,false,Rx,0,8,40,33,00,72,FE,FF,00,00,
0,00000480,false,Rx,0,8,1C,2C,00,00,19,41,00,68,
0,00000284,false,Rx,0,6,01,01,00,00,00,00,00,00,
0,00000588,false,Rx,0,8,0B,00,72,00,00,80,00,00,
0,00000280,false,Rx,0,8,B3,8A,00,00,33,FA,28,33,
0,00000288,false,Rx,0,8,2C,33,D5,00,00,75,57,53,
0,00000380,false,Rx,0,8,B0,80,00,96,20,00,00,FE,
0,00000488,false,Rx,0,8,AF,33,00,72,FE,FF,FF,10,
0,00000280,false,Rx,0,8,B3,8A,00,00,33,FA,28,33,
0,00000288,false,Rx,0,8,2C,33,D5,00,00,75,57,53,
0,00000380,false,Rx,0,8,B0,80,00,96,20,00,00,FE,
0,00000488,false,Rx,0,8,60,33,00,72,FE,FF,00,20,
0,00000480,false,Rx,0,8,1C,2C,00,00,19,41,00,68,
0,00000284,false,Rx,0,6,02,02,00,00,00,00,00,00,
0,00000588,false,Rx,0,8,0B,00,72,00,00,80,00,00,
0,00000280,false,Rx,0,8,B3,8A,00,00,33,FA,28,33,
0,00000288,false,Rx,0,8,2C,33,D5,00,00,75,57,53,
0,00000380,false,Rx,0,8,B0,80,00,96,20,00,00,FE,
0,00000488,false,Rx,0,8,70,33,00,72,FE,FF,00,30,
0,00000280,false,Rx,0,8,B3,8A,00,00,33,FA,28,33,
0,00000288,false,Rx,0,8,64,33,D5,00,00,75,57,53,
0,00000380,false,Rx,0,8,B0,80,00,96,20,00,00,FE,
0,00000488,false,Rx,0,8,00,33,00,72,FE,FF,00,40,
0,00000480,false,Rx,0,8,1C,2C,00,00,19,41,00,68,
0,00000284,false,Rx,0,6,03,03,00,00,00,00,00,00,
0,00000588,false,Rx,0,8,0B,00,72,00,00,80,00,00,
0,00000280,false,Rx,0,8,B3,8A,00,00,33,FA,28,33,
0,00000288,false,Rx,0,8,64,33,D5,00,00,75,57,53,
0,00000380,false,Rx,0,8,B0,80,00,96,20,00,00,FE,
0,00000488,false,Rx,0,8,EF,33,00,72,FE,FF,FF,50,
0,00000280,false,Rx,0,8,B3,8A,00,00,33,FA,28,33,
0,00000288,false,Rx,0,8,64,33,D5,00,00,75,57,53,
0,00000380,false,Rx,0,8,B0,80,00,96,20,00,00,FE,
0,00000488,false,Rx,0,8,DF,33,00,72,FE,FF,FF,60,
0,00000480,false,Rx,0,8,54,2C,00,00,19,41,00,20,
0,00000284,false,Rx,0,6,04,04,00,00,00,00,00,00,
0,00000588,false,Rx,0,8,0B,00,72,00,00,80,00,00,
0,00000280,false,Rx,0,8,B3,8A,00,00,33,FA,28,33,
0,00000288,false,Rx,0,8,64,33,D5,00,00,75,57,53,
0,00000380,false,Rx,0,8,B0,80,00,96,20,00,00,FE,
0,00000488,false,Rx,0,8,CF,33,00,72,FE,FF,FF,70,
0,00000280,false,Rx,0,8,B3,8A,00,00,33,FA,28,33,
0,00000288,false,Rx,0,8,8A,33,D5,00,00,75,57,53,
0,00000380,false,Rx,0,8,B0,80,00,96,20,00,00,FE,
0,00000488,false,Rx,0,8,3F,33,00,72,FE,FF,FF,80,
0,00000480,false,Rx,0,8,54,2C,00,00,19,41,00,20,
0,00000284,false,Rx,0,6,05,05,00,00,00,00,00,00,
711000,00000588,false,Rx,0,8,0B,00,72,00,00,80,00,00,
0,00000280,false,Rx,0,8,B3,8A,00,00,33,FA,28,33,
0,00000288,false,Rx,0,8,8A,33,D5,00,00,75,57,53,
0,00000380,false,Rx,0,8,B0,80,00,96,20,00,00,FE,
719000,00000488,false,Rx,0,8,2F,33,00,72,FE,FF,FF,90,
0,00000280,false,Rx,0,8,B3,8A,00,00,33,FA,28,33,
0,00000288,false,Rx,0,8,8A,33,D5,00,00,75,57,53,
0,00000380,false,Rx,0,8,B0,80,00,96,20,00,00,FE,
0,00000488,false,Rx,0,8,1F,33,00,72,FE,FF,FF,A0,
0,00000480,false,Rx,0,8,54,2C,00,00,19,41,00,20,
0,00000284,false,Rx,0,6,06,06,00,00,00,00,00,00,
732000,00000588,false,Rx,0,8,0B,00,72,00,00,80,00,00,
0,00000280,false,Rx,0,8,B3,8A,00,00,33,FA,28,33,
0,00000288,false,Rx,0,8,8A,33,D5,00,00,75,57,53,
0,00000380,false,Rx,0,8,B0,80,00,96,20,00,00,FE,
0,00000488,false,Rx,0,8,0F,33,00,72,FE,FF,FF,B0,
0,00000280,false,Rx,0,8,B3,8A,00,00,33,FA,28,33,
0,00000288,false,Rx,0,8,E8,33,D5,00,00,75,57,53,
0,00000380,false,Rx,0,8,B0,80,00,96,20,00,00,FE,
0,00000488,false,Rx,0,8,7F,33,00,72,FE,FF,FF,C0,
0,00000480,false,Rx,0,8,54,2C,00,00,19,41,00,20,
0,00000284,false,Rx,0,6,07,07,00,00,00,00,00,00,
752000,00000588,false,Rx,0,8,0B,00,72,00,00,80,00,00,
0,00000280,false,Rx,0,8,B3,8A,00,00,33,FA,28,33,
0,00000288,false,Rx,0,8,E8,33,D5,00,00,75,57,53,
0,00000380,false,Rx,0,8,B0,80,00,96,20,00,00,FE,
0,00000488,false,Rx,0,8,6F,33,00,72,FE,FF,FF,D0,
0,00000280,false,Rx,0,8,B3,8A,00,00,33,FA,28,33,
0,00000288,false,Rx,0,8,E8,33,D5,00,00,75,57,53,
0,00000380,false,Rx,0,8,B0,80,00,96,20,00,00,FE,
0,00000488,false,Rx,0,8,5F,33,00,72,FE,FF,FF,E0,
0,00000480,false,Rx,0,8,84,2C,00,00,19,41,00,F0,
0,00000284,false,Rx,0,6,08,08,00,00,00,00,00,00,
0,00000588,false,Rx,0,8,0B,00,72,00,00,80,00,00,
0,00000280,false,Rx,0,8,B3,8A,00,00,33,FA,28,33,
0,00000288,false,Rx,0,8,E8,33,D5,00,00,75,57,53,
0,00000380,false,Rx,0,8,B0,80,00,96,20,00,00,FE,
0,00000488,false,Rx,0,8,4F,33,00,72,FE,FF,FF,F0,
0,00000280,false,Rx,0,8,B3,8A,00,00,33,FA,28,33,
0,00000288,false,Rx,0,8,2C,33,D5,00,00,75,57,53,
0,00000380,false,Rx,0,8,B0,80,00,96,20,00,00,FE,
0,00000488,false,Rx,0,8,40,33,00,72,FE,FF,00,00,
0,00000480,false,Rx,0,8,84,2C,00,00,19,41,00,F0,
0,00000284,false,Rx,0,6,09,09,00,00,00,00,00,00,
789000,00000588,false,Rx,0,8,0B,00,72,00,00,80,00,00,
0,00000280,false,Rx,0,8,B3,8A,00,00,33,FA,28,33,
0,00000288,false,Rx,0,8,2C,33,D5,00,00,75,57,53,
0,00000380,false,Rx,0,8,B0,80,00,96,20,00,00,FE,
0,00000488,false,Rx,0,8,AF,33,00,72,FE,FF,FF,10,
0,00000280,false,Rx,0,8,B3,8A,00,00,33,FA,28,33,
0,00000288,false,Rx,0,8,2C,33,D5,00,00,75,57,53,
0,00000380,false,Rx,0,8,B0,80,00,96,20,00,00,FE,
0,00000488,false,Rx,0,8,60,33,00,72,FE,FF,00,20,
0,00000480,false,Rx,0,8,84,2C,00,00,19,41,00,F0,
0,00000284,false,Rx,0,6,0A,0A,00,00,00,00,00,00,
0,00000588,false,Rx,0,8,0B,00,72,00,00,80,00,00,
0,00000280,false,Rx,0,8,B3,8A,00,00,33,FA,28,33,
0,00000288,false,Rx,0,8,2C,33,D5,00,00,75,57,53,
0,00000380,false,Rx,0,8,B0,80,00,96,20,00,00,FE,
0,00000488,false,Rx,0,8,70,33,00,72,FE,FF,00,30,
0,00000280,false,Rx,0,8,B3,8A,00,00,33,FA,28,33,
0,00000288,false,Rx,0,8,64,33,D5,00,00,75,57,53,
0,00000380,false,Rx,0,8,B0,80,00,96,20,00,00,FE,
0,00000488,false,Rx,0,8,00,33,00,72,FE,FF,00,40,
0,00000480,false,Rx,0,8,84,2C,00,00,19,41,00,F0,
0,00000284,false,Rx,0,6,0B,0B,00,00,00,00,00,00,
0,00000588,false,Rx,0,8,0B,00,72,00,00,80,00,00,
0,00000280,false,Rx,0,8,B3,8A,00,00,33,FA,28,33,
0,00000288,false,Rx,0,8,64,33,D5,00,00,75,57,53,
0,00000380,false,Rx,0,8,B0,80,00,96,20,00,00,FE,
0,00000488,false,Rx,0,8,EF,33,00,72,FE,FF,FF,50,
0,00000280,false,Rx,0,8,B3,8A,00,00,33,FA,28,33,
0,00000288,false,Rx,0,8,64,33,D5,00,00,75,57,53,
0,00000380,false,Rx,0,8,B0,80,00,96,20,00,00,FE,
0,00000488,false,Rx,0,8,DF,33,00,72,FE,FF,FF,60,
0,00000480,false,Rx,0,8,C2,2C,00,00,19,41,00,B6,
0,00000284,false,Rx,0,6,0C,0C,00,00,00,00,00,00,
0,00000588,false,Rx,0,8,0B,00,72,00,00,80,00,00,
0,00000280,false,Rx,0,8,B3,8A,00,00,33,FA,28,33,
0,00000288,false,Rx,0,8,64,33,D5,00,00,75,57,53,
0,00000380,false,Rx,0,8,B0,80,00,96,20,00,00,FE,
0,00000488,false,Rx,0,8,CF,33,00,72,FE,FF,FF,70,
0,00000280,false,Rx,0,8,B3,8A,00,00,33,FA,28,33,
0,00000288,false,Rx,0,8,8A,33,D5,00,00,75,57,53,
0,00000380,false,Rx,0,8,B0,80,00,96,20,00,00,FE,
0,00000488,false,Rx,0,8,3F,33,00,72,FE,FF,FF,80,
0,00000480,false,Rx,0,8,C2,2C,00,00,19,41,00,B6,
0,00000284,false,Rx,0,6,0D,0D,00,00,00,00,00,00,
0,00000588,false,Rx,0,8,0B,00,72,00,00,80,00,00,
0,00000280,false,Rx,0,8,B3,8A,00,00,33,FA,28,33,
0,00000288,false,Rx,0,8,8A,33,D5,00,00,75,57,53,
0,00000380,false,Rx,0,8,B0,80,00,96,20,00,00,FE,
0,00000488,false,Rx,0,8,2F,33,00,72,FE,FF,FF,90,
0,00000280,false,Rx,0,8,B3,8A,00,00,33,FA,28,33,
0,00000288,false,Rx,0,8,8A,33,D5,00,00,75,57,53,
0,00000380,false,Rx,0,8,B0,80,00,96,20,00,00,FE,
0,00000488,false,Rx,0,8,1F,33,00,72,FE,FF,FF,A0,
0,00000480,false,Rx,0,8,C2,2C,00,00,19,41,00,B6,
0,00000284,false,Rx,0,6,0E,0E,00,00,00,00,00,00,
891000,00000588,false,Rx,0,8,0B,00,72,00,00,80,00,00,
0,00000280,false,Rx,0,8,B3,8A,00,00,33,FA,28,33,
0,00000288,false,Rx,0,8,8A,33,D5,00,00,75,57,53,
0,00000380,false,Rx,0,8,B0,80,00,96,20,00,00,FE,
0,00000488,false,Rx,0,8,0F,33,00,72,FE,FF,FF,B0,
0,00000280,false,Rx,0,8,B3,8A,00,00,33,FA,28,33,
0,00000288,false,Rx,0,8,E8,33,D5,00,00,75,57,53,
0,00000380,false,Rx,0,8,B0,80,00,96,20,00,00,FE,
0,00000488,false,Rx,0,8,7F,33,00,72,FE,FF,FF,C0,
0,00000480,false,Rx,0,8,C2,2C,00,00,19,41,00,B6,
0,00000284,false,Rx,0,6,0F,0F,00,00,00,00,00,00,
912000,00000588,false,Rx,0,8,0B,00,72,00,00,80,00,00,
0,00000280,false,Rx,0,8,B3,8A,00,00,33,FA,28,33,
0,00000288,false,Rx,0,8,E8,33,D5,00,00,75,57,53,
0,00000380,false,Rx,0,8,B0,80,00,96,20,00,00,FE,
920000,00000488,false,Rx,0,8,6F,33,00,72,FE,FF,FF,D0,
0,00000280,false,Rx,0,8,B3,8A,00,00,33,FA,28,33,
0,00000288,false,Rx,0,8,E8,33,D5,00,00,75,57,53,
0,00000380,false,Rx,0,8,B0,80,00,96,20,00,00,FE,
0,00000488,false,Rx,0,8,5F,33,00,72,FE,FF,FF,E0,
0,00000480,false,Rx,0,8,1C,2C,00,00,19,41,00,68,
0,00000284,false,Rx,0,6,00,00,00,00,00,00,00,00,
932000,00000588,false,Rx,0,8,0B,00,72,00,00,80,00,00,
0,00000280,false,Rx,0,8,B3,8A,00,00,33,FA,28,33,
0,00000288,false,Rx,0,8,E8,33,D5,00,00,75,57,53,
0,00000380,false,Rx,0,8,B0,80,00,96,20,00,00,FE,
0,00000488,false,Rx,0,8,4F,33,00,72,FE,FF,FF,F0,
945000,00000280,false,Rx,0,8,B3,8A,00,00,33,FA,28,33,
0,00000288,false,Rx,0,8,2C,33,D5,00,00,75,57,53,
0,00000380,false,Rx,0,8,B0,80,00,96,20,00,00,FE,
0,00000488,false,Rx,0,8,40,33,00,72,FE,FF,00,00,
0,00000480,false,Rx,0,8,1C,2C,00,00,19,41,00,68,
0,00000284,false,Rx,0,6,01,01,00,00,00,00,00,00,
0,00000588,false,Rx,0,8,0B,00,72,00,00,80,00,00,
0,00000280,false,Rx,0,8,B3,8A,00,00,33,FA,28,33,
0,00000288,false,Rx,0,8,2C,33,D5,00,00,75,57,53,
0,00000380,false,Rx,0,8,B0,80,00,96,20,00,00,FE,
0,00000488,false,Rx,0,8,AF,33,00,72,FE,FF,FF,10,
0,00000280,false,Rx,0,8,B3,8A,00,00,33,FA,28,33,
0,00000288,false,Rx,0,8,2C,33,D5,00,00,75,57,53,
0,00000380,false,Rx,0,8,B0,80,00,96,20,00,00,FE,
0,00000488,false,Rx,0,8,60,33,00,72,FE,FF,00,20,
0,00000480,false,Rx,0,8,1C,2C,00,00,19,41,00,68,
0,00000284,false,Rx,0,6,02,02,00,00,00,00,00,00,
969000,00000588,false,Rx,0,8,0B,00,72,00,00,80,00,00,
0,00000280,false,Rx,0,8,B3,8A,00,00,33,FA,28,33,
0,00000288,false,Rx,0,8,2C,33,D5,00,00,75,57,53,
0,00000380,false,Rx,0,8,B0,80,00,96,20,00,00,FE,
0,00000488,false,Rx,0,8,70,33,00,72,FE,FF,00,30,
0,00000280,false,Rx,0,8,B3,8A,00,00,33,FA,28,33,
0,00000288,false,Rx,0,8,64,33,D5,00,00,75,57,53,
0,00000380,false,Rx,0,8,B0,80,00,96,20,00,00,FE,
0,00000488,false,Rx,0,8,00,33,00,72,FE,FF,00,40,
0,00000480,false,Rx,0,8,1C,2C,00,00,19,41,00,68,
0,00000284,false,Rx,0,6,03,03,00,00,00,00,00,00,
0,00000588,false,Rx,0,8,0B,00,72,00,00,80,00,00,
0,00000280,false,Rx,0,8,B3,8A,00,00,33,FA,28,33,
0,00000288,false,Rx,0,8,64,33,D5,00,00,75,57,53,
0,00000380,false,Rx,0,8,B0,80,00,96,20,00,00,FE,
0,00000488,false,Rx,0,8,EF,33,00,72,FE,FF,FF,50,
0,00000280,false,Rx,0,8,B3,8A,00,00,33,FA,28,33,
0,00000288,false,Rx,0,8,64,33,D5,00,00,75,57,53,
0,00000380,false,Rx,0,8,B0,80,00,96,20,00,00,FE,
0,00000488,false,Rx,0,8,DF,33,00,72,FE,FF,FF,60,
0,00000480,false,Rx,0,8,54,2C,00,00,19,41,00,20,
0,00000284,false,Rx,0,6,04,04,00,00,00,00,00,00,
0,00000588,false,Rx,0,8,0B,00,72,00,00,80,00,00,
0,00000280,false,Rx,0,8,B3,8A,00,00,33,FA,28,33,
0,00000288,false,Rx,0,8,64,33,D5,00,00,75,57,53,
0,00000380,false,Rx,0,8,B0,80,00,96,20,00,00,FE,
0,00000488,false,Rx,0,8,CF,33,00,72,FE,FF,FF,70,
0,00000280,false,Rx,0,8,B3,8A,00,00,33,FA,28,33,
0,00000288,false,Rx,0,8,8A,33,D5,00,00,75,57,53,
0,00000380,false,Rx,0,8,B0,80,00,96,20,00,00,FE,
0,00000488,false,Rx,0,8,3F,33,00,72,FE,FF,FF,80,
0,00000480,false,Rx,0,8,54,2C,00,00,19,41,00,20,
0,00000284,false,Rx,0,6,05,05,00,00,00,00,00,00,
0,00000588,false,Rx,0,8,0B,00,72,00,00,80,00,00,
35000,00000280,false,Rx,0,8,B3,8A,00,00,33,FA,28,33,
0,00000288,false,Rx,0,8,8A,33,D5,00,00,75,57,53,
0,00000380,false,Rx,0,8,B0,80,00,96,20,00,00,FE,
0,00000488,false,Rx,0,8,2F,33,00,72,FE,FF,FF,90,
0,00000280,false,Rx,0,8,B3,8A,00,00,33,FA,28,33,
0,00000288,false,Rx,0,8,8A,33,D5,00,00,75,57,53,
0,00000380,false,Rx,0,8,B0,80,00,96,20,00,00,FE,
0,00000488,false,Rx,0,8,1F,33,00,72,FE,FF,FF,A0,
0,00000480,false,Rx,0,8,54,2C,00,00,19,41,00,20,
0,00000284,false,Rx,0,6,06,06,00,00,00,00,00,00,
0,00000588,false,Rx,0,8,0B,00,72,00,00,80,00,00,
0,00000280,false,Rx,0,8,B3,8A,00,00,33,FA,28,33,
0,00000288,false,Rx,0,8,8A,33,D5,00,00,75,57,53,
0,00000380,false,Rx,0,8,B0,80,00,96,20,00,00,FE,
0,00000488,false,Rx,0,8,0F,33,00,72,FE,FF,FF,B0,
0,00000280,false,Rx,0,8,B3,8A,00,00,33,FA,28,33,
0,00000288,false,Rx,0,8,E8,33,D5,00,00,75,57,53,
0,00000380,false,Rx,0,8,B0,80,00,96,20,00,00,FE,
0,00000488,false,Rx,0,8,7F,33,00,72,FE,FF,FF,C0,
0,00000480,false,Rx,0,8,54,2C,00,00,19,41,00,20,
0,00000284,false,Rx,0,6,07,07,00,00,00,00,00,00,
0,00000588,false,Rx,0,8,0B,00,72,00,00,80,00,00,
0,00000280,false,Rx,0,8,B3,8A,00,00,33,FA,28,33,
0,00000288,false,Rx,0,8,E8,33,D5,00,00,75,57,53,
0,00000380,false,Rx,0,8,B0,80,00,96,20,00,00,FE,
0,00000488,false,Rx,0,8,6F,33,00,72,FE,FF,FF,D0,
0,00000280,false,Rx,0,8,B3,8A,00,00,33,FA,28,33,
0,00000288,false,Rx,0,8,E8,33,D5,00,00,75,57,53,
0,00000380,false,Rx,0,8,B0,80,00,96,20,00,00,FE,
0,00000488,false,Rx,0,8,5F,33,00,72,FE,FF,FF,E0,
0,00000480,false,Rx,0,8,84,2C,00,00,19,41,00,F0,
0,00000284,false,Rx,0,6,08,08,00,00,00,00,00,00,
92000,00000588,false,Rx,0,8,0B,00,72,00,00,80,00,00,
0,00000280,false,Rx,0,8,B3,8A,00,00,33,FA,28,33,
0,00000288,false,Rx,0,8,E8,33,D5,00,00,75,57,53,
0,00000380,false,Rx,0,8,B0,80,00,96,20,00,00,FE,
100000,00000488,false,Rx,0,8,4F,33,00,72,FE,FF,FF,F0,
0,00000280,false,Rx,0,8,B3,8A,00,00,33,FA,28,33,
0,00000288,false,Rx,0,8,2C,33,D5,00,00,75,57,53,
0,00000380,false,Rx,0,8,B0,80,00,96,20,00,00,FE,
0,00000488,false,Rx,0,8,40,33,00,72,FE,FF,00,00,
0,00000480,false,Rx,0,8,84,2C,00,00,19,41,00,F0,
0,00000284,false,Rx,0,6,09,09,00,00,00,00,00,00,
112000,00000588,false,Rx,0,8,0B,00,72,00,00,80,00,00,
0,00000280,false,Rx,0,8,B3,8A,00,00,33,FA,28,33,
0,00000288,false,Rx,0,8,2C,33,D5,00,00,75,57,53,
0,00000380,false,Rx,0,8,B0,80,00,96,20,00,00,FE,
0,00000488,false,Rx,0,8,AF,33,00,72,FE,FF,FF,10,
0,00000280,false,Rx,0,8,B3,8A,00,00,33,FA,28,33,
0,00000288,false,Rx,0,8,2C,33,D5,00,00,75,57,53,
0,00000380,false,Rx,0,8,B0,80,00,96,20,00,00,FE,
0,00000488,false,Rx,0,8,60,33,00,72,FE,FF,00,20,
0,00000480,false,Rx,0,8,84,2C,00,00,19,41,00,F0,
0,00000284,false,Rx,0,6,0A,0A,00,00,00,00,00,00,
0,00000588,false,Rx,0,8,0B,00,72,00,00,80,00,00,
0,00000280,false,Rx,0,8,B3,8A,00,00,33,FA,28,33,
0,00000288,false,Rx,0,8,2C,33,D5,00,00,75,57,53,
0,00000380,false,Rx,0,8,B0,80,00,96,20,00,00,FE,
0,00000488,false,Rx,0,8,70,33,00,72,FE,FF,00,30,
0,00000280,false,Rx,0,8,B3,8A,00,00,33,FA,28,33,
0,00000288,false,Rx,0,8,64,33,D5,00,00,75,57,53,
0,00000380,false,Rx,0,8,B0,80,00,96,20,00,00,FE,
0,00000488,false,Rx,0,8,00,33,00,72,FE,FF,00,40,
0,00000480,false,Rx,0,8,84,2C,00,00,19,41,00,F0,
0,00000284,false,Rx,0,6,0B,0B,00,00,00,00,00,00,
0,00000588,false,Rx,0,8,0B,00,72,00,00,80,00,00,
0,00000280,false,Rx,0,8,B3,8A,00,00,33,FA,28,33,
0,00000288,false,Rx,0,8,64,33,D5,00,00,75,57,53,
0,00000380,false,Rx,0,8,B0,80,00,96,20,00,00,FE,
0,00000488,false,Rx,0,8,EF,33,00,72,FE,FF,FF,50,
0,00000280,false,Rx,0,8,B3,8A,00,00,33,FA,28,33,
0,00000288,false,Rx,0,8,64,33,D5,00,00,75,57,53,
0,00000380,false,Rx,0,8,B0,80,00,96,20,00,00,FE,
0,00000488,false,Rx,0,8,DF,33,00,72,FE,FF,FF,60,
0,00000480,false,Rx,0,8,C2,2C,00,00,19,41,00,B6,
0,00000284,false,Rx,0,6,0C,0C,00,00,00,00,00,00,
170000,00000588,false,Rx,0,8,0B,00,72,00,00,80,00,00,
0,00000280,false,Rx,0,8,B3,8A,00,00,33,FA,28,33,
0,00000288,false,Rx,0,8,64,33,D5,00,00,75,57,53,
0,00000380,false,Rx,0,8,B0,80,00,96,20,00,00,FE,
0,00000488,false,Rx,0,8,CF,33,00,72,FE,FF,FF,70,
0,00000280,false,Rx,0,8,B3,8A,00,00,33,FA,28,33,
0,00000288,false,Rx,0,8,8A,33,D5,00,00,75,57,53,
0,00000380,false,Rx,0,8,B0,80,00,96,20,00,00,FE,
0,00000488,false,Rx,0,8,3F,33,00,72,FE,FF,FF,80,
0,00000480,false,Rx,0,8,C2,2C,00,00,19,41,00,B6,
0,00000284,false,Rx,0,6,0D,0D,00,00,00,00,00,00,
0,00000588,false,Rx,0,8,0B,00,72,00,00,80,00,00,
0,00000280,false,Rx,0,8,B3,8A,00,00,33,FA,28,33,
0,00000288,false,Rx,0,8,8A,33,D5,00,00,75,57,53,
0,00000380,false,Rx,0,8,B0,80,00,96,20,00,00,FE,
0,00000488,false,Rx,0,8,2F,33,00,72,FE,FF,FF,90,
0,00000280,false,Rx,0,8,B3,8A,00,00,33,FA,28,33,
0,00000288,false,Rx,0,8,8A,33,D5,00,00,75,57,53,
0,00000380,false,Rx,0,8,B0,80,00,96,20,00,00,FE,
0,00000488,false,Rx,0,8,1F,33,00,72,FE,FF,FF,A0,
0,00000480,false,Rx,0,8,C2,2C,00,00,19,41,00,B6,
0,00000284,false,Rx,0,6,0E,0E,00,00,00,00,00,00,
0,00000588,false,Rx,0,8,0B,00,72,00,00,80,00,00,
0,00000280,false,Rx,0,8,B3,8A,00,00,33,FA,28,33,
0,00000288,false,Rx,0,8,8A,33,D5,00,00,75,57,53,
0,00000380,false,Rx,0,8,B0,80,00,96,20,00,00,FE,
0,00000488,false,Rx,0,8,0F,33,00,72,FE,FF,FF,B0,
0,00000280,false,Rx,0,8,B3,8A,00,00,33,FA,28,33,
0,00000288,false,Rx,0,8,E8,33,D5,00,00,75,57,53,
0,00000380,false,Rx,0,8,B0,80,00,96,20,00,00,FE,
0,00000488,false,Rx,0,8,7F,33,00,72,FE,FF,FF,C0,
0,00000480,false,Rx,0,8,C2,2C,00,00,19,41,00,B6,
0,00000284,false,Rx,0,6,0F,0F,00,00,00,00,00,00,
0,00000588,false,Rx,0,8,0B,00,72,00,00,80,00,00,
0,00000280,false,Rx,0,8,B3,8A,00,00,33,FA,28,33,
0,00000288,false,Rx,0,8,E8,33,D5,00,00,75,57,53,
0,00000380,false,Rx,0,8,B0,80,00,96,20,00,00,FE,
0,00000488,false,Rx,0,8,6F,33,00,72,FE,FF,FF,D0,
0,00000280,false,Rx,0,8,B3,8A,00,00,33,FA,28,33,
0,00000288,false,Rx,0,8,E8,33,D5,00,00,75,57,53,
0,00000380,false,Rx,0,8,B0,80,00,96,20,00,00,FE,
0,00000488,false,Rx,0,8,5F,33,00,72,FE,FF,FF,E0,
0,00000480,false,Rx,0,8,1C,2C,00,00,19,41,00,68,
0,00000284,false,Rx,0,6,00,00,00,00,00,00,00,00,
0,00000588,false,Rx,0,8,0B,00,72,00,00,80,00,00,
0,00000280,false,Rx,0,8,B3,8A,00,00,33,FA,28,33,
0,00000288,false,Rx,0,8,E8,33,D5,00,00,75,57,53,
0,00000380,false,Rx,0,8,B0,80,00,96,20,00,00,FE,
0,00000488,false,Rx,0,8,4F,33,00,72,FE,FF,FF,F0,
0,00000280,false,Rx,0,8,B3,8A,00,00,33,FA,28,33,
0,00000288,false,Rx,0,8,2C,33,D5,00,00,75,57,53,
0,00000380,false,Rx,0,8,B0,80,00,96,20,00,00,FE,
0,00000488,false,Rx,0,8,40,33,00,72,FE,FF,00,00,
0,00000480,false,Rx,0,8,1C,2C,00,00,19,41,00,68,
0,00000284,false,Rx,0,6,01,01,00,00,00,00,00,00,
272000,00000588,false,Rx,0,8,0B,00,72,00,00,80,00,00,
0,00000280,false,Rx,0,8,B3,8A,00,00,33,FA,28,33,
0,00000288,false,Rx,0,8,2C,33,D5,00,00,75,57,53,
0,00000380,false,Rx,0,8,B0,80,00,96,20,00,00,FE,
281000,00000488,false,Rx,0,8,AF,33,00,72,FE,FF,FF,10,
0,00000280,false,Rx,0,8,B3,8A,00,00,33,FA,28,33,
0,00000288,false,Rx,0,8,2C,33,D5,00,00,75,57,53,
0,00000380,false,Rx,0,8,B0,80,00,96,20,00,00,FE,
0,00000488,false,Rx,0,8,60,33,00,72,FE,FF,00,20,
0,00000480,false,Rx,0,8,1C,2C,00,00,19,41,00,68,
0,00000284,false,Rx,0,6,02,02,00,00,00,00,00,00,
293000,00000588,false,Rx,0,8,0B,00,72,00,00,80,00,00,
0,00000280,false,Rx,0,8,B3,8A,00,00,33,FA,28,33,
0,00000288,false,Rx,0,8,2C,33,D5,00,00,75,57,53,
0,00000380,false,Rx,0,8,B0,80,00,96,20,00,00,FE,
301000,00000488,false,Rx,0,8,70,33,00,72,FE,FF,00,30,
0,00000280,false,Rx,0,8,B3,8A,00,00,33,FA,28,33,
0,00000288,false,Rx,0,8,64,33,D5,00,00,75,57,53,
0,00000380,false,Rx,0,8,B0,80,00,96,20,00,00,FE,
0,00000488,false,Rx,0,8,00,33,00,72,FE,FF,00,40,
0,00000480,false,Rx,0,8,1C,2C,00,00,19,41,00,68,
0,00000284,false,Rx,0,6,03,03,00,00,00,00,00,00,
313000,00000588,false,Rx,0,8,0B,00,72,00,00,80,00,00,
0,00000280,false,Rx,0,8,B3,8A,00,00,33,FA,28,33,
0,00000288,false,Rx,0,8,64,33,D5,00,00,75,57,53,
0,00000380,false,Rx,0,8,B0,80,00,96,20,00,00,FE,
0,00000488,false,Rx,0,8,EF,33,00,72,FE,FF,FF,50,
0,00000280,false,Rx,0,8,B3,8A,00,00,33,FA,28,33,
0,00000288,false,Rx,0,8,64,33,D5,00,00,75,57,53,
0,00000380,false,Rx,0,8,B0,80,00,96,20,00,00,FE,
0,00000488,false,Rx,0,8,DF,33,00,72,FE,FF,FF,60,
0,00000480,false,Rx,0,8,54,2C,00,00,19,41,00,20,
0,00000284,false,Rx,0,6,04,04,00,00,00,00,00,00,
0,00000588,false,Rx,0,8,0B,00,72,00,00,80,00,00,
0,00000280,false,Rx,0,8,B3,8A,00,00,33,FA,28,33,
0,00000288,false,Rx,0,8,64,33,D5,00,00,75,57,53,
0,00000380,false,Rx,0,8,B0,80,00,96,20,00,00,FE,
0,00000488,false,Rx,0,8,CF,33,00,72,FE,FF,FF,70,
0,00000280,false,Rx,0,8,B3,8A,00,00,33,FA,28,33,
0,00000288,false,Rx,0,8,8A,33,D5,00,00,75,57,53,
0,00000380,false,Rx,0,8,B0,80,00,96,20,00,00,FE,
0,00000488,false,Rx,0,8,3F,33,00,72,FE,FF,FF,80,
0,00000480,false,Rx,0,8,54,2C,00,00,19,41,00,20,
0,00000284,false,Rx,0,6,05,05,00,00,00,00,00,00,
0,00000588,false,Rx,0,8,0B,00,72,00,00,80,00,00,
0,00000280,false,Rx,0,8,B3,8A,00,00,33,FA,28,33,
0,00000288,false,Rx,0,8,8A,33,D5,00,00,75,57,53,
0,00000380,false,Rx,0,8,B0,80,00,96,20,00,00,FE,
0,00000488,false,Rx,0,8,2F,33,00,72,FE,FF,FF,90,
0,00000280,false,Rx,0,8,B3,8A,00,00,33,FA,28,33,
0,00000288,false,Rx,0,8,8A,33,D5,00,00,75,57,53,
0,00000380,false,Rx,0,8,B0,80,00,96,20,00,00,FE,
0,00000488,false,Rx,0,8,1F,33,00,72,FE,FF,FF,A0,
0,00000480,false,Rx,0,8,54,2C,00,00,19,41,00,20,
0,00000284,false,Rx,0,6,06,06,00,00,00,00,00,00,
0,00000588,false,Rx,0,8,0B,00,72,00,00,80,00,00,
0,00000280,false,Rx,0,8,B3,8A,00,00,33,FA,28,33,
0,00000288,false,Rx,0,8,8A,33,D5,00,00,75,57,53,
0,00000380,false,Rx,0,8,B0,80,00,96,20,00,00,FE,
0,00000488,false,Rx,0,8,0F,33,00,72,FE,FF,FF,B0,
0,00000280,false,Rx,0,8,B3,8A,00,00,33,FA,28,33,
0,00000288,false,Rx,0,8,E8,33,D5,00,00,75,57,53,
0,00000380,false,Rx,0,8,B0,80,00,96,20,00,00,FE,
0,00000488,false,Rx,0,8,7F,33,00,72,FE,FF,FF,C0,
0,00000480,false,Rx,0,8,54,2C,00,00,19,41,00,20,
0,00000588,false,Rx,0,8,0B,00,72,00,00,80,00,00,
391000,00000284,false,Rx,0,6,07,07,00,00,00,00,00,00,
0,00000280,false,Rx,0,8,B3,8A,00,00,33,FA,28,33,
0,00000288,false,Rx,0,8,E8,33,D5,00,00,75,57,53,
0,00000380,false,Rx,0,8,B0,80,00,96,20,00,00,FE,
0,00000488,false,Rx,0,8,6F,33,00,72,FE,FF,FF,D0,
403000,00000580,false,Rx,0,8,85,00,00,7F,00,F0,47,01,
0,00000280,false,Rx,0,8,B3,8A,00,00,33,FA,28,33,
0,00000288,false,Rx,0,8,E8,33,D5,00,00,75,57,53,
0,00000380,false,Rx,0,8,B0,80,00,96,20,00,00,FE,
0,00000488,false,Rx,0,8,5F,33,00,72,FE,FF,FF,E0,
0,00000480,false,Rx,0,8,84,2C,00,00,19,41,00,F0,
0,00000284,false,Rx,0,6,08,08,00,00,00,00,00,00,
0,00000588,false,Rx,0,8,0B,00,72,00,00,80,00,00,
416000,00000280,false,Rx,0,8,B3,8A,00,00,33,FA,28,33,
0,00000288,false,Rx,0,8,E8,33,D5,00,00,75,57,53,
0,00000380,false,Rx,0,8,B0,80,00,96,20,00,00,FE,
0,00000488,false,Rx,0,8,4F,33,00,72,FE,FF,FF,F0,
0,00000280,false,Rx,0,8,B3,8A,00,00,33,FA,28,33,
0,00000288,false,Rx,0,8,2C,33,D5,00,00,75,57,53,
0,00000380,false,Rx,0,8,B0,80,00,96,20,00,00,FE,
0,00000488,false,Rx,0,8,40,33,00,72,FE,FF,00,00,
0,00000480,false,Rx,0,8,84,2C,00,00,19,41,00,F0,
0,00000284,false,Rx,0,6,09,09,00,00,00,00,00,00,
0,00000588,false,Rx,0,8,0B,00,72,00,00,80,00,00,
0,00000280,false,Rx,0,8,B3,8A,00,00,33,FA,28,33,
0,00000288,false,Rx,0,8,2C,33,D5,00,00,75,57,53,
0,00000380,false,Rx,0,8,B0,80,00,96,20,00,00,FE,
0,00000488,false,Rx,0,8,AF,33,00,72,FE,FF,FF,10,
0,00000280,false,Rx,0,8,B3,8A,00,00,33,FA,28,33,
0,00000288,false,Rx,0,8,2C,33,D5,00,00,75,57,53,
0,00000380,false,Rx,0,8,B0,80,00,96,20,00,00,FE,
0,00000488,false,Rx,0,8,60,33,00,72,FE,FF,00,20,
0,00000480,false,Rx,0,8,84,2C,00,00,19,41,00,F0,
0,00000284,false,Rx,0,6,0A,0A,00,00,00,00,00,00,
453000,00000588,false,Rx,0,8,0B,00,72,00,00,80,00,00,
0,00000280,false,Rx,0,8,B3,8A,00,00,33,FA,28,33,
0,00000288,false,Rx,0,8,2C,33,D5,00,00,75,57,53,
0,00000380,false,Rx,0,8,B0,80,00,96,20,00,00,FE,
0,00000488,false,Rx,0,8,70,33,00,72,FE,FF,00,30,
0,00000280,false,Rx,0,8,B3,8A,00,00,33,FA,28,33,
0,00000288,false,Rx,0,8,64,33,D5,00,00,75,57,53,
0,00000380,false,Rx,0,8,B0,80,00,96,20,00,00,FE,
0,00000488,false,Rx,0,8,00,33,00,72,FE,FF,00,40,
0,00000480,false,Rx,0,8,84,2C,00,00,19,41,00,F0,
0,00000284,false,Rx,0,6,0B,0B,00,00,00,00,00,00,
473000,00000588,false,Rx,0,8,0B,00,72,00,00,80,00,00,
0,00000280,false,Rx,0,8,B3,8A,00,00,33,FA,28,33,
0,00000288,false,Rx,0,8,64,33,D5,00,00,75,57,53,
0,00000380,false,Rx,0,8,B0,80,00,96,20,00,00,FE,
481000,00000488,false,Rx,0,8,EF,33,00,72,FE,FF,FF,50,
0,00000280,false,Rx,0,8,B3,8A,00,00,33,FA,28,33,
0,00000288,false,Rx,0,8,64,33,D5,00,00,75,57,53,
0,00000380,false,Rx,0,8,B0,80,00,96,20,00,00,FE,
0,00000488,false,Rx,0,8,DF,33,00,72,FE,FF,FF,60,
0,00000480,false,Rx,0,8,C2,2C,00,00,19,41,00,B6,
0,00000284,false,Rx,0,6,0C,0C,00,00,00,00,00,00,
494000,00000588,false,Rx,0,8,0B,00,72,00,00,80,00,00,
0,00000280,false,Rx,0,8,B3,8A,00,00,33,FA,28,33,
0,00000288,false,Rx,0,8,64,33,D5,00,00,75,57,53,
0,00000380,false,Rx,0,8,B0,80,00,96,20,00,00,FE,
0,00000488,false,Rx,0,8,CF,33,00,72,FE,FF,FF,70,
506000,00000280,false,Rx,0,8,B3,8A,00,00,33,FA,28,33,
0,00000288,false,Rx,0,8,8A,33,D5,00,00,75,57,53,
0,00000380,false,Rx,0,8,B0,80,00,96,20,00,00,FE,
0,00000488,false,Rx,0,8,3F,33,00,72,FE,FF,FF,80,
0,00000480,false,Rx,0,8,C2,2C,00,00,19,41,00,B6,
0,00000284,false,Rx,0,6,0D,0D,00,00,00,00,00,00,
0,00000588,false,Rx,0,8,0B,00,72,00,00,80,00,00,
0,00000280,false,Rx,0,8,B3,8A,00,00,33,FA,28,33,
0,00000288,false,Rx,0,8,8A,33,D5,00,00,75,57,53,
0,00000380,false,Rx,0,8,B0,80,00,96,20,00,00,FE,
0,00000488,false,Rx,0,8,2F,33,00,72,FE,FF,FF,90,
0,00000280,false,Rx,0,8,B3,8A,00,00,33,FA,28,33,
0,00000288,false,Rx,0,8,8A,33,D5,00,00,75,57,53,
0,00000380,false,Rx,0,8,B0,80,00,96,20,00,00,FE,
0,00000488,false,Rx,0,8,1F,33,00,72,FE,FF,FF,A0,
0,00000480,false,Rx,0,8,C2,2C,00,00,19,41,00,B6,
0,00000284,false,Rx,0,6,0E,0E,00,00,00,00,00,00,
0,00000588,false,Rx,0,8,0B,00,72,00,00,80,00,00,
0,00000280,false,Rx,0,8,B3,8A,00,00,33,FA,28,33,
0,00000288,false,Rx,0,8,8A,33,D5,00,00,75,57,53,
0,00000380,false,Rx,0,8,B0,80,00,96,20,00,00,FE,
0,00000488,false,Rx,0,8,0F,33,00,72,FE,FF,FF,B0,
0,00000280,false,Rx,0,8,B3,8A,00,00,33,FA,28,33,
0,00000288,false,Rx,0,8,E8,33,D5,00,00,75,57,53,
0,00000380,false,Rx,0,8,B0,80,00,96,20,00,00,FE,
0,00000488,false,Rx,0,8,7F,33,00,72,FE,FF,FF,C0,
0,00000480,false,Rx,0,8,C2,2C,00,00,19,41,00,B6,
0,00000284,false,Rx,0,6,0F,0F,00,00,00,00,00,00,
0,00000588,false,Rx,0,8,0B,00,72,00,00,80,00,00,
0,00000280,false,Rx,0,8,B3,8A,00,00,33,FA,28,33,
0,00000288,false,Rx,0,8,E8,33,D5,00,00,75,57,53,
0,00000380,false,Rx,0,8,B0,80,00,96,20,00,00,FE,
0,00000488,false,Rx,0,8,6F,33,00,72,FE,FF,FF,D0,
0,00000280,false,Rx,0,8,B3,8A,00,00,33,FA,28,33,
0,00000288,false,Rx,0,8,E8,33,D5,00,00,75,57,53,
0,00000380,false,Rx,0,8,B0,80,00,96,20,00,00,FE,
0,00000488,false,Rx,0,8,5F,33,00,72,FE,FF,FF,E0,
0,00000480,false,Rx,0,8,1C,2C,00,00,19,41,00,68,
0,00000284,false,Rx,0,6,00,00,00,00,00,00,00,00,
0,00000588,false,Rx,0,8,0B,00,72,00,00,80,00,00,
0,00000280,false,Rx,0,8,B3,8A,00,00,33,FA,28,33,
0,00000288,false,Rx,0,8,E8,33,D5,00,00,75,57,53,
0,00000380,false,Rx,0,8,B0,80,00,96,20,00,00,FE,
0,00000488,false,Rx,0,8,4F,33,00,72,FE,FF,FF,F0,
0,00000280,false,Rx,0,8,B3,8A,00,00,33,FA,28,33,
0,00000288,false,Rx,0,8,2C,33,D5,00,00,75,57,53,
0,00000380,false,Rx,0,8,B0,80,00,96,20,00,00,FE,
0,00000488,false,Rx,0,8,40,33,00,72,FE,FF,00,00,
0,00000480,false,Rx,0,8,1C,2C,00,00,19,41,00,68,
0,00000284,false,Rx,0,6,01,01,00,00,00,00,00,00,
0,00000588,false,Rx,0,8,0B,00,72,00,00,80,00,00,
0,00000280,false,Rx,0,8,B3,8A,00,00,33,FA,28,33,
0,00000288,false,Rx,0,8,2C,33,D5,00,00,75,57,53,
0,00000380,false,Rx,0,8,B0,80,00,96,20,00,00,FE,
0,00000488,false,Rx,0,8,AF,33,00,72,FE,FF,FF,10,
0,00000280,false,Rx,0,8,B3,8A,00,00,33,FA,28,33,
0,00000288,false,Rx,0,8,2C,33,D5,00,00,75,57,53,
0,00000380,false,Rx,0,8,B0,80,00,96,20,00,00,FE,
0,00000488,false,Rx,0,8,60,33,00,72,FE,FF,00,20,
0,00000480,false,Rx,0,8,1C,2C,00,00,19,41,00,68,
0,00000284,false,Rx,0,6,02,02,00,00,00,00,00,00,
0,00000588,false,Rx,0,8,0B,00,72,00,00,80,00,00,
0,00000280,false,Rx,0,8,B3,8A,00,00,33,FA,28,33,
0,00000288,false,Rx,0,8,2C,33,D5,00,00,75,57,53,
0,00000380,false,Rx,0,8,B0,80,00,96,20,00,00,FE,
0,00000488,false,Rx,0,8,70,33,00,72,FE,FF,00,30,
0,00000280,false,Rx,0,8,B3,8A,00,00,33,FA,28,33,
0,00000288,false,Rx,0,8,64,33,D5,00,00,75,57,53,
0,00000380,false,Rx,0,8,B0,80,00,96,20,00,00,FE,
0,00000488,false,Rx,0,8,00,33,00,72,FE,FF,00,40,
0,00000480,false,Rx,0,8,1C,2C,00,00,19,41,00,68,
0,00000284,false,Rx,0,6,03,03,00,00,00,00,00,00,
0,00000588,false,Rx,0,8,0B,00,72,00,00,80,00,00,
0,00000280,false,Rx,0,8,B3,8A,00,00,33,FA,28,33,
0,00000288,false,Rx,0,8,64,33,D5,00,00,75,57,53,
0,00000380,false,Rx,0,8,B0,80,00,96,20,00,00,FE,
0,00000488,false,Rx,0,8,EF,33,00,72,FE,FF,FF,50,
0,00000280,false,Rx,0,8,B3,8A,00,00,33,FA,28,33,
0,00000288,false,Rx,0,8,64,33,D5,00,00,75,57,53,
0,00000380,false,Rx,0,8,B0,80,00,96,20,00,00,FE,
0,00000488,false,Rx,0,8,DF,33,00,72,FE,FF,FF,60,
0,00000480,false,Rx,0,8,54,2C,00,00,19,41,00,20,
0,00000284,false,Rx,0,6,04,04,00,00,00,00,00,00,
653000,00000588,false,Rx,0,8,0B,00,72,00,00,80,00,00,
0,00000280,false,Rx,0,8,B3,8A,00,00,33,FA,28,33,
0,00000288,false,Rx,0,8,64,33,D5,00,00,75,57,53,
0,00000380,false,Rx,0,8,B0,80,00,96,20,00,00,FE,
0,00000488,false,Rx,0,8,CF,33,00,72,FE,FF,FF,70,
0,00000280,false,Rx,0,8,B3,8A,00,00,33,FA,28,33,
0,00000288,false,Rx,0,8,8A,33,D5,00,00,75,57,53,
0,00000380,false,Rx,0,8,B0,80,00,96,20,00,00,FE,
0,00000488,false,Rx,0,8,3F,33,00,72,FE,FF,FF,80,
0,00000480,false,Rx,0,8,54,2C,00,00,19,41,00,20,
0,00000284,false,Rx,0,6,05,05,00,00,00,00,00,00,
674000,00000588,false,Rx,0,8,0B,00,72,00,00,80,00,00,
0,00000280,false,Rx,0,8,B3,8A,00,00,33,FA,28,33,
0,00000288,false,Rx,0,8,8A,33,D5,00,00,75,57,53,
0,00000380,false,Rx,0,8,B0,80,00,96,20,00,00,FE,
0,00000488,false,Rx,0,8,2F,33,00,72,FE,FF,FF,90,
0,00000280,false,Rx,0,8,B3,8A,00,00,33,FA,28,33,
0,00000288,false,Rx,0,8,8A,33,D5,00,00,75,57,53,
0,00000380,false,Rx,0,8,B0,80,00,96,20,00,00,FE,
0,00000488,false,Rx,0,8,1F,33,00,72,FE,FF,FF,A0,
0,00000480,false,Rx,0,8,54,2C,00,00,19,41,00,20,
0,00000284,false,Rx,0,6,06,06,00,00,00,00,00,00,
694000,00000588,false,Rx,0,8,0B,00,72,00,00,80,00,00,
0,00000280,false,Rx,0,8,B3,8A,00,00,33,FA,28,33,
0,00000288,false,Rx,0,8,8A,33,D5,00,00,75,57,53,
0,00000380,false,Rx,0,8,B0,80,00,96,20,00,00,FE,
0,00000488,false,Rx,0,8,0F,33,00,72,FE,FF,FF,B0,
0,00000280,false,Rx,0,8,B3,8A,00,00,33,FA,28,33,
0,00000288,false,Rx,0,8,E8,33,D5,00,00,75,57,53,
0,00000380,false,Rx,0,8,B0,80,00,96,20,00,00,FE,
0,00000488,false,Rx,0,8,7F,33,00,72,FE,FF,FF,C0,
0,00000480,false,Rx,0,8,54,2C,00,00,19,41,00,20,
0,00000588,false,Rx,0,8,0B,00,72,00,00,80,00,00,
0,00000284,false,Rx,0,6,07,07,00,00,00,00,00,00,
0,00000280,false,Rx,0,8,B3,8A,00,00,33,FA,28,33,
0,00000288,false,Rx,0,8,E8,33,D5,00,00,75,57,53,
0,00000380,false,Rx,0,8,B0,80,00,96,20,00,00,FE,
0,00000488,false,Rx,0,8,6F,33,00,72,FE,FF,FF,D0,
0,00000280,false,Rx,0,8,B3,8A,00,00,33,FA,28,33,
0,00000288,false,Rx,0,8,E8,33,D5,00,00,75,57,53,
0,00000380,false,Rx,0,8,B0,80,00,96,20,00,00,FE,
0,00000488,false,Rx,0,8,5F,33,00,72,FE,FF,FF,E0,
0,00000480,false,Rx,0,8,84,2C,00,00,19,41,00,F0,
0,00000284,false,Rx,0,6,08,08,00,00,00,00,00,00,
731000,00000588,false,Rx,0,8,0B,00,72,00,00,80,00,00,
0,00000280,false,Rx,0,8,B3,8A,00,00,33,FA,28,33,
0,00000288,false,Rx,0,8,E8,33,D5,00,00,75,57,53,
0,00000380,false,Rx,0,8,B0,80,00,96,20,00,00,FE,
0,00000488,false,Rx,0,8,4F,33,00,72,FE,FF,FF,F0,
748000,00000280,false,Rx,0,8,B3,8A,00,00,33,FA,28,33,
0,00000288,false,Rx,0,8,2C,33,D5,00,00,75,57,53,
0,00000380,false,Rx,0,8,B0,80,00,96,20,00,00,FE,
0,00000488,false,Rx,0,8,40,33,00,72,FE,FF,00,00,
0,00000480,false,Rx,0,8,84,2C,00,00,19,41,00,F0,
0,00000588,false,Rx,0,8,0B,00,72,00,00,80,00,00,
0,00000284,false,Rx,0,6,09,09,00,00,00,00,00,00,
0,00000280,false,Rx,0,8,B3,8A,00,00,33,FA,28,33,
0,00000288,false,Rx,0,8,2C,33,D5,00,00,75,57,53,
0,00000380,false,Rx,0,8,B0,80,00,96,20,00,00,FE,
0,00000488,false,Rx,0,8,AF,33,00,72,FE,FF,FF,10,
0,00000280,false,Rx,0,8,B3,8A,00,00,33,FA,28,33,
0,00000288,false,Rx,0,8,2C,33,D5,00,00,75,57,53,
0,00000380,false,Rx,0,8,B0,80,00,96,20,00,00,FE,
0,00000488,false,Rx,0,8,60,33,00,72,FE,FF,00,20,
0,00000480,false,Rx,0,8,84,2C,00,00,19,41,00,F0,
0,00000284,false,Rx,0,6,0A,0A,00,00,00,00,00,00,
0,00000588,false,Rx,0,8,0B,00,72,00,00,80,00,00,
0,00000280,false,Rx,0,8,B3,8A,00,00,33,FA,28,33,
0,00000288,false,Rx,0,8,2C,33,D5,00,00,75,57,53,
0,00000380,false,Rx,0,8,B0,80,00,96,20,00,00,FE,
0,00000488,false,Rx,0,8,70,33,00,72,FE,FF,00,30,
0,00000280,false,Rx,0,8,B3,8A,00,00,33,FA,28,33,
0,00000288,false,Rx,0,8,64,33,D5,00,00,75,57,53,
0,00000380,false,Rx,0,8,B0,80,00,96,20,00,00,FE,
0,00000488,false,Rx,0,8,00,33,00,72,FE,FF,00,40,
0,00000480,false,Rx,0,8,84,2C,00,00,19,41,00,F0,
0,00000588,false,Rx,0,8,0B,00,72,00,00,80,00,00,
0,00000284,false,Rx,0,6,0B,0B,00,00,00,00,00,00,
0,00000280,false,Rx,0,8,B3,8A,00,00,33,FA,28,33,
0,00000288,false,Rx,0,8,64,33,D5,00,00,75,57,53,
0,00000380,false,Rx,0,8,B0,80,00,96,20,00,00,FE,
0,00000488,false,Rx,0,8,EF,33,00,72,FE,FF,FF,50,
0,00000280,false,Rx,0,8,B3,8A,00,00,33,FA,28,33,
0,00000288,false,Rx,0,8,64,33,D5,00,00,75,57,53,
0,00000380,false,Rx,0,8,B0,80,00,96,20,00,00,FE,
0,00000488,false,Rx,0,8,DF,33,00,72,FE,FF,FF,60,
0,00000480,false,Rx,0,8,C2,2C,00,00,19,41,00,B6,
0,00000588,false,Rx,0,8,0B,00,72,00,00,80,00,00,
0,00000284,false,Rx,0,6,0C,0C,00,00,00,00,00,00,
0,00000280,false,Rx,0,8,B3,8A,00,00,33,FA,28,33,
0,00000288,false,Rx,0,8,64,33,D5,00,00,75,57,53,
0,00000380,false,Rx,0,8,B0,80,00,96,20,00,00,FE,
0,00000488,false,Rx,0,8,CF,33,00,72,FE,FF,FF,70,
0,00000280,false,Rx,0,8,B3,8A,00,00,33,FA,28,33,
0,00000288,false,Rx,0,8,8A,33,D5,00,00,75,57,53,
0,00000380,false,Rx,0,8,B0,80,00,96,20,00,00,FE,
0,00000488,false,Rx,0,8,3F,33,00,72,FE,FF,FF,80,
0,00000480,false,Rx,0,8,C2,2C,00,00,19,41,00,B6,
0,00000588,false,Rx,0,8,0B,00,72,00,00,80,00,00,
0,00000284,false,Rx,0,6,0D,0D,00,00,00,00,00,00,
0,00000280,false,Rx,0,8,B3,8A,00,00,33,FA,28,33,
0,00000288,false,Rx,0,8,8A,33,D5,00,00,75,57,53,
0,00000380,false,Rx,0,8,B0,80,00,96,20,00,00,FE,
0,00000488,false,Rx,0,8,2F,33,00,72,FE,FF,FF,90,
0,00000280,false,Rx,0,8,B3,8A,00,00,33,FA,28,33,
0,00000288,false,Rx,0,8,8A,33,D5,00,00,75,57,53,
0,00000380,false,Rx,0,8,B0,80,00,96,20,00,00,FE,
0,00000488,false,Rx,0,8,1F,33,00,72,FE,FF,FF,A0,
0,00000480,false,Rx,0,8,C2,2C,00,00,19,41,00,B6,
854000,00000588,false,Rx,0,8,0B,00,72,00,00,80,00,00,
0,00000284,false,Rx,0,6,0E,0E,00,00,00,00,00,00,
0,00000280,false,Rx,0,8,B3,8A,00,00,33,FA,28,33,
0,00000288,false,Rx,0,8,8A,33,D5,00,00,75,57,53,
0,00000380,false,Rx,0,8,B0,80,00,96,20,00,00,FE,
0,00000488,false,Rx,0,8,0F,33,00,72,FE,FF,FF,B0,
0,00000280,false,Rx,0,8,B3,8A,00,00,33,FA,28,33,
0,00000288,false,Rx,0,8,E8,33,D5,00,00,75,57,53,
0,00000380,false,Rx,0,8,B0,80,00,96,20,00,00,FE,
0,00000488,false,Rx,0,8,7F,33,00,72,FE,FF,FF,C0,
0,00000480,false,Rx,0,8,C2,2C,00,00,19,41,00,B6,
874000,00000588,false,Rx,0,8,0B,00,72,00,00,80,00,00,
0,00000284,false,Rx,0,6,0F,0F,00,00,00,00,00,00,
0,00000280,false,Rx,0,8,B3,8A,00,00,33,FA,28,33,
0,00000288,false,Rx,0,8,E8,33,D5,00,00,75,57,53,
0,00000380,false,Rx,0,8,B0,80,00,96,20,00,00,FE,
0,00000488,false,Rx,0,8,6F,33,00,72,FE,FF,FF,D0,
0,00000280,false,Rx,0,8,B3,8A,00,00,33,FA,28,33,
0,00000288,false,Rx,0,8,E8,33,D5,00,00,75,57,53,
0,00000380,false,Rx,0,8,B0,80,00,96,20,00,00,FE,
0,00000488,false,Rx,0,8,5F,33,00,72,FE,FF,FF,E0,
0,00000480,false,Rx,0,8,1C,2C,00,00,19,41,00,68,
0,00000588,false,Rx,0,8,0B,00,72,00,00,80,00,00,
895000,00000284,false,Rx,0,6,00,00,00,00,00,00,00,00,
0,00000280,false,Rx,0,8,B3,8A,00,00,33,FA,28,33,
0,00000288,false,Rx,0,8,E8,33,D5,00,00,75,57,53,
0,00000380,false,Rx,0,8,B0,80,00,96,20,00,00,FE,
903000,00000488,false,Rx,0,8,4F,33,00,72,FE,FF,FF,F0,
0,00000280,false,Rx,0,8,B3,8A,00,00,33,FA,28,33,
0,00000288,false,Rx,0,8,2C,33,D5,00,00,75,57,53,
0,00000380,false,Rx,0,8,B0,80,00,96,20,00,00,FE,
0,00000488,false,Rx,0,8,40,33,00,72,FE,FF,00,00,
0,00000480,false,Rx,0,8,1C,2C,00,00,19,41,00,68,
0,00000588,false,Rx,0,8,0B,00,72,00,00,80,00,00,
0,00000284,false,Rx,0,6,01,01,00,00,00,00,00,00,
0,00000280,false,Rx,0,8,B3,8A,00,00,33,FA,28,33,
0,00000288,false,Rx,0,8,2C,33,D5,00,00,75,57,53,
0,00000380,false,Rx,0,8,B0,80,00,96,20,00,00,FE,
0,00000488,false,Rx,0,8,AF,33,00,72,FE,FF,FF,10,
0,00000280,false,Rx,0,8,B3,8A,00,00,33,FA,28,33,
0,00000288,false,Rx,0,8,2C,33,D5,00,00,75,57,53,
0,00000380,false,Rx,0,8,B0,80,00,96,20,00,00,FE,
0,00000488,false,Rx,0,8,60,33,00,72,FE,FF,00,20,
0,00000480,false,Rx,0,8,1C,2C,00,00,19,41,00,68,
0,00000588,false,Rx,0,8,0B,00,72,00,00,80,00,00,
0,00000284,false,Rx,0,6,02,02,00,00,00,00,00,00,
0,00000280,false,Rx,0,8,B3,8A,00,00,33,FA,28,33,
0,00000288,false,Rx,0,8,2C,33,D5,00,00,75,57,53,
0,00000380,false,Rx,0,8,B0,80,00,96,20,00,00,FE,
0,00000488,false,Rx,0,8,70,33,00,72,FE,FF,00,30,
0,00000280,false,Rx,0,8,B3,8A,00,00,33,FA,28,33,
0,00000288,false,Rx,0,8,64,33,D5,00,00,75,57,53,
0,00000380,false,Rx,0,8,B0,80,00,96,20,00,00,FE,
0,00000488,false,Rx,0,8,00,33,00,72,FE,FF,00,40,
0,00000480,false,Rx,0,8,1C,2C,00,00,19,41,00,68,
0,00000588,false,Rx,0,8,0B,00,72,00,00,80,00,00,
952000,00000284,false,Rx,0,6,03,03,00,00,00,00,00,00,
0,00000280,false,Rx,0,8,B3,8A,00,00,33,FA,28,33,
0,00000288,false,Rx,0,8,64,33,D5,00,00,75,57,53,
0,00000380,false,Rx,0,8,B0,80,00,96,20,00,00,FE,
0,00000488,false,Rx,0,8,EF,33,00,72,FE,FF,FF,50,
0,00000280,false,Rx,0,8,B3,8A,00,00,33,FA,28,33,
0,00000288,false,Rx,0,8,64,33,D5,00,00,75,57,53,
0,00000380,false,Rx,0,8,B0,80,00,96,20,00,00,FE,
0,00000488,false,Rx,0,8,DF,33,00,72,FE,FF,FF,60,
0,00000480,false,Rx,0,8,54,2C,00,00,19,41,00,20,
0,00000588,false,Rx,0,8,0B,00,72,00,00,80,00,00,
0,00000284,false,Rx,0,6,04,04,00,00,00,00,00,00,
0,00000280,false,Rx,0,8,B3,8A,00,00,33,FA,28,33,
0,00000288,false,Rx,0,8,64,33,D5,00,00,75,57,53,
0,00000380,false,Rx,0,8,B0,80,00,96,20,00,00,FE,
0,00000488,false,Rx,0,8,CF,33,00,72,FE,FF,FF,70,
0,00000280,false,Rx,0,8,B3,8A,00,00,33,FA,28,33,
0,00000288,false,Rx,0,8,8A,33,D5,00,00,75,57,53,
0,00000380,false,Rx,0,8,B0,80,00,96,20,00,00,FE,
0,00000488,false,Rx,0,8,3F,33,00,72,FE,FF,FF,80,
0,00000480,false,Rx,0,8,54,2C,00,00,19,41,00,20,
0,00000588,false,Rx,0,8,0B,00,72,00,00,80,00,00,
0,00000284,false,Rx,0,6,05,05,00,00,00,00,00,00,
0,00000280,false,Rx,0,8,B3,8A,00,00,33,FA,28,33,
0,00000288,false,Rx,0,8,8A,33,D5,00,00,75,57,53,
0,00000380,false,Rx,0,8,B0,80,00,96,20,00,00,FE,
0,00000488,false,Rx,0,8,2F,33,00,72,FE,FF,FF,90,
0,00000280,false,Rx,0,8,B3,8A,00,00,33,FA,28,33,
0,00000288,false,Rx,0,8,8A,33,D5,00,00,75,57,53,
0,00000380,false,Rx,0,8,B0,80,00,96,20,00,00,FE,
0,00000488,false,Rx,0,8,1F,33,00,72,FE,FF,FF,A0,
0,00000480,false,Rx,0,8,54,2C,00,00,19,41,00,20,
0,00000588,false,Rx,0,8,0B,00,72,00,00,80,00,00,
0,00000284,false,Rx,0,6,06,06,00,00,00,00,00,00,
0,00000280,false,Rx,0,8,B3,8A,00,00,33,FA,28,33,
0,00000288,false,Rx,0,8,8A,33,D5,00,00,75,57,53,
0,00000380,false,Rx,0,8,B0,80,00,96,20,00,00,FE,
0,00000488,false,Rx,0,8,0F,33,00,72,FE,FF,FF,B0,
0,00000280,false,Rx,0,8,B3,8A,00,00,33,FA,28,33,
0,00000288,false,Rx,0,8,E8,33,D5,00,00,75,57,53,
0,00000380,false,Rx,0,8,B0,80,00,96,20,00,00,FE,
0,00000488,false,Rx,0,8,7F,33,00,72,FE,FF,FF,C0,
0,00000480,false,Rx,0,8,54,2C,00,00,19,41,00,20,
34000,00000588,false,Rx,0,8,0B,00,72,00,00,80,00,00,
0,00000284,false,Rx,0,6,07,07,00,00,00,00,00,00,
0,00000280,false,Rx,0,8,B3,8A,00,00,33,FA,28,33,
0,00000288,false,Rx,0,8,E8,33,D5,00,00,75,57,53,
0,00000380,false,Rx,0,8,B0,80,00,96,20,00,00,FE,
0,00000488,false,Rx,0,8,6F,33,00,72,FE,FF,FF,D0,
0,00000280,false,Rx,0,8,B3,8A,00,00,33,FA,28,33,
0,00000288,false,Rx,0,8,E8,33,D5,00,00,75,57,53,
0,00000380,false,Rx,0,8,B0,80,00,96,20,00,00,FE,
0,00000488,false,Rx,0,8,5F,33,00,72,FE,FF,FF,E0,
0,00000480,false,Rx,0,8,84,2C,00,00,19,41,00,F0,
55000,00000588,false,Rx,0,8,0B,00,72,00,00,80,00,00,
0,00000284,false,Rx,0,6,08,08,00,00,00,00,00,00,
0,00000280,false,Rx,0,8,B3,8A,00,00,33,FA,28,33,
0,00000288,false,Rx,0,8,E8,33,D5,00,00,75,57,53,
0,00000380,false,Rx,0,8,B0,80,00,96,20,00,00,FE,
0,00000488,false,Rx,0,8,4F,33,00,72,FE,FF,FF,F0,
0,00000280,false,Rx,0,8,B3,8A,00,00,33,FA,28,33,
0,00000288,false,Rx,0,8,2C,33,D5,00,00,75,57,53,
0,00000380,false,Rx,0,8,B0,80,00,96,20,00,00,FE,
0,00000488,false,Rx,0,8,40,33,00,72,FE,FF,00,00,
0,00000480,false,Rx,0,8,84,2C,00,00,19,41,00,F0,
0,00000588,false,Rx,0,8,0B,00,72,00,00,80,00,00,
75000,00000284,false,Rx,0,6,09,09,00,00,00,00,00,00,
0,00000280,false,Rx,0,8,B3,8A,00,00,33,FA,28,33,
0,00000288,false,Rx,0,8,2C,33,D5,00,00,75,57,53,
0,00000380,false,Rx,0,8,B0,80,00,96,20,00,00,FE,
0,00000488,false,Rx,0,8,AF,33,00,72,FE,FF,FF,10,
0,00000280,false,Rx,0,8,B3,8A,00,00,33,FA,28,33,
0,00000288,false,Rx,0,8,2C,33,D5,00,00,75,57,53,
0,00000380,false,Rx,0,8,B0,80,00,96,20,00,00,FE,
0,00000488,false,Rx,0,8,60,33,00,72,FE,FF,00,20,
0,00000480,false,Rx,0,8,84,2C,00,00,19,41,00,F0,
0,00000588,false,Rx,0,8,0B,00,72,00,00,80,00,00,
0,00000284,false,Rx,0,6,0A,0A,00,00,00,00,00,00,
0,00000280,false,Rx,0,8,B3,8A,00,00,33,FA,28,33,
0,00000288,false,Rx,0,8,2C,33,D5,00,00,75,57,53,
0,00000380,false,Rx,0,8,B0,80,00,96,20,00,00,FE,
104000,00000488,false,Rx,0,8,70,33,00,72,FE,FF,00,30,
0,00000280,false,Rx,0,8,B3,8A,00,00,33,FA,28,33,
0,00000288,false,Rx,0,8,64,33,D5,00,00,75,57,53,
0,00000380,false,Rx,0,8,B0,80,00,96,20,00,00,FE,
0,00000488,false,Rx,0,8,00,33,00,72,FE,FF,00,40,
0,00000480,false,Rx,0,8,84,2C,00,00,19,41,00,F0,
0,00000588,false,Rx,0,8,0B,00,72,00,00,80,00,00,
0,00000284,false,Rx,0,6,0B,0B,00,00,00,00,00,00,
0,00000280,false,Rx,0,8,B3,8A,00,00,33,FA,28,33,
0,00000288,false,Rx,0,8,64,33,D5,00,00,75,57,53,
0,00000380,false,Rx,0,8,B0,80,00,96,20,00,00,FE,
0,00000488,false,Rx,0,8,EF,33,00,72,FE,FF,FF,50,
0,00000280,false,Rx,0,8,B3,8A,00,00,33,FA,28,33,
0,00000288,false,Rx,0,8,64,33,D5,00,00,75,57,53,
0,00000380,false,Rx,0,8,B0,80,00,96,20,00,00,FE,
0,00000488,false,Rx,0,8,DF,33,00,72,FE,FF,FF,60,
0,00000480,false,Rx,0,8,C2,2C,00,00,19,41,00,B6,
0,00000588,false,Rx,0,8,0B,00,72,00,00,80,00,00,
0,00000284,false,Rx,0,6,0C,0C,00,00,00,00,00,00,
0,00000280,false,Rx,0,8,B3,8A,00,00,33,FA,28,33,
0,00000288,false,Rx,0,8,64,33,D5,00,00,75,57,53,
0,00000380,false,Rx,0,8,B0,80,00,96,20,00,00,FE,
0,00000488,false,Rx,0,8,CF,33,00,72,FE,FF,FF,70,
0,00000280,false,Rx,0,8,B3,8A,00,00,33,FA,28,33,
0,00000288,false,Rx,0,8,8A,33,D5,00,00,75,57,53,
0,00000380,false,Rx,0,8,B0,80,00,96,20,00,00,FE,
0,00000488,false,Rx,0,8,3F,33,00,72,FE,FF,FF,80,
0,00000480,false,Rx,0,8,C2,2C,00,00,19,41,00,B6,
0,00000588,false,Rx,0,8,0B,00,72,00,00,80,00,00,
153000,00000284,false,Rx,0,6,0D,0D,00,00,00,00,00,00,
0,00000280,false,Rx,0,8,B3,8A,00,00,33,FA,28,33,
0,00000288,false,Rx,0,8,8A,33,D5,00,00,75,57,53,
0,00000380,false,Rx,0,8,B0,80,00,96,20,00,00,FE,
0,00000488,false,Rx,0,8,2F,33,00,72,FE,FF,FF,90,
0,00000280,false,Rx,0,8,B3,8A,00,00,33,FA,28,33,
0,00000288,false,Rx,0,8,8A,33,D5,00,00,75,57,53,
0,00000380,false,Rx,0,8,B0,80,00,96,20,00,00,FE,
0,00000488,false,Rx,0,8,1F,33,00,72,FE,FF,FF,A0,
0,00000480,false,Rx,0,8,C2,2C,00,00,19,41,00,B6,
0,00000588,false,Rx,0,8,0B,00,72,00,00,80,00,00,
0,00000284,false,Rx,0,6,0E,0E,00,00,00,00,00,00,
0,00000280,false,Rx,0,8,B3,8A,00,00,33,FA,28,33,
0,00000288,false,Rx,0,8,8A,33,D5,00,00,75,57,53,
0,00000380,false,Rx,0,8,B0,80,00,96,20,00,00,FE,
0,00000488,false,Rx,0,8,0F,33,00,72,FE,FF,FF,B0,
0,00000280,false,Rx,0,8,B3,8A,00,00,33,FA,28,33,
0,00000288,false,Rx,0,8,E8,33,D5,00,00,75,57,53,
0,00000380,false,Rx,0,8,B0,80,00,96,20,00,00,FE,
0,00000488,false,Rx,0,8,7F,33,00,72,FE,FF,FF,C0,
0,00000480,false,Rx,0,8,C2,2C,00,00,19,41,00,B6,
0,00000588,false,Rx,0,8,0B,00,72,00,00,80,00,00,
0,00000284,false,Rx,0,6,0F,0F,00,00,00,00,00,00,
0,00000280,false,Rx,0,8,B3,8A,00,00,33,FA,28,33,
0,00000288,false,Rx,0,8,E8,33,D5,00,00,75,57,53,
0,00000380,false,Rx,0,8,B0,80,00,96,20,00,00,FE,
0,00000488,false,Rx,0,8,6F,33,00,72,FE,FF,FF,D0,
0,00000280,false,Rx,0,8,B3,8A,00,00,33,FA,28,33,
0,00000288,false,Rx,0,8,E8,33,D5,00,00,75,57,53,
0,00000380,false,Rx,0,8,B0,80,00,96,20,00,00,FE,
0,00000488,false,Rx,0,8,5F,33,00,72,FE,FF,FF,E0,
0,00000480,false,Rx,0,8,1C,2C,00,00,19,41,00,68,
0,00000588,false,Rx,0,8,0B,00,72,00,00,80,00,00,
0,00000284,false,Rx,0,6,00,00,00,00,00,00,00,00,
218000,00000280,false,Rx,0,8,B3,8A,00,00,33,FA,28,33,
0,00000288,false,Rx,0,8,E8,33,D5,00,00,75,57,53,
0,00000380,false,Rx,0,8,B0,80,00,96,20,00,00,FE,
0,00000488,false,Rx,0,8,4F,33,00,72,FE,FF,FF,F0,
0,00000280,false,Rx,0,8,B3,8A,00,00,33,FA,28,33,
0,00000288,false,Rx,0,8,2C,33,D5,00,00,75,57,53,
0,00000380,false,Rx,0,8,B0,80,00,96,20,00,00,FE,
0,00000488,false,Rx,0,8,40,33,00,72,FE,FF,00,00,
0,00000480,false,Rx,0,8,1C,2C,00,00,19,41,00,68,
235000,00000588,false,Rx,0,8,0B,00,72,00,00,80,00,00,
0,00000284,false,Rx,0,6,01,01,00,00,00,00,00,00,
0,00000280,false,Rx,0,8,B3,8A,00,00,33,FA,28,33,
0,00000288,false,Rx,0,8,2C,33,D5,00,00,75,57,53,
0,00000380,false,Rx,0,8,B0,80,00,96,20,00,00,FE,
0,00000488,false,Rx,0,8,AF,33,00,72,FE,FF,FF,10,
0,00000280,false,Rx,0,8,B3,8A,00,00,33,FA,28,33,
0,00000288,false,Rx,0,8,2C,33,D5,00,00,75,57,53,
0,00000380,false,Rx,0,8,B0,80,00,96,20,00,00,FE,
0,00000488,false,Rx,0,8,60,33,00,72,FE,FF,00,20,
0,00000480,false,Rx,0,8,1C,2C,00,00,19,41,00,68,
0,00000588,false,Rx,0,8,0B,00,72,00,00,80,00,00,
255000,00000284,false,Rx,0,6,02,02,00,00,00,00,00,00,
0,00000280,false,Rx,0,8,B3,8A,00,00,33,FA,28,33,
0,00000288,false,Rx,0,8,2C,33,D5,00,00,75,57,53,
0,00000380,false,Rx,0,8,B0,80,00,96,20,00,00,FE,
0,00000488,false,Rx,0,8,70,33,00,72,FE,FF,00,30,
0,00000280,false,Rx,0,8,B3,8A,00,00,33,FA,28,33,
0,00000288,false,Rx,0,8,64,33,D5,00,00,75,57,53,
0,00000380,false,Rx,0,8,B0,80,00,96,20,00,00,FE,
0,00000488,false,Rx,0,8,00,33,00,72,FE,FF,00,40,
0,00000480,false,Rx,0,8,1C,2C,00,00,19,41,00,68,
0,00000588,false,Rx,0,8,0B,00,72,00,00,80,00,00,
0,00000284,false,Rx,0,6,03,03,00,00,00,00,00,00,
0,00000280,false,Rx,0,8,B3,8A,00,00,33,FA,28,33,
0,00000288,false,Rx,0,8,64,33,D5,00,00,75,57,53,
0,00000380,false,Rx,0,8,B0,80,00,96,20,00,00,FE,
284000,00000488,false,Rx,0,8,EF,33,00,72,FE,FF,FF,50,
0,00000280,false,Rx,0,8,B3,8A,00,00,33,FA,28,33,
0,00000288,false,Rx,0,8,64,33,D5,00,00,75,57,53,
0,00000380,false,Rx,0,8,B0,80,00,96,20,00,00,FE,
0,00000488,false,Rx,0,8,DF,33,00,72,FE,FF,FF,60,
0,00000480,false,Rx,0,8,54,2C,00,00,19,41,00,20,
0,00000588,false,Rx,0,8,0B,00,72,00,00,80,00,00,
0,00000284,false,Rx,0,6,04,04,00,00,00,00,00,00,
0,00000280,false,Rx,0,8,B3,8A,00,00,33,FA,28,33,
0,00000288,false,Rx,0,8,64,33,D5,00,00,75,57,53,
0,00000380,false,Rx,0,8,B0,80,00,96,20,00,00,FE,
0,00000488,false,Rx,0,8,CF,33,00,72,FE,FF,FF,70,
309000,00000280,false,Rx,0,8,B3,8A,00,00,33,FA,28,33,
0,00000288,false,Rx,0,8,8A,33,D5,00,00,75,57,53,
0,00000380,false,Rx,0,8,B0,80,00,96,20,00,00,FE,
0,00000488,false,Rx,0,8,3F,33,00,72,FE,FF,FF,80,
0,00000480,false,Rx,0,8,54,2C,00,00,19,41,00,20,
0,00000588,false,Rx,0,8,0B,00,72,00,00,80,00,00,
0,00000284,false,Rx,0,6,05,05,00,00,00,00,00,00,
0,00000280,false,Rx,0,8,B3,8A,00,00,33,FA,28,33,
0,00000288,false,Rx,0,8,8A,33,D5,00,00,75,57,53,
0,00000380,false,Rx,0,8,B0,80,00,96,20,00,00,FE,
0,00000488,false,Rx,0,8,2F,33,00,72,FE,FF,FF,90,
0,00000280,false,Rx,0,8,B3,8A,00,00,33,FA,28,33,
0,00000288,false,Rx,0,8,8A,33,D5,00,00,75,57,53,
0,00000380,false,Rx,0,8,B0,80,00,96,20,00,00,FE,
0,00000488,false,Rx,0,8,1F,33,00,72,FE,FF,FF,A0,
0,00000480,false,Rx,0,8,54,2C,00,00,19,41,00,20,
0,00000588,false,Rx,0,8,0B,00,72,00,00,80,00,00,
333000,00000284,false,Rx,0,6,06,06,00,00,00,00,00,00,
0,00000280,false,Rx,0,8,B3,8A,00,00,33,FA,28,33,
0,00000288,false,Rx,0,8,8A,33,D5,00,00,75,57,53,
0,00000380,false,Rx,0,8,B0,80,00,96,20,00,00,FE,
0,00000488,false,Rx,0,8,0F,33,00,72,FE,FF,FF,B0,
0,00000280,false,Rx,0,8,B3,8A,00,00,33,FA,28,33,
0,00000288,false,Rx,0,8,E8,33,D5,00,00,75,57,53,
0,00000380,false,Rx,0,8,B0,80,00,96,20,00,00,FE,
0,00000488,false,Rx,0,8,7F,33,00,72,FE,FF,FF,C0,
0,00000480,false,Rx,0,8,54,2C,00,00,19,41,00,20,
0,00000588,false,Rx,0,8,0B,00,72,00,00,80,00,00,
0,00000284,false,Rx,0,6,07,07,00,00,00,00,00,00,
0,00000280,false,Rx,0,8,B3,8A,00,00,33,FA,28,33,
0,00000288,false,Rx,0,8,E8,33,D5,00,00,75,57,53,
0,00000380,false,Rx,0,8,B0,80,00,96,20,00,00,FE,
0,00000488,false,Rx,0,8,6F,33,00,72,FE,FF,FF,D0,
0,00000280,false,Rx,0,8,B3,8A,00,00,33,FA,28,33,
0,00000288,false,Rx,0,8,E8,33,D5,00,00,75,57,53,
0,00000380,false,Rx,0,8,B0,80,00,96,20,00,00,FE,
0,00000488,false,Rx,0,8,5F,33,00,72,FE,FF,FF,E0,
0,00000480,false,Rx,0,8,84,2C,00,00,19,41,00,F0,
0,00000284,false,Rx,0,6,08,08,00,00,00,00,00,00,
0,00000588,false,Rx,0,8,0B,00,72,00,00,80,00,00,
0,00000280,false,Rx,0,8,B3,8A,00,00,33,FA,28,33,
0,00000288,false,Rx,0,8,E8,33,D5,00,00,75,57,53,
0,00000380,false,Rx,0,8,B0,80,00,96,20,00,00,FE,
0,00000488,false,Rx,0,8,4F,33,00,72,FE,FF,FF,F0,
0,00000280,false,Rx,0,8,B3,8A,00,00,33,FA,28,33,
0,00000288,false,Rx,0,8,2C,33,D5,00,00,75,57,53,
0,00000380,false,Rx,0,8,B0,80,00,96,20,00,00,FE,
0,00000488,false,Rx,0,8,40,33,00,72,FE,FF,00,00,
0,00000480,false,Rx,0,8,84,2C,00,00,19,41,00,F0,
0,00000588,false,Rx,0,8,0B,00,72,00,00,80,00,00,
0,00000284,false,Rx,0,6,09,09,00,00,00,00,00,00,
0,00000280,false,Rx,0,8,B3,8A,00,00,33,FA,28,33,
0,00000288,false,Rx,0,8,2C,33,D5,00,00,75,57,53,
0,00000380,false,Rx,0,8,B0,80,00,96,20,00,00,FE,
0,00000488,false,Rx,0,8,AF,33,00,72,FE,FF,FF,10,
0,00000580,false,Rx,0,8,86,00,00,14,1C,93,48,14,
0,00000280,false,Rx,0,8,B3,8A,00,00,33,FA,28,33,
0,00000288,false,Rx,0,8,2C,33,D5,00,00,75,57,53,
0,00000380,false,Rx,0,8,B0,80,00,96,20,00,00,FE,
0,00000488,false,Rx,0,8,60,33,00,72,FE,FF,00,20,
0,00000480,false,Rx,0,8,84,2C,00,00,19,41,00,F0,
415000,00000588,false,Rx,0,8,0B,00,72,00,00,80,00,00,
0,00000284,false,Rx,0,6,0A,0A,00,00,00,00,00,00,
0,00000280,false,Rx,0,8,B3,8A,00,00,33,FA,28,33,
0,00000288,false,Rx,0,8,2C,33,D5,00,00,75,57,53,
0,00000380,false,Rx,0,8,B0,80,00,96,20,00,00,FE,
0,00000488,false,Rx,0,8,70,33,00,72,FE,FF,00,30,
0,00000280,false,Rx,0,8,B3,8A,00,00,33,FA,28,33,
0,00000288,false,Rx,0,8,64,33,D5,00,00,75,57,53,
0,00000380,false,Rx,0,8,B0,80,00,96,20,00,00,FE,
0,00000488,false,Rx,0,8,00,33,00,72,FE,FF,00,40,
0,00000480,false,Rx,0,8,84,2C,00,00,19,41,00,F0,
0,00000588,false,Rx,0,8,0B,00,72,00,00,80,00,00,
436000,00000284,false,Rx,0,6,0B,0B,00,00,00,00,00,00,
0,00000280,false,Rx,0,8,B3,8A,00,00,33,FA,28,33,
0,00000288,false,Rx,0,8,64,33,D5,00,00,75,57,53,
0,00000380,false,Rx,0,8,B0,80,00,96,20,00,00,FE,
0,00000488,false,Rx,0,8,EF,33,00,72,FE,FF,FF,50,
0,00000280,false,Rx,0,8,B3,8A,00,00,33,FA,28,33,
0,00000288,false,Rx,0,8,64,33,D5,00,00,75,57,53,
0,00000380,false,Rx,0,8,B0,80,00,96,20,00,00,FE,
0,00000488,false,Rx,0,8,DF,33,00,72,FE,FF,FF,60,
0,00000480,false,Rx,0,8,C2,2C,00,00,19,41,00,B6,
0,00000588,false,Rx,0,8,0B,00,72,00,00,80,00,00,
456000,00000284,false,Rx,0,6,0C,0C,00,00,00,00,00,00,
0,00000280,false,Rx,0,8,B3,8A,00,00,33,FA,28,33,
0,00000288,false,Rx,0,8,64,33,D5,00,00,75,57,53,
0,00000380,false,Rx,0,8,B0,80,00,96,20,00,00,FE,
464000,00000488,false,Rx,0,8,CF,33,00,72,FE,FF,FF,70,
0,00000280,false,Rx,0,8,B3,8A,00,00,33,FA,28,33,
0,00000288,false,Rx,0,8,8A,33,D5,00,00,75,57,53,
0,00000380,false,Rx,0,8,B0,80,00,96,20,00,00,FE,
0,00000488,false,Rx,0,8,3F,33,00,72,FE,FF,FF,80,
0,00000480,false,Rx,0,8,C2,2C,00,00,19,41,00,B6,
0,00000588,false,Rx,0,8,0B,00,72,00,00,80,00,00,
0,00000284,false,Rx,0,6,0D,0D,00,00,00,00,00,00,
0,00000280,false,Rx,0,8,B3,8A,00,00,33,FA,28,33,
0,00000288,false,Rx,0,8,8A,33,D5,00,00,75,57,53,
0,00000380,false,Rx,0,8,B0,80,00,96,20,00,00,FE,
0,00000488,false,Rx,0,8,2F,33,00,72,FE,FF,FF,90,
0,00000280,false,Rx,0,8,B3,8A,00,00,33,FA,28,33,
0,00000288,false,Rx,0,8,8A,33,D5,00,00,75,57,53,
0,00000380,false,Rx,0,8,B0,80,00,96,20,00,00,FE,
0,00000488,false,Rx,0,8,1F,33,00,72,FE,FF,FF,A0,
0,00000480,false,Rx,0,8,C2,2C,00,00,19,41,00,B6,
0,00000588,false,Rx,0,8,0B,00,72,00,00,80,00,00,
0,00000284,false,Rx,0,6,0E,0E,00,00,00,00,00,00,
0,00000280,false,Rx,0,8,B3,8A,00,00,33,FA,28,33,
0,00000288,false,Rx,0,8,8A,33,D5,00,00,75,57,53,
0,00000380,false,Rx,0,8,B0,80,00,96,20,00,00,FE,
0,00000488,false,Rx,0,8,0F,33,00,72,FE,FF,FF,B0,
0,00000280,false,Rx,0,8,B3,8A,00,00,33,FA,28,33,
0,00000288,false,Rx,0,8,E8,33,D5,00,00,75,57,53,
0,00000380,false,Rx,0,8,B0,80,00,96,20,00,00,FE,
0,00000488,false,Rx,0,8,7F,33,00,72,FE,FF,FF,C0,
0,00000480,false,Rx,0,8,C2,2C,00,00,19,41,00,B6,
0,00000588,false,Rx,0,8,0B,00,72,00,00,80,00,00,
0,00000284,false,Rx,0,6,0F,0F,00,00,00,00,00,00,
0,00000280,false,Rx,0,8,B3,8A,00,00,33,FA,28,33,
0,00000288,false,Rx,0,8,E8,33,D5,00,00,75,57,53,
0,00000380,false,Rx,0,8,B0,80,00,96,20,00,00,FE,
0,00000488,false,Rx,0,8,6F,33,00,72,FE,FF,FF,D0,
0,00000280,false,Rx,0,8,B3,8A,00,00,33,FA,28,33,
0,00000288,false,Rx,0,8,E8,33,D5,00,00,75,57,53,
0,00000380,false,Rx,0,8,B0,80,00,96,20,00,00,FE,
0,00000488,false,Rx,0,8,5F,33,00,72,FE,FF,FF,E0,
0,00000480,false,Rx,0,8,1C,2C,00,00,19,41,00,68,
0,00000284,false,Rx,0,6,00,00,00,00,00,00,00,00,
534000,00000588,false,Rx,0,8,0B,00,72,00,00,80,00,00,
0,00000280,false,Rx,0,8,B3,8A,00,00,33,FA,28,33,
0,00000288,false,Rx,0,8,E8,33,D5,00,00,75,57,53,
0,00000380,false,Rx,0,8,B0,80,00,96,20,00,00,FE,
0,00000488,false,Rx,0,8,4F,33,00,72,FE,FF,FF,F0,
0,00000280,false,Rx,0,8,B3,8A,00,00,33,FA,28,33,
0,00000288,false,Rx,0,8,2C,33,D5,00,00,75,57,53,
0,00000380,false,Rx,0,8,B0,80,00,96,20,00,00,FE,
0,00000488,false,Rx,0,8,40,33,00,72,FE,FF,00,00,
0,00000480,false,Rx,0,8,1C,2C,00,00,19,41,00,68,
0,00000588,false,Rx,0,8,0B,00,72,00,00,80,00,00,
0,00000284,false,Rx,0,6,01,01,00,00,00,00,00,00,
0,00000280,false,Rx,0,8,B3,8A,00,00,33,FA,28,33,
0,00000288,false,Rx,0,8,2C,33,D5,00,00,75,57,53,
0,00000380,false,Rx,0,8,B0,80,00,96,20,00,00,FE,
0,00000488,false,Rx,0,8,AF,33,00,72,FE,FF,FF,10,
0,00000280,false,Rx,0,8,B3,8A,00,00,33,FA,28,33,
0,00000288,false,Rx,0,8,2C,33,D5,00,00,75,57,53,
0,00000380,false,Rx,0,8,B0,80,00,96,20,00,00,FE,
0,00000488,false,Rx,0,8,60,33,00,72,FE,FF,00,20,
0,00000480,false,Rx,0,8,1C,2C,00,00,19,41,00,68,
0,00000588,false,Rx,0,8,0B,00,72,00,00,80,00,00,
0,00000284,false,Rx,0,6,02,02,00,00,00,00,00,00,
0,00000280,false,Rx,0,8,B3,8A,00,00,33,FA,28,33,
0,00000288,false,Rx,0,8,2C,33,D5,00,00,75,57,53,
0,00000380,false,Rx,0,8,B0,80,00,96,20,00,00,FE,
0,00000488,false,Rx,0,8,70,33,00,72,FE,FF,00,30,
0,00000280,false,Rx,0,8,B3,8A,00,00,33,FA,28,33,
0,00000288,false,Rx,0,8,64,33,D5,00,00,75,57,53,
0,00000380,false,Rx,0,8,B0,80,00,96,20,00,00,FE,
0,00000488,false,Rx,0,8,00,33,00,72,FE,FF,00,40,
0,00000480,false,Rx,0,8,1C,2C,00,00,19,41,00,68,
595000,00000588,false,Rx,0,8,0B,00,72,00,00,80,00,00,
0,00000284,false,Rx,0,6,03,03,00,00,00,00,00,00,
0,00000280,false,Rx,0,8,B3,8A,00,00,33,FA,28,33,
0,00000288,false,Rx,0,8,64,33,D5,00,00,75,57,53,
0,00000380,false,Rx,0,8,B0,80,00,96,20,00,00,FE,
0,00000488,false,Rx,0,8,EF,33,00,72,FE,FF,FF,50,
0,00000280,false,Rx,0,8,B3,8A,00,00,33,FA,28,33,
0,00000288,false,Rx,0,8,64,33,D5,00,00,75,57,53,
0,00000380,false,Rx,0,8,B0,80,00,96,20,00,00,FE,
0,00000488,false,Rx,0,8,DF,33,00,72,FE,FF,FF,60,
0,00000480,false,Rx,0,8,54,2C,00,00,19,41,00,20,
0,00000284,false,Rx,0,6,04,04,00,00,00,00,00,00,
0,00000588,false,Rx,0,8,0B,00,72,00,00,80,00,00,
0,00000280,false,Rx,0,8,B3,8A,00,00,33,FA,28,33,
0,00000288,false,Rx,0,8,64,33,D5,00,00,75,57,53,
0,00000380,false,Rx,0,8,B0,80,00,96,20,00,00,FE,
0,00000488,false,Rx,0,8,CF,33,00,72,FE,FF,FF,70,
0,00000280,false,Rx,0,8,B3,8A,00,00,33,FA,28,33,
0,00000288,false,Rx,0,8,8A,33,D5,00,00,75,57,53,
0,00000380,false,Rx,0,8,B0,80,00,96,20,00,00,FE,
0,00000488,false,Rx,0,8,3F,33,00,72,FE,FF,FF,80,
0,00000480,false,Rx,0,8,54,2C,00,00,19,41,00,20,
0,00000588,false,Rx,0,8,0B,00,72,00,00,80,00,00,
636000,00000284,false,Rx,0,6,05,05,00,00,00,00,00,00,
0,00000280,false,Rx,0,8,B3,8A,00,00,33,FA,28,33,
0,00000288,false,Rx,0,8,8A,33,D5,00,00,75,57,53,
0,00000380,false,Rx,0,8,B0,80,00,96,20,00,00,FE,
645000,00000488,false,Rx,0,8,2F,33,00,72,FE,FF,FF,90,
0,00000280,false,Rx,0,8,B3,8A,00,00,33,FA,28,33,
0,00000288,false,Rx,0,8,8A,33,D5,00,00,75,57,53,
0,00000380,false,Rx,0,8,B0,80,00,96,20,00,00,FE,
0,00000488,false,Rx,0,8,1F,33,00,72,FE,FF,FF,A0,
0,00000480,false,Rx,0,8,54,2C,00,00,19,41,00,20,
0,00000588,false,Rx,0,8,0B,00,72,00,00,80,00,00,
0,00000284,false,Rx,0,6,06,06,00,00,00,00,00,00,
0,00000280,false,Rx,0,8,B3,8A,00,00,33,FA,28,33,
0,00000288,false,Rx,0,8,8A,33,D5,00,00,75,57,53,
0,00000380,false,Rx,0,8,B0,80,00,96,20,00,00,FE,
665000,00000488,false,Rx,0,8,0F,33,00,72,FE,FF,FF,B0,
0,00000280,false,Rx,0,8,B3,8A,00,00,33,FA,28,33,
0,00000288,false,Rx,0,8,E8,33,D5,00,00,75,57,53,
0,00000380,false,Rx,0,8,B0,80,00,96,20,00,00,FE,
0,00000488,false,Rx,0,8,7F,33,00,72,FE,FF,FF,C0,
0,00000480,false,Rx,0,8,54,2C,00,00,19,41,00,20,
0,00000284,false,Rx,0,6,07,07,00,00,00,00,00,00,
677000,00000588,false,Rx,0,8,0B,00,72,00,00,80,00,00,
0,00000280,false,Rx,0,8,B3,8A,00,00,33,FA,28,33,
0,00000288,false,Rx,0,8,E8,33,D5,00,00,75,57,53,
0,00000380,false,Rx,0,8,B0,80,00,96,20,00,00,FE,
0,00000488,false,Rx,0,8,6F,33,00,72,FE,FF,FF,D0,
690000,00000280,false,Rx,0,8,B3,8A,00,00,33,FA,28,33,
0,00000288,false,Rx,0,8,E8,33,D5,00,00,75,57,53,
0,00000380,false,Rx,0,8,B0,80,00,96,20,00,00,FE,
0,00000488,false,Rx,0,8,5F,33,00,72,FE,FF,FF,E0,
0,00000480,false,Rx,0,8,84,2C,00,00,19,41,00,F0,
0,00000588,false,Rx,0,8,0B,00,72,00,00,80,00,00,
0,00000284,false,Rx,0,6,08,08,00,00,00,00,00,00,
0,00000280,false,Rx,0,8,B3,8A,00,00,33,FA,28,33,
0,00000288,false,Rx,0,8,E8,33,D5,00,00,75,57,53,
0,00000380,false,Rx,0,8,B0,80,00,96,20,00,00,FE,
0,00000488,false,Rx,0,8,4F,33,00,72,FE,FF,FF,F0,
0,00000280,false,Rx,0,8,B3,8A,00,00,33,FA,28,33,
0,00000288,false,Rx,0,8,2C,33,D5,00,00,75,57,53,
0,00000380,false,Rx,0,8,B0,80,00,96,20,00,00,FE,
0,00000488,false,Rx,0,8,40,33,00,72,FE,FF,00,00,
0,00000480,false,Rx,0,8,84,2C,00,00,19,41,00,F0,
0,00000284,false,Rx,0,6,09,09,00,00,00,00,00,00,
714000,00000588,false,Rx,0,8,0B,00,72,00,00,80,00,00,
0,00000280,false,Rx,0,8,B3,8A,00,00,33,FA,28,33,
0,00000288,false,Rx,0,8,2C,33,D5,00,00,75,57,53,
0,00000380,false,Rx,0,8,B0,80,00,96,20,00,00,FE,
0,00000488,false,Rx,0,8,AF,33,00,72,FE,FF,FF,10,
0,00000280,false,Rx,0,8,B3,8A,00,00,33,FA,28,33,
0,00000288,false,Rx,0,8,2C,33,D5,00,00,75,57,53,
0,00000380,false,Rx,0,8,B0,80,00,96,20,00,00,FE,
0,00000488,false,Rx,0,8,60,33,00,72,FE,FF,00,20,
0,00000480,false,Rx,0,8,84,2C,00,00,19,41,00,F0,
0,00000588,false,Rx,0,8,0B,00,72,00,00,80,00,00,
0,00000284,false,Rx,0,6,0A,0A,00,00,00,00,00,00,
0,00000280,false,Rx,0,8,B3,8A,00,00,33,FA,28,33,
0,00000288,false,Rx,0,8,2C,33,D5,00,00,75,57,53,
0,00000380,false,Rx,0,8,B0,80,00,96,20,00,00,FE,
0,00000488,false,Rx,0,8,70,33,00,72,FE,FF,00,30,
0,00000280,false,Rx,0,8,B3,8A,00,00,33,FA,28,33,
0,00000288,false,Rx,0,8,64,33,D5,00,00,75,57,53,
0,00000380,false,Rx,0,8,B0,80,00,96,20,00,00,FE,
0,00000488,false,Rx,0,8,00,33,00,72,FE,FF,00,40,
0,00000480,false,Rx,0,8,84,2C,00,00,19,41,00,F0,
0,00000284,false,Rx,0,6,0B,0B,00,00,00,00,00,00,
0,00000588,false,Rx,0,8,0B,00,72,00,00,80,00,00,
0,00000280,false,Rx,0,8,B3,8A,00,00,33,FA,28,33,
0,00000288,false,Rx,0,8,64,33,D5,00,00,75,57,53,
0,00000380,false,Rx,0,8,B0,80,00,96,20,00,00,FE,
0,00000488,false,Rx,0,8,EF,33,00,72,FE,FF,FF,50,
0,00000280,false,Rx,0,8,B3,8A,00,00,33,FA,28,33,
0,00000288,false,Rx,0,8,64,33,D5,00,00,75,57,53,
0,00000380,false,Rx,0,8,B0,80,00,96,20,00,00,FE,
0,00000488,false,Rx,0,8,DF,33,00,72,FE,FF,FF,60,
0,00000480,false,Rx,0,8,C2,2C,00,00,19,41,00,B6,
0,00000588,false,Rx,0,8,0B,00,72,00,00,80,00,00,
0,00000284,false,Rx,0,6,0C,0C,00,00,00,00,00,00,
780000,00000280,false,Rx,0,8,B3,8A,00,00,33,FA,28,33,
0,00000288,false,Rx,0,8,64,33,D5,00,00,75,57,53,
0,00000380,false,Rx,0,8,B0,80,00,96,20,00,00,FE,
0,00000488,false,Rx,0,8,CF,33,00,72,FE,FF,FF,70,
0,00000280,false,Rx,0,8,B3,8A,00,00,33,FA,28,33,
0,00000288,false,Rx,0,8,8A,33,D5,00,00,75,57,53,
0,00000380,false,Rx,0,8,B0,80,00,96,20,00,00,FE,
0,00000488,false,Rx,0,8,3F,33,00,72,FE,FF,FF,80,
0,00000480,false,Rx,0,8,C2,2C,00,00,19,41,00,B6,
0,00000284,false,Rx,0,6,0D,0D,00,00,00,00,00,00,
0,00000588,false,Rx,0,8,0B,00,72,00,00,80,00,00,
0,00000280,false,Rx,0,8,B3,8A,00,00,33,FA,28,33,
0,00000288,false,Rx,0,8,8A,33,D5,00,00,75,57,53,
0,00000380,false,Rx,0,8,B0,80,00,96,20,00,00,FE,
0,00000488,false,Rx,0,8,2F,33,00,72,FE,FF,FF,90,
0,00000280,false,Rx,0,8,B3,8A,00,00,33,FA,28,33,
0,00000288,false,Rx,0,8,8A,33,D5,00,00,75,57,53,
0,00000380,false,Rx,0,8,B0,80,00,96,20,00,00,FE,
0,00000488,false,Rx,0,8,1F,33,00,72,FE,FF,FF,A0,
0,00000480,false,Rx,0,8,C2,2C,00,00,19,41,00,B6,
816000,00000588,false,Rx,0,8,0B,00,72,00,00,80,00,00,
0,00000284,false,Rx,0,6,0E,0E,00,00,00,00,00,00,
0,00000280,false,Rx,0,8,B3,8A,00,00,33,FA,28,33,
0,00000288,false,Rx,0,8,8A,33,D5,00,00,75,57,53,
0,00000380,false,Rx,0,8,B0,80,00,96,20,00,00,FE,
0,00000488,false,Rx,0,8,0F,33,00,72,FE,FF,FF,B0,
0,00000280,false,Rx,0,8,B3,8A,00,00,33,FA,28,33,
0,00000288,false,Rx,0,8,E8,33,D5,00,00,75,57,53,
0,00000380,false,Rx,0,8,B0,80,00,96,20,00,00,FE,
0,00000488,false,Rx,0,8,7F,33,00,72,FE,FF,FF,C0,
0,00000480,false,Rx,0,8,C2,2C,00,00,19,41,00,B6,
0,00000284,false,Rx,0,6,0F,0F,00,00,00,00,00,00,
837000,00000588,false,Rx,0,8,0B,00,72,00,00,80,00,00,
0,00000280,false,Rx,0,8,B3,8A,00,00,33,FA,28,33,
0,00000288,false,Rx,0,8,E8,33,D5,00,00,75,57,53,
0,00000380,false,Rx,0,8,B0,80,00,96,20,00,00,FE,
845000,00000488,false,Rx,0,8,6F,33,00,72,FE,FF,FF,D0,
0,00000280,false,Rx,0,8,B3,8A,00,00,33,FA,28,33,
0,00000288,false,Rx,0,8,E8,33,D5,00,00,75,57,53,
0,00000380,false,Rx,0,8,B0,80,00,96,20,00,00,FE,
0,00000488,false,Rx,0,8,5F,33,00,72,FE,FF,FF,E0,
0,00000480,false,Rx,0,8,1C,2C,00,00,19,41,00,68,
0,00000284,false,Rx,0,6,00,00,00,00,00,00,00,00,
857000,00000588,false,Rx,0,8,0B,00,72,00,00,80,00,00,
0,00000280,false,Rx,0,8,B3,8A,00,00,33,FA,28,33,
0,00000288,false,Rx,0,8,E8,33,D5,00,00,75,57,53,
0,00000380,false,Rx,0,8,B0,80,00,96,20,00,00,FE,
0,00000488,false,Rx,0,8,4F,33,00,72,FE,FF,FF,F0,
0,00000280,false,Rx,0,8,B3,8A,00,00,33,FA,28,33,
0,00000288,false,Rx,0,8,2C,33,D5,00,00,75,57,53,
0,00000380,false,Rx,0,8,B0,80,00,96,20,00,00,FE,
0,00000488,false,Rx,0,8,40,33,00,72,FE,FF,00,00,
0,00000480,false,Rx,0,8,1C,2C,00,00,19,41,00,68,
0,00000284,false,Rx,0,6,01,01,00,00,00,00,00,00,
0,00000588,false,Rx,0,8,0B,00,72,00,00,80,00,00,
0,00000280,false,Rx,0,8,B3,8A,00,00,33,FA,28,33,
0,00000288,false,Rx,0,8,2C,33,D5,00,00,75,57,53,
0,00000380,false,Rx,0,8,B0,80,00,96,20,00,00,FE,
0,00000488,false,Rx,0,8,AF,33,00,72,FE,FF,FF,10,
0,00000280,false,Rx,0,8,B3,8A,00,00,33,FA,28,33,
0,00000288,false,Rx,0,8,2C,33,D5,00,00,75,57,53,
0,00000380,false,Rx,0,8,B0,80,00,96,20,00,00,FE,
0,00000488,false,Rx,0,8,60,33,00,72,FE,FF,00,20,
0,00000480,false,Rx,0,8,1C,2C,00,00,19,41,00,68,
0,00000284,false,Rx,0,6,02,02,00,00,00,00,00,00,
894000,00000588,false,Rx,0,8,0B,00,72,00,00,80,00,00,
0,00000280,false,Rx,0,8,B3,8A,00,00,33,FA,28,33,
0,00000288,false,Rx,0,8,2C,33,D5,00,00,75,57,53,
0,00000380,false,Rx,0,8,B0,80,00,96,20,00,00,FE,
0,00000488,false,Rx,0,8,70,33,00,72,FE,FF,00,30,
0,00000280,false,Rx,0,8,B3,8A,00,00,33,FA,28,33,
0,00000288,false,Rx,0,8,64,33,D5,00,00,75,57,53,
0,00000380,false,Rx,0,8,B0,80,00,96,20,00,00,FE,
0,00000488,false,Rx,0,8,00,33,00,72,FE,FF,00,40,
0,00000480,false,Rx,0,8,1C,2C,00,00,19,41,00,68,
0,00000284,false,Rx,0,6,03,03,00,00,00,00,00,00,
915000,00000588,false,Rx,0,8,0B,00,72,00,00,80,00,00,
0,00000280,false,Rx,0,8,B3,8A,00,00,33,FA,28,33,
0,00000288,false,Rx,0,8,64,33,D5,00,00,75,57,53,
0,00000380,false,Rx,0,8,B0,80,00,96,20,00,00,FE,
0,00000488,false,Rx,0,8,EF,33,00,72,FE,FF,FF,50,
0,00000280,false,Rx,0,8,B3,8A,00,00,33,FA,28,33,
0,00000288,false,Rx,0,8,64,33,D5,00,00,75,57,53,
0,00000380,false,Rx,0,8,B0,80,00,96,20,00,00,FE,
0,00000488,false,Rx,0,8,DF,33,00,72,FE,FF,FF,60,
0,00000480,false,Rx,0,8,54,2C,00,00,19,41,00,20,
0,00000284,false,Rx,0,6,04,04,00,00,00,00,00,00,
0,00000588,false,Rx,0,8,0B,00,72,00,00,80,00,00,
0,00000280,false,Rx,0,8,B3,8A,00,00,33,FA,28,33,
0,00000288,false,Rx,0,8,64,33,D5,00,00,75,57,53,
0,00000380,false,Rx,0,8,B0,80,00,96,20,00,00,FE,
0,00000488,false,Rx,0,8,CF,33,00,72,FE,FF,FF,70,
0,00000280,false,Rx,0,8,B3,8A,00,00,33,FA,28,33,
0,00000288,false,Rx,0,8,8A,33,D5,00,00,75,57,53,
0,00000380,false,Rx,0,8,B0,80,00,96,20,00,00,FE,
0,00000488,false,Rx,0,8,3F,33,00,72,FE,FF,FF,80,
0,00000480,false,Rx,0,8,54,2C,00,00,19,41,00,20,
0,00000284,false,Rx,0,6,05,05,00,00,00,00,00,00,
0,00000588,false,Rx,0,8,0B,00,72,00,00,80,00,00,
0,00000280,false,Rx,0,8,B3,8A,00,00,33,FA,28,33,
0,00000288,false,Rx,0,8,8A,33,D5,00,00,75,57,53,
0,00000380,false,Rx,0,8,B0,80,00,96,20,00,00,FE,
0,00000488,false,Rx,0,8,2F,33,00,72,FE,FF,FF,90,
0,00000280,false,Rx,0,8,B3,8A,00,00,33,FA,28,33,
0,00000288,false,Rx,0,8,8A,33,D5,00,00,75,57,53,
0,00000380,false,Rx,0,8,B0,80,00,96,20,00,00,FE,
0,00000488,false,Rx,0,8,1F,33,00,72,FE,FF,FF,A0,
0,00000480,false,Rx,0,8,54,2C,00,00,19,41,00,20,
0,00000284,false,Rx,0,6,06,06,00,00,00,00,00,00,
0,00000588,false,Rx,0,8,0B,00,72,00,00,80,00,00,
0,00000280,false,Rx,0,8,B3,8A,00,00,33,FA,28,33,
0,00000288,false,Rx,0,8,8A,33,D5,00,00,75,57,53,
0,00000380,false,Rx,0,8,B0,80,00,96,20,00,00,FE,
0,00000488,false,Rx,0,8,0F,33,00,72,FE,FF,FF,B0,
0,00000280,false,Rx,0,8,B3,8A,00,00,33,FA,28,33,
0,00000288,false,Rx,0,8,E8,33,D5,00,00,75,57,53,
0,00000380,false,Rx,0,8,B0,80,00,96,20,00,00,FE,
0,00000488,false,Rx,0,8,7F,33,00,72,FE,FF,FF,C0,
0,00000480,false,Rx,0,8,54,2C,00,00,19,41,00,20,
0,00000284,false,Rx,0,6,07,07,00,00,00,00,00,00,
0,00000588,false,Rx,0,8,0B,00,72,00,00,80,00,00,
0,00000280,false,Rx,0,8,B3,8A,00,00,33,FA,28,33,
0,00000288,false,Rx,0,8,E8,33,D5,00,00,75,57,53,
0,00000380,false,Rx,0,8,B0,80,00,96,20,00,00,FE,
0,00000488,false,Rx,0,8,6F,33,00,72,FE,FF,FF,D0,
0,00000280,false,Rx,0,8,B3,8A,00,00,33,FA,28,33,
0,00000288,false,Rx,0,8,E8,33,D5,00,00,75,57,53,
0,00000380,false,Rx,0,8,B0,80,00,96,20,00,00,FE,
0,00000488,false,Rx,0,8,5F,33,00,72,FE,FF,FF,E0,
0,00000480,false,Rx,0,8,84,2C,00,00,19,41,00,F0,
0,00000284,false,Rx,0,6,08,08,00,00,00,00,00,00,
17000,00000588,false,Rx,0,8,0B,00,72,00,00,80,00,00,
0,00000280,false,Rx,0,8,B3,8A,00,00,33,FA,28,33,
0,00000288,false,Rx,0,8,E8,33,D5,00,00,75,57,53,
0,00000380,false,Rx,0,8,B0,80,00,96,20,00,00,FE,
26000,00000488,false,Rx,0,8,4F,33,00,72,FE,FF,FF,F0,
0,00000280,false,Rx,0,8,B3,8A,00,00,33,FA,28,33,
0,00000288,false,Rx,0,8,2C,33,D5,00,00,75,57,53,
0,00000380,false,Rx,0,8,B0,80,00,96,20,00,00,FE,
0,00000488,false,Rx,0,8,40,33,00,72,FE,FF,00,00,
0,00000480,false,Rx,0,8,84,2C,00,00,19,41,00,F0,
0,00000284,false,Rx,0,6,09,09,00,00,00,00,00,00,
38000,00000588,false,Rx,0,8,0B,00,72,00,00,80,00,00,
0,00000280,false,Rx,0,8,B3,8A,00,00,33,FA,28,33,
0,00000288,false,Rx,0,8,2C,33,D5,00,00,75,57,53,
0,00000380,false,Rx,0,8,B0,80,00,96,20,00,00,FE,
46000,00000488,false,Rx,0,8,AF,33,00,72,FE,FF,FF,10,
0,00000280,false,Rx,0,8,B3,8A,00,00,33,FA,28,33,
0,00000288,false,Rx,0,8,2C,33,D5,00,00,75,57,53,
0,00000380,false,Rx,0,8,B0,80,00,96,20,00,00,FE,
0,00000488,false,Rx,0,8,60,33,00,72,FE,FF,00,20,
0,00000480,false,Rx,0,8,84,2C,00,00,19,41,00,F0,
0,00000284,false,Rx,0,6,0A,0A,00,00,00,00,00,00,
58000,00000588,false,Rx,0,8,0B,00,72,00,00,80,00,00,
0,00000280,false,Rx,0,8,B3,8A,00,00,33,FA,28,33,
0,00000288,false,Rx,0,8,2C,33,D5,00,00,75,57,53,
0,00000380,false,Rx,0,8,B0,80,00,96,20,00,00,FE,
0,00000488,false,Rx,0,8,70,33,00,72,FE,FF,00,30,
0,00000280,false,Rx,0,8,B3,8A,00,00,33,FA,28,33,
0,00000288,false,Rx,0,8,64,33,D5,00,00,75,57,53,
0,00000380,false,Rx,0,8,B0,80,00,96,20,00,00,FE,
0,00000488,false,Rx,0,8,00,33,00,72,FE,FF,00,40,
0,00000480,false,Rx,0,8,84,2C,00,00,19,41,00,F0,
0,00000284,false,Rx,0,6,0B,0B,00,00,00,00,00,00,
0,00000588,false,Rx,0,8,0B,00,72,00,00,80,00,00,
0,00000280,false,Rx,0,8,B3,8A,00,00,33,FA,28,33,
0,00000288,false,Rx,0,8,64,33,D5,00,00,75,57,53,
0,00000380,false,Rx,0,8,B0,80,00,96,20,00,00,FE,
0,00000488,false,Rx,0,8,EF,33,00,72,FE,FF,FF,50,
0,00000280,false,Rx,0,8,B3,8A,00,00,33,FA,28,33,
0,00000288,false,Rx,0,8,64,33,D5,00,00,75,57,53,
0,00000380,false,Rx,0,8,B0,80,00,96,20,00,00,FE,
0,00000488,false,Rx,0,8,DF,33,00,72,FE,FF,FF,60,
0,00000480,false,Rx,0,8,C2,2C,00,00,19,41,00,B6,
0,00000284,false,Rx,0,6,0C,0C,00,00,00,00,00,00,
0,00000588,false,Rx,0,8,0B,00,72,00,00,80,00,00,
0,00000280,false,Rx,0,8,B3,8A,00,00,33,FA,28,33,
0,00000288,false,Rx,0,8,64,33,D5,00,00,75,57,53,
0,00000380,false,Rx,0,8,B0,80,00,96,20,00,00,FE,
0,00000488,false,Rx,0,8,CF,33,00,72,FE,FF,FF,70,
0,00000280,false,Rx,0,8,B3,8A,00,00,33,FA,28,33,
0,00000288,false,Rx,0,8,8A,33,D5,00,00,75,57,53,
0,00000380,false,Rx,0,8,B0,80,00,96,20,00,00,FE,
0,00000488,false,Rx,0,8,3F,33,00,72,FE,FF,FF,80,
0,00000480,false,Rx,0,8,C2,2C,00,00,19,41,00,B6,
0,00000284,false,Rx,0,6,0D,0D,00,00,00,00,00,00,
0,00000588,false,Rx,0,8,0B,00,72,00,00,80,00,00,
0,00000280,false,Rx,0,8,B3,8A,00,00,33,FA,28,33,
0,00000288,false,Rx,0,8,8A,33,D5,00,00,75,57,53,
0,00000380,false,Rx,0,8,B0,80,00,96,20,00,00,FE,
0,00000488,false,Rx,0,8,2F,33,00,72,FE,FF,FF,90,
0,00000280,false,Rx,0,8,B3,8A,00,00,33,FA,28,33,
0,00000288,false,Rx,0,8,8A,33,D5,00,00,75,57,53,
0,00000380,false,Rx,0,8,B0,80,00,96,20,00,00,FE,
0,00000488,false,Rx,0,8,1F,33,00,72,FE,FF,FF,A0,
0,00000480,false,Rx,0,8,C2,2C,00,00,19,41,00,B6,
0,00000284,false,Rx,0,6,0E,0E,00,00,00,00,00,00,
0,00000588,false,Rx,0,8,0B,00,72,00,00,80,00,00,
0,00000280,false,Rx,0,8,B3,8A,00,00,33,FA,28,33,
0,00000288,false,Rx,0,8,8A,33,D5,00,00,75,57,53,
0,00000380,false,Rx,0,8,B0,80,00,96,20,00,00,FE,
0,00000488,false,Rx,0,8,0F,33,00,72,FE,FF,FF,B0,
0,00000280,false,Rx,0,8,B3,8A,00,00,33,FA,28,33,
0,00000288,false,Rx,0,8,E8,33,D5,00,00,75,57,53,
0,00000380,false,Rx,0,8,B0,80,00,96,20,00,00,FE,
0,00000488,false,Rx,0,8,7F,33,00,72,FE,FF,FF,C0,
0,00000480,false,Rx,0,8,C2,2C,00,00,19,41,00,B6,
0,00000284,false,Rx,0,6,0F,0F,00,00,00,00,00,00,
0,00000588,false,Rx,0,8,0B,00,72,00,00,80,00,00,
161000,00000280,false,Rx,0,8,B3,8A,00,00,33,FA,28,33,
0,00000288,false,Rx,0,8,E8,33,D5,00,00,75,57,53,
0,00000380,false,Rx,0,8,B0,80,00,96,20,00,00,FE,
0,00000488,false,Rx,0,8,6F,33,00,72,FE,FF,FF,D0,
0,00000280,false,Rx,0,8,B3,8A,00,00,33,FA,28,33,
0,00000288,false,Rx,0,8,E8,33,D5,00,00,75,57,53,
0,00000380,false,Rx,0,8,B0,80,00,96,20,00,00,FE,
0,00000488,false,Rx,0,8,5F,33,00,72,FE,FF,FF,E0,
0,00000480,false,Rx,0,8,1C,2C,00,00,19,41,00,68,
0,00000284,false,Rx,0,6,00,00,00,00,00,00,00,00,
0,00000588,false,Rx,0,8,0B,00,72,00,00,80,00,00,
0,00000280,false,Rx,0,8,B3,8A,00,00,33,FA,28,33,
0,00000288,false,Rx,0,8,E8,33,D5,00,00,75,57,53,
0,00000380,false,Rx,0,8,B0,80,00,96,20,00,00,FE,
0,00000488,false,Rx,0,8,4F,33,00,72,FE,FF,FF,F0,
0,00000280,false,Rx,0,8,B3,8A,00,00,33,FA,28,33,
0,00000288,false,Rx,0,8,2C,33,D5,00,00,75,57,53,
0,00000380,false,Rx,0,8,B0,80,00,96,20,00,00,FE,
0,00000488,false,Rx,0,8,40,33,00,72,FE,FF,00,00,
0,00000480,false,Rx,0,8,1C,2C,00,00,19,41,00,68,
0,00000284,false,Rx,0,6,01,01,00,00,00,00,00,00,
197000,00000588,false,Rx,0,8,0B,00,72,00,00,80,00,00,
0,00000280,false,Rx,0,8,B3,8A,00,00,33,FA,28,33,
0,00000288,false,Rx,0,8,2C,33,D5,00,00,75,57,53,
0,00000380,false,Rx,0,8,B0,80,00,96,20,00,00,FE,
0,00000488,false,Rx,0,8,AF,33,00,72,FE,FF,FF,10,
0,00000280,false,Rx,0,8,B3,8A,00,00,33,FA,28,33,
0,00000288,false,Rx,0,8,2C,33,D5,00,00,75,57,53,
0,00000380,false,Rx,0,8,B0,80,00,96,20,00,00,FE,
0,00000488,false,Rx,0,8,60,33,00,72,FE,FF,00,20,
0,00000480,false,Rx,0,8,1C,2C,00,00,19,41,00,68,
0,00000284,false,Rx,0,6,02,02,00,00,00,00,00,00,
218000,00000588,false,Rx,0,8,0B,00,72,00,00,80,00,00,
0,00000280,false,Rx,0,8,B3,8A,00,00,33,FA,28,33,
0,00000288,false,Rx,0,8,2C,33,D5,00,00,75,57,53,
0,00000380,false,Rx,0,8,B0,80,00,96,20,00,00,FE,
226000,00000488,false,Rx,0,8,70,33,00,72,FE,FF,00,30,
0,00000280,false,Rx,0,8,B3,8A,00,00,33,FA,28,33,
0,00000288,false,Rx,0,8,64,33,D5,00,00,75,57,53,
0,00000380,false,Rx,0,8,B0,80,00,96,20,00,00,FE,
0,00000488,false,Rx,0,8,00,33,00,72,FE,FF,00,40,
0,00000480,false,Rx,0,8,1C,2C,00,00,19,41,00,68,
0,00000284,false,Rx,0,6,03,03,00,00,00,00,00,00,
238000,00000588,false,Rx,0,8,0B,00,72,00,00,80,00,00,
0,00000280,false,Rx,0,8,B3,8A,00,00,33,FA,28,33,
0,00000288,false,Rx,0,8,64,33,D5,00,00,75,57,53,
0,00000380,false,Rx,0,8,B0,80,00,96,20,00,00,FE,
0,00000488,false,Rx,0,8,EF,33,00,72,FE,FF,FF,50,
251000,00000280,false,Rx,0,8,B3,8A,00,00,33,FA,28,33,
0,00000288,false,Rx,0,8,64,33,D5,00,00,75,57,53,
0,00000380,false,Rx,0,8,B0,80,00,96,20,00,00,FE,
0,00000488,false,Rx,0,8,DF,33,00,72,FE,FF,FF,60,
0,00000480,false,Rx,0,8,54,2C,00,00,19,41,00,20,
0,00000284,false,Rx,0,6,04,04,00,00,00,00,00,00,
0,00000588,false,Rx,0,8,0B,00,72,00,00,80,00,00,
0,00000280,false,Rx,0,8,B3,8A,00,00,33,FA,28,33,
0,00000288,false,Rx,0,8,64,33,D5,00,00,75,57,53,
0,00000380,false,Rx,0,8,B0,80,00,96,20,00,00,FE,
0,00000488,false,Rx,0,8,CF,33,00,72,FE,FF,FF,70,
0,00000280,false,Rx,0,8,B3,8A,00,00,33,FA,28,33,
0,00000288,false,Rx,0,8,8A,33,D5,00,00,75,57,53,
0,00000380,false,Rx,0,8,B0,80,00,96,20,00,00,FE,
0,00000488,false,Rx,0,8,3F,33,00,72,FE,FF,FF,80,
0,00000480,false,Rx,0,8,54,2C,00,00,19,41,00,20,
0,00000284,false,Rx,0,6,05,05,00,00,00,00,00,00,
0,00000588,false,Rx,0,8,0B,00,72,00,00,80,00,00,
0,00000280,false,Rx,0,8,B3,8A,00,00,33,FA,28,33,
0,00000288,false,Rx,0,8,8A,33,D5,00,00,75,57,53,
0,00000380,false,Rx,0,8,B0,80,00,96,20,00,00,FE,
0,00000488,false,Rx,0,8,2F,33,00,72,FE,FF,FF,90,
0,00000280,false,Rx,0,8,B3,8A,00,00,33,FA,28,33,
0,00000288,false,Rx,0,8,8A,33,D5,00,00,75,57,53,
0,00000380,false,Rx,0,8,B0,80,00,96,20,00,00,FE,
0,00000488,false,Rx,0,8,1F,33,00,72,FE,FF,FF,A0,
0,00000480,false,Rx,0,8,54,2C,00,00,19,41,00,20,
0,00000284,false,Rx,0,6,06,06,00,00,00,00,00,00,
0,00000588,false,Rx,0,8,0B,00,72,00,00,80,00,00,
0,00000280,false,Rx,0,8,B3,8A,00,00,33,FA,28,33,
0,00000288,false,Rx,0,8,8A,33,D5,00,00,75,57,53,
0,00000380,false,Rx,0,8,B0,80,00,96,20,00,00,FE,
0,00000488,false,Rx,0,8,0F,33,00,72,FE,FF,FF,B0,
0,00000280,false,Rx,0,8,B3,8A,00,00,33,FA,28,33,
0,00000288,false,Rx,0,8,E8,33,D5,00,00,75,57,53,
0,00000380,false,Rx,0,8,B0,80,00,96,20,00,00,FE,
0,00000488,false,Rx,0,8,7F,33,00,72,FE,FF,FF,C0,
0,00000480,false,Rx,0,8,54,2C,00,00,19,41,00,20,
0,00000284,false,Rx,0,6,07,07,00,00,00,00,00,00,
0,00000588,false,Rx,0,8,0B,00,72,00,00,80,00,00,
0,00000280,false,Rx,0,8,B3,8A,00,00,33,FA,28,33,
0,00000288,false,Rx,0,8,E8,33,D5,00,00,75,57,53,
0,00000380,false,Rx,0,8,B0,80,00,96,20,00,00,FE,
0,00000488,false,Rx,0,8,6F,33,00,72,FE,FF,FF,D0,
0,00000280,false,Rx,0,8,B3,8A,00,00,33,FA,28,33,
0,00000288,false,Rx,0,8,E8,33,D5,00,00,75,57,53,
0,00000380,false,Rx,0,8,B0,80,00,96,20,00,00,FE,
0,00000488,false,Rx,0,8,5F,33,00,72,FE,FF,FF,E0,
0,00000480,false,Rx,0,8,84,2C,00,00,19,41,00,F0,
0,00000284,false,Rx,0,6,08,08,00,00,00,00,00,00,
0,00000588,false,Rx,0,8,0B,00,72,00,00,80,00,00,
0,00000280,false,Rx,0,8,B3,8A,00,00,33,FA,28,33,
0,00000288,false,Rx,0,8,E8,33,D5,00,00,75,57,53,
0,00000380,false,Rx,0,8,B0,80,00,96,20,00,00,FE,
0,00000488,false,Rx,0,8,4F,33,00,72,FE,FF,FF,F0,
0,00000280,false,Rx,0,8,B3,8A,00,00,33,FA,28,33,
0,00000288,false,Rx,0,8,2C,33,D5,00,00,75,57,53,
0,00000380,false,Rx,0,8,B0,80,00,96,20,00,00,FE,
0,00000488,false,Rx,0,8,40,33,00,72,FE,FF,00,00,
0,00000480,false,Rx,0,8,84,2C,00,00,19,41,00,F0,
0,00000284,false,Rx,0,6,09,09,00,00,00,00,00,00,
0,00000588,false,Rx,0,8,0B,00,72,00,00,80,00,00,
0,00000280,false,Rx,0,8,B3,8A,00,00,33,FA,28,33,
0,00000288,false,Rx,0,8,2C,33,D5,00,00,75,57,53,
0,00000380,false,Rx,0,8,B0,80,00,96,20,00,00,FE,
0,00000488,false,Rx,0,8,AF,33,00,72,FE,FF,FF,10,
0,00000280,false,Rx,0,8,B3,8A,00,00,33,FA,28,33,
0,00000288,false,Rx,0,8,2C,33,D5,00,00,75,57,53,
0,00000380,false,Rx,0,8,B0,80,00,96,20,00,00,FE,
0,00000488,false,Rx,0,8,60,33,00,72,FE,FF,00,20,
0,00000480,false,Rx,0,8,84,2C,00,00,19,41,00,F0,
0,00000284,false,Rx,0,6,0A,0A,00,00,00,00,00,00,
0,00000588,false,Rx,0,8,0B,00,72,00,00,80,00,00,
0,00000280,false,Rx,0,8,B3,8A,00,00,33,FA,28,33,
0,00000288,false,Rx,0,8,2C,33,D5,00,00,75,57,53,
0,00000380,false,Rx,0,8,B0,80,00,96,20,00,00,FE,
0,00000488,false,Rx,0,8,70,33,00,72,FE,FF,00,30,
0,00000280,false,Rx,0,8,B3,8A,00,00,33,FA,28,33,
0,00000288,false,Rx,0,8,64,33,D5,00,00,75,57,53,
0,00000380,false,Rx,0,8,B0,80,00,96,20,00,00,FE,
0,00000488,false,Rx,0,8,00,33,00,72,FE,FF,00,40,
0,00000480,false,Rx,0,8,84,2C,00,00,19,41,00,F0,
0,00000284,false,Rx,0,6,0B,0B,00,00,00,00,00,00,
398000,00000588,false,Rx,0,8,0B,00,72,00,00,80,00,00,
0,00000280,false,Rx,0,8,B3,8A,00,00,33,FA,28,33,
0,00000288,false,Rx,0,8,64,33,D5,00,00,75,57,53,
0,00000380,false,Rx,0,8,B0,80,00,96,20,00,00,FE,
0,00000488,false,Rx,0,8,EF,33,00,72,FE,FF,FF,50,
0,00000580,false,Rx,0,8,87,00,00,11,1F,E0,0C,46,
0,00000280,false,Rx,0,8,B3,8A,00,00,33,FA,28,33,
0,00000288,false,Rx,0,8,64,33,D5,00,00,75,57,53,
0,00000380,false,Rx,0,8,B0,80,00,96,20,00,00,FE,
0,00000488,false,Rx,0,8,DF,33,00,72,FE,FF,FF,60,
0,00000480,false,Rx,0,8,C2,2C,00,00,19,41,00,B6,
0,00000284,false,Rx,0,6,0C,0C,00,00,00,00,00,00,
419000,00000588,false,Rx,0,8,0B,00,72,00,00,80,00,00,
0,00000280,false,Rx,0,8,B3,8A,00,00,33,FA,28,33,
0,00000288,false,Rx,0,8,64,33,D5,00,00,75,57,53,
0,00000380,false,Rx,0,8,B0,80,00,96,20,00,00,FE,
0,00000488,false,Rx,0,8,CF,33,00,72,FE,FF,FF,70,
0,00000280,false,Rx,0,8,B3,8A,00,00,33,FA,28,33,
0,00000288,false,Rx,0,8,8A,33,D5,00,00,75,57,53,
0,00000380,false,Rx,0,8,B0,80,00,96,20,00,00,FE,
0,00000488,false,Rx,0,8,3F,33,00,72,FE,FF,FF,80,
0,00000480,false,Rx,0,8,C2,2C,00,00,19,41,00,B6,
0,00000284,false,Rx,0,6,0D,0D,00,00,00,00,00,00,
439000,00000588,false,Rx,0,8,0B,00,72,00,00,80,00,00,
0,00000280,false,Rx,0,8,B3,8A,00,00,33,FA,28,33,
0,00000288,false,Rx,0,8,8A,33,D5,00,00,75,57,53,
0,00000380,false,Rx,0,8,B0,80,00,96,20,00,00,FE,
0,00000488,false,Rx,0,8,2F,33,00,72,FE,FF,FF,90,
0,00000280,false,Rx,0,8,B3,8A,00,00,33,FA,28,33,
0,00000288,false,Rx,0,8,8A,33,D5,00,00,75,57,53,
0,00000380,false,Rx,0,8,B0,80,00,96,20,00,00,FE,
0,00000488,false,Rx,0,8,1F,33,00,72,FE,FF,FF,A0,
0,00000480,false,Rx,0,8,C2,2C,00,00,19,41,00,B6,
0,00000284,false,Rx,0,6,0E,0E,00,00,00,00,00,00,
0,00000588,false,Rx,0,8,0B,00,72,00,00,80,00,00,
0,00000280,false,Rx,0,8,B3,8A,00,00,33,FA,28,33,
0,00000288,false,Rx,0,8,8A,33,D5,00,00,75,57,53,
0,00000380,false,Rx,0,8,B0,80,00,96,20,00,00,FE,
0,00000488,false,Rx,0,8,0F,33,00,72,FE,FF,FF,B0,
0,00000280,false,Rx,0,8,B3,8A,00,00,33,FA,28,33,
0,00000288,false,Rx,0,8,E8,33,D5,00,00,75,57,53,
0,00000380,false,Rx,0,8,B0,80,00,96,20,00,00,FE,
0,00000488,false,Rx,0,8,7F,33,00,72,FE,FF,FF,C0,
0,00000480,false,Rx,0,8,C2,2C,00,00,19,41,00,B6,
0,00000284,false,Rx,0,6,0F,0F,00,00,00,00,00,00,
476000,00000588,false,Rx,0,8,0B,00,72,00,00,80,00,00,
0,00000280,false,Rx,0,8,B3,8A,00,00,33,FA,28,33,
0,00000288,false,Rx,0,8,E8,33,D5,00,00,75,57,53,
0,00000380,false,Rx,0,8,B0,80,00,96,20,00,00,FE,
0,00000488,false,Rx,0,8,6F,33,00,72,FE,FF,FF,D0,
0,00000280,false,Rx,0,8,B3,8A,00,00,33,FA,28,33,
0,00000288,false,Rx,0,8,E8,33,D5,00,00,75,57,53,
0,00000380,false,Rx,0,8,B0,80,00,96,20,00,00,FE,
0,00000488,false,Rx,0,8,5F,33,00,72,FE,FF,FF,E0,
0,00000480,false,Rx,0,8,1C,2C,00,00,19,41,00,68,
0,00000284,false,Rx,0,6,00,00,00,00,00,00,00,00,
0,00000588,false,Rx,0,8,0B,00,72,00,00,80,00,00,
0,00000280,false,Rx,0,8,B3,8A,00,00,33,FA,28,33,
0,00000288,false,Rx,0,8,E8,33,D5,00,00,75,57,53,
0,00000380,false,Rx,0,8,B0,80,00,96,20,00,00,FE,
0,00000488,false,Rx,0,8,4F,33,00,72,FE,FF,FF,F0,
0,00000280,false,Rx,0,8,B3,8A,00,00,33,FA,28,33,
0,00000288,false,Rx,0,8,2C,33,D5,00,00,75,57,53,
0,00000380,false,Rx,0,8,B0,80,00,96,20,00,00,FE,
0,00000488,false,Rx,0,8,40,33,00,72,FE,FF,00,00,
0,00000480,false,Rx,0,8,1C,2C,00,00,19,41,00,68,
0,00000284,false,Rx,0,6,01,01,00,00,00,00,00,00,
0,00000588,false,Rx,0,8,0B,00,72,00,00,80,00,00,
0,00000280,false,Rx,0,8,B3,8A,00,00,33,FA,28,33,
0,00000288,false,Rx,0,8,2C,33,D5,00,00,75,57,53,
0,00000380,false,Rx,0,8,B0,80,00,96,20,00,00,FE,
0,00000488,false,Rx,0,8,AF,33,00,72,FE,FF,FF,10,
0,00000280,false,Rx,0,8,B3,8A,00,00,33,FA,28,33,
0,00000288,false,Rx,0,8,2C,33,D5,00,00,75,57,53,
0,00000380,false,Rx,0,8,B0,80,00,96,20,00,00,FE,
0,00000488,false,Rx,0,8,60,33,00,72,FE,FF,00,20,
0,00000480,false,Rx,0,8,1C,2C,00,00,19,41,00,68,
0,00000284,false,Rx,0,6,02,02,00,00,00,00,00,00,
0,00000588,false,Rx,0,8,0B,00,72,00,00,80,00,00,
0,00000280,false,Rx,0,8,B3,8A,00,00,33,FA,28,33,
0,00000288,false,Rx,0,8,2C,33,D5,00,00,75,57,53,
0,00000380,false,Rx,0,8,B0,80,00,96,20,00,00,FE,
0,00000488,false,Rx,0,8,70,33,00,72,FE,FF,00,30,
0,00000280,false,Rx,0,8,B3,8A,00,00,33,FA,28,33,
0,00000288,false,Rx,0,8,64,33,D5,00,00,75,57,53,
0,00000380,false,Rx,0,8,B0,80,00,96,20,00,00,FE,
0,00000488,false,Rx,0,8,00,33,00,72,FE,FF,00,40,
0,00000480,false,Rx,0,8,1C,2C,00,00,19,41,00,68,
0,00000284,false,Rx,0,6,03,03,00,00,00,00,00,00,
0,00000588,false,Rx,0,8,0B,00,72,00,00,80,00,00,
0,00000280,false,Rx,0,8,B3,8A,00,00,33,FA,28,33,
0,00000288,false,Rx,0,8,64,33,D5,00,00,75,57,53,
0,00000380,false,Rx,0,8,B0,80,00,96,20,00,00,FE,
0,00000488,false,Rx,0,8,EF,33,00,72,FE,FF,FF,50,
0,00000280,false,Rx,0,8,B3,8A,00,00,33,FA,28,33,
0,00000288,false,Rx,0,8,64,33,D5,00,00,75,57,53,
0,00000380,false,Rx,0,8,B0,80,00,96,20,00,00,FE,
0,00000488,false,Rx,0,8,DF,33,00,72,FE,FF,FF,60,
0,00000480,false,Rx,0,8,54,2C,00,00,19,41,00,20,
0,00000284,false,Rx,0,6,04,04,00,00,00,00,00,00,
578000,00000588,false,Rx,0,8,0B,00,72,00,00,80,00,00,
0,00000280,false,Rx,0,8,B3,8A,00,00,33,FA,28,33,
0,00000288,false,Rx,0,8,64,33,D5,00,00,75,57,53,
0,00000380,false,Rx,0,8,B0,80,00,96,20,00,00,FE,
0,00000488,false,Rx,0,8,CF,33,00,72,FE,FF,FF,70,
0,00000280,false,Rx,0,8,B3,8A,00,00,33,FA,28,33,
0,00000288,false,Rx,0,8,8A,33,D5,00,00,75,57,53,
0,00000380,false,Rx,0,8,B0,80,00,96,20,00,00,FE,
0,00000488,false,Rx,0,8,3F,33,00,72,FE,FF,FF,80,
0,00000480,false,Rx,0,8,54,2C,00,00,19,41,00,20,
0,00000284,false,Rx,0,6,05,05,00,00,00,00,00,00,
599000,00000588,false,Rx,0,8,0B,00,72,00,00,80,00,00,
0,00000280,false,Rx,0,8,B3,8A,00,00,33,FA,28,33,
0,00000288,false,Rx,0,8,8A,33,D5,00,00,75,57,53,
0,00000380,false,Rx,0,8,B0,80,00,96,20,00,00,FE,
607000,00000488,false,Rx,0,8,2F,33,00,72,FE,FF,FF,90,
0,00000280,false,Rx,0,8,B3,8A,00,00,33,FA,28,33,
0,00000288,false,Rx,0,8,8A,33,D5,00,00,75,57,53,
0,00000380,false,Rx,0,8,B0,80,00,96,20,00,00,FE,
0,00000488,false,Rx,0,8,1F,33,00,72,FE,FF,FF,A0,
0,00000480,false,Rx,0,8,54,2C,00,00,19,41,00,20,
0,00000284,false,Rx,0,6,06,06,00,00,00,00,00,00,
619000,00000588,false,Rx,0,8,0B,00,72,00,00,80,00,00,
0,00000280,false,Rx,0,8,B3,8A,00,00,33,FA,28,33,
0,00000288,false,Rx,0,8,8A,33,D5,00,00,75,57,53,
0,00000380,false,Rx,0,8,B0,80,00,96,20,00,00,FE,
0,00000488,false,Rx,0,8,0F,33,00,72,FE,FF,FF,B0,
632000,00000280,false,Rx,0,8,B3,8A,00,00,33,FA,28,33,
0,00000288,false,Rx,0,8,E8,33,D5,00,00,75,57,53,
0,00000380,false,Rx,0,8,B0,80,00,96,20,00,00,FE,
0,00000488,false,Rx,0,8,7F,33,00,72,FE,FF,FF,C0,
0,00000480,false,Rx,0,8,54,2C,00,00,19,41,00,20,
0,00000284,false,Rx,0,6,07,07,00,00,00,00,00,00,
0,00000588,false,Rx,0,8,0B,00,72,00,00,80,00,00,
0,00000280,false,Rx,0,8,B3,8A,00,00,33,FA,28,33,
0,00000288,false,Rx,0,8,E8,33,D5,00,00,75,57,53,
0,00000380,false,Rx,0,8,B0,80,00,96,20,00,00,FE,
0,00000488,false,Rx,0,8,6F,33,00,72,FE,FF,FF,D0,
0,00000280,false,Rx,0,8,B3,8A,00,00,33,FA,28,33,
0,00000288,false,Rx,0,8,E8,33,D5,00,00,75,57,53,
0,00000380,false,Rx,0,8,B0,80,00,96,20,00,00,FE,
0,00000488,false,Rx,0,8,5F,33,00,72,FE,FF,FF,E0,
0,00000480,false,Rx,0,8,84,2C,00,00,19,41,00,F0,
0,00000284,false,Rx,0,6,08,08,00,00,00,00,00,00,
656000,00000588,false,Rx,0,8,0B,00,72,00,00,80,00,00,
0,00000280,false,Rx,0,8,B3,8A,00,00,33,FA,28,33,
0,00000288,false,Rx,0,8,E8,33,D5,00,00,75,57,53,
0,00000380,false,Rx,0,8,B0,80,00,96,20,00,00,FE,
0,00000488,false,Rx,0,8,4F,33,00,72,FE,FF,FF,F0,
0,00000280,false,Rx,0,8,B3,8A,00,00,33,FA,28,33,
0,00000288,false,Rx,0,8,2C,33,D5,00,00,75,57,53,
0,00000380,false,Rx,0,8,B0,80,00,96,20,00,00,FE,
0,00000488,false,Rx,0,8,40,33,00,72,FE,FF,00,00,
0,00000480,false,Rx,0,8,84,2C,00,00,19,41,00,F0,
0,00000284,false,Rx,0,6,09,09,00,00,00,00,00,00,
0,00000588,false,Rx,0,8,0B,00,72,00,00,80,00,00,
0,00000280,false,Rx,0,8,B3,8A,00,00,33,FA,28,33,
0,00000288,false,Rx,0,8,2C,33,D5,00,00,75,57,53,
0,00000380,false,Rx,0,8,B0,80,00,96,20,00,00,FE,
0,00000488,false,Rx,0,8,AF,33,00,72,FE,FF,FF,10,
0,00000280,false,Rx,0,8,B3,8A,00,00,33,FA,28,33,
0,00000288,false,Rx,0,8,2C,33,D5,00,00,75,57,53,
0,00000380,false,Rx,0,8,B0,80,00,96,20,00,00,FE,
0,00000488,false,Rx,0,8,60,33,00,72,FE,FF,00,20,
0,00000480,false,Rx,0,8,84,2C,00,00,19,41,00,F0,
0,00000284,false,Rx,0,6,0A,0A,00,00,00,00,00,00,
0,00000588,false,Rx,0,8,0B,00,72,00,00,80,00,00,
0,00000280,false,Rx,0,8,B3,8A,00,00,33,FA,28,33,
0,00000288,false,Rx,0,8,2C,33,D5,00,00,75,57,53,
0,00000380,false,Rx,0,8,B0,80,00,96,20,00,00,FE,
0,00000488,false,Rx,0,8,70,33,00,72,FE,FF,00,30,
0,00000280,false,Rx,0,8,B3,8A,00,00,33,FA,28,33,
0,00000288,false,Rx,0,8,64,33,D5,00,00,75,57,53,
0,00000380,false,Rx,0,8,B0,80,00,96,20,00,00,FE,
0,00000488,false,Rx,0,8,00,33,00,72,FE,FF,00,40,
0,00000480,false,Rx,0,8,84,2C,00,00,19,41,00,F0,
0,00000284,false,Rx,0,6,0B,0B,00,00,00,00,00,00,
0,00000588,false,Rx,0,8,0B,00,72,00,00,80,00,00,
722000,00000280,false,Rx,0,8,B3,8A,00,00,33,FA,28,33,
0,00000288,false,Rx,0,8,64,33,D5,00,00,75,57,53,
0,00000380,false,Rx,0,8,B0,80,00,96,20,00,00,FE,
0,00000488,false,Rx,0,8,EF,33,00,72,FE,FF,FF,50,
0,00000280,false,Rx,0,8,B3,8A,00,00,33,FA,28,33,
0,00000288,false,Rx,0,8,64,33,D5,00,00,75,57,53,
0,00000380,false,Rx,0,8,B0,80,00,96,20,00,00,FE,
0,00000488,false,Rx,0,8,DF,33,00,72,FE,FF,FF,60,
0,00000480,false,Rx,0,8,C2,2C,00,00,19,41,00,B6,
0,00000284,false,Rx,0,6,0C,0C,00,00,00,00,00,00,
0,00000588,false,Rx,0,8,0B,00,72,00,00,80,00,00,
0,00000280,false,Rx,0,8,B3,8A,00,00,33,FA,28,33,
0,00000288,false,Rx,0,8,64,33,D5,00,00,75,57,53,
0,00000380,false,Rx,0,8,B0,80,00,96,20,00,00,FE,
0,00000488,false,Rx,0,8,CF,33,00,72,FE,FF,FF,70,
0,00000280,false,Rx,0,8,B3,8A,00,00,33,FA,28,33,
0,00000288,false,Rx,0,8,8A,33,D5,00,00,75,57,53,
0,00000380,false,Rx,0,8,B0,80,00,96,20,00,00,FE,
0,00000488,false,Rx,0,8,3F,33,00,72,FE,FF,FF,80,
0,00000480,false,Rx,0,8,C2,2C,00,00,19,41,00,B6,
0,00000284,false,Rx,0,6,0D,0D,00,00,00,00,00,00,
0,00000588,false,Rx,0,8,0B,00,72,00,00,80,00,00,
0,00000280,false,Rx,0,8,B3,8A,00,00,33,FA,28,33,
0,00000288,false,Rx,0,8,8A,33,D5,00,00,75,57,53,
0,00000380,false,Rx,0,8,B0,80,00,96,20,00,00,FE,
0,00000488,false,Rx,0,8,2F,33,00,72,FE,FF,FF,90,
0,00000280,false,Rx,0,8,B3,8A,00,00,33,FA,28,33,
0,00000288,false,Rx,0,8,8A,33,D5,00,00,75,57,53,
0,00000380,false,Rx,0,8,B0,80,00,96,20,00,00,FE,
0,00000488,false,Rx,0,8,1F,33,00,72,FE,FF,FF,A0,
0,00000480,false,Rx,0,8,C2,2C,00,00,19,41,00,B6,
0,00000284,false,Rx,0,6,0E,0E,00,00,00,00,00,00,
779000,00000588,false,Rx,0,8,0B,00,72,00,00,80,00,00,
0,00000280,false,Rx,0,8,B3,8A,00,00,33,FA,28,33,
0,00000288,false,Rx,0,8,8A,33,D5,00,00,75,57,53,
0,00000380,false,Rx,0,8,B0,80,00,96,20,00,00,FE,
787000,00000488,false,Rx,0,8,0F,33,00,72,FE,FF,FF,B0,
0,00000280,false,Rx,0,8,B3,8A,00,00,33,FA,28,33,
0,00000288,false,Rx,0,8,E8,33,D5,00,00,75,57,53,
0,00000380,false,Rx,0,8,B0,80,00,96,20,00,00,FE,
0,00000488,false,Rx,0,8,7F,33,00,72,FE,FF,FF,C0,
0,00000480,false,Rx,0,8,C2,2C,00,00,19,41,00,B6,
0,00000284,false,Rx,0,6,0F,0F,00,00,00,00,00,00,
800000,00000588,false,Rx,0,8,0B,00,72,00,00,80,00,00,
0,00000280,false,Rx,0,8,B3,8A,00,00,33,FA,28,33,
0,00000288,false,Rx,0,8,E8,33,D5,00,00,75,57,53,
0,00000380,false,Rx,0,8,B0,80,00,96,20,00,00,FE,
0,00000488,false,Rx,0,8,6F,33,00,72,FE,FF,FF,D0,
0,00000280,false,Rx,0,8,B3,8A,00,00,33,FA,28,33,
0,00000288,false,Rx,0,8,E8,33,D5,00,00,75,57,53,
0,00000380,false,Rx,0,8,B0,80,00,96,20,00,00,FE,
0,00000488,false,Rx,0,8,5F,33,00,72,FE,FF,FF,E0,
0,00000480,false,Rx,0,8,1C,2C,00,00,19,41,00,68,
0,00000284,false,Rx,0,6,00,00,00,00,00,00,00,00,
0,00000588,false,Rx,0,8,0B,00,72,00,00,80,00,00,
0,00000280,false,Rx,0,8,B3,8A,00,00,33,FA,28,33,
0,00000288,false,Rx,0,8,E8,33,D5,00,00,75,57,53,
0,00000380,false,Rx,0,8,B0,80,00,96,20,00,00,FE,
0,00000488,false,Rx,0,8,4F,33,00,72,FE,FF,FF,F0,
0,00000280,false,Rx,0,8,B3,8A,00,00,33,FA,28,33,
0,00000288,false,Rx,0,8,2C,33,D5,00,00,75,57,53,
0,00000380,false,Rx,0,8,B0,80,00,96,20,00,00,FE,
0,00000488,false,Rx,0,8,40,33,00,72,FE,FF,00,00,
0,00000480,false,Rx,0,8,1C,2C,00,00,19,41,00,68,
0,00000284,false,Rx,0,6,01,01,00,00,00,00,00,00,
836000,00000588,false,Rx,0,8,0B,00,72,00,00,80,00,00,
0,00000280,false,Rx,0,8,B3,8A,00,00,33,FA,28,33,
0,00000288,false,Rx,0,8,2C,33,D5,00,00,75,57,53,
0,00000380,false,Rx,0,8,B0,80,00,96,20,00,00,FE,
0,00000488,false,Rx,0,8,AF,33,00,72,FE,FF,FF,10,
0,00000280,false,Rx,0,8,B3,8A,00,00,33,FA,28,33,
0,00000288,false,Rx,0,8,2C,33,D5,00,00,75,57,53,
0,00000380,false,Rx,0,8,B0,80,00,96,20,00,00,FE,
0,00000488,false,Rx,0,8,60,33,00,72,FE,FF,00,20,
0,00000480,false,Rx,0,8,1C,2C,00,00,19,41,00,68,
0,00000284,false,Rx,0,6,02,02,00,00,00,00,00,00,
857000,00000588,false,Rx,0,8,0B,00,72,00,00,80,00,00,
0,00000280,false,Rx,0,8,B3,8A,00,00,33,FA,28,33,
0,00000288,false,Rx,0,8,2C,33,D5,00,00,75,57,53,
0,00000380,false,Rx,0,8,B0,80,00,96,20,00,00,FE,
0,00000488,false,Rx,0,8,70,33,00,72,FE,FF,00,30,
0,00000280,false,Rx,0,8,B3,8A,00,00,33,FA,28,33,
0,00000288,false,Rx,0,8,64,33,D5,00,00,75,57,53,
0,00000380,false,Rx,0,8,B0,80,00,96,20,00,00,FE,
0,00000488,false,Rx,0,8,00,33,00,72,FE,FF,00,40,
0,00000480,false,Rx,0,8,1C,2C,00,00,19,41,00,68,
0,00000284,false,Rx,0,6,03,03,00,00,00,00,00,00,
0,00000588,false,Rx,0,8,0B,00,72,00,00,80,00,00,
0,00000280,false,Rx,0,8,B3,8A,00,00,33,FA,28,33,
0,00000288,false,Rx,0,8,64,33,D5,00,00,75,57,53,
0,00000380,false,Rx,0,8,B0,80,00,96,20,00,00,FE,
0,00000488,false,Rx,0,8,EF,33,00,72,FE,FF,FF,50,
0,00000280,false,Rx,0,8,B3,8A,00,00,33,FA,28,33,
0,00000288,false,Rx,0,8,64,33,D5,00,00,75,57,53,
0,00000380,false,Rx,0,8,B0,80,00,96,20,00,00,FE,
0,00000488,false,Rx,0,8,DF,33,00,72,FE,FF,FF,60,
0,00000480,false,Rx,0,8,54,2C,00,00,19,41,00,20,
0,00000284,false,Rx,0,6,04,04,00,00,00,00,00,00,
0,00000588,false,Rx,0,8,0B,00,72,00,00,80,00,00,
0,00000280,false,Rx,0,8,B3,8A,00,00,33,FA,28,33,
0,00000288,false,Rx,0,8,64,33,D5,00,00,75,57,53,
0,00000380,false,Rx,0,8,B0,80,00,96,20,00,00,FE,
0,00000488,false,Rx,0,8,CF,33,00,72,FE,FF,FF,70,
0,00000280,false,Rx,0,8,B3,8A,00,00,33,FA,28,33,
0,00000288,false,Rx,0,8,8A,33,D5,00,00,75,57,53,
0,00000380,false,Rx,0,8,B0,80,00,96,20,00,00,FE,
0,00000488,false,Rx,0,8,3F,33,00,72,FE,FF,FF,80,
0,00000480,false,Rx,0,8,54,2C,00,00,19,41,00,20,
0,00000284,false,Rx,0,6,05,05,00,00,00,00,00,00,
0,00000588,false,Rx,0,8,0B,00,72,00,00,80,00,00,
0,00000280,false,Rx,0,8,B3,8A,00,00,33,FA,28,33,
0,00000288,false,Rx,0,8,8A,33,D5,00,00,75,57,53,
0,00000380,false,Rx,0,8,B0,80,00,96,20,00,00,FE,
0,00000488,false,Rx,0,8,2F,33,00,72,FE,FF,FF,90,
0,00000280,false,Rx,0,8,B3,8A,00,00,33,FA,28,33,
0,00000288,false,Rx,0,8,8A,33,D5,00,00,75,57,53,
0,00000380,false,Rx,0,8,B0,80,00,96,20,00,00,FE,
0,00000488,false,Rx,0,8,1F,33,00,72,FE,FF,FF,A0,
0,00000480,false,Rx,0,8,54,2C,00,00,19,41,00,20,
0,00000284,false,Rx,0,6,06,06,00,00,00,00,00,00,
0,00000588,false,Rx,0,8,0B,00,72,00,00,80,00,00,
0,00000280,false,Rx,0,8,B3,8A,00,00,33,FA,28,33,
0,00000288,false,Rx,0,8,8A,33,D5,00,00,75,57,53,
0,00000380,false,Rx,0,8,B0,80,00,96,20,00,00,FE,
0,00000488,false,Rx,0,8,0F,33,00,72,FE,FF,FF,B0,
0,00000280,false,Rx,0,8,B3,8A,00,00,33,FA,28,33,
0,00000288,false,Rx,0,8,E8,33,D5,00,00,75,57,53,
0,00000380,false,Rx,0,8,B0,80,00,96,20,00,00,FE,
0,00000488,false,Rx,0,8,7F,33,00,72,FE,FF,FF,C0,
0,00000480,false,Rx,0,8,54,2C,00,00,19,41,00,20,
0,00000284,false,Rx,0,6,07,07,00,00,00,00,00,00,
959000,00000588,false,Rx,0,8,0B,00,72,00,00,80,00,00,
0,00000280,false,Rx,0,8,B3,8A,00,00,33,FA,28,33,
0,00000288,false,Rx,0,8,E8,33,D5,00,00,75,57,53,
0,00000380,false,Rx,0,8,B0,80,00,96,20,00,00,FE,
967000,00000488,false,Rx,0,8,6F,33,00,72,FE,FF,FF,D0,
0,00000280,false,Rx,0,8,B3,8A,00,00,33,FA,28,33,
0,00000288,false,Rx,0,8,E8,33,D5,00,00,75,57,53,
0,00000380,false,Rx,0,8,B0,80,00,96,20,00,00,FE,
0,00000488,false,Rx,0,8,5F,33,00,72,FE,FF,FF,E0,
0,00000480,false,Rx,0,8,84,2C,00,00,19,41,00,F0,
0,00000284,false,Rx,0,6,08,08,00,00,00,00,00,00,
980000,00000588,false,Rx,0,8,0B,00,72,00,00,80,00,00,
0,00000280,false,Rx,0,8,B3,8A,00,00,33,FA,28,33,
0,00000288,false,Rx,0,8,E8,33,D5,00,00,75,57,53,
0,00000380,false,Rx,0,8,B0,80,00,96,20,00,00,FE,
988000,00000488,false,Rx,0,8,4F,33,00,72,FE,FF,FF,F0,
0,00000280,false,Rx,0,8,B3,8A,00,00,33,FA,28,33,
0,00000288,false,Rx,0,8,2C,33,D5,00,00,75,57,53,
0,00000380,false,Rx,0,8,B0,80,00,96,20,00,00,FE,
0,00000488,false,Rx,0,8,40,33,00,72,FE,FF,00,00,
0,00000480,false,Rx,0,8,84,2C,00,00,19,41,00,F0,
0,00000284,false,Rx,0,6,09,09,00,00,00,00,00,00,
0,00000588,false,Rx,0,8,0B,00,72,00,00,80,00,00,
0,00000280,false,Rx,0,8,B3,8A,00,00,33,FA,28,33,
0,00000288,false,Rx,0,8,2C,33,D5,00,00,75,57,53,
0,00000380,false,Rx,0,8,B0,80,00,96,20,00,00,FE,
0,00000488,false,Rx,0,8,AF,33,00,72,FE,FF,FF,10,
0,00000280,false,Rx,0,8,B3,8A,00,00,33,FA,28,33,
0,00000288,false,Rx,0,8,2C,33,D5,00,00,75,57,53,
0,00000380,false,Rx,0,8,B0,80,00,96,20,00,00,FE,
0,00000488,false,Rx,0,8,60,33,00,72,FE,FF,00,20,
0,00000480,false,Rx,0,8,84,2C,00,00,19,41,00,F0,
0,00000284,false,Rx,0,6,0A,0A,00,00,00,00,00,00,
0,00000588,false,Rx,0,8,0B,00,72,00,00,80,00,00,
0,00000280,false,Rx,0,8,B3,8A,00,00,33,FA,28,33,
0,00000288,false,Rx,0,8,2C,33,D5,00,00,75,57,53,
0,00000380,false,Rx,0,8,B0,80,00,96,20,00,00,FE,
0,00000488,false,Rx,0,8,70,33,00,72,FE,FF,00,30,
0,00000280,false,Rx,0,8,B3,8A,00,00,33,FA,28,33,
0,00000288,false,Rx,0,8,64,33,D5,00,00,75,57,53,
0,00000380,false,Rx,0,8,B0,80,00,96,20,00,00,FE,
0,00000488,false,Rx,0,8,00,33,00,72,FE,FF,00,40,
0,00000480,false,Rx,0,8,84,2C,00,00,19,41,00,F0,
0,00000284,false,Rx,0,6,0B,0B,00,00,00,00,00,00,
37000,00000588,false,Rx,0,8,0B,00,72,00,00,80,00,00,
0,00000280,false,Rx,0,8,B3,8A,00,00,33,FA,28,33,
0,00000288,false,Rx,0,8,64,33,D5,00,00,75,57,53,
0,00000380,false,Rx,0,8,B0,80,00,96,20,00,00,FE,
0,00000488,false,Rx,0,8,EF,33,00,72,FE,FF,FF,50,
0,00000280,false,Rx,0,8,B3,8A,00,00,33,FA,28,33,
0,00000288,false,Rx,0,8,64,33,D5,00,00,75,57,53,
0,00000380,false,Rx,0,8,B0,80,00,96,20,00,00,FE,
0,00000488,false,Rx,0,8,DF,33,00,72,FE,FF,FF,60,
0,00000480,false,Rx,0,8,C2,2C,00,00,19,41,00,B6,
0,00000284,false,Rx,0,6,0C,0C,00,00,00,00,00,00,
0,00000588,false,Rx,0,8,0B,00,72,00,00,80,00,00,
0,00000280,false,Rx,0,8,B3,8A,00,00,33,FA,28,33,
0,00000288,false,Rx,0,8,64,33,D5,00,00,75,57,53,
0,00000380,false,Rx,0,8,B0,80,00,96,20,00,00,FE,
0,00000488,false,Rx,0,8,CF,33,00,72,FE,FF,FF,70,
0,00000280,false,Rx,0,8,B3,8A,00,00,33,FA,28,33,
0,00000288,false,Rx,0,8,8A,33,D5,00,00,75,57,53,
0,00000380,false,Rx,0,8,B0,80,00,96,20,00,00,FE,
0,00000488,false,Rx,0,8,3F,33,00,72,FE,FF,FF,80,
0,00000480,false,Rx,0,8,C2,2C,00,00,19,41,00,B6,
0,00000284,false,Rx,0,6,0D,0D,00,00,00,00,00,00,
0,00000588,false,Rx,0,8,0B,00,72,00,00,80,00,00,
0,00000280,false,Rx,0,8,B3,8A,00,00,33,FA,28,33,
0,00000288,false,Rx,0,8,8A,33,D5,00,00,75,57,53,
0,00000380,false,Rx,0,8,B0,80,00,96,20,00,00,FE,
0,00000488,false,Rx,0,8,2F,33,00,72,FE,FF,FF,90,
0,00000280,false,Rx,0,8,B3,8A,00,00,33,FA,28,33,
0,00000288,false,Rx,0,8,8A,33,D5,00,00,75,57,53,
0,00000380,false,Rx,0,8,B0,80,00,96,20,00,00,FE,
0,00000488,false,Rx,0,8,1F,33,00,72,FE,FF,FF,A0,
0,00000480,false,Rx,0,8,C2,2C,00,00,19,41,00,B6,
0,00000284,false,Rx,0,6,0E,0E,00,00,00,00,00,00,
0,00000588,false,Rx,0,8,0B,00,72,00,00,80,00,00,
103000,00000280,false,Rx,0,8,B3,8A,00,00,33,FA,28,33,
0,00000288,false,Rx,0,8,8A,33,D5,00,00,75,57,53,
0,00000380,false,Rx,0,8,B0,80,00,96,20,00,00,FE,
0,00000488,false,Rx,0,8,0F,33,00,72,FE,FF,FF,B0,
0,00000280,false,Rx,0,8,B3,8A,00,00,33,FA,28,33,
0,00000288,false,Rx,0,8,E8,33,D5,00,00,75,57,53,
0,00000380,false,Rx,0,8,B0,80,00,96,20,00,00,FE,
0,00000488,false,Rx,0,8,7F,33,00,72,FE,FF,FF,C0,
0,00000480,false,Rx,0,8,C2,2C,00,00,19,41,00,B6,
0,00000284,false,Rx,0,6,0F,0F,00,00,00,00,00,00,
0,00000588,false,Rx,0,8,0B,00,72,00,00,80,00,00,
0,00000280,false,Rx,0,8,B3,8A,00,00,33,FA,28,33,
0,00000288,false,Rx,0,8,E8,33,D5,00,00,75,57,53,
0,00000380,false,Rx,0,8,B0,80,00,96,20,00,00,FE,
0,00000488,false,Rx,0,8,6F,33,00,72,FE,FF,FF,D0,
0,00000280,false,Rx,0,8,B3,8A,00,00,33,FA,28,33,
0,00000288,false,Rx,0,8,E8,33,D5,00,00,75,57,53,
0,00000380,false,Rx,0,8,B0,80,00,96,20,00,00,FE,
0,00000488,false,Rx,0,8,5F,33,00,72,FE,FF,FF,E0,
0,00000480,false,Rx,0,8,1C,2C,00,00,19,41,00,68,
0,00000284,false,Rx,0,6,00,00,00,00,00,00,00,00,
139000,00000588,false,Rx,0,8,0B,00,72,00,00,80,00,00,
0,00000280,false,Rx,0,8,B3,8A,00,00,33,FA,28,33,
0,00000288,false,Rx,0,8,E8,33,D5,00,00,75,57,53,
0,00000380,false,Rx,0,8,B0,80,00,96,20,00,00,FE,
0,00000488,false,Rx,0,8,4F,33,00,72,FE,FF,FF,F0,
0,00000280,false,Rx,0,8,B3,8A,00,00,33,FA,28,33,
0,00000288,false,Rx,0,8,2C,33,D5,00,00,75,57,53,
0,00000380,false,Rx,0,8,B0,80,00,96,20,00,00,FE,
0,00000488,false,Rx,0,8,40,33,00,72,FE,FF,00,00,
0,00000480,false,Rx,0,8,1C,2C,00,00,19,41,00,68,
0,00000284,false,Rx,0,6,01,01,00,00,00,00,00,00,
160000,00000588,false,Rx,0,8,0B,00,72,00,00,80,00,00,
0,00000280,false,Rx,0,8,B3,8A,00,00,33,FA,28,33,
0,00000288,false,Rx,0,8,2C,33,D5,00,00,75,57,53,
0,00000380,false,Rx,0,8,B0,80,00,96,20,00,00,FE,
168000,00000488,false,Rx,0,8,AF,33,00,72,FE,FF,FF,10,
0,00000280,false,Rx,0,8,B3,8A,00,00,33,FA,28,33,
0,00000288,false,Rx,0,8,2C,33,D5,00,00,75,57,53,
0,00000380,false,Rx,0,8,B0,80,00,96,20,00,00,FE,
0,00000488,false,Rx,0,8,60,33,00,72,FE,FF,00,20,
0,00000480,false,Rx,0,8,1C,2C,00,00,19,41,00,68,
0,00000284,false,Rx,0,6,02,02,00,00,00,00,00,00,
181000,00000588,false,Rx,0,8,0B,00,72,00,00,80,00,00,
0,00000280,false,Rx,0,8,B3,8A,00,00,33,FA,28,33,
0,00000288,false,Rx,0,8,2C,33,D5,00,00,75,57,53,
0,00000380,false,Rx,0,8,B0,80,00,96,20,00,00,FE,
0,00000488,false,Rx,0,8,70,33,00,72,FE,FF,00,30,
0,00000280,false,Rx,0,8,B3,8A,00,00,33,FA,28,33,
0,00000288,false,Rx,0,8,64,33,D5,00,00,75,57,53,
0,00000380,false,Rx,0,8,B0,80,00,96,20,00,00,FE,
0,00000488,false,Rx,0,8,00,33,00,72,FE,FF,00,40,
0,00000480,false,Rx,0,8,1C,2C,00,00,19,41,00,68,
0,00000284,false,Rx,0,6,03,03,00,00,00,00,00,00,
0,00000588,false,Rx,0,8,0B,00,72,00,00,80,00,00,
0,00000280,false,Rx,0,8,B3,8A,00,00,33,FA,28,33,
0,00000288,false,Rx,0,8,64,33,D5,00,00,75,57,53,
0,00000380,false,Rx,0,8,B0,80,00,96,20,00,00,FE,
0,00000488,false,Rx,0,8,EF,33,00,72,FE,FF,FF,50,
0,00000280,false,Rx,0,8,B3,8A,00,00,33,FA,28,33,
0,00000288,false,Rx,0,8,64,33,D5,00,00,75,57,53,
0,00000380,false,Rx,0,8,B0,80,00,96,20,00,00,FE,
0,00000488,false,Rx,0,8,DF,33,00,72,FE,FF,FF,60,
0,00000480,false,Rx,0,8,54,2C,00,00,19,41,00,20,
0,00000284,false,Rx,0,6,04,04,00,00,00,00,00,00,
217000,00000588,false,Rx,0,8,0B,00,72,00,00,80,00,00,
0,00000280,false,Rx,0,8,B3,8A,00,00,33,FA,28,33,
0,00000288,false,Rx,0,8,64,33,D5,00,00,75,57,53,
0,00000380,false,Rx,0,8,B0,80,00,96,20,00,00,FE,
0,00000488,false,Rx,0,8,CF,33,00,72,FE,FF,FF,70,
0,00000280,false,Rx,0,8,B3,8A,00,00,33,FA,28,33,
0,00000288,false,Rx,0,8,8A,33,D5,00,00,75,57,53,
0,00000380,false,Rx,0,8,B0,80,00,96,20,00,00,FE,
0,00000488,false,Rx,0,8,3F,33,00,72,FE,FF,FF,80,
0,00000480,false,Rx,0,8,54,2C,00,00,19,41,00,20,
0,00000284,false,Rx,0,6,05,05,00,00,00,00,00,00,
0,00000588,false,Rx,0,8,0B,00,72,00,00,80,00,00,
0,00000280,false,Rx,0,8,B3,8A,00,00,33,FA,28,33,
0,00000288,false,Rx,0,8,8A,33,D5,00,00,75,57,53,
0,00000380,false,Rx,0,8,B0,80,00,96,20,00,00,FE,
0,00000488,false,Rx,0,8,2F,33,00,72,FE,FF,FF,90,
0,00000280,false,Rx,0,8,B3,8A,00,00,33,FA,28,33,
0,00000288,false,Rx,0,8,8A,33,D5,00,00,75,57,53,
0,00000380,false,Rx,0,8,B0,80,00,96,20,00,00,FE,
0,00000488,false,Rx,0,8,1F,33,00,72,FE,FF,FF,A0,
0,00000480,false,Rx,0,8,54,2C,00,00,19,41,00,20,
0,00000284,false,Rx,0,6,06,06,00,00,00,00,00,00,
0,00000588,false,Rx,0,8,0B,00,72,00,00,80,00,00,
0,00000280,false,Rx,0,8,B3,8A,00,00,33,FA,28,33,
0,00000288,false,Rx,0,8,8A,33,D5,00,00,75,57,53,
0,00000380,false,Rx,0,8,B0,80,00,96,20,00,00,FE,
0,00000488,false,Rx,0,8,0F,33,00,72,FE,FF,FF,B0,
0,00000280,false,Rx,0,8,B3,8A,00,00,33,FA,28,33,
0,00000288,false,Rx,0,8,E8,33,D5,00,00,75,57,53,
0,00000380,false,Rx,0,8,B0,80,00,96,20,00,00,FE,
0,00000488,false,Rx,0,8,7F,33,00,72,FE,FF,FF,C0,
0,00000480,false,Rx,0,8,54,2C,00,00,19,41,00,20,
0,00000284,false,Rx,0,6,07,07,00,00,00,00,00,00,
0,00000588,false,Rx,0,8,0B,00,72,00,00,80,00,00,
0,00000280,false,Rx,0,8,B3,8A,00,00,33,FA,28,33,
0,00000288,false,Rx,0,8,E8,33,D5,00,00,75,57,53,
0,00000380,false,Rx,0,8,B0,80,00,96,20,00,00,FE,
0,00000488,false,Rx,0,8,6F,33,00,72,FE,FF,FF,D0,
0,00000280,false,Rx,0,8,B3,8A,00,00,33,FA,28,33,
0,00000288,false,Rx,0,8,E8,33,D5,00,00,75,57,53,
0,00000380,false,Rx,0,8,B0,80,00,96,20,00,00,FE,
0,00000488,false,Rx,0,8,5F,33,00,72,FE,FF,FF,E0,
0,00000480,false,Rx,0,8,84,2C,00,00,19,41,00,F0,
0,00000284,false,Rx,0,6,08,08,00,00,00,00,00,00,
0,00000588,false,Rx,0,8,0B,00,72,00,00,80,00,00,
0,00000280,false,Rx,0,8,B3,8A,00,00,33,FA,28,33,
0,00000288,false,Rx,0,8,E8,33,D5,00,00,75,57,53,
0,00000380,false,Rx,0,8,B0,80,00,96,20,00,00,FE,
0,00000488,false,Rx,0,8,4F,33,00,72,FE,FF,FF,F0,
0,00000280,false,Rx,0,8,B3,8A,00,00,33,FA,28,33,
0,00000288,false,Rx,0,8,2C,33,D5,00,00,75,57,53,
0,00000380,false,Rx,0,8,B0,80,00,96,20,00,00,FE,
0,00000488,false,Rx,0,8,40,33,00,72,FE,FF,00,00,
0,00000480,false,Rx,0,8,84,2C,00,00,19,41,00,F0,
0,00000284,false,Rx,0,6,09,09,00,00,00,00,00,00,
0,00000588,false,Rx,0,8,0B,00,72,00,00,80,00,00,
0,00000280,false,Rx,0,8,B3,8A,00,00,33,FA,28,33,
0,00000288,false,Rx,0,8,2C,33,D5,00,00,75,57,53,
0,00000380,false,Rx,0,8,B0,80,00,96,20,00,00,FE,
0,00000488,false,Rx,0,8,AF,33,00,72,FE,FF,FF,10,
0,00000280,false,Rx,0,8,B3,8A,00,00,33,FA,28,33,
0,00000288,false,Rx,0,8,2C,33,D5,00,00,75,57,53,
0,00000380,false,Rx,0,8,B0,80,00,96,20,00,00,FE,
0,00000488,false,Rx,0,8,60,33,00,72,FE,FF,00,20,
0,00000480,false,Rx,0,8,84,2C,00,00,19,41,00,F0,
0,00000284,false,Rx,0,6,0A,0A,00,00,00,00,00,00,
340000,00000588,false,Rx,0,8,0B,00,72,00,00,80,00,00,
0,00000280,false,Rx,0,8,B3,8A,00,00,33,FA,28,33,
0,00000288,false,Rx,0,8,2C,33,D5,00,00,75,57,53,
0,00000380,false,Rx,0,8,B0,80,00,96,20,00,00,FE,
348000,00000488,false,Rx,0,8,70,33,00,72,FE,FF,00,30,
0,00000280,false,Rx,0,8,B3,8A,00,00,33,FA,28,33,
0,00000288,false,Rx,0,8,64,33,D5,00,00,75,57,53,
0,00000380,false,Rx,0,8,B0,80,00,96,20,00,00,FE,
0,00000488,false,Rx,0,8,00,33,00,72,FE,FF,00,40,
0,00000480,false,Rx,0,8,84,2C,00,00,19,41,00,F0,
0,00000284,false,Rx,0,6,0B,0B,00,00,00,00,00,00,
361000,00000588,false,Rx,0,8,0B,00,72,00,00,80,00,00,
0,00000280,false,Rx,0,8,B3,8A,00,00,33,FA,28,33,
0,00000288,false,Rx,0,8,64,33,D5,00,00,75,57,53,
0,00000380,false,Rx,0,8,B0,80,00,96,20,00,00,FE,
0,00000488,false,Rx,0,8,EF,33,00,72,FE,FF,FF,50,
0,00000280,false,Rx,0,8,B3,8A,00,00,33,FA,28,33,
0,00000288,false,Rx,0,8,64,33,D5,00,00,75,57,53,
0,00000380,false,Rx,0,8,B0,80,00,96,20,00,00,FE,
0,00000488,false,Rx,0,8,DF,33,00,72,FE,FF,FF,60,
0,00000480,false,Rx,0,8,C2,2C,00,00,19,41,00,B6,
0,00000284,false,Rx,0,6,0C,0C,00,00,00,00,00,00,
381000,00000588,false,Rx,0,8,0B,00,72,00,00,80,00,00,
0,00000280,false,Rx,0,8,B3,8A,00,00,33,FA,28,33,
0,00000288,false,Rx,0,8,64,33,D5,00,00,75,57,53,
0,00000380,false,Rx,0,8,B0,80,00,96,20,00,00,FE,
0,00000488,false,Rx,0,8,CF,33,00,72,FE,FF,FF,70,
0,00000280,false,Rx,0,8,B3,8A,00,00,33,FA,28,33,
0,00000288,false,Rx,0,8,8A,33,D5,00,00,75,57,53,
0,00000380,false,Rx,0,8,B0,80,00,96,20,00,00,FE,
0,00000488,false,Rx,0,8,3F,33,00,72,FE,FF,FF,80,
0,00000480,false,Rx,0,8,C2,2C,00,00,19,41,00,B6,
0,00000284,false,Rx,0,6,0D,0D,00,00,00,00,00,00,
0,00000588,false,Rx,0,8,0B,00,72,00,00,80,00,00,
0,00000280,false,Rx,0,8,B3,8A,00,00,33,FA,28,33,
0,00000288,false,Rx,0,8,8A,33,D5,00,00,75,57,53,
0,00000380,false,Rx,0,8,B0,80,00,96,20,00,00,FE,
0,00000488,false,Rx,0,8,2F,33,00,72,FE,FF,FF,90,
410000,00000580,false,Rx,0,8,88,00,00,14,1C,93,48,14,
0,00000280,false,Rx,0,8,B3,8A,00,00,33,FA,28,33,
0,00000288,false,Rx,0,8,8A,33,D5,00,00,75,57,53,
0,00000380,false,Rx,0,8,B0,80,00,96,20,00,00,FE,
0,00000488,false,Rx,0,8,1F,33,00,72,FE,FF,FF,A0,
0,00000480,false,Rx,0,8,C2,2C,00,00,19,41,00,B6,
0,00000284,false,Rx,0,6,0E,0E,00,00,00,00,00,00,
418000,00000588,false,Rx,0,8,0B,00,72,00,00,80,00,00,
0,00000280,false,Rx,0,8,B3,8A,00,00,33,FA,28,33,
0,00000288,false,Rx,0,8,8A,33,D5,00,00,75,57,53,
0,00000380,false,Rx,0,8,B0,80,00,96,20,00,00,FE,
0,00000488,false,Rx,0,8,0F,33,00,72,FE,FF,FF,B0,
0,00000280,false,Rx,0,8,B3,8A,00,00,33,FA,28,33,
0,00000288,false,Rx,0,8,E8,33,D5,00,00,75,57,53,
0,00000380,false,Rx,0,8,B0,80,00,96,20,00,00,FE,
0,00000488,false,Rx,0,8,7F,33,00,72,FE,FF,FF,C0,
0,00000480,false,Rx,0,8,C2,2C,00,00,19,41,00,B6,
0,00000284,false,Rx,0,6,0F,0F,00,00,00,00,00,00,
0,00000588,false,Rx,0,8,0B,00,72,00,00,80,00,00,
0,00000280,false,Rx,0,8,B3,8A,00,00,33,FA,28,33,
0,00000288,false,Rx,0,8,E8,33,D5,00,00,75,57,53,
0,00000380,false,Rx,0,8,B0,80,00,96,20,00,00,FE,
0,00000488,false,Rx,0,8,6F,33,00,72,FE,FF,FF,D0,
0,00000280,false,Rx,0,8,B3,8A,00,00,33,FA,28,33,
0,00000288,false,Rx,0,8,E8,33,D5,00,00,75,57,53,
0,00000380,false,Rx,0,8,B0,80,00,96,20,00,00,FE,
0,00000488,false,Rx,0,8,5F,33,00,72,FE,FF,FF,E0,
0,00000480,false,Rx,0,8,1C,2C,00,00,19,41,00,68,
0,00000284,false,Rx,0,6,00,00,00,00,00,00,00,00,
0,00000588,false,Rx,0,8,0B,00,72,00,00,80,00,00,
0,00000280,false,Rx,0,8,B3,8A,00,00,33,FA,28,33,
0,00000288,false,Rx,0,8,E8,33,D5,00,00,75,57,53,
0,00000380,false,Rx,0,8,B0,80,00,96,20,00,00,FE,
0,00000488,false,Rx,0,8,4F,33,00,72,FE,FF,FF,F0,
0,00000280,false,Rx,0,8,B3,8A,00,00,33,FA,28,33,
0,00000288,false,Rx,0,8,2C,33,D5,00,00,75,57,53,
0,00000380,false,Rx,0,8,B0,80,00,96,20,00,00,FE,
0,00000488,false,Rx,0,8,40,33,00,72,FE,FF,00,00,
0,00000480,false,Rx,0,8,1C,2C,00,00,19,41,00,68,
0,00000284,false,Rx,0,6,01,01,00,00,00,00,00,00,
0,00000588,false,Rx,0,8,0B,00,72,00,00,80,00,00,
0,00000280,false,Rx,0,8,B3,8A,00,00,33,FA,28,33,
0,00000288,false,Rx,0,8,2C,33,D5,00,00,75,57,53,
0,00000380,false,Rx,0,8,B0,80,00,96,20,00,00,FE,
0,00000488,false,Rx,0,8,AF,33,00,72,FE,FF,FF,10,
0,00000280,false,Rx,0,8,B3,8A,00,00,33,FA,28,33,
0,00000288,false,Rx,0,8,2C,33,D5,00,00,75,57,53,
0,00000380,false,Rx,0,8,B0,80,00,96,20,00,00,FE,
0,00000488,false,Rx,0,8,60,33,00,72,FE,FF,00,20,
0,00000480,false,Rx,0,8,1C,2C,00,00,19,41,00,68,
0,00000284,false,Rx,0,6,02,02,00,00,00,00,00,00,
0,00000588,false,Rx,0,8,0B,00,72,00,00,80,00,00,
0,00000280,false,Rx,0,8,B3,8A,00,00,33,FA,28,33,
0,00000288,false,Rx,0,8,2C,33,D5,00,00,75,57,53,
0,00000380,false,Rx,0,8,B0,80,00,96,20,00,00,FE,
0,00000488,false,Rx,0,8,70,33,00,72,FE,FF,00,30,
0,00000280,false,Rx,0,8,B3,8A,00,00,33,FA,28,33,
0,00000288,false,Rx,0,8,64,33,D5,00,00,75,57,53,
0,00000380,false,Rx,0,8,B0,80,00,96,20,00,00,FE,
0,00000488,false,Rx,0,8,00,33,00,72,FE,FF,00,40,
0,00000480,false,Rx,0,8,1C,2C,00,00,19,41,00,68,
0,00000284,false,Rx,0,6,03,03,00,00,00,00,00,00,
520000,00000588,false,Rx,0,8,0B,00,72,00,00,80,00,00,
0,00000280,false,Rx,0,8,B3,8A,00,00,33,FA,28,33,
0,00000288,false,Rx,0,8,64,33,D5,00,00,75,57,53,
0,00000380,false,Rx,0,8,B0,80,00,96,20,00,00,FE,
0,00000488,false,Rx,0,8,EF,33,00,72,FE,FF,FF,50,
0,00000280,false,Rx,0,8,B3,8A,00,00,33,FA,28,33,
0,00000288,false,Rx,0,8,64,33,D5,00,00,75,57,53,
0,00000380,false,Rx,0,8,B0,80,00,96,20,00,00,FE,
0,00000488,false,Rx,0,8,DF,33,00,72,FE,FF,FF,60,
0,00000480,false,Rx,0,8,54,2C,00,00,19,41,00,20,
0,00000284,false,Rx,0,6,04,04,00,00,00,00,00,00,
541000,00000588,false,Rx,0,8,0B,00,72,00,00,80,00,00,
0,00000280,false,Rx,0,8,B3,8A,00,00,33,FA,28,33,
0,00000288,false,Rx,0,8,64,33,D5,00,00,75,57,53,
0,00000380,false,Rx,0,8,B0,80,00,96,20,00,00,FE,
549000,00000488,false,Rx,0,8,CF,33,00,72,FE,FF,FF,70,
0,00000280,false,Rx,0,8,B3,8A,00,00,33,FA,28,33,
0,00000288,false,Rx,0,8,8A,33,D5,00,00,75,57,53,
0,00000380,false,Rx,0,8,B0,80,00,96,20,00,00,FE,
0,00000488,false,Rx,0,8,3F,33,00,72,FE,FF,FF,80,
0,00000480,false,Rx,0,8,54,2C,00,00,19,41,00,20,
0,00000284,false,Rx,0,6,05,05,00,00,00,00,00,00,
561000,00000588,false,Rx,0,8,0B,00,72,00,00,80,00,00,
0,00000280,false,Rx,0,8,B3,8A,00,00,33,FA,28,33,
0,00000288,false,Rx,0,8,8A,33,D5,00,00,75,57,53,
0,00000380,false,Rx,0,8,B0,80,00,96,20,00,00,FE,
0,00000488,false,Rx,0,8,2F,33,00,72,FE,FF,FF,90,
574000,00000280,false,Rx,0,8,B3,8A,00,00,33,FA,28,33,
0,00000288,false,Rx,0,8,8A,33,D5,00,00,75,57,53,
0,00000380,false,Rx,0,8,B0,80,00,96,20,00,00,FE,
0,00000488,false,Rx,0,8,1F,33,00,72,FE,FF,FF,A0,
0,00000480,false,Rx,0,8,54,2C,00,00,19,41,00,20,
0,00000284,false,Rx,0,6,06,06,00,00,00,00,00,00,
0,00000588,false,Rx,0,8,0B,00,72,00,00,80,00,00,
0,00000280,false,Rx,0,8,B3,8A,00,00,33,FA,28,33,
0,00000288,false,Rx,0,8,8A,33,D5,00,00,75,57,53,
0,00000380,false,Rx,0,8,B0,80,00,96,20,00,00,FE,
0,00000488,false,Rx,0,8,0F,33,00,72,FE,FF,FF,B0,
0,00000280,false,Rx,0,8,B3,8A,00,00,33,FA,28,33,
0,00000288,false,Rx,0,8,E8,33,D5,00,00,75,57,53,
0,00000380,false,Rx,0,8,B0,80,00,96,20,00,00,FE,
0,00000488,false,Rx,0,8,7F,33,00,72,FE,FF,FF,C0,
0,00000480,false,Rx,0,8,54,2C,00,00,19,41,00,20,
0,00000284,false,Rx,0,6,07,07,00,00,00,00,00,00,
598000,00000588,false,Rx,0,8,0B,00,72,00,00,80,00,00,
0,00000280,false,Rx,0,8,B3,8A,00,00,33,FA,28,33,
0,00000288,false,Rx,0,8,E8,33,D5,00,00,75,57,53,
0,00000380,false,Rx,0,8,B0,80,00,96,20,00,00,FE,
0,00000488,false,Rx,0,8,6F,33,00,72,FE,FF,FF,D0,
0,00000280,false,Rx,0,8,B3,8A,00,00,33,FA,28,33,
0,00000288,false,Rx,0,8,E8,33,D5,00,00,75,57,53,
0,00000380,false,Rx,0,8,B0,80,00,96,20,00,00,FE,
0,00000488,false,Rx,0,8,5F,33,00,72,FE,FF,FF,E0,
0,00000480,false,Rx,0,8,84,2C,00,00,19,41,00,F0,
0,00000284,false,Rx,0,6,08,08,00,00,00,00,00,00,
0,00000588,false,Rx,0,8,0B,00,72,00,00,80,00,00,
0,00000280,false,Rx,0,8,B3,8A,00,00,33,FA,28,33,
0,00000288,false,Rx,0,8,E8,33,D5,00,00,75,57,53,
0,00000380,false,Rx,0,8,B0,80,00,96,20,00,00,FE,
0,00000488,false,Rx,0,8,4F,33,00,72,FE,FF,FF,F0,
0,00000280,false,Rx,0,8,B3,8A,00,00,33,FA,28,33,
0,00000288,false,Rx,0,8,2C,33,D5,00,00,75,57,53,
0,00000380,false,Rx,0,8,B0,80,00,96,20,00,00,FE,
0,00000488,false,Rx,0,8,40,33,00,72,FE,FF,00,00,
0,00000480,false,Rx,0,8,84,2C,00,00,19,41,00,F0,
0,00000284,false,Rx,0,6,09,09,00,00,00,00,00,00,
0,00000588,false,Rx,0,8,0B,00,72,00,00,80,00,00,
0,00000280,false,Rx,0,8,B3,8A,00,00,33,FA,28,33,
0,00000288,false,Rx,0,8,2C,33,D5,00,00,75,57,53,
0,00000380,false,Rx,0,8,B0,80,00,96,20,00,00,FE,
0,00000488,false,Rx,0,8,AF,33,00,72,FE,FF,FF,10,
0,00000280,false,Rx,0,8,B3,8A,00,00,33,FA,28,33,
0,00000288,false,Rx,0,8,2C,33,D5,00,00,75,57,53,
0,00000380,false,Rx,0,8,B0,80,00,96,20,00,00,FE,
0,00000488,false,Rx,0,8,60,33,00,72,FE,FF,00,20,
0,00000480,false,Rx,0,8,84,2C,00,00,19,41,00,F0,
0,00000284,false,Rx,0,6,0A,0A,00,00,00,00,00,00,
0,00000588,false,Rx,0,8,0B,00,72,00,00,80,00,00,
0,00000280,false,Rx,0,8,B3,8A,00,00,33,FA,28,33,
0,00000288,false,Rx,0,8,2C,33,D5,00,00,75,57,53,
0,00000380,false,Rx,0,8,B0,80,00,96,20,00,00,FE,
0,00000488,false,Rx,0,8,70,33,00,72,FE,FF,00,30,
0,00000280,false,Rx,0,8,B3,8A,00,00,33,FA,28,33,
0,00000288,false,Rx,0,8,64,33,D5,00,00,75,57,53,
0,00000380,false,Rx,0,8,B0,80,00,96,20,00,00,FE,
0,00000488,false,Rx,0,8,00,33,00,72,FE,FF,00,40,
0,00000480,false,Rx,0,8,84,2C,00,00,19,41,00,F0,
0,00000284,false,Rx,0,6,0B,0B,00,00,00,00,00,00,
0,00000588,false,Rx,0,8,0B,00,72,00,00,80,00,00,
0,00000280,false,Rx,0,8,B3,8A,00,00,33,FA,28,33,
0,00000288,false,Rx,0,8,64,33,D5,00,00,75,57,53,
0,00000380,false,Rx,0,8,B0,80,00,96,20,00,00,FE,
0,00000488,false,Rx,0,8,EF,33,00,72,FE,FF,FF,50,
0,00000280,false,Rx,0,8,B3,8A,00,00,33,FA,28,33,
0,00000288,false,Rx,0,8,64,33,D5,00,00,75,57,53,
0,00000380,false,Rx,0,8,B0,80,00,96,20,00,00,FE,
0,00000488,false,Rx,0,8,DF,33,00,72,FE,FF,FF,60,
0,00000480,false,Rx,0,8,C2,2C,00,00,19,41,00,B6,
0,00000284,false,Rx,0,6,0C,0C,00,00,00,00,00,00,
0,00000588,false,Rx,0,8,0B,00,72,00,00,80,00,00,
0,00000280,false,Rx,0,8,B3,8A,00,00,33,FA,28,33,
0,00000288,false,Rx,0,8,64,33,D5,00,00,75,57,53,
0,00000380,false,Rx,0,8,B0,80,00,96,20,00,00,FE,
0,00000488,false,Rx,0,8,CF,33,00,72,FE,FF,FF,70,
0,00000280,false,Rx,0,8,B3,8A,00,00,33,FA,28,33,
0,00000288,false,Rx,0,8,8A,33,D5,00,00,75,57,53,
0,00000380,false,Rx,0,8,B0,80,00,96,20,00,00,FE,
0,00000488,false,Rx,0,8,3F,33,00,72,FE,FF,FF,80,
0,00000480,false,Rx,0,8,C2,2C,00,00,19,41,00,B6,
0,00000284,false,Rx,0,6,0D,0D,00,00,00,00,00,00,
721000,00000588,false,Rx,0,8,0B,00,72,00,00,80,00,00,
0,00000280,false,Rx,0,8,B3,8A,00,00,33,FA,28,33,
0,00000288,false,Rx,0,8,8A,33,D5,00,00,75,57,53,
0,00000380,false,Rx,0,8,B0,80,00,96,20,00,00,FE,
729000,00000488,false,Rx,0,8,2F,33,00,72,FE,FF,FF,90,
0,00000280,false,Rx,0,8,B3,8A,00,00,33,FA,28,33,
0,00000288,false,Rx,0,8,8A,33,D5,00,00,75,57,53,
0,00000380,false,Rx,0,8,B0,80,00,96,20,00,00,FE,
0,00000488,false,Rx,0,8,1F,33,00,72,FE,FF,FF,A0,
0,00000480,false,Rx,0,8,C2,2C,00,00,19,41,00,B6,
0,00000284,false,Rx,0,6,0E,0E,00,00,00,00,00,00,
742000,00000588,false,Rx,0,8,0B,00,72,00,00,80,00,00,
0,00000280,false,Rx,0,8,B3,8A,00,00,33,FA,28,33,
0,00000288,false,Rx,0,8,8A,33,D5,00,00,75,57,53,
0,00000380,false,Rx,0,8,B0,80,00,96,20,00,00,FE,
0,00000488,false,Rx,0,8,0F,33,00,72,FE,FF,FF,B0,
0,00000280,false,Rx,0,8,B3,8A,00,00,33,FA,28,33,
0,00000288,false,Rx,0,8,E8,33,D5,00,00,75,57,53,
0,00000380,false,Rx,0,8,B0,80,00,96,20,00,00,FE,
0,00000488,false,Rx,0,8,7F,33,00,72,FE,FF,FF,C0,
0,00000480,false,Rx,0,8,C2,2C,00,00,19,41,00,B6,
0,00000284,false,Rx,0,6,0F,0F,00,00,00,00,00,00,
0,00000588,false,Rx,0,8,0B,00,72,00,00,80,00,00,
0,00000280,false,Rx,0,8,B3,8A,00,00,33,FA,28,33,
0,00000288,false,Rx,0,8,E8,33,D5,00,00,75,57,53,
0,00000380,false,Rx,0,8,B0,80,00,96,20,00,00,FE,
0,00000488,false,Rx,0,8,6F,33,00,72,FE,FF,FF,D0,
0,00000280,false,Rx,0,8,B3,8A,00,00,33,FA,28,33,
0,00000288,false,Rx,0,8,E8,33,D5,00,00,75,57,53,
0,00000380,false,Rx,0,8,B0,80,00,96,20,00,00,FE,
0,00000488,false,Rx,0,8,5F,33,00,72,FE,FF,FF,E0,
0,00000480,false,Rx,0,8,1C,2C,00,00,19,41,00,68,
0,00000284,false,Rx,0,6,00,00,00,00,00,00,00,00,
778000,00000588,false,Rx,0,8,0B,00,72,00,00,80,00,00,
0,00000280,false,Rx,0,8,B3,8A,00,00,33,FA,28,33,
0,00000288,false,Rx,0,8,E8,33,D5,00,00,75,57,53,
0,00000380,false,Rx,0,8,B0,80,00,96,20,00,00,FE,
0,00000488,false,Rx,0,8,4F,33,00,72,FE,FF,FF,F0,
0,00000280,false,Rx,0,8,B3,8A,00,00,33,FA,28,33,
0,00000288,false,Rx,0,8,2C,33,D5,00,00,75,57,53,
0,00000380,false,Rx,0,8,B0,80,00,96,20,00,00,FE,
0,00000488,false,Rx,0,8,40,33,00,72,FE,FF,00,00,
0,00000480,false,Rx,0,8,1C,2C,00,00,19,41,00,68,
0,00000284,false,Rx,0,6,01,01,00,00,00,00,00,00,
799000,00000588,false,Rx,0,8,0B,00,72,00,00,80,00,00,
0,00000280,false,Rx,0,8,B3,8A,00,00,33,FA,28,33,
0,00000288,false,Rx,0,8,2C,33,D5,00,00,75,57,53,
0,00000380,false,Rx,0,8,B0,80,00,96,20,00,00,FE,
0,00000488,false,Rx,0,8,AF,33,00,72,FE,FF,FF,10,
0,00000280,false,Rx,0,8,B3,8A,00,00,33,FA,28,33,
0,00000288,false,Rx,0,8,2C,33,D5,00,00,75,57,53,
0,00000380,false,Rx,0,8,B0,80,00,96,20,00,00,FE,
0,00000488,false,Rx,0,8,60,33,00,72,FE,FF,00,20,
0,00000480,false,Rx,0,8,1C,2C,00,00,19,41,00,68,
0,00000284,false,Rx,0,6,02,02,00,00,00,00,00,00,
0,00000588,false,Rx,0,8,0B,00,72,00,00,80,00,00,
0,00000280,false,Rx,0,8,B3,8A,00,00,33,FA,28,33,
0,00000288,false,Rx,0,8,2C,33,D5,00,00,75,57,53,
0,00000380,false,Rx,0,8,B0,80,00,96,20,00,00,FE,
0,00000488,false,Rx,0,8,70,33,00,72,FE,FF,00,30,
0,00000280,false,Rx,0,8,B3,8A,00,00,33,FA,28,33,
0,00000288,false,Rx,0,8,64,33,D5,00,00,75,57,53,
0,00000380,false,Rx,0,8,B0,80,00,96,20,00,00,FE,
0,00000488,false,Rx,0,8,00,33,00,72,FE,FF,00,40,
0,00000480,false,Rx,0,8,1C,2C,00,00,19,41,00,68,
0,00000284,false,Rx,0,6,03,03,00,00,00,00,00,00,
0,00000588,false,Rx,0,8,0B,00,72,00,00,80,00,00,
0,00000280,false,Rx,0,8,B3,8A,00,00,33,FA,28,33,
0,00000288,false,Rx,0,8,64,33,D5,00,00,75,57,53,
0,00000380,false,Rx,0,8,B0,80,00,96,20,00,00,FE,
0,00000488,false,Rx,0,8,EF,33,00,72,FE,FF,FF,50,
0,00000280,false,Rx,0,8,B3,8A,00,00,33,FA,28,33,
0,00000288,false,Rx,0,8,64,33,D5,00,00,75,57,53,
0,00000380,false,Rx,0,8,B0,80,00,96,20,00,00,FE,
0,00000488,false,Rx,0,8,DF,33,00,72,FE,FF,FF,60,
0,00000480,false,Rx,0,8,54,2C,00,00,19,41,00,20,
0,00000284,false,Rx,0,6,04,04,00,00,00,00,00,00,
0,00000588,false,Rx,0,8,0B,00,72,00,00,80,00,00,
0,00000280,false,Rx,0,8,B3,8A,00,00,33,FA,28,33,
0,00000288,false,Rx,0,8,64,33,D5,00,00,75,57,53,
0,00000380,false,Rx,0,8,B0,80,00,96,20,00,00,FE,
0,00000488,false,Rx,0,8,CF,33,00,72,FE,FF,FF,70,
0,00000280,false,Rx,0,8,B3,8A,00,00,33,FA,28,33,
0,00000288,false,Rx,0,8,8A,33,D5,00,00,75,57,53,
0,00000380,false,Rx,0,8,B0,80,00,96,20,00,00,FE,
0,00000488,false,Rx,0,8,3F,33,00,72,FE,FF,FF,80,
0,00000480,false,Rx,0,8,54,2C,00,00,19,41,00,20,
0,00000284,false,Rx,0,6,05,05,00,00,00,00,00,00,
0,00000588,false,Rx,0,8,0B,00,72,00,00,80,00,00,
0,00000280,false,Rx,0,8,B3,8A,00,00,33,FA,28,33,
0,00000288,false,Rx,0,8,8A,33,D5,00,00,75,57,53,
0,00000380,false,Rx,0,8,B0,80,00,96,20,00,00,FE,
0,00000488,false,Rx,0,8,2F,33,00,72,FE,FF,FF,90,
0,00000280,false,Rx,0,8,B3,8A,00,00,33,FA,28,33,
0,00000288,false,Rx,0,8,8A,33,D5,00,00,75,57,53,
0,00000380,false,Rx,0,8,B0,80,00,96,20,00,00,FE,
0,00000488,false,Rx,0,8,1F,33,00,72,FE,FF,FF,A0,
0,00000480,false,Rx,0,8,54,2C,00,00,19,41,00,20,
0,00000284,false,Rx,0,6,06,06,00,00,00,00,00,00,
901000,00000588,false,Rx,0,8,0B,00,72,00,00,80,00,00,
0,00000280,false,Rx,0,8,B3,8A,00,00,33,FA,28,33,
0,00000288,false,Rx,0,8,8A,33,D5,00,00,75,57,53,
0,00000380,false,Rx,0,8,B0,80,00,96,20,00,00,FE,
909000,00000488,false,Rx,0,8,0F,33,00,72,FE,FF,FF,B0,
0,00000280,false,Rx,0,8,B3,8A,00,00,33,FA,28,33,
0,00000288,false,Rx,0,8,E8,33,D5,00,00,75,57,53,
0,00000380,false,Rx,0,8,B0,80,00,96,20,00,00,FE,
0,00000488,false,Rx,0,8,7F,33,00,72,FE,FF,FF,C0,
0,00000480,false,Rx,0,8,54,2C,00,00,19,41,00,20,
0,00000284,false,Rx,0,6,07,07,00,00,00,00,00,00,
922000,00000588,false,Rx,0,8,0B,00,72,00,00,80,00,00,
0,00000280,false,Rx,0,8,B3,8A,00,00,33,FA,28,33,
0,00000288,false,Rx,0,8,E8,33,D5,00,00,75,57,53,
0,00000380,false,Rx,0,8,B0,80,00,96,20,00,00,FE,
930000,00000488,false,Rx,0,8,6F,33,00,72,FE,FF,FF,D0,
0,00000280,false,Rx,0,8,B3,8A,00,00,33,FA,28,33,
0,00000288,false,Rx,0,8,E8,33,D5,00,00,75,57,53,
0,00000380,false,Rx,0,8,B0,80,00,96,20,00,00,FE,
0,00000488,false,Rx,0,8,5F,33,00,72,FE,FF,FF,E0,
0,00000480,false,Rx,0,8,84,2C,00,00,19,41,00,F0,
0,00000284,false,Rx,0,6,08,08,00,00,00,00,00,00,
942000,00000588,false,Rx,0,8,0B,00,72,00,00,80,00,00,
0,00000280,false,Rx,0,8,B3,8A,00,00,33,FA,28,33,
0,00000288,false,Rx,0,8,E8,33,D5,00,00,75,57,53,
0,00000380,false,Rx,0,8,B0,80,00,96,20,00,00,FE,
0,00000488,false,Rx,0,8,4F,33,00,72,FE,FF,FF,F0,
0,00000280,false,Rx,0,8,B3,8A,00,00,33,FA,28,33,
0,00000288,false,Rx,0,8,2C,33,D5,00,00,75,57,53,
0,00000380,false,Rx,0,8,B0,80,00,96,20,00,00,FE,
0,00000488,false,Rx,0,8,40,33,00,72,FE,FF,00,00,
0,00000480,false,Rx,0,8,84,2C,00,00,19,41,00,F0,
0,00000284,false,Rx,0,6,09,09,00,00,00,00,00,00,
0,00000588,false,Rx,0,8,0B,00,72,00,00,80,00,00,
0,00000280,false,Rx,0,8,B3,8A,00,00,33,FA,28,33,
0,00000288,false,Rx,0,8,2C,33,D5,00,00,75,57,53,
0,00000380,false,Rx,0,8,B0,80,00,96,20,00,00,FE,
0,00000488,false,Rx,0,8,AF,33,00,72,FE,FF,FF,10,
0,00000280,false,Rx,0,8,B3,8A,00,00,33,FA,28,33,
0,00000288,false,Rx,0,8,2C,33,D5,00,00,75,57,53,
0,00000380,false,Rx,0,8,B0,80,00,96,20,00,00,FE,
0,00000488,false,Rx,0,8,60,33,00,72,FE,FF,00,20,
0,00000480,false,Rx,0,8,84,2C,00,00,19,41,00,F0,
0,00000284,false,Rx,0,6,0A,0A,00,00,00,00,00,00,
979000,00000588,false,Rx,0,8,0B,00,72,00,00,80,00,00,
0,00000280,false,Rx,0,8,B3,8A,00,00,33,FA,28,33,
0,00000288,false,Rx,0,8,2C,33,D5,00,00,75,57,53,
0,00000380,false,Rx,0,8,B0,80,00,96,20,00,00,FE,
0,00000488,false,Rx,0,8,70,33,00,72,FE,FF,00,30,
0,00000280,false,Rx,0,8,B3,8A,00,00,33,FA,28,33,
0,00000288,false,Rx,0,8,64,33,D5,00,00,75,57,53,
0,00000380,false,Rx,0,8,B0,80,00,96,20,00,00,FE,
0,00000488,false,Rx,0,8,00,33,00,72,FE,FF,00,40,
0,00000480,false,Rx,0,8,84,2C,00,00,19,41,00,F0,
0,00000284,false,Rx,0,6,0B,0B,00,00,00,00,00,00,
0,00000588,false,Rx,0,8,0B,00,72,00,00,80,00,00,
0,00000280,false,Rx,0,8,B3,8A,00,00,33,FA,28,33,
0,00000288,false,Rx,0,8,64,33,D5,00,00,75,57,53,
0,00000380,false,Rx,0,8,B0,80,00,96,20,00,00,FE,
0,00000488,false,Rx,0,8,EF,33,00,72,FE,FF,FF,50,
0,00000280,false,Rx,0,8,B3,8A,00,00,33,FA,28,33,
0,00000288,false,Rx,0,8,64,33,D5,00,00,75,57,53,
0,00000380,false,Rx,0,8,B0,80,00,96,20,00,00,FE,
0,00000488,false,Rx,0,8,DF,33,00,72,FE,FF,FF,60,
0,00000480,false,Rx,0,8,C2,2C,00,00,19,41,00,B6,
0,00000284,false,Rx,0,6,0C,0C,00,00,00,00,00,00,
0,00000588,false,Rx,0,8,0B,00,72,00,00,80,00,00,
0,00000280,false,Rx,0,8,B3,8A,00,00,33,FA,28,33,
0,00000288,false,Rx,0,8,64,33,D5,00,00,75,57,53,
0,00000380,false,Rx,0,8,B0,80,00,96,20,00,00,FE,
0,00000488,false,Rx,0,8,CF,33,00,72,FE,FF,FF,70,
0,00000280,false,Rx,0,8,B3,8A,00,00,33,FA,28,33,
0,00000288,false,Rx,0,8,8A,33,D5,00,00,75,57,53,
0,00000380,false,Rx,0,8,B0,80,00,96,20,00,00,FE,
0,00000488,false,Rx,0,8,3F,33,00,72,FE,FF,FF,80,
0,00000480,false,Rx,0,8,C2,2C,00,00,19,41,00,B6,
0,00000284,false,Rx,0,6,0D,0D,00,00,00,00,00,00,
0,00000588,false,Rx,0,8,0B,00,72,00,00,80,00,00,
45000,00000280,false,Rx,0,8,B3,8A,00,00,33,FA,28,33,
0,00000288,false,Rx,0,8,8A,33,D5,00,00,75,57,53,
0,00000380,false,Rx,0,8,B0,80,00,96,20,00,00,FE,
0,00000488,false,Rx,0,8,2F,33,00,72,FE,FF,FF,90,
0,00000280,false,Rx,0,8,B3,8A,00,00,33,FA,28,33,
0,00000288,false,Rx,0,8,8A,33,D5,00,00,75,57,53,
0,00000380,false,Rx,0,8,B0,80,00,96,20,00,00,FE,
0,00000488,false,Rx,0,8,1F,33,00,72,FE,FF,FF,A0,
0,00000480,false,Rx,0,8,C2,2C,00,00,19,41,00,B6,
0,00000284,false,Rx,0,6,0E,0E,00,00,00,00,00,00,
0,00000588,false,Rx,0,8,0B,00,72,00,00,80,00,00,
0,00000280,false,Rx,0,8,B3,8A,00,00,33,FA,28,33,
0,00000288,false,Rx,0,8,8A,33,D5,00,00,75,57,53,
0,00000380,false,Rx,0,8,B0,80,00,96,20,00,00,FE,
0,00000488,false,Rx,0,8,0F,33,00,72,FE,FF,FF,B0,
0,00000280,false,Rx,0,8,B3,8A,00,00,33,FA,28,33,
0,00000288,false,Rx,0,8,E8,33,D5,00,00,75,57,53,
0,00000380,false,Rx,0,8,B0,80,00,96,20,00,00,FE,
0,00000488,false,Rx,0,8,7F,33,00,72,FE,FF,FF,C0,
0,00000480,false,Rx,0,8,C2,2C,00,00,19,41,00,B6,
0,00000284,false,Rx,0,6,0F,0F,00,00,00,00,00,00,
0,00000588,false,Rx,0,8,0B,00,72,00,00,80,00,00,
0,00000280,false,Rx,0,8,B3,8A,00,00,33,FA,28,33,
0,00000288,false,Rx,0,8,E8,33,D5,00,00,75,57,53,
0,00000380,false,Rx,0,8,B0,80,00,96,20,00,00,FE,
0,00000488,false,Rx,0,8,6F,33,00,72,FE,FF,FF,D0,
0,00000280,false,Rx,0,8,B3,8A,00,00,33,FA,28,33,
0,00000288,false,Rx,0,8,E8,33,D5,00,00,75,57,53,
0,00000380,false,Rx,0,8,B0,80,00,96,20,00,00,FE,
0,00000488,false,Rx,0,8,5F,33,00,72,FE,FF,FF,E0,
0,00000480,false,Rx,0,8,1C,2C,00,00,19,41,00,68,
0,00000284,false,Rx,0,6,00,00,00,00,00,00,00,00,
102000,00000588,false,Rx,0,8,0B,00,72,00,00,80,00,00,
0,00000280,false,Rx,0,8,B3,8A,00,00,33,FA,28,33,
0,00000288,false,Rx,0,8,E8,33,D5,00,00,75,57,53,
0,00000380,false,Rx,0,8,B0,80,00,96,20,00,00,FE,
110000,00000488,false,Rx,0,8,4F,33,00,72,FE,FF,FF,F0,
0,00000280,false,Rx,0,8,B3,8A,00,00,33,FA,28,33,
0,00000288,false,Rx,0,8,2C,33,D5,00,00,75,57,53,
0,00000380,false,Rx,0,8,B0,80,00,96,20,00,00,FE,
0,00000488,false,Rx,0,8,40,33,00,72,FE,FF,00,00,
0,00000480,false,Rx,0,8,1C,2C,00,00,19,41,00,68,
0,00000284,false,Rx,0,6,01,01,00,00,00,00,00,00,
123000,00000588,false,Rx,0,8,0B,00,72,00,00,80,00,00,
0,00000280,false,Rx,0,8,B3,8A,00,00,33,FA,28,33,
0,00000288,false,Rx,0,8,2C,33,D5,00,00,75,57,53,
0,00000380,false,Rx,0,8,B0,80,00,96,20,00,00,FE,
0,00000488,false,Rx,0,8,AF,33,00,72,FE,FF,FF,10,
0,00000280,false,Rx,0,8,B3,8A,00,00,33,FA,28,33,
0,00000288,false,Rx,0,8,2C,33,D5,00,00,75,57,53,
0,00000380,false,Rx,0,8,B0,80,00,96,20,00,00,FE,
0,00000488,false,Rx,0,8,60,33,00,72,FE,FF,00,20,
0,00000480,false,Rx,0,8,1C,2C,00,00,19,41,00,68,
0,00000284,false,Rx,0,6,02,02,00,00,00,00,00,00,
0,00000588,false,Rx,0,8,0B,00,72,00,00,80,00,00,
0,00000280,false,Rx,0,8,B3,8A,00,00,33,FA,28,33,
0,00000288,false,Rx,0,8,2C,33,D5,00,00,75,57,53,
0,00000380,false,Rx,0,8,B0,80,00,96,20,00,00,FE,
0,00000488,false,Rx,0,8,70,33,00,72,FE,FF,00,30,
0,00000280,false,Rx,0,8,B3,8A,00,00,33,FA,28,33,
0,00000288,false,Rx,0,8,64,33,D5,00,00,75,57,53,
0,00000380,false,Rx,0,8,B0,80,00,96,20,00,00,FE,
0,00000488,false,Rx,0,8,00,33,00,72,FE,FF,00,40,
0,00000480,false,Rx,0,8,1C,2C,00,00,19,41,00,68,
0,00000284,false,Rx,0,6,03,03,00,00,00,00,00,00,
159000,00000588,false,Rx,0,8,0B,00,72,00,00,80,00,00,
0,00000280,false,Rx,0,8,B3,8A,00,00,33,FA,28,33,
0,00000288,false,Rx,0,8,64,33,D5,00,00,75,57,53,
0,00000380,false,Rx,0,8,B0,80,00,96,20,00,00,FE,
0,00000488,false,Rx,0,8,EF,33,00,72,FE,FF,FF,50,
0,00000280,false,Rx,0,8,B3,8A,00,00,33,FA,28,33,
0,00000288,false,Rx,0,8,64,33,D5,00,00,75,57,53,
0,00000380,false,Rx,0,8,B0,80,00,96,20,00,00,FE,
0,00000488,false,Rx,0,8,DF,33,00,72,FE,FF,FF,60,
0,00000480,false,Rx,0,8,54,2C,00,00,19,41,00,20,
0,00000284,false,Rx,0,6,04,04,00,00,00,00,00,00,
0,00000588,false,Rx,0,8,0B,00,72,00,00,80,00,00,
0,00000280,false,Rx,0,8,B3,8A,00,00,33,FA,28,33,
0,00000288,false,Rx,0,8,64,33,D5,00,00,75,57,53,
0,00000380,false,Rx,0,8,B0,80,00,96,20,00,00,FE,
0,00000488,false,Rx,0,8,CF,33,00,72,FE,FF,FF,70,
0,00000280,false,Rx,0,8,B3,8A,00,00,33,FA,28,33,
0,00000288,false,Rx,0,8,8A,33,D5,00,00,75,57,53,
0,00000380,false,Rx,0,8,B0,80,00,96,20,00,00,FE,
0,00000488,false,Rx,0,8,3F,33,00,72,FE,FF,FF,80,
0,00000480,false,Rx,0,8,54,2C,00,00,19,41,00,20,
0,00000284,false,Rx,0,6,05,05,00,00,00,00,00,00,
0,00000588,false,Rx,0,8,0B,00,72,00,00,80,00,00,
0,00000280,false,Rx,0,8,B3,8A,00,00,33,FA,28,33,
0,00000288,false,Rx,0,8,8A,33,D5,00,00,75,57,53,
0,00000380,false,Rx,0,8,B0,80,00,96,20,00,00,FE,
0,00000488,false,Rx,0,8,2F,33,00,72,FE,FF,FF,90,
0,00000280,false,Rx,0,8,B3,8A,00,00,33,FA,28,33,
0,00000288,false,Rx,0,8,8A,33,D5,00,00,75,57,53,
0,00000380,false,Rx,0,8,B0,80,00,96,20,00,00,FE,
0,00000488,false,Rx,0,8,1F,33,00,72,FE,FF,FF,A0,
0,00000480,false,Rx,0,8,54,2C,00,00,19,41,00,20,
0,00000284,false,Rx,0,6,06,06,00,00,00,00,00,00,
0,00000588,false,Rx,0,8,0B,00,72,00,00,80,00,00,
0,00000280,false,Rx,0,8,B3,8A,00,00,33,FA,28,33,
0,00000288,false,Rx,0,8,8A,33,D5,00,00,75,57,53,
0,00000380,false,Rx,0,8,B0,80,00,96,20,00,00,FE,
0,00000488,false,Rx,0,8,0F,33,00,72,FE,FF,FF,B0,
0,00000280,false,Rx,0,8,B3,8A,00,00,33,FA,28,33,
0,00000288,false,Rx,0,8,E8,33,D5,00,00,75,57,53,
0,00000380,false,Rx,0,8,B0,80,00,96,20,00,00,FE,
0,00000488,false,Rx,0,8,7F,33,00,72,FE,FF,FF,C0,
0,00000480,false,Rx,0,8,54,2C,00,00,19,41,00,20,
0,00000284,false,Rx,0,6,07,07,00,00,00,00,00,00,
0,00000588,false,Rx,0,8,0B,00,72,00,00,80,00,00,
0,00000280,false,Rx,0,8,B3,8A,00,00,33,FA,28,33,
0,00000288,false,Rx,0,8,E8,33,D5,00,00,75,57,53,
0,00000380,false,Rx,0,8,B0,80,00,96,20,00,00,FE,
0,00000488,false,Rx,0,8,6F,33,00,72,FE,FF,FF,D0,
0,00000280,false,Rx,0,8,B3,8A,00,00,33,FA,28,33,
0,00000288,false,Rx,0,8,E8,33,D5,00,00,75,57,53,
0,00000380,false,Rx,0,8,B0,80,00,96,20,00,00,FE,
0,00000488,false,Rx,0,8,5F,33,00,72,FE,FF,FF,E0,
0,00000480,false,Rx,0,8,84,2C,00,00,19,41,00,F0,
0,00000284,false,Rx,0,6,08,08,00,00,00,00,00,00,
0,00000588,false,Rx,0,8,0B,00,72,00,00,80,00,00,
0,00000280,false,Rx,0,8,B3,8A,00,00,33,FA,28,33,
0,00000288,false,Rx,0,8,E8,33,D5,00,00,75,57,53,
0,00000380,false,Rx,0,8,B0,80,00,96,20,00,00,FE,
0,00000488,false,Rx,0,8,4F,33,00,72,FE,FF,FF,F0,
0,00000280,false,Rx,0,8,B3,8A,00,00,33,FA,28,33,
0,00000288,false,Rx,0,8,2C,33,D5,00,00,75,57,53,
0,00000380,false,Rx,0,8,B0,80,00,96,20,00,00,FE,
0,00000488,false,Rx,0,8,40,33,00,72,FE,FF,00,00,
0,00000480,false,Rx,0,8,84,2C,00,00,19,41,00,F0,
0,00000284,false,Rx,0,6,09,09,00,00,00,00,00,00,
282000,00000588,false,Rx,0,8,0B,00,72,00,00,80,00,00,
0,00000280,false,Rx,0,8,B3,8A,00,00,33,FA,28,33,
0,00000288,false,Rx,0,8,2C,33,D5,00,00,75,57,53,
0,00000380,false,Rx,0,8,B0,80,00,96,20,00,00,FE,
291000,00000488,false,Rx,0,8,AF,33,00,72,FE,FF,FF,10,
0,00000280,false,Rx,0,8,B3,8A,00,00,33,FA,28,33,
0,00000288,false,Rx,0,8,2C,33,D5,00,00,75,57,53,
0,00000380,false,Rx,0,8,B0,80,00,96,20,00,00,FE,
0,00000488,false,Rx,0,8,60,33,00,72,FE,FF,00,20,
0,00000480,false,Rx,0,8,84,2C,00,00,19,41,00,F0,
0,00000284,false,Rx,0,6,0A,0A,00,00,00,00,00,00,
303000,00000588,false,Rx,0,8,0B,00,72,00,00,80,00,00,
0,00000280,false,Rx,0,8,B3,8A,00,00,33,FA,28,33,
0,00000288,false,Rx,0,8,2C,33,D5,00,00,75,57,53,
0,00000380,false,Rx,0,8,B0,80,00,96,20,00,00,FE,
311000,00000488,false,Rx,0,8,70,33,00,72,FE,FF,00,30,
0,00000280,false,Rx,0,8,B3,8A,00,00,33,FA,28,33,
0,00000288,false,Rx,0,8,64,33,D5,00,00,75,57,53,
0,00000380,false,Rx,0,8,B0,80,00,96,20,00,00,FE,
0,00000488,false,Rx,0,8,00,33,00,72,FE,FF,00,40,
0,00000480,false,Rx,0,8,84,2C,00,00,19,41,00,F0,
0,00000284,false,Rx,0,6,0B,0B,00,00,00,00,00,00,
323000,00000588,false,Rx,0,8,0B,00,72,00,00,80,00,00,
0,00000280,false,Rx,0,8,B3,8A,00,00,33,FA,28,33,
0,00000288,false,Rx,0,8,64,33,D5,00,00,75,57,53,
0,00000380,false,Rx,0,8,B0,80,00,96,20,00,00,FE,
0,00000488,false,Rx,0,8,EF,33,00,72,FE,FF,FF,50,
0,00000280,false,Rx,0,8,B3,8A,00,00,33,FA,28,33,
0,00000288,false,Rx,0,8,64,33,D5,00,00,75,57,53,
0,00000380,false,Rx,0,8,B0,80,00,96,20,00,00,FE,
0,00000488,false,Rx,0,8,DF,33,00,72,FE,FF,FF,60,
0,00000480,false,Rx,0,8,C2,2C,00,00,19,41,00,B6,
0,00000284,false,Rx,0,6,0C,0C,00,00,00,00,00,00,
0,00000588,false,Rx,0,8,0B,00,72,00,00,80,00,00,
0,00000280,false,Rx,0,8,B3,8A,00,00,33,FA,28,33,
0,00000288,false,Rx,0,8,64,33,D5,00,00,75,57,53,
0,00000380,false,Rx,0,8,B0,80,00,96,20,00,00,FE,
0,00000488,false,Rx,0,8,CF,33,00,72,FE,FF,FF,70,
0,00000280,false,Rx,0,8,B3,8A,00,00,33,FA,28,33,
0,00000288,false,Rx,0,8,8A,33,D5,00,00,75,57,53,
0,00000380,false,Rx,0,8,B0,80,00,96,20,00,00,FE,
0,00000488,false,Rx,0,8,3F,33,00,72,FE,FF,FF,80,
0,00000480,false,Rx,0,8,C2,2C,00,00,19,41,00,B6,
0,00000284,false,Rx,0,6,0D,0D,00,00,00,00,00,00,
360000,00000588,false,Rx,0,8,0B,00,72,00,00,80,00,00,
0,00000280,false,Rx,0,8,B3,8A,00,00,33,FA,28,33,
0,00000288,false,Rx,0,8,8A,33,D5,00,00,75,57,53,
0,00000380,false,Rx,0,8,B0,80,00,96,20,00,00,FE,
0,00000488,false,Rx,0,8,2F,33,00,72,FE,FF,FF,90,
0,00000280,false,Rx,0,8,B3,8A,00,00,33,FA,28,33,
0,00000288,false,Rx,0,8,8A,33,D5,00,00,75,57,53,
0,00000380,false,Rx,0,8,B0,80,00,96,20,00,00,FE,
0,00000488,false,Rx,0,8,1F,33,00,72,FE,FF,FF,A0,
0,00000480,false,Rx,0,8,C2,2C,00,00,19,41,00,B6,
0,00000284,false,Rx,0,6,0E,0E,00,00,00,00,00,00,
0,00000588,false,Rx,0,8,0B,00,72,00,00,80,00,00,
0,00000280,false,Rx,0,8,B3,8A,00,00,33,FA,28,33,
0,00000288,false,Rx,0,8,8A,33,D5,00,00,75,57,53,
0,00000380,false,Rx,0,8,B0,80,00,96,20,00,00,FE,
0,00000488,false,Rx,0,8,0F,33,00,72,FE,FF,FF,B0,
0,00000280,false,Rx,0,8,B3,8A,00,00,33,FA,28,33,
0,00000288,false,Rx,0,8,E8,33,D5,00,00,75,57,53,
0,00000380,false,Rx,0,8,B0,80,00,96,20,00,00,FE,
0,00000488,false,Rx,0,8,7F,33,00,72,FE,FF,FF,C0,
0,00000480,false,Rx,0,8,C2,2C,00,00,19,41,00,B6,
0,00000284,false,Rx,0,6,0F,0F,00,00,00,00,00,00,
0,00000588,false,Rx,0,8,0B,00,72,00,00,80,00,00,
0,00000280,false,Rx,0,8,B3,8A,00,00,33,FA,28,33,
0,00000288,false,Rx,0,8,E8,33,D5,00,00,75,57,53,
0,00000380,false,Rx,0,8,B0,80,00,96,20,00,00,FE,
0,00000488,false,Rx,0,8,6F,33,00,72,FE,FF,FF,D0,
413000,00000580,false,Rx,0,8,89,00,00,7F,00,F0,47,01,
0,00000280,false,Rx,0,8,B3,8A,00,00,33,FA,28,33,
0,00000288,false,Rx,0,8,E8,33,D5,00,00,75,57,53,
0,00000380,false,Rx,0,8,B0,80,00,96,20,00,00,FE,
0,00000488,false,Rx,0,8,5F,33,00,72,FE,FF,FF,E0,
0,00000480,false,Rx,0,8,1C,2C,00,00,19,41,00,68,
0,00000284,false,Rx,0,6,00,00,00,00,00,00,00,00,
0,00000588,false,Rx,0,8,0B,00,72,00,00,80,00,00,
0,00000280,false,Rx,0,8,B3,8A,00,00,33,FA,28,33,
0,00000288,false,Rx,0,8,E8,33,D5,00,00,75,57,53,
0,00000380,false,Rx,0,8,B0,80,00,96,20,00,00,FE,
0,00000488,false,Rx,0,8,4F,33,00,72,FE,FF,FF,F0,
0,00000280,false,Rx,0,8,B3,8A,00,00,33,FA,28,33,
0,00000288,false,Rx,0,8,2C,33,D5,00,00,75,57,53,
0,00000380,false,Rx,0,8,B0,80,00,96,20,00,00,FE,
0,00000488,false,Rx,0,8,40,33,00,72,FE,FF,00,00,
0,00000480,false,Rx,0,8,1C,2C,00,00,19,41,00,68,
0,00000284,false,Rx,0,6,01,01,00,00,00,00,00,00,
0,00000588,false,Rx,0,8,0B,00,72,00,00,80,00,00,
0,00000280,false,Rx,0,8,B3,8A,00,00,33,FA,28,33,
0,00000288,false,Rx,0,8,2C,33,D5,00,00,75,57,53,
0,00000380,false,Rx,0,8,B0,80,00,96,20,00,00,FE,
0,00000488,false,Rx,0,8,AF,33,00,72,FE,FF,FF,10,
0,00000280,false,Rx,0,8,B3,8A,00,00,33,FA,28,33,
0,00000288,false,Rx,0,8,2C,33,D5,00,00,75,57,53,
0,00000380,false,Rx,0,8,B0,80,00,96,20,00,00,FE,
0,00000488,false,Rx,0,8,60,33,00,72,FE,FF,00,20,
0,00000480,false,Rx,0,8,1C,2C,00,00,19,41,00,68,
0,00000284,false,Rx,0,6,02,02,00,00,00,00,00,00,
463000,00000588,false,Rx,0,8,0B,00,72,00,00,80,00,00,
0,00000280,false,Rx,0,8,B3,8A,00,00,33,FA,28,33,
0,00000288,false,Rx,0,8,2C,33,D5,00,00,75,57,53,
0,00000380,false,Rx,0,8,B0,80,00,96,20,00,00,FE,
0,00000488,false,Rx,0,8,70,33,00,72,FE,FF,00,30,
0,00000280,false,Rx,0,8,B3,8A,00,00,33,FA,28,33,
0,00000288,false,Rx,0,8,64,33,D5,00,00,75,57,53,
0,00000380,false,Rx,0,8,B0,80,00,96,20,00,00,FE,
0,00000488,false,Rx,0,8,00,33,00,72,FE,FF,00,40,
0,00000480,false,Rx,0,8,1C,2C,00,00,19,41,00,68,
0,00000284,false,Rx,0,6,03,03,00,00,00,00,00,00,
483000,00000588,false,Rx,0,8,0B,00,72,00,00,80,00,00,
0,00000280,false,Rx,0,8,B3,8A,00,00,33,FA,28,33,
0,00000288,false,Rx,0,8,64,33,D5,00,00,75,57,53,
0,00000380,false,Rx,0,8,B0,80,00,96,20,00,00,FE,
491000,00000488,false,Rx,0,8,EF,33,00,72,FE,FF,FF,50,
0,00000280,false,Rx,0,8,B3,8A,00,00,33,FA,28,33,
0,00000288,false,Rx,0,8,64,33,D5,00,00,75,57,53,
0,00000380,false,Rx,0,8,B0,80,00,96,20,00,00,FE,
0,00000488,false,Rx,0,8,DF,33,00,72,FE,FF,FF,60,
0,00000480,false,Rx,0,8,54,2C,00,00,19,41,00,20,
0,00000284,false,Rx,0,6,04,04,00,00,00,00,00,00,
503000,00000588,false,Rx,0,8,0B,00,72,00,00,80,00,00,
0,00000280,false,Rx,0,8,B3,8A,00,00,33,FA,28,33,
0,00000288,false,Rx,0,8,64,33,D5,00,00,75,57,53,
0,00000380,false,Rx,0,8,B0,80,00,96,20,00,00,FE,
0,00000488,false,Rx,0,8,CF,33,00,72,FE,FF,FF,70,
516000,00000280,false,Rx,0,8,B3,8A,00,00,33,FA,28,33,
0,00000288,false,Rx,0,8,8A,33,D5,00,00,75,57,53,
0,00000380,false,Rx,0,8,B0,80,00,96,20,00,00,FE,
0,00000488,false,Rx,0,8,3F,33,00,72,FE,FF,FF,80,
0,00000480,false,Rx,0,8,54,2C,00,00,19,41,00,20,
0,00000284,false,Rx,0,6,05,05,00,00,00,00,00,00,
0,00000588,false,Rx,0,8,0B,00,72,00,00,80,00,00,
0,00000280,false,Rx,0,8,B3,8A,00,00,33,FA,28,33,
0,00000288,false,Rx,0,8,8A,33,D5,00,00,75,57,53,
0,00000380,false,Rx,0,8,B0,80,00,96,20,00,00,FE,
0,00000488,false,Rx,0,8,2F,33,00,72,FE,FF,FF,90,
0,00000280,false,Rx,0,8,B3,8A,00,00,33,FA,28,33,
0,00000288,false,Rx,0,8,8A,33,D5,00,00,75,57,53,
0,00000380,false,Rx,0,8,B0,80,00,96,20,00,00,FE,
0,00000488,false,Rx,0,8,1F,33,00,72,FE,FF,FF,A0,
0,00000480,false,Rx,0,8,54,2C,00,00,19,41,00,20,
0,00000284,false,Rx,0,6,06,06,00,00,00,00,00,00,
0,00000588,false,Rx,0,8,0B,00,72,00,00,80,00,00,
0,00000280,false,Rx,0,8,B3,8A,00,00,33,FA,28,33,
0,00000288,false,Rx,0,8,8A,33,D5,00,00,75,57,53,
0,00000380,false,Rx,0,8,B0,80,00,96,20,00,00,FE,
0,00000488,false,Rx,0,8,0F,33,00,72,FE,FF,FF,B0,
0,00000280,false,Rx,0,8,B3,8A,00,00,33,FA,28,33,
0,00000288,false,Rx,0,8,E8,33,D5,00,00,75,57,53,
0,00000380,false,Rx,0,8,B0,80,00,96,20,00,00,FE,
0,00000488,false,Rx,0,8,7F,33,00,72,FE,FF,FF,C0,
0,00000480,false,Rx,0,8,54,2C,00,00,19,41,00,20,
0,00000284,false,Rx,0,6,07,07,00,00,00,00,00,00,
0,00000588,false,Rx,0,8,0B,00,72,00,00,80,00,00,
0,00000280,false,Rx,0,8,B3,8A,00,00,33,FA,28,33,
0,00000288,false,Rx,0,8,E8,33,D5,00,00,75,57,53,
0,00000380,false,Rx,0,8,B0,80,00,96,20,00,00,FE,
0,00000488,false,Rx,0,8,6F,33,00,72,FE,FF,FF,D0,
0,00000280,false,Rx,0,8,B3,8A,00,00,33,FA,28,33,
0,00000288,false,Rx,0,8,E8,33,D5,00,00,75,57,53,
0,00000380,false,Rx,0,8,B0,80,00,96,20,00,00,FE,
0,00000488,false,Rx,0,8,5F,33,00,72,FE,FF,FF,E0,
0,00000480,false,Rx,0,8,84,2C,00,00,19,41,00,F0,
0,00000284,false,Rx,0,6,08,08,00,00,00,00,00,00,
0,00000588,false,Rx,0,8,0B,00,72,00,00,80,00,00,
0,00000280,false,Rx,0,8,B3,8A,00,00,33,FA,28,33,
0,00000288,false,Rx,0,8,E8,33,D5,00,00,75,57,53,
0,00000380,false,Rx,0,8,B0,80,00,96,20,00,00,FE,
0,00000488,false,Rx,0,8,4F,33,00,72,FE,FF,FF,F0,
0,00000280,false,Rx,0,8,B3,8A,00,00,33,FA,28,33,
0,00000288,false,Rx,0,8,2C,33,D5,00,00,75,57,53,
0,00000380,false,Rx,0,8,B0,80,00,96,20,00,00,FE,
0,00000488,false,Rx,0,8,40,33,00,72,FE,FF,00,00,
0,00000480,false,Rx,0,8,84,2C,00,00,19,41,00,F0,
0,00000284,false,Rx,0,6,09,09,00,00,00,00,00,00,
0,00000588,false,Rx,0,8,0B,00,72,00,00,80,00,00,
0,00000280,false,Rx,0,8,B3,8A,00,00,33,FA,28,33,
0,00000288,false,Rx,0,8,2C,33,D5,00,00,75,57,53,
0,00000380,false,Rx,0,8,B0,80,00,96,20,00,00,FE,
0,00000488,false,Rx,0,8,AF,33,00,72,FE,FF,FF,10,
0,00000280,false,Rx,0,8,B3,8A,00,00,33,FA,28,33,
0,00000288,false,Rx,0,8,2C,33,D5,00,00,75,57,53,
0,00000380,false,Rx,0,8,B0,80,00,96,20,00,00,FE,
0,00000488,false,Rx,0,8,60,33,00,72,FE,FF,00,20,
0,00000480,false,Rx,0,8,84,2C,00,00,19,41,00,F0,
0,00000284,false,Rx,0,6,0A,0A,00,00,00,00,00,00,
0,00000588,false,Rx,0,8,0B,00,72,00,00,80,00,00,
0,00000280,false,Rx,0,8,B3,8A,00,00,33,FA,28,33,
0,00000288,false,Rx,0,8,2C,33,D5,00,00,75,57,53,
0,00000380,false,Rx,0,8,B0,80,00,96,20,00,00,FE,
0,00000488,false,Rx,0,8,70,33,00,72,FE,FF,00,30,
0,00000280,false,Rx,0,8,B3,8A,00,00,33,FA,28,33,
0,00000288,false,Rx,0,8,64,33,D5,00,00,75,57,53,
0,00000380,false,Rx,0,8,B0,80,00,96,20,00,00,FE,
0,00000488,false,Rx,0,8,00,33,00,72,FE,FF,00,40,
0,00000480,false,Rx,0,8,84,2C,00,00,19,41,00,F0,
0,00000284,false,Rx,0,6,0B,0B,00,00,00,00,00,00,
0,00000588,false,Rx,0,8,0B,00,72,00,00,80,00,00,
0,00000280,false,Rx,0,8,B3,8A,00,00,33,FA,28,33,
0,00000288,false,Rx,0,8,64,33,D5,00,00,75,57,53,
0,00000380,false,Rx,0,8,B0,80,00,96,20,00,00,FE,
0,00000488,false,Rx,0,8,EF,33,00,72,FE,FF,FF,50,
0,00000280,false,Rx,0,8,B3,8A,00,00,33,FA,28,33,
0,00000288,false,Rx,0,8,64,33,D5,00,00,75,57,53,
0,00000380,false,Rx,0,8,B0,80,00,96,20,00,00,FE,
0,00000488,false,Rx,0,8,DF,33,00,72,FE,FF,FF,60,
0,00000480,false,Rx,0,8,C2,2C,00,00,19,41,00,B6,
0,00000284,false,Rx,0,6,0C,0C,00,00,00,00,00,00,
663000,00000588,false,Rx,0,8,0B,00,72,00,00,80,00,00,
0,00000280,false,Rx,0,8,B3,8A,00,00,33,FA,28,33,
0,00000288,false,Rx,0,8,64,33,D5,00,00,75,57,53,
0,00000380,false,Rx,0,8,B0,80,00,96,20,00,00,FE,
671000,00000488,false,Rx,0,8,CF,33,00,72,FE,FF,FF,70,
0,00000280,false,Rx,0,8,B3,8A,00,00,33,FA,28,33,
0,00000288,false,Rx,0,8,8A,33,D5,00,00,75,57,53,
0,00000380,false,Rx,0,8,B0,80,00,96,20,00,00,FE,
0,00000488,false,Rx,0,8,3F,33,00,72,FE,FF,FF,80,
0,00000480,false,Rx,0,8,C2,2C,00,00,19,41,00,B6,
0,00000284,false,Rx,0,6,0D,0D,00,00,00,00,00,00,
684000,00000588,false,Rx,0,8,0B,00,72,00,00,80,00,00,
0,00000280,false,Rx,0,8,B3,8A,00,00,33,FA,28,33,
0,00000288,false,Rx,0,8,8A,33,D5,00,00,75,57,53,
0,00000380,false,Rx,0,8,B0,80,00,96,20,00,00,FE,
0,00000488,false,Rx,0,8,2F,33,00,72,FE,FF,FF,90,
0,00000280,false,Rx,0,8,B3,8A,00,00,33,FA,28,33,
0,00000288,false,Rx,0,8,8A,33,D5,00,00,75,57,53,
0,00000380,false,Rx,0,8,B0,80,00,96,20,00,00,FE,
0,00000488,false,Rx,0,8,1F,33,00,72,FE,FF,FF,A0,
0,00000480,false,Rx,0,8,C2,2C,00,00,19,41,00,B6,
0,00000284,false,Rx,0,6,0E,0E,00,00,00,00,00,00,
704000,00000588,false,Rx,0,8,0B,00,72,00,00,80,00,00,
0,00000280,false,Rx,0,8,B3,8A,00,00,33,FA,28,33,
0,00000288,false,Rx,0,8,8A,33,D5,00,00,75,57,53,
0,00000380,false,Rx,0,8,B0,80,00,96,20,00,00,FE,
0,00000488,false,Rx,0,8,0F,33,00,72,FE,FF,FF,B0,
0,00000280,false,Rx,0,8,B3,8A,00,00,33,FA,28,33,
0,00000288,false,Rx,0,8,E8,33,D5,00,00,75,57,53,
0,00000380,false,Rx,0,8,B0,80,00,96,20,00,00,FE,
0,00000488,false,Rx,0,8,7F,33,00,72,FE,FF,FF,C0,
0,00000480,false,Rx,0,8,C2,2C,00,00,19,41,00,B6,
0,00000284,false,Rx,0,6,0F,0F,00,00,00,00,00,00,
721000,00000588,false,Rx,0,8,0B,00,72,00,00,80,00,00,
0,00000280,false,Rx,0,8,B3,8A,00,00,33,FA,28,33,
0,00000288,false,Rx,0,8,E8,33,D5,00,00,75,57,53,
0,00000380,false,Rx,0,8,B0,80,00,96,20,00,00,FE,
0,00000488,false,Rx,0,8,6F,33,00,72,FE,FF,FF,D0,
0,00000280,false,Rx,0,8,B3,8A,00,00,33,FA,28,33,
0,00000288,false,Rx,0,8,E8,33,D5,00,00,75,57,53,
0,00000380,false,Rx,0,8,B0,80,00,96,20,00,00,FE,
0,00000488,false,Rx,0,8,5F,33,00,72,FE,FF,FF,E0,
0,00000480,false,Rx,0,8,1C,2C,00,00,19,41,00,68,
0,00000284,false,Rx,0,6,00,00,00,00,00,00,00,00,
741000,00000588,false,Rx,0,8,0B,00,72,00,00,80,00,00,
0,00000280,false,Rx,0,8,B3,8A,00,00,33,FA,28,33,
0,00000288,false,Rx,0,8,E8,33,D5,00,00,75,57,53,
0,00000380,false,Rx,0,8,B0,80,00,96,20,00,00,FE,
0,00000488,false,Rx,0,8,4F,33,00,72,FE,FF,FF,F0,
0,00000280,false,Rx,0,8,B3,8A,00,00,33,FA,28,33,
0,00000288,false,Rx,0,8,2C,33,D5,00,00,75,57,53,
0,00000380,false,Rx,0,8,B0,80,00,96,20,00,00,FE,
0,00000488,false,Rx,0,8,40,33,00,72,FE,FF,00,00,
0,00000480,false,Rx,0,8,1C,2C,00,00,19,41,00,68,
0,00000284,false,Rx,0,6,01,01,00,00,00,00,00,00,
0,00000588,false,Rx,0,8,0B,00,72,00,00,80,00,00,
0,00000280,false,Rx,0,8,B3,8A,00,00,33,FA,28,33,
0,00000288,false,Rx,0,8,2C,33,D5,00,00,75,57,53,
0,00000380,false,Rx,0,8,B0,80,00,96,20,00,00,FE,
0,00000488,false,Rx,0,8,AF,33,00,72,FE,FF,FF,10,
0,00000280,false,Rx,0,8,B3,8A,00,00,33,FA,28,33,
0,00000288,false,Rx,0,8,2C,33,D5,00,00,75,57,53,
0,00000380,false,Rx,0,8,B0,80,00,96,20,00,00,FE,
0,00000488,false,Rx,0,8,60,33,00,72,FE,FF,00,20,
0,00000480,false,Rx,0,8,1C,2C,00,00,19,41,00,68,
0,00000284,false,Rx,0,6,02,02,00,00,00,00,00,00,
0,00000588,false,Rx,0,8,0B,00,72,00,00,80,00,00,
0,00000280,false,Rx,0,8,B3,8A,00,00,33,FA,28,33,
0,00000288,false,Rx,0,8,2C,33,D5,00,00,75,57,53,
0,00000380,false,Rx,0,8,B0,80,00,96,20,00,00,FE,
0,00000488,false,Rx,0,8,70,33,00,72,FE,FF,00,30,
0,00000280,false,Rx,0,8,B3,8A,00,00,33,FA,28,33,
0,00000288,false,Rx,0,8,64,33,D5,00,00,75,57,53,
0,00000380,false,Rx,0,8,B0,80,00,96,20,00,00,FE,
0,00000488,false,Rx,0,8,00,33,00,72,FE,FF,00,40,
0,00000480,false,Rx,0,8,1C,2C,00,00,19,41,00,68,
0,00000284,false,Rx,0,6,03,03,00,00,00,00,00,00,
0,00000588,false,Rx,0,8,0B,00,72,00,00,80,00,00,
0,00000280,false,Rx,0,8,B3,8A,00,00,33,FA,28,33,
0,00000288,false,Rx,0,8,64,33,D5,00,00,75,57,53,
0,00000380,false,Rx,0,8,B0,80,00,96,20,00,00,FE,
0,00000488,false,Rx,0,8,EF,33,00,72,FE,FF,FF,50,
0,00000280,false,Rx,0,8,B3,8A,00,00,33,FA,28,33,
0,00000288,false,Rx,0,8,64,33,D5,00,00,75,57,53,
0,00000380,false,Rx,0,8,B0,80,00,96,20,00,00,FE,
0,00000488,false,Rx,0,8,DF,33,00,72,FE,FF,FF,60,
0,00000480,false,Rx,0,8,54,2C,00,00,19,41,00,20,
0,00000284,false,Rx,0,6,04,04,00,00,00,00,00,00,
0,00000588,false,Rx,0,8,0B,00,72,00,00,80,00,00,
0,00000280,false,Rx,0,8,B3,8A,00,00,33,FA,28,33,
0,00000288,false,Rx,0,8,64,33,D5,00,00,75,57,53,
0,00000380,false,Rx,0,8,B0,80,00,96,20,00,00,FE,
0,00000488,false,Rx,0,8,CF,33,00,72,FE,FF,FF,70,
0,00000280,false,Rx,0,8,B3,8A,00,00,33,FA,28,33,
0,00000288,false,Rx,0,8,8A,33,D5,00,00,75,57,53,
0,00000380,false,Rx,0,8,B0,80,00,96,20,00,00,FE,
0,00000488,false,Rx,0,8,3F,33,00,72,FE,FF,FF,80,
0,00000480,false,Rx,0,8,54,2C,00,00,19,41,00,20,
0,00000284,false,Rx,0,6,05,05,00,00,00,00,00,00,
843000,00000588,false,Rx,0,8,0B,00,72,00,00,80,00,00,
0,00000280,false,Rx,0,8,B3,8A,00,00,33,FA,28,33,
0,00000288,false,Rx,0,8,8A,33,D5,00,00,75,57,53,
0,00000380,false,Rx,0,8,B0,80,00,96,20,00,00,FE,
0,00000488,false,Rx,0,8,2F,33,00,72,FE,FF,FF,90,
0,00000280,false,Rx,0,8,B3,8A,00,00,33,FA,28,33,
0,00000288,false,Rx,0,8,8A,33,D5,00,00,75,57,53,
0,00000380,false,Rx,0,8,B0,80,00,96,20,00,00,FE,
0,00000488,false,Rx,0,8,1F,33,00,72,FE,FF,FF,A0,
0,00000480,false,Rx,0,8,54,2C,00,00,19,41,00,20,
0,00000284,false,Rx,0,6,06,06,00,00,00,00,00,00,
864000,00000588,false,Rx,0,8,0B,00,72,00,00,80,00,00,
0,00000280,false,Rx,0,8,B3,8A,00,00,33,FA,28,33,
0,00000288,false,Rx,0,8,8A,33,D5,00,00,75,57,53,
0,00000380,false,Rx,0,8,B0,80,00,96,20,00,00,FE,
872000,00000488,false,Rx,0,8,0F,33,00,72,FE,FF,FF,B0,
0,00000280,false,Rx,0,8,B3,8A,00,00,33,FA,28,33,
0,00000288,false,Rx,0,8,E8,33,D5,00,00,75,57,53,
0,00000380,false,Rx,0,8,B0,80,00,96,20,00,00,FE,
0,00000488,false,Rx,0,8,7F,33,00,72,FE,FF,FF,C0,
0,00000480,false,Rx,0,8,54,2C,00,00,19,41,00,20,
0,00000284,false,Rx,0,6,07,07,00,00,00,00,00,00,
884000,00000588,false,Rx,0,8,0B,00,72,00,00,80,00,00,
0,00000280,false,Rx,0,8,B3,8A,00,00,33,FA,28,33,
0,00000288,false,Rx,0,8,E8,33,D5,00,00,75,57,53,
0,00000380,false,Rx,0,8,B0,80,00,96,20,00,00,FE,
0,00000488,false,Rx,0,8,6F,33,00,72,FE,FF,FF,D0,
897000,00000280,false,Rx,0,8,B3,8A,00,00,33,FA,28,33,
0,00000288,false,Rx,0,8,E8,33,D5,00,00,75,57,53,
0,00000380,false,Rx,0,8,B0,80,00,96,20,00,00,FE,
0,00000488,false,Rx,0,8,5F,33,00,72,FE,FF,FF,E0,
0,00000480,false,Rx,0,8,84,2C,00,00,19,41,00,F0,
0,00000284,false,Rx,0,6,08,08,00,00,00,00,00,00,
0,00000588,false,Rx,0,8,0B,00,72,00,00,80,00,00,
0,00000280,false,Rx,0,8,B3,8A,00,00,33,FA,28,33,
0,00000288,false,Rx,0,8,E8,33,D5,00,00,75,57,53,
0,00000380,false,Rx,0,8,B0,80,00,96,20,00,00,FE,
0,00000488,false,Rx,0,8,4F,33,00,72,FE,FF,FF,F0,
0,00000280,false,Rx,0,8,B3,8A,00,00,33,FA,28,33,
0,00000288,false,Rx,0,8,2C,33,D5,00,00,75,57,53,
0,00000380,false,Rx,0,8,B0,80,00,96,20,00,00,FE,
0,00000488,false,Rx,0,8,40,33,00,72,FE,FF,00,00,
0,00000480,false,Rx,0,8,84,2C,00,00,19,41,00,F0,
0,00000284,false,Rx,0,6,09,09,00,00,00,00,00,00,
921000,00000588,false,Rx,0,8,0B,00,72,00,00,80,00,00,
0,00000280,false,Rx,0,8,B3,8A,00,00,33,FA,28,33,
0,00000288,false,Rx,0,8,2C,33,D5,00,00,75,57,53,
0,00000380,false,Rx,0,8,B0,80,00,96,20,00,00,FE,
0,00000488,false,Rx,0,8,AF,33,00,72,FE,FF,FF,10,
0,00000280,false,Rx,0,8,B3,8A,00,00,33,FA,28,33,
0,00000288,false,Rx,0,8,2C,33,D5,00,00,75,57,53,
0,00000380,false,Rx,0,8,B0,80,00,96,20,00,00,FE,
0,00000488,false,Rx,0,8,60,33,00,72,FE,FF,00,20,
0,00000480,false,Rx,0,8,84,2C,00,00,19,41,00,F0,
0,00000284,false,Rx,0,6,0A,0A,00,00,00,00,00,00,
0,00000588,false,Rx,0,8,0B,00,72,00,00,80,00,00,
0,00000280,false,Rx,0,8,B3,8A,00,00,33,FA,28,33,
0,00000288,false,Rx,0,8,2C,33,D5,00,00,75,57,53,
0,00000380,false,Rx,0,8,B0,80,00,96,20,00,00,FE,
0,00000488,false,Rx,0,8,70,33,00,72,FE,FF,00,30,
0,00000280,false,Rx,0,8,B3,8A,00,00,33,FA,28,33,
0,00000288,false,Rx,0,8,64,33,D5,00,00,75,57,53,
0,00000380,false,Rx,0,8,B0,80,00,96,20,00,00,FE,
0,00000488,false,Rx,0,8,00,33,00,72,FE,FF,00,40,
0,00000480,false,Rx,0,8,84,2C,00,00,19,41,00,F0,
0,00000284,false,Rx,0,6,0B,0B,00,00,00,00,00,00,
0,00000588,false,Rx,0,8,0B,00,72,00,00,80,00,00,
0,00000280,false,Rx,0,8,B3,8A,00,00,33,FA,28,33,
0,00000288,false,Rx,0,8,64,33,D5,00,00,75,57,53,
0,00000380,false,Rx,0,8,B0,80,00,96,20,00,00,FE,
0,00000488,false,Rx,0,8,EF,33,00,72,FE,FF,FF,50,
0,00000280,false,Rx,0,8,B3,8A,00,00,33,FA,28,33,
0,00000288,false,Rx,0,8,64,33,D5,00,00,75,57,53,
0,00000380,false,Rx,0,8,B0,80,00,96,20,00,00,FE,
0,00000488,false,Rx,0,8,DF,33,00,72,FE,FF,FF,60,
0,00000480,false,Rx,0,8,C2,2C,00,00,19,41,00,B6,
0,00000284,false,Rx,0,6,0C,0C,00,00,00,00,00,00,
0,00000588,false,Rx,0,8,0B,00,72,00,00,80,00,00,
987000,00000280,false,Rx,0,8,B3,8A,00,00,33,FA,28,33,
0,00000288,false,Rx,0,8,64,33,D5,00,00,75,57,53,
0,00000380,false,Rx,0,8,B0,80,00,96,20,00,00,FE,
0,00000488,false,Rx,0,8,CF,33,00,72,FE,FF,FF,70,
0,00000280,false,Rx,0,8,B3,8A,00,00,33,FA,28,33,
0,00000288,false,Rx,0,8,8A,33,D5,00,00,75,57,53,
0,00000380,false,Rx,0,8,B0,80,00,96,20,00,00,FE,
0,00000488,false,Rx,0,8,3F,33,00,72,FE,FF,FF,80,
0,00000480,false,Rx,0,8,C2,2C,00,00,19,41,00,B6,
0,00000284,false,Rx,0,6,0D,0D,00,00,00,00,00,00,
0,00000588,false,Rx,0,8,0B,00,72,00,00,80,00,00,
0,00000280,false,Rx,0,8,B3,8A,00,00,33,FA,28,33,
0,00000288,false,Rx,0,8,8A,33,D5,00,00,75,57,53,
0,00000380,false,Rx,0,8,B0,80,00,96,20,00,00,FE,
0,00000488,false,Rx,0,8,2F,33,00,72,FE,FF,FF,90,
0,00000280,false,Rx,0,8,B3,8A,00,00,33,FA,28,33,
0,00000288,false,Rx,0,8,8A,33,D5,00,00,75,57,53,
0,00000380,false,Rx,0,8,B0,80,00,96,20,00,00,FE,
0,00000488,false,Rx,0,8,1F,33,00,72,FE,FF,FF,A0,
0,00000480,false,Rx,0,8,C2,2C,00,00,19,41,00,B6,
0,00000284,false,Rx,0,6,0E,0E,00,00,00,00,00,00,
0,00000588,false,Rx,0,8,0B,00,72,00,00,80,00,00,
0,00000280,false,Rx,0,8,B3,8A,00,00,33,FA,28,33,
0,00000288,false,Rx,0,8,8A,33,D5,00,00,75,57,53,
0,00000380,false,Rx,0,8,B0,80,00,96,20,00,00,FE,
0,00000488,false,Rx,0,8,0F,33,00,72,FE,FF,FF,B0,
0,00000280,false,Rx,0,8,B3,8A,00,00,33,FA,28,33,
0,00000288,false,Rx,0,8,E8,33,D5,00,00,75,57,53,
0,00000380,false,Rx,0,8,B0,80,00,96,20,00,00,FE,
0,00000488,false,Rx,0,8,7F,33,00,72,FE,FF,FF,C0,
0,00000480,false,Rx,0,8,C2,2C,00,00,19,41,00,B6,
0,00000284,false,Rx,0,6,0F,0F,00,00,00,00,00,00,
44000,00000588,false,Rx,0,8,0B,00,72,00,00,80,00,00,
0,00000280,false,Rx,0,8,B3,8A,00,00,33,FA,28,33,
0,00000288,false,Rx,0,8,E8,33,D5,00,00,75,57,53,
0,00000380,false,Rx,0,8,B0,80,00,96,20,00,00,FE,
52000,00000488,false,Rx,0,8,6F,33,00,72,FE,FF,FF,D0,
0,00000280,false,Rx,0,8,B3,8A,00,00,33,FA,28,33,
0,00000288,false,Rx,0,8,E8,33,D5,00,00,75,57,53,
0,00000380,false,Rx,0,8,B0,80,00,96,20,00,00,FE,
0,00000488,false,Rx,0,8,5F,33,00,72,FE,FF,FF,E0,
0,00000480,false,Rx,0,8,1C,2C,00,00,19,41,00,68,
0,00000284,false,Rx,0,6,00,00,00,00,00,00,00,00,
65000,00000588,false,Rx,0,8,0B,00,72,00,00,80,00,00,
0,00000280,false,Rx,0,8,B3,8A,00,00,33,FA,28,33,
0,00000288,false,Rx,0,8,E8,33,D5,00,00,75,57,53,
0,00000380,false,Rx,0,8,B0,80,00,96,20,00,00,FE,
0,00000488,false,Rx,0,8,4F,33,00,72,FE,FF,FF,F0,
0,00000280,false,Rx,0,8,B3,8A,00,00,33,FA,28,33,
0,00000288,false,Rx,0,8,2C,33,D5,00,00,75,57,53,
0,00000380,false,Rx,0,8,B0,80,00,96,20,00,00,FE,
0,00000488,false,Rx,0,8,40,33,00,72,FE,FF,00,00,
0,00000480,false,Rx,0,8,1C,2C,00,00,19,41,00,68,
0,00000284,false,Rx,0,6,01,01,00,00,00,00,00,00,
0,00000588,false,Rx,0,8,0B,00,72,00,00,80,00,00,
0,00000280,false,Rx,0,8,B3,8A,00,00,33,FA,28,33,
0,00000288,false,Rx,0,8,2C,33,D5,00,00,75,57,53,
0,00000380,false,Rx,0,8,B0,80,00,96,20,00,00,FE,
0,00000488,false,Rx,0,8,AF,33,00,72,FE,FF,FF,10,
0,00000280,false,Rx,0,8,B3,8A,00,00,33,FA,28,33,
0,00000288,false,Rx,0,8,2C,33,D5,00,00,75,57,53,
0,00000380,false,Rx,0,8,B0,80,00,96,20,00,00,FE,
0,00000488,false,Rx,0,8,60,33,00,72,FE,FF,00,20,
0,00000480,false,Rx,0,8,1C,2C,00,00,19,41,00,68,
0,00000284,false,Rx,0,6,02,02,00,00,00,00,00,00,
102000,00000588,false,Rx,0,8,0B,00,72,00,00,80,00,00,
0,00000280,false,Rx,0,8,B3,8A,00,00,33,FA,28,33,
0,00000288,false,Rx,0,8,2C,33,D5,00,00,75,57,53,
0,00000380,false,Rx,0,8,B0,80,00,96,20,00,00,FE,
0,00000488,false,Rx,0,8,70,33,00,72,FE,FF,00,30,
0,00000280,false,Rx,0,8,B3,8A,00,00,33,FA,28,33,
0,00000288,false,Rx,0,8,64,33,D5,00,00,75,57,53,
0,00000380,false,Rx,0,8,B0,80,00,96,20,00,00,FE,
0,00000488,false,Rx,0,8,00,33,00,72,FE,FF,00,40,
0,00000480,false,Rx,0,8,1C,2C,00,00,19,41,00,68,
0,00000284,false,Rx,0,6,03,03,00,00,00,00,00,00,
0,00000588,false,Rx,0,8,0B,00,72,00,00,80,00,00,
0,00000280,false,Rx,0,8,B3,8A,00,00,33,FA,28,33,
0,00000288,false,Rx,0,8,64,33,D5,00,00,75,57,53,
0,00000380,false,Rx,0,8,B0,80,00,96,20,00,00,FE,
0,00000488,false,Rx,0,8,EF,33,00,72,FE,FF,FF,50,
0,00000280,false,Rx,0,8,B3,8A,00,00,33,FA,28,33,
0,00000288,false,Rx,0,8,64,33,D5,00,00,75,57,53,
0,00000380,false,Rx,0,8,B0,80,00,96,20,00,00,FE,
0,00000488,false,Rx,0,8,DF,33,00,72,FE,FF,FF,60,
0,00000480,false,Rx,0,8,54,2C,00,00,19,41,00,20,
0,00000284,false,Rx,0,6,04,04,00,00,00,00,00,00,
0,00000588,false,Rx,0,8,0B,00,72,00,00,80,00,00,
0,00000280,false,Rx,0,8,B3,8A,00,00,33,FA,28,33,
0,00000288,false,Rx,0,8,64,33,D5,00,00,75,57,53,
0,00000380,false,Rx,0,8,B0,80,00,96,20,00,00,FE,
0,00000488,false,Rx,0,8,CF,33,00,72,FE,FF,FF,70,
0,00000280,false,Rx,0,8,B3,8A,00,00,33,FA,28,33,
0,00000288,false,Rx,0,8,8A,33,D5,00,00,75,57,53,
0,00000380,false,Rx,0,8,B0,80,00,96,20,00,00,FE,
0,00000488,false,Rx,0,8,3F,33,00,72,FE,FF,FF,80,
0,00000480,false,Rx,0,8,54,2C,00,00,19,41,00,20,
0,00000284,false,Rx,0,6,05,05,00,00,00,00,00,00,
0,00000588,false,Rx,0,8,0B,00,72,00,00,80,00,00,
0,00000280,false,Rx,0,8,B3,8A,00,00,33,FA,28,33,
0,00000288,false,Rx,0,8,8A,33,D5,00,00,75,57,53,
0,00000380,false,Rx,0,8,B0,80,00,96,20,00,00,FE,
0,00000488,false,Rx,0,8,2F,33,00,72,FE,FF,FF,90,
0,00000280,false,Rx,0,8,B3,8A,00,00,33,FA,28,33,
0,00000288,false,Rx,0,8,8A,33,D5,00,00,75,57,53,
0,00000380,false,Rx,0,8,B0,80,00,96,20,00,00,FE,
0,00000488,false,Rx,0,8,1F,33,00,72,FE,FF,FF,A0,
0,00000480,false,Rx,0,8,54,2C,00,00,19,41,00,20,
0,00000284,false,Rx,0,6,06,06,00,00,00,00,00,00,
0,00000588,false,Rx,0,8,0B,00,72,00,00,80,00,00,
0,00000280,false,Rx,0,8,B3,8A,00,00,33,FA,28,33,
0,00000288,false,Rx,0,8,8A,33,D5,00,00,75,57,53,
0,00000380,false,Rx,0,8,B0,80,00,96,20,00,00,FE,
0,00000488,false,Rx,0,8,0F,33,00,72,FE,FF,FF,B0,
0,00000280,false,Rx,0,8,B3,8A,00,00,33,FA,28,33,
0,00000288,false,Rx,0,8,E8,33,D5,00,00,75,57,53,
0,00000380,false,Rx,0,8,B0,80,00,96,20,00,00,FE,
0,00000488,false,Rx,0,8,7F,33,00,72,FE,FF,FF,C0,
0,00000480,false,Rx,0,8,54,2C,00,00,19,41,00,20,
0,00000284,false,Rx,0,6,07,07,00,00,00,00,00,00,
0,00000588,false,Rx,0,8,0B,00,72,00,00,80,00,00,
0,00000280,false,Rx,0,8,B3,8A,00,00,33,FA,28,33,
0,00000288,false,Rx,0,8,E8,33,D5,00,00,75,57,53,
0,00000380,false,Rx,0,8,B0,80,00,96,20,00,00,FE,
0,00000488,false,Rx,0,8,6F,33,00,72,FE,FF,FF,D0,
0,00000280,false,Rx,0,8,B3,8A,00,00,33,FA,28,33,
0,00000288,false,Rx,0,8,E8,33,D5,00,00,75,57,53,
0,00000380,false,Rx,0,8,B0,80,00,96,20,00,00,FE,
0,00000488,false,Rx,0,8,5F,33,00,72,FE,FF,FF,E0,
0,00000480,false,Rx,0,8,84,2C,00,00,19,41,00,F0,
0,00000284,false,Rx,0,6,08,08,00,00,00,00,00,00,
224000,00000588,false,Rx,0,8,0B,00,72,00,00,80,00,00,
0,00000280,false,Rx,0,8,B3,8A,00,00,33,FA,28,33,
0,00000288,false,Rx,0,8,E8,33,D5,00,00,75,57,53,
0,00000380,false,Rx,0,8,B0,80,00,96,20,00,00,FE,
233000,00000488,false,Rx,0,8,4F,33,00,72,FE,FF,FF,F0,
0,00000280,false,Rx,0,8,B3,8A,00,00,33,FA,28,33,
0,00000288,false,Rx,0,8,2C,33,D5,00,00,75,57,53,
0,00000380,false,Rx,0,8,B0,80,00,96,20,00,00,FE,
0,00000488,false,Rx,0,8,40,33,00,72,FE,FF,00,00,
0,00000480,false,Rx,0,8,84,2C,00,00,19,41,00,F0,
0,00000284,false,Rx,0,6,09,09,00,00,00,00,00,00,
245000,00000588,false,Rx,0,8,0B,00,72,00,00,80,00,00,
0,00000280,false,Rx,0,8,B3,8A,00,00,33,FA,28,33,
0,00000288,false,Rx,0,8,2C,33,D5,00,00,75,57,53,
0,00000380,false,Rx,0,8,B0,80,00,96,20,00,00,FE,
253000,00000488,false,Rx,0,8,AF,33,00,72,FE,FF,FF,10,
0,00000280,false,Rx,0,8,B3,8A,00,00,33,FA,28,33,
0,00000288,false,Rx,0,8,2C,33,D5,00,00,75,57,53,
0,00000380,false,Rx,0,8,B0,80,00,96,20,00,00,FE,
0,00000488,false,Rx,0,8,60,33,00,72,FE,FF,00,20,
0,00000480,false,Rx,0,8,84,2C,00,00,19,41,00,F0,
0,00000284,false,Rx,0,6,0A,0A,00,00,00,00,00,00,
265000,00000588,false,Rx,0,8,0B,00,72,00,00,80,00,00,
0,00000280,false,Rx,0,8,B3,8A,00,00,33,FA,28,33,
0,00000288,false,Rx,0,8,2C,33,D5,00,00,75,57,53,
0,00000380,false,Rx,0,8,B0,80,00,96,20,00,00,FE,
0,00000488,false,Rx,0,8,70,33,00,72,FE,FF,00,30,
0,00000280,false,Rx,0,8,B3,8A,00,00,33,FA,28,33,
0,00000288,false,Rx,0,8,64,33,D5,00,00,75,57,53,
0,00000380,false,Rx,0,8,B0,80,00,96,20,00,00,FE,
0,00000488,false,Rx,0,8,00,33,00,72,FE,FF,00,40,
0,00000480,false,Rx,0,8,84,2C,00,00,19,41,00,F0,
0,00000284,false,Rx,0,6,0B,0B,00,00,00,00,00,00,
0,00000588,false,Rx,0,8,0B,00,72,00,00,80,00,00,
0,00000280,false,Rx,0,8,B3,8A,00,00,33,FA,28,33,
0,00000288,false,Rx,0,8,64,33,D5,00,00,75,57,53,
0,00000380,false,Rx,0,8,B0,80,00,96,20,00,00,FE,
0,00000488,false,Rx,0,8,EF,33,00,72,FE,FF,FF,50,
0,00000280,false,Rx,0,8,B3,8A,00,00,33,FA,28,33,
0,00000288,false,Rx,0,8,64,33,D5,00,00,75,57,53,
0,00000380,false,Rx,0,8,B0,80,00,96,20,00,00,FE,
0,00000488,false,Rx,0,8,DF,33,00,72,FE,FF,FF,60,
0,00000480,false,Rx,0,8,C2,2C,00,00,19,41,00,B6,
0,00000284,false,Rx,0,6,0C,0C,00,00,00,00,00,00,
302000,00000588,false,Rx,0,8,0B,00,72,00,00,80,00,00,
0,00000280,false,Rx,0,8,B3,8A,00,00,33,FA,28,33,
0,00000288,false,Rx,0,8,64,33,D5,00,00,75,57,53,
0,00000380,false,Rx,0,8,B0,80,00,96,20,00,00,FE,
0,00000488,false,Rx,0,8,CF,33,00,72,FE,FF,FF,70,
0,00000280,false,Rx,0,8,B3,8A,00,00,33,FA,28,33,
0,00000288,false,Rx,0,8,8A,33,D5,00,00,75,57,53,
0,00000380,false,Rx,0,8,B0,80,00,96,20,00,00,FE,
0,00000488,false,Rx,0,8,3F,33,00,72,FE,FF,FF,80,
0,00000480,false,Rx,0,8,C2,2C,00,00,19,41,00,B6,
0,00000284,false,Rx,0,6,0D,0D,00,00,00,00,00,00,
0,00000588,false,Rx,0,8,0B,00,72,00,00,80,00,00,
0,00000280,false,Rx,0,8,B3,8A,00,00,33,FA,28,33,
0,00000288,false,Rx,0,8,8A,33,D5,00,00,75,57,53,
0,00000380,false,Rx,0,8,B0,80,00,96,20,00,00,FE,
0,00000488,false,Rx,0,8,2F,33,00,72,FE,FF,FF,90,
0,00000280,false,Rx,0,8,B3,8A,00,00,33,FA,28,33,
0,00000288,false,Rx,0,8,8A,33,D5,00,00,75,57,53,
0,00000380,false,Rx,0,8,B0,80,00,96,20,00,00,FE,
0,00000488,false,Rx,0,8,1F,33,00,72,FE,FF,FF,A0,
0,00000480,false,Rx,0,8,C2,2C,00,00,19,41,00,B6,
0,00000284,false,Rx,0,6,0E,0E,00,00,00,00,00,00,
0,00000588,false,Rx,0,8,0B,00,72,00,00,80,00,00,
0,00000280,false,Rx,0,8,B3,8A,00,00,33,FA,28,33,
0,00000288,false,Rx,0,8,8A,33,D5,00,00,75,57,53,
0,00000380,false,Rx,0,8,B0,80,00,96,20,00,00,FE,
0,00000488,false,Rx,0,8,0F,33,00,72,FE,FF,FF,B0,
0,00000280,false,Rx,0,8,B3,8A,00,00,33,FA,28,33,
0,00000288,false,Rx,0,8,E8,33,D5,00,00,75,57,53,
0,00000380,false,Rx,0,8,B0,80,00,96,20,00,00,FE,
0,00000488,false,Rx,0,8,7F,33,00,72,FE,FF,FF,C0,
0,00000480,false,Rx,0,8,C2,2C,00,00,19,41,00,B6,
0,00000284,false,Rx,0,6,0F,0F,00,00,00,00,00,00,
0,00000588,false,Rx,0,8,0B,00,72,00,00,80,00,00,
368000,00000280,false,Rx,0,8,B3,8A,00,00,33,FA,28,33,
0,00000288,false,Rx,0,8,E8,33,D5,00,00,75,57,53,
0,00000380,false,Rx,0,8,B0,80,00,96,20,00,00,FE,
0,00000488,false,Rx,0,8,6F,33,00,72,FE,FF,FF,D0,
0,00000280,false,Rx,0,8,B3,8A,00,00,33,FA,28,33,
0,00000288,false,Rx,0,8,E8,33,D5,00,00,75,57,53,
0,00000380,false,Rx,0,8,B0,80,00,96,20,00,00,FE,
0,00000488,false,Rx,0,8,5F,33,00,72,FE,FF,FF,E0,
0,00000480,false,Rx,0,8,1C,2C,00,00,19,41,00,68,
0,00000284,false,Rx,0,6,00,00,00,00,00,00,00,00,
0,00000588,false,Rx,0,8,0B,00,72,00,00,80,00,00,
0,00000280,false,Rx,0,8,B3,8A,00,00,33,FA,28,33,
0,00000288,false,Rx,0,8,E8,33,D5,00,00,75,57,53,
0,00000380,false,Rx,0,8,B0,80,00,96,20,00,00,FE,
0,00000488,false,Rx,0,8,4F,33,00,72,FE,FF,FF,F0,
0,00000280,false,Rx,0,8,B3,8A,00,00,33,FA,28,33,
0,00000288,false,Rx,0,8,2C,33,D5,00,00,75,57,53,
0,00000380,false,Rx,0,8,B0,80,00,96,20,00,00,FE,
0,00000488,false,Rx,0,8,40,33,00,72,FE,FF,00,00,
0,00000480,false,Rx,0,8,1C,2C,00,00,19,41,00,68,
0,00000284,false,Rx,0,6,01,01,00,00,00,00,00,00,
405000,00000588,false,Rx,0,8,0B,00,72,00,00,80,00,00,
0,00000280,false,Rx,0,8,B3,8A,00,00,33,FA,28,33,
0,00000288,false,Rx,0,8,2C,33,D5,00,00,75,57,53,
0,00000380,false,Rx,0,8,B0,80,00,96,20,00,00,FE,
0,00000488,false,Rx,0,8,AF,33,00,72,FE,FF,FF,10,
0,00000580,false,Rx,0,8,8A,00,00,14,1C,93,48,14,
0,00000280,false,Rx,0,8,B3,8A,00,00,33,FA,28,33,
0,00000288,false,Rx,0,8,2C,33,D5,00,00,75,57,53,
0,00000380,false,Rx,0,8,B0,80,00,96,20,00,00,FE,
0,00000488,false,Rx,0,8,60,33,00,72,FE,FF,00,20,
0,00000480,false,Rx,0,8,1C,2C,00,00,19,41,00,68,
0,00000284,false,Rx,0,6,02,02,00,00,00,00,00,00,
425000,00000588,false,Rx,0,8,0B,00,72,00,00,80,00,00,
0,00000280,false,Rx,0,8,B3,8A,00,00,33,FA,28,33,
0,00000288,false,Rx,0,8,2C,33,D5,00,00,75,57,53,
0,00000380,false,Rx,0,8,B0,80,00,96,20,00,00,FE,
433000,00000488,false,Rx,0,8,70,33,00,72,FE,FF,00,30,
0,00000280,false,Rx,0,8,B3,8A,00,00,33,FA,28,33,
0,00000288,false,Rx,0,8,64,33,D5,00,00,75,57,53,
0,00000380,false,Rx,0,8,B0,80,00,96,20,00,00,FE,
0,00000488,false,Rx,0,8,00,33,00,72,FE,FF,00,40,
0,00000480,false,Rx,0,8,1C,2C,00,00,19,41,00,68,
0,00000284,false,Rx,0,6,03,03,00,00,00,00,00,00,
446000,00000588,false,Rx,0,8,0B,00,72,00,00,80,00,00,
0,00000280,false,Rx,0,8,B3,8A,00,00,33,FA,28,33,
0,00000288,false,Rx,0,8,64,33,D5,00,00,75,57,53,
0,00000380,false,Rx,0,8,B0,80,00,96,20,00,00,FE,
0,00000488,false,Rx,0,8,EF,33,00,72,FE,FF,FF,50,
458000,00000280,false,Rx,0,8,B3,8A,00,00,33,FA,28,33,
0,00000288,false,Rx,0,8,64,33,D5,00,00,75,57,53,
0,00000380,false,Rx,0,8,B0,80,00,96,20,00,00,FE,
0,00000488,false,Rx,0,8,DF,33,00,72,FE,FF,FF,60,
0,00000480,false,Rx,0,8,54,2C,00,00,19,41,00,20,
0,00000284,false,Rx,0,6,04,04,00,00,00,00,00,00,
0,00000588,false,Rx,0,8,0B,00,72,00,00,80,00,00,
0,00000280,false,Rx,0,8,B3,8A,00,00,33,FA,28,33,
0,00000288,false,Rx,0,8,64,33,D5,00,00,75,57,53,
0,00000380,false,Rx,0,8,B0,80,00,96,20,00,00,FE,
0,00000488,false,Rx,0,8,CF,33,00,72,FE,FF,FF,70,
0,00000280,false,Rx,0,8,B3,8A,00,00,33,FA,28,33,
0,00000288,false,Rx,0,8,8A,33,D5,00,00,75,57,53,
0,00000380,false,Rx,0,8,B0,80,00,96,20,00,00,FE,
0,00000488,false,Rx,0,8,3F,33,00,72,FE,FF,FF,80,
0,00000480,false,Rx,0,8,54,2C,00,00,19,41,00,20,
0,00000284,false,Rx,0,6,05,05,00,00,00,00,00,00,
482000,00000588,false,Rx,0,8,0B,00,72,00,00,80,00,00,
0,00000280,false,Rx,0,8,B3,8A,00,00,33,FA,28,33,
0,00000288,false,Rx,0,8,8A,33,D5,00,00,75,57,53,
0,00000380,false,Rx,0,8,B0,80,00,96,20,00,00,FE,
0,00000488,false,Rx,0,8,2F,33,00,72,FE,FF,FF,90,
0,00000280,false,Rx,0,8,B3,8A,00,00,33,FA,28,33,
0,00000288,false,Rx,0,8,8A,33,D5,00,00,75,57,53,
0,00000380,false,Rx,0,8,B0,80,00,96,20,00,00,FE,
0,00000488,false,Rx,0,8,1F,33,00,72,FE,FF,FF,A0,
0,00000480,false,Rx,0,8,54,2C,00,00,19,41,00,20,
0,00000284,false,Rx,0,6,06,06,00,00,00,00,00,00,
0,00000588,false,Rx,0,8,0B,00,72,00,00,80,00,00,
0,00000280,false,Rx,0,8,B3,8A,00,00,33,FA,28,33,
0,00000288,false,Rx,0,8,8A,33,D5,00,00,75,57,53,
0,00000380,false,Rx,0,8,B0,80,00,96,20,00,00,FE,
0,00000488,false,Rx,0,8,0F,33,00,72,FE,FF,FF,B0,
0,00000280,false,Rx,0,8,B3,8A,00,00,33,FA,28,33,
0,00000288,false,Rx,0,8,E8,33,D5,00,00,75,57,53,
0,00000380,false,Rx,0,8,B0,80,00,96,20,00,00,FE,
0,00000488,false,Rx,0,8,7F,33,00,72,FE,FF,FF,C0,
0,00000480,false,Rx,0,8,54,2C,00,00,19,41,00,20,
0,00000284,false,Rx,0,6,07,07,00,00,00,00,00,00,
0,00000588,false,Rx,0,8,0B,00,72,00,00,80,00,00,
0,00000280,false,Rx,0,8,B3,8A,00,00,33,FA,28,33,
0,00000288,false,Rx,0,8,E8,33,D5,00,00,75,57,53,
0,00000380,false,Rx,0,8,B0,80,00,96,20,00,00,FE,
0,00000488,false,Rx,0,8,6F,33,00,72,FE,FF,FF,D0,
0,00000280,false,Rx,0,8,B3,8A,00,00,33,FA,28,33,
0,00000288,false,Rx,0,8,E8,33,D5,00,00,75,57,53,
0,00000380,false,Rx,0,8,B0,80,00,96,20,00,00,FE,
0,00000488,false,Rx,0,8,5F,33,00,72,FE,FF,FF,E0,
0,00000480,false,Rx,0,8,84,2C,00,00,19,41,00,F0,
0,00000284,false,Rx,0,6,08,08,00,00,00,00,00,00,
0,00000588,false,Rx,0,8,0B,00,72,00,00,80,00,00,
0,00000280,false,Rx,0,8,B3,8A,00,00,33,FA,28,33,
0,00000288,false,Rx,0,8,E8,33,D5,00,00,75,57,53,
0,00000380,false,Rx,0,8,B0,80,00,96,20,00,00,FE,
0,00000488,false,Rx,0,8,4F,33,00,72,FE,FF,FF,F0,
0,00000280,false,Rx,0,8,B3,8A,00,00,33,FA,28,33,
0,00000288,false,Rx,0,8,2C,33,D5,00,00,75,57,53,
0,00000380,false,Rx,0,8,B0,80,00,96,20,00,00,FE,
0,00000488,false,Rx,0,8,40,33,00,72,FE,FF,00,00,
0,00000480,false,Rx,0,8,84,2C,00,00,19,41,00,F0,
0,00000284,false,Rx,0,6,09,09,00,00,00,00,00,00,
0,00000588,false,Rx,0,8,0B,00,72,00,00,80,00,00,
0,00000280,false,Rx,0,8,B3,8A,00,00,33,FA,28,33,
0,00000288,false,Rx,0,8,2C,33,D5,00,00,75,57,53,
0,00000380,false,Rx,0,8,B0,80,00,96,20,00,00,FE,
0,00000488,false,Rx,0,8,AF,33,00,72,FE,FF,FF,10,
0,00000280,false,Rx,0,8,B3,8A,00,00,33,FA,28,33,
0,00000288,false,Rx,0,8,2C,33,D5,00,00,75,57,53,
0,00000380,false,Rx,0,8,B0,80,00,96,20,00,00,FE,
0,00000488,false,Rx,0,8,60,33,00,72,FE,FF,00,20,
0,00000480,false,Rx,0,8,84,2C,00,00,19,41,00,F0,
0,00000284,false,Rx,0,6,0A,0A,00,00,00,00,00,00,
0,00000588,false,Rx,0,8,0B,00,72,00,00,80,00,00,
0,00000280,false,Rx,0,8,B3,8A,00,00,33,FA,28,33,
0,00000288,false,Rx,0,8,2C,33,D5,00,00,75,57,53,
0,00000380,false,Rx,0,8,B0,80,00,96,20,00,00,FE,
0,00000488,false,Rx,0,8,70,33,00,72,FE,FF,00,30,
0,00000280,false,Rx,0,8,B3,8A,00,00,33,FA,28,33,
0,00000288,false,Rx,0,8,64,33,D5,00,00,75,57,53,
0,00000380,false,Rx,0,8,B0,80,00,96,20,00,00,FE,
0,00000488,false,Rx,0,8,00,33,00,72,FE,FF,00,40,
0,00000480,false,Rx,0,8,84,2C,00,00,19,41,00,F0,
0,00000284,false,Rx,0,6,0B,0B,00,00,00,00,00,00,
605000,00000588,false,Rx,0,8,0B,00,72,00,00,80,00,00,
0,00000280,false,Rx,0,8,B3,8A,00,00,33,FA,28,33,
0,00000288,false,Rx,0,8,64,33,D5,00,00,75,57,53,
0,00000380,false,Rx,0,8,B0,80,00,96,20,00,00,FE,
614000,00000488,false,Rx,0,8,EF,33,00,72,FE,FF,FF,50,
0,00000280,false,Rx,0,8,B3,8A,00,00,33,FA,28,33,
0,00000288,false,Rx,0,8,64,33,D5,00,00,75,57,53,
0,00000380,false,Rx,0,8,B0,80,00,96,20,00,00,FE,
0,00000488,false,Rx,0,8,DF,33,00,72,FE,FF,FF,60,
0,00000480,false,Rx,0,8,C2,2C,00,00,19,41,00,B6,
0,00000284,false,Rx,0,6,0C,0C,00,00,00,00,00,00,
626000,00000588,false,Rx,0,8,0B,00,72,00,00,80,00,00,
0,00000280,false,Rx,0,8,B3,8A,00,00,33,FA,28,33,
0,00000288,false,Rx,0,8,64,33,D5,00,00,75,57,53,
0,00000380,false,Rx,0,8,B0,80,00,96,20,00,00,FE,
0,00000488,false,Rx,0,8,CF,33,00,72,FE,FF,FF,70,
0,00000280,false,Rx,0,8,B3,8A,00,00,33,FA,28,33,
0,00000288,false,Rx,0,8,8A,33,D5,00,00,75,57,53,
0,00000380,false,Rx,0,8,B0,80,00,96,20,00,00,FE,
0,00000488,false,Rx,0,8,3F,33,00,72,FE,FF,FF,80,
0,00000480,false,Rx,0,8,C2,2C,00,00,19,41,00,B6,
0,00000284,false,Rx,0,6,0D,0D,00,00,00,00,00,00,
646000,00000588,false,Rx,0,8,0B,00,72,00,00,80,00,00,
0,00000280,false,Rx,0,8,B3,8A,00,00,33,FA,28,33,
0,00000288,false,Rx,0,8,8A,33,D5,00,00,75,57,53,
0,00000380,false,Rx,0,8,B0,80,00,96,20,00,00,FE,
0,00000488,false,Rx,0,8,2F,33,00,72,FE,FF,FF,90,
0,00000280,false,Rx,0,8,B3,8A,00,00,33,FA,28,33,
0,00000288,false,Rx,0,8,8A,33,D5,00,00,75,57,53,
0,00000380,false,Rx,0,8,B0,80,00,96,20,00,00,FE,
0,00000488,false,Rx,0,8,1F,33,00,72,FE,FF,FF,A0,
0,00000480,false,Rx,0,8,C2,2C,00,00,19,41,00,B6,
0,00000284,false,Rx,0,6,0E,0E,00,00,00,00,00,00,
0,00000588,false,Rx,0,8,0B,00,72,00,00,80,00,00,
0,00000280,false,Rx,0,8,B3,8A,00,00,33,FA,28,33,
0,00000288,false,Rx,0,8,8A,33,D5,00,00,75,57,53,
0,00000380,false,Rx,0,8,B0,80,00,96,20,00,00,FE,
0,00000488,false,Rx,0,8,0F,33,00,72,FE,FF,FF,B0,
0,00000280,false,Rx,0,8,B3,8A,00,00,33,FA,28,33,
0,00000288,false,Rx,0,8,E8,33,D5,00,00,75,57,53,
0,00000380,false,Rx,0,8,B0,80,00,96,20,00,00,FE,
0,00000488,false,Rx,0,8,7F,33,00,72,FE,FF,FF,C0,
0,00000480,false,Rx,0,8,C2,2C,00,00,19,41,00,B6,
0,00000588,false,Rx,0,8,0B,00,72,00,00,80,00,00,
0,00000284,false,Rx,0,6,0F,0F,00,00,00,00,00,00,
0,00000280,false,Rx,0,8,B3,8A,00,00,33,FA,28,33,
0,00000288,false,Rx,0,8,E8,33,D5,00,00,75,57,53,
0,00000380,false,Rx,0,8,B0,80,00,96,20,00,00,FE,
0,00000488,false,Rx,0,8,6F,33,00,72,FE,FF,FF,D0,
0,00000280,false,Rx,0,8,B3,8A,00,00,33,FA,28,33,
0,00000288,false,Rx,0,8,E8,33,D5,00,00,75,57,53,
0,00000380,false,Rx,0,8,B0,80,00,96,20,00,00,FE,
0,00000488,false,Rx,0,8,5F,33,00,72,FE,FF,FF,E0,
0,00000480,false,Rx,0,8,1C,2C,00,00,19,41,00,68,
0,00000284,false,Rx,0,6,00,00,00,00,00,00,00,00,
0,00000588,false,Rx,0,8,0B,00,72,00,00,80,00,00,
0,00000280,false,Rx,0,8,B3,8A,00,00,33,FA,28,33,
0,00000288,false,Rx,0,8,E8,33,D5,00,00,75,57,53,
0,00000380,false,Rx,0,8,B0,80,00,96,20,00,00,FE,
0,00000488,false,Rx,0,8,4F,33,00,72,FE,FF,FF,F0,
0,00000280,false,Rx,0,8,B3,8A,00,00,33,FA,28,33,
0,00000288,false,Rx,0,8,2C,33,D5,00,00,75,57,53,
0,00000380,false,Rx,0,8,B0,80,00,96,20,00,00,FE,
0,00000488,false,Rx,0,8,40,33,00,72,FE,FF,00,00,
0,00000480,false,Rx,0,8,1C,2C,00,00,19,41,00,68,
0,00000588,false,Rx,0,8,0B,00,72,00,00,80,00,00,
724000,00000284,false,Rx,0,6,01,01,00,00,00,00,00,00,
0,00000280,false,Rx,0,8,B3,8A,00,00,33,FA,28,33,
0,00000288,false,Rx,0,8,2C,33,D5,00,00,75,57,53,
0,00000380,false,Rx,0,8,B0,80,00,96,20,00,00,FE,
0,00000488,false,Rx,0,8,AF,33,00,72,FE,FF,FF,10,
0,00000280,false,Rx,0,8,B3,8A,00,00,33,FA,28,33,
0,00000288,false,Rx,0,8,2C,33,D5,00,00,75,57,53,
0,00000380,false,Rx,0,8,B0,80,00,96,20,00,00,FE,
0,00000488,false,Rx,0,8,60,33,00,72,FE,FF,00,20,
0,00000480,false,Rx,0,8,1C,2C,00,00,19,41,00,68,
0,00000284,false,Rx,0,6,02,02,00,00,00,00,00,00,
0,00000588,false,Rx,0,8,0B,00,72,00,00,80,00,00,
0,00000280,false,Rx,0,8,B3,8A,00,00,33,FA,28,33,
0,00000288,false,Rx,0,8,2C,33,D5,00,00,75,57,53,
0,00000380,false,Rx,0,8,B0,80,00,96,20,00,00,FE,
0,00000488,false,Rx,0,8,70,33,00,72,FE,FF,00,30,
0,00000280,false,Rx,0,8,B3,8A,00,00,33,FA,28,33,
0,00000288,false,Rx,0,8,64,33,D5,00,00,75,57,53,
0,00000380,false,Rx,0,8,B0,80,00,96,20,00,00,FE,
0,00000488,false,Rx,0,8,00,33,00,72,FE,FF,00,40,
0,00000480,false,Rx,0,8,1C,2C,00,00,19,41,00,68,
0,00000284,false,Rx,0,6,03,03,00,00,00,00,00,00,
0,00000588,false,Rx,0,8,0B,00,72,00,00,80,00,00,
0,00000280,false,Rx,0,8,B3,8A,00,00,33,FA,28,33,
0,00000288,false,Rx,0,8,64,33,D5,00,00,75,57,53,
0,00000380,false,Rx,0,8,B0,80,00,96,20,00,00,FE,
0,00000488,false,Rx,0,8,EF,33,00,72,FE,FF,FF,50,
0,00000280,false,Rx,0,8,B3,8A,00,00,33,FA,28,33,
0,00000288,false,Rx,0,8,64,33,D5,00,00,75,57,53,
0,00000380,false,Rx,0,8,B0,80,00,96,20,00,00,FE,
0,00000488,false,Rx,0,8,DF,33,00,72,FE,FF,FF,60,
0,00000480,false,Rx,0,8,54,2C,00,00,19,41,00,20,
0,00000284,false,Rx,0,6,04,04,00,00,00,00,00,00,
786000,00000588,false,Rx,0,8,0B,00,72,00,00,80,00,00,
790000,00000280,false,Rx,0,8,B3,8A,00,00,33,FA,28,33,
0,00000288,false,Rx,0,8,64,33,D5,00,00,75,57,53,
0,00000380,false,Rx,0,8,B0,80,00,96,20,00,00,FE,
0,00000488,false,Rx,0,8,CF,33,00,72,FE,FF,FF,70,
0,00000280,false,Rx,0,8,B3,8A,00,00,33,FA,28,33,
0,00000288,false,Rx,0,8,8A,33,D5,00,00,75,57,53,
0,00000380,false,Rx,0,8,B0,80,00,96,20,00,00,FE,
0,00000488,false,Rx,0,8,3F,33,00,72,FE,FF,FF,80,
0,00000480,false,Rx,0,8,54,2C,00,00,19,41,00,20,
0,00000284,false,Rx,0,6,05,05,00,00,00,00,00,00,
806000,00000588,false,Rx,0,8,0B,00,72,00,00,80,00,00,
0,00000280,false,Rx,0,8,B3,8A,00,00,33,FA,28,33,
0,00000288,false,Rx,0,8,8A,33,D5,00,00,75,57,53,
0,00000380,false,Rx,0,8,B0,80,00,96,20,00,00,FE,
814000,00000488,false,Rx,0,8,2F,33,00,72,FE,FF,FF,90,
0,00000280,false,Rx,0,8,B3,8A,00,00,33,FA,28,33,
0,00000288,false,Rx,0,8,8A,33,D5,00,00,75,57,53,
0,00000380,false,Rx,0,8,B0,80,00,96,20,00,00,FE,
0,00000488,false,Rx,0,8,1F,33,00,72,FE,FF,FF,A0,
0,00000480,false,Rx,0,8,54,2C,00,00,19,41,00,20,
0,00000588,false,Rx,0,8,0B,00,72,00,00,80,00,00,
827000,00000284,false,Rx,0,6,06,06,00,00,00,00,00,00,
0,00000280,false,Rx,0,8,B3,8A,00,00,33,FA,28,33,
0,00000288,false,Rx,0,8,8A,33,D5,00,00,75,57,53,
0,00000380,false,Rx,0,8,B0,80,00,96,20,00,00,FE,
0,00000488,false,Rx,0,8,0F,33,00,72,FE,FF,FF,B0,
839000,00000280,false,Rx,0,8,B3,8A,00,00,33,FA,28,33,
0,00000288,false,Rx,0,8,E8,33,D5,00,00,75,57,53,
0,00000380,false,Rx,0,8,B0,80,00,96,20,00,00,FE,
0,00000488,false,Rx,0,8,7F,33,00,72,FE,FF,FF,C0,
0,00000480,false,Rx,0,8,54,2C,00,00,19,41,00,20,
0,00000284,false,Rx,0,6,07,07,00,00,00,00,00,00,
0,00000588,false,Rx,0,8,0B,00,72,00,00,80,00,00,
0,00000280,false,Rx,0,8,B3,8A,00,00,33,FA,28,33,
0,00000288,false,Rx,0,8,E8,33,D5,00,00,75,57,53,
0,00000380,false,Rx,0,8,B0,80,00,96,20,00,00,FE,
0,00000488,false,Rx,0,8,6F,33,00,72,FE,FF,FF,D0,
0,00000280,false,Rx,0,8,B3,8A,00,00,33,FA,28,33,
0,00000288,false,Rx,0,8,E8,33,D5,00,00,75,57,53,
0,00000380,false,Rx,0,8,B0,80,00,96,20,00,00,FE,
0,00000488,false,Rx,0,8,5F,33,00,72,FE,FF,FF,E0,
0,00000480,false,Rx,0,8,84,2C,00,00,19,41,00,F0,
0,00000284,false,Rx,0,6,08,08,00,00,00,00,00,00,
863000,00000588,false,Rx,0,8,0B,00,72,00,00,80,00,00,
0,00000280,false,Rx,0,8,B3,8A,00,00,33,FA,28,33,
0,00000288,false,Rx,0,8,E8,33,D5,00,00,75,57,53,
0,00000380,false,Rx,0,8,B0,80,00,96,20,00,00,FE,
0,00000488,false,Rx,0,8,4F,33,00,72,FE,FF,FF,F0,
0,00000280,false,Rx,0,8,B3,8A,00,00,33,FA,28,33,
0,00000288,false,Rx,0,8,2C,33,D5,00,00,75,57,53,
0,00000380,false,Rx,0,8,B0,80,00,96,20,00,00,FE,
0,00000488,false,Rx,0,8,40,33,00,72,FE,FF,00,00,
0,00000480,false,Rx,0,8,84,2C,00,00,19,41,00,F0,
0,00000284,false,Rx,0,6,09,09,00,00,00,00,00,00,
0,00000588,false,Rx,0,8,0B,00,72,00,00,80,00,00,
0,00000280,false,Rx,0,8,B3,8A,00,00,33,FA,28,33,
0,00000288,false,Rx,0,8,2C,33,D5,00,00,75,57,53,
0,00000380,false,Rx,0,8,B0,80,00,96,20,00,00,FE,
0,00000488,false,Rx,0,8,AF,33,00,72,FE,FF,FF,10,
0,00000280,false,Rx,0,8,B3,8A,00,00,33,FA,28,33,
0,00000288,false,Rx,0,8,2C,33,D5,00,00,75,57,53,
0,00000380,false,Rx,0,8,B0,80,00,96,20,00,00,FE,
0,00000488,false,Rx,0,8,60,33,00,72,FE,FF,00,20,
0,00000480,false,Rx,0,8,84,2C,00,00,19,41,00,F0,
0,00000284,false,Rx,0,6,0A,0A,00,00,00,00,00,00,
0,00000588,false,Rx,0,8,0B,00,72,00,00,80,00,00,
0,00000280,false,Rx,0,8,B3,8A,00,00,33,FA,28,33,
0,00000288,false,Rx,0,8,2C,33,D5,00,00,75,57,53,
0,00000380,false,Rx,0,8,B0,80,00,96,20,00,00,FE,
0,00000488,false,Rx,0,8,70,33,00,72,FE,FF,00,30,
0,00000280,false,Rx,0,8,B3,8A,00,00,33,FA,28,33,
0,00000288,false,Rx,0,8,64,33,D5,00,00,75,57,53,
0,00000380,false,Rx,0,8,B0,80,00,96,20,00,00,FE,
0,00000488,false,Rx,0,8,00,33,00,72,FE,FF,00,40,
0,00000480,false,Rx,0,8,84,2C,00,00,19,41,00,F0,
0,00000588,false,Rx,0,8,0B,00,72,00,00,80,00,00,
0,00000284,false,Rx,0,6,0B,0B,00,00,00,00,00,00,
929000,00000280,false,Rx,0,8,B3,8A,00,00,33,FA,28,33,
0,00000288,false,Rx,0,8,64,33,D5,00,00,75,57,53,
0,00000380,false,Rx,0,8,B0,80,00,96,20,00,00,FE,
0,00000488,false,Rx,0,8,EF,33,00,72,FE,FF,FF,50,
0,00000280,false,Rx,0,8,B3,8A,00,00,33,FA,28,33,
0,00000288,false,Rx,0,8,64,33,D5,00,00,75,57,53,
0,00000380,false,Rx,0,8,B0,80,00,96,20,00,00,FE,
0,00000488,false,Rx,0,8,DF,33,00,72,FE,FF,FF,60,
0,00000480,false,Rx,0,8,C2,2C,00,00,19,41,00,B6,
0,00000284,false,Rx,0,6,0C,0C,00,00,00,00,00,00,
0,00000588,false,Rx,0,8,0B,00,72,00,00,80,00,00,
0,00000280,false,Rx,0,8,B3,8A,00,00,33,FA,28,33,
0,00000288,false,Rx,0,8,64,33,D5,00,00,75,57,53,
0,00000380,false,Rx,0,8,B0,80,00,96,20,00,00,FE,
0,00000488,false,Rx,0,8,CF,33,00,72,FE,FF,FF,70,
0,00000280,false,Rx,0,8,B3,8A,00,00,33,FA,28,33,
0,00000288,false,Rx,0,8,8A,33,D5,00,00,75,57,53,
0,00000380,false,Rx,0,8,B0,80,00,96,20,00,00,FE,
0,00000488,false,Rx,0,8,3F,33,00,72,FE,FF,FF,80,
0,00000480,false,Rx,0,8,C2,2C,00,00,19,41,00,B6,
0,00000588,false,Rx,0,8,0B,00,72,00,00,80,00,00,
0,00000284,false,Rx,0,6,0D,0D,00,00,00,00,00,00,
0,00000280,false,Rx,0,8,B3,8A,00,00,33,FA,28,33,
0,00000288,false,Rx,0,8,8A,33,D5,00,00,75,57,53,
0,00000380,false,Rx,0,8,B0,80,00,96,20,00,00,FE,
0,00000488,false,Rx,0,8,2F,33,00,72,FE,FF,FF,90,
0,00000280,false,Rx,0,8,B3,8A,00,00,33,FA,28,33,
0,00000288,false,Rx,0,8,8A,33,D5,00,00,75,57,53,
0,00000380,false,Rx,0,8,B0,80,00,96,20,00,00,FE,
0,00000488,false,Rx,0,8,1F,33,00,72,FE,FF,FF,A0,
0,00000480,false,Rx,0,8,C2,2C,00,00,19,41,00,B6,
0,00000284,false,Rx,0,6,0E,0E,00,00,00,00,00,00,
986000,00000588,false,Rx,0,8,0B,00,72,00,00,80,00,00,
0,00000280,false,Rx,0,8,B3,8A,00,00,33,FA,28,33,
0,00000288,false,Rx,0,8,8A,33,D5,00,00,75,57,53,
0,00000380,false,Rx,0,8,B0,80,00,96,20,00,00,FE,
994000,00000488,false,Rx,0,8,0F,33,00,72,FE,FF,FF,B0,
0,00000280,false,Rx,0,8,B3,8A,00,00,33,FA,28,33,
0,00000288,false,Rx,0,8,E8,33,D5,00,00,75,57,53,
0,00000380,false,Rx,0,8,B0,80,00,96,20,00,00,FE,
0,00000488,false,Rx,0,8,7F,33,00,72,FE,FF,FF,C0,
0,00000480,false,Rx,0,8,C2,2C,00,00,19,41,00,B6,
0,00000284,false,Rx,0,6,0F,0F,00,00,00,00,00,00,
0,00000588,false,Rx,0,8,0B,00,72,00,00,80,00,00,
0,00000280,false,Rx,0,8,B3,8A,00,00,33,FA,28,33,
0,00000288,false,Rx,0,8,E8,33,D5,00,00,75,57,53,
0,00000380,false,Rx,0,8,B0,80,00,96,20,00,00,FE,
0,00000488,false,Rx,0,8,6F,33,00,72,FE,FF,FF,D0,
0,00000280,false,Rx,0,8,B3,8A,00,00,33,FA,28,33,
0,00000288,false,Rx,0,8,E8,33,D5,00,00,75,57,53,
0,00000380,false,Rx,0,8,B0,80,00,96,20,00,00,FE,
0,00000488,false,Rx,0,8,5F,33,00,72,FE,FF,FF,E0,
0,00000480,false,Rx,0,8,1C,2C,00,00,19,41,00,68,
0,00000284,false,Rx,0,6,00,00,00,00,00,00,00,00,
0,00000588,false,Rx,0,8,0B,00,72,00,00,80,00,00,
0,00000280,false,Rx,0,8,B3,8A,00,00,33,FA,28,33,
0,00000288,false,Rx,0,8,E8,33,D5,00,00,75,57,53,
0,00000380,false,Rx,0,8,B0,80,00,96,20,00,00,FE,
36000,00000488,false,Rx,0,8,4F,33,00,72,FE,FF,FF,F0,
0,00000280,false,Rx,0,8,B3,8A,00,00,33,FA,28,33,
0,00000288,false,Rx,0,8,2C,33,D5,00,00,75,57,53,
0,00000380,false,Rx,0,8,B0,80,00,96,20,00,00,FE,
0,00000488,false,Rx,0,8,40,33,00,72,FE,FF,00,00,
0,00000480,false,Rx,0,8,1C,2C,00,00,19,41,00,68,
0,00000284,false,Rx,0,6,01,01,00,00,00,00,00,00,
48000,00000588,false,Rx,0,8,0B,00,72,00,00,80,00,00,
0,00000280,false,Rx,0,8,B3,8A,00,00,33,FA,28,33,
0,00000288,false,Rx,0,8,2C,33,D5,00,00,75,57,53,
0,00000380,false,Rx,0,8,B0,80,00,96,20,00,00,FE,
0,00000488,false,Rx,0,8,AF,33,00,72,FE,FF,FF,10,
0,00000280,false,Rx,0,8,B3,8A,00,00,33,FA,28,33,
0,00000288,false,Rx,0,8,2C,33,D5,00,00,75,57,53,
0,00000380,false,Rx,0,8,B0,80,00,96,20,00,00,FE,
0,00000488,false,Rx,0,8,60,33,00,72,FE,FF,00,20,
0,00000480,false,Rx,0,8,1C,2C,00,00,19,41,00,68,
0,00000588,false,Rx,0,8,0B,00,72,00,00,80,00,00,
0,00000284,false,Rx,0,6,02,02,00,00,00,00,00,00,
0,00000280,false,Rx,0,8,B3,8A,00,00,33,FA,28,33,
0,00000288,false,Rx,0,8,2C,33,D5,00,00,75,57,53,
0,00000380,false,Rx,0,8,B0,80,00,96,20,00,00,FE,
0,00000488,false,Rx,0,8,70,33,00,72,FE,FF,00,30,
0,00000280,false,Rx,0,8,B3,8A,00,00,33,FA,28,33,
0,00000288,false,Rx,0,8,64,33,D5,00,00,75,57,53,
0,00000380,false,Rx,0,8,B0,80,00,96,20,00,00,FE,
0,00000488,false,Rx,0,8,00,33,00,72,FE,FF,00,40,
0,00000480,false,Rx,0,8,1C,2C,00,00,19,41,00,68,
0,00000284,false,Rx,0,6,03,03,00,00,00,00,00,00,
0,00000588,false,Rx,0,8,0B,00,72,00,00,80,00,00,
0,00000280,false,Rx,0,8,B3,8A,00,00,33,FA,28,33,
0,00000288,false,Rx,0,8,64,33,D5,00,00,75,57,53,
0,00000380,false,Rx,0,8,B0,80,00,96,20,00,00,FE,
0,00000488,false,Rx,0,8,EF,33,00,72,FE,FF,FF,50,
0,00000280,false,Rx,0,8,B3,8A,00,00,33,FA,28,33,
0,00000288,false,Rx,0,8,64,33,D5,00,00,75,57,53,
0,00000380,false,Rx,0,8,B0,80,00,96,20,00,00,FE,
0,00000488,false,Rx,0,8,DF,33,00,72,FE,FF,FF,60,
0,00000480,false,Rx,0,8,54,2C,00,00,19,41,00,20,
0,00000588,false,Rx,0,8,0B,00,72,00,00,80,00,00,
105000,00000284,false,Rx,0,6,04,04,00,00,00,00,00,00,
0,00000280,false,Rx,0,8,B3,8A,00,00,33,FA,28,33,
0,00000288,false,Rx,0,8,64,33,D5,00,00,75,57,53,
0,00000380,false,Rx,0,8,B0,80,00,96,20,00,00,FE,
0,00000488,false,Rx,0,8,CF,33,00,72,FE,FF,FF,70,
0,00000280,false,Rx,0,8,B3,8A,00,00,33,FA,28,33,
0,00000288,false,Rx,0,8,8A,33,D5,00,00,75,57,53,
0,00000380,false,Rx,0,8,B0,80,00,96,20,00,00,FE,
0,00000488,false,Rx,0,8,3F,33,00,72,FE,FF,FF,80,
0,00000480,false,Rx,0,8,54,2C,00,00,19,41,00,20,
0,00000284,false,Rx,0,6,05,05,00,00,00,00,00,00,
0,00000588,false,Rx,0,8,0B,00,72,00,00,80,00,00,
0,00000280,false,Rx,0,8,B3,8A,00,00,33,FA,28,33,
0,00000288,false,Rx,0,8,8A,33,D5,00,00,75,57,53,
0,00000380,false,Rx,0,8,B0,80,00,96,20,00,00,FE,
0,00000488,false,Rx,0,8,2F,33,00,72,FE,FF,FF,90,
0,00000280,false,Rx,0,8,B3,8A,00,00,33,FA,28,33,
0,00000288,false,Rx,0,8,8A,33,D5,00,00,75,57,53,
0,00000380,false,Rx,0,8,B0,80,00,96,20,00,00,FE,
0,00000488,false,Rx,0,8,1F,33,00,72,FE,FF,FF,A0,
0,00000480,false,Rx,0,8,54,2C,00,00,19,41,00,20,
0,00000284,false,Rx,0,6,06,06,00,00,00,00,00,00,
0,00000588,false,Rx,0,8,0B,00,72,00,00,80,00,00,
0,00000280,false,Rx,0,8,B3,8A,00,00,33,FA,28,33,
0,00000288,false,Rx,0,8,8A,33,D5,00,00,75,57,53,
0,00000380,false,Rx,0,8,B0,80,00,96,20,00,00,FE,
0,00000488,false,Rx,0,8,0F,33,00,72,FE,FF,FF,B0,
0,00000280,false,Rx,0,8,B3,8A,00,00,33,FA,28,33,
0,00000288,false,Rx,0,8,E8,33,D5,00,00,75,57,53,
0,00000380,false,Rx,0,8,B0,80,00,96,20,00,00,FE,
0,00000488,false,Rx,0,8,7F,33,00,72,FE,FF,FF,C0,
0,00000480,false,Rx,0,8,54,2C,00,00,19,41,00,20,
0,00000284,false,Rx,0,6,07,07,00,00,00,00,00,00,
0,00000588,false,Rx,0,8,0B,00,72,00,00,80,00,00,
0,00000280,false,Rx,0,8,B3,8A,00,00,33,FA,28,33,
0,00000288,false,Rx,0,8,E8,33,D5,00,00,75,57,53,
0,00000380,false,Rx,0,8,B0,80,00,96,20,00,00,FE,
0,00000488,false,Rx,0,8,6F,33,00,72,FE,FF,FF,D0,
0,00000280,false,Rx,0,8,B3,8A,00,00,33,FA,28,33,
0,00000288,false,Rx,0,8,E8,33,D5,00,00,75,57,53,
0,00000380,false,Rx,0,8,B0,80,00,96,20,00,00,FE,
0,00000488,false,Rx,0,8,5F,33,00,72,FE,FF,FF,E0,
0,00000480,false,Rx,0,8,84,2C,00,00,19,41,00,F0,
0,00000284,false,Rx,0,6,08,08,00,00,00,00,00,00,
0,00000588,false,Rx,0,8,0B,00,72,00,00,80,00,00,
0,00000280,false,Rx,0,8,B3,8A,00,00,33,FA,28,33,
0,00000288,false,Rx,0,8,E8,33,D5,00,00,75,57,53,
0,00000380,false,Rx,0,8,B0,80,00,96,20,00,00,FE,
0,00000488,false,Rx,0,8,4F,33,00,72,FE,FF,FF,F0,
0,00000280,false,Rx,0,8,B3,8A,00,00,33,FA,28,33,
0,00000288,false,Rx,0,8,2C,33,D5,00,00,75,57,53,
0,00000380,false,Rx,0,8,B0,80,00,96,20,00,00,FE,
0,00000488,false,Rx,0,8,40,33,00,72,FE,FF,00,00,
0,00000480,false,Rx,0,8,84,2C,00,00,19,41,00,F0,
0,00000284,false,Rx,0,6,09,09,00,00,00,00,00,00,
208000,00000588,false,Rx,0,8,0B,00,72,00,00,80,00,00,
0,00000280,false,Rx,0,8,B3,8A,00,00,33,FA,28,33,
0,00000288,false,Rx,0,8,2C,33,D5,00,00,75,57,53,
0,00000380,false,Rx,0,8,B0,80,00,96,20,00,00,FE,
0,00000488,false,Rx,0,8,AF,33,00,72,FE,FF,FF,10,
0,00000280,false,Rx,0,8,B3,8A,00,00,33,FA,28,33,
0,00000288,false,Rx,0,8,2C,33,D5,00,00,75,57,53,
0,00000380,false,Rx,0,8,B0,80,00,96,20,00,00,FE,
0,00000488,false,Rx,0,8,60,33,00,72,FE,FF,00,20,
0,00000480,false,Rx,0,8,84,2C,00,00,19,41,00,F0,
0,00000284,false,Rx,0,6,0A,0A,00,00,00,00,00,00,
228000,00000588,false,Rx,0,8,0B,00,72,00,00,80,00,00,
0,00000280,false,Rx,0,8,B3,8A,00,00,33,FA,28,33,
0,00000288,false,Rx,0,8,2C,33,D5,00,00,75,57,53,
0,00000380,false,Rx,0,8,B0,80,00,96,20,00,00,FE,
236000,00000488,false,Rx,0,8,70,33,00,72,FE,FF,00,30,
0,00000280,false,Rx,0,8,B3,8A,00,00,33,FA,28,33,
0,00000288,false,Rx,0,8,64,33,D5,00,00,75,57,53,
0,00000380,false,Rx,0,8,B0,80,00,96,20,00,00,FE,
0,00000488,false,Rx,0,8,00,33,00,72,FE,FF,00,40,
0,00000480,false,Rx,0,8,84,2C,00,00,19,41,00,F0,
0,00000284,false,Rx,0,6,0B,0B,00,00,00,00,00,00,
249000,00000588,false,Rx,0,8,0B,00,72,00,00,80,00,00,
0,00000280,false,Rx,0,8,B3,8A,00,00,33,FA,28,33,
0,00000288,false,Rx,0,8,64,33,D5,00,00,75,57,53,
0,00000380,false,Rx,0,8,B0,80,00,96,20,00,00,FE,
0,00000488,false,Rx,0,8,EF,33,00,72,FE,FF,FF,50,
261000,00000280,false,Rx,0,8,B3,8A,00,00,33,FA,28,33,
0,00000288,false,Rx,0,8,64,33,D5,00,00,75,57,53,
0,00000380,false,Rx,0,8,B0,80,00,96,20,00,00,FE,
0,00000488,false,Rx,0,8,DF,33,00,72,FE,FF,FF,60,
0,00000480,false,Rx,0,8,C2,2C,00,00,19,41,00,B6,
0,00000284,false,Rx,0,6,0C,0C,00,00,00,00,00,00,
0,00000588,false,Rx,0,8,0B,00,72,00,00,80,00,00,
0,00000280,false,Rx,0,8,B3,8A,00,00,33,FA,28,33,
0,00000288,false,Rx,0,8,64,33,D5,00,00,75,57,53,
0,00000380,false,Rx,0,8,B0,80,00,96,20,00,00,FE,
0,00000488,false,Rx,0,8,CF,33,00,72,FE,FF,FF,70,
0,00000280,false,Rx,0,8,B3,8A,00,00,33,FA,28,33,
0,00000288,false,Rx,0,8,8A,33,D5,00,00,75,57,53,
0,00000380,false,Rx,0,8,B0,80,00,96,20,00,00,FE,
0,00000488,false,Rx,0,8,3F,33,00,72,FE,FF,FF,80,
0,00000480,false,Rx,0,8,C2,2C,00,00,19,41,00,B6,
0,00000284,false,Rx,0,6,0D,0D,00,00,00,00,00,00,
285000,00000588,false,Rx,0,8,0B,00,72,00,00,80,00,00,
0,00000280,false,Rx,0,8,B3,8A,00,00,33,FA,28,33,
0,00000288,false,Rx,0,8,8A,33,D5,00,00,75,57,53,
0,00000380,false,Rx,0,8,B0,80,00,96,20,00,00,FE,
0,00000488,false,Rx,0,8,2F,33,00,72,FE,FF,FF,90,
0,00000280,false,Rx,0,8,B3,8A,00,00,33,FA,28,33,
0,00000288,false,Rx,0,8,8A,33,D5,00,00,75,57,53,
0,00000380,false,Rx,0,8,B0,80,00,96,20,00,00,FE,
0,00000488,false,Rx,0,8,1F,33,00,72,FE,FF,FF,A0,
0,00000480,false,Rx,0,8,C2,2C,00,00,19,41,00,B6,
0,00000284,false,Rx,0,6,0E,0E,00,00,00,00,00,00,
0,00000588,false,Rx,0,8,0B,00,72,00,00,80,00,00,
0,00000280,false,Rx,0,8,B3,8A,00,00,33,FA,28,33,
0,00000288,false,Rx,0,8,8A,33,D5,00,00,75,57,53,
0,00000380,false,Rx,0,8,B0,80,00,96,20,00,00,FE,
0,00000488,false,Rx,0,8,0F,33,00,72,FE,FF,FF,B0,
0,00000280,false,Rx,0,8,B3,8A,00,00,33,FA,28,33,
0,00000288,false,Rx,0,8,E8,33,D5,00,00,75,57,53,
0,00000380,false,Rx,0,8,B0,80,00,96,20,00,00,FE,
0,00000488,false,Rx,0,8,7F,33,00,72,FE,FF,FF,C0,
0,00000480,false,Rx,0,8,C2,2C,00,00,19,41,00,B6,
0,00000284,false,Rx,0,6,0F,0F,00,00,00,00,00,00,
0,00000588,false,Rx,0,8,0B,00,72,00,00,80,00,00,
0,00000280,false,Rx,0,8,B3,8A,00,00,33,FA,28,33,
0,00000288,false,Rx,0,8,E8,33,D5,00,00,75,57,53,
0,00000380,false,Rx,0,8,B0,80,00,96,20,00,00,FE,
0,00000488,false,Rx,0,8,6F,33,00,72,FE,FF,FF,D0,
0,00000280,false,Rx,0,8,B3,8A,00,00,33,FA,28,33,
0,00000288,false,Rx,0,8,E8,33,D5,00,00,75,57,53,
0,00000380,false,Rx,0,8,B0,80,00,96,20,00,00,FE,
0,00000488,false,Rx,0,8,5F,33,00,72,FE,FF,FF,E0,
0,00000480,false,Rx,0,8,1C,2C,00,00,19,41,00,68,
0,00000284,false,Rx,0,6,00,00,00,00,00,00,00,00,
0,00000588,false,Rx,0,8,0B,00,72,00,00,80,00,00,
0,00000280,false,Rx,0,8,B3,8A,00,00,33,FA,28,33,
0,00000288,false,Rx,0,8,E8,33,D5,00,00,75,57,53,
0,00000380,false,Rx,0,8,B0,80,00,96,20,00,00,FE,
0,00000488,false,Rx,0,8,4F,33,00,72,FE,FF,FF,F0,
0,00000280,false,Rx,0,8,B3,8A,00,00,33,FA,28,33,
0,00000288,false,Rx,0,8,2C,33,D5,00,00,75,57,53,
0,00000380,false,Rx,0,8,B0,80,00,96,20,00,00,FE,
0,00000488,false,Rx,0,8,40,33,00,72,FE,FF,00,00,
0,00000480,false,Rx,0,8,1C,2C,00,00,19,41,00,68,
0,00000284,false,Rx,0,6,01,01,00,00,00,00,00,00,
0,00000588,false,Rx,0,8,0B,00,72,00,00,80,00,00,
0,00000280,false,Rx,0,8,B3,8A,00,00,33,FA,28,33,
0,00000288,false,Rx,0,8,2C,33,D5,00,00,75,57,53,
0,00000380,false,Rx,0,8,B0,80,00,96,20,00,00,FE,
376000,00000488,false,Rx,0,8,AF,33,00,72,FE,FF,FF,10,
0,00000280,false,Rx,0,8,B3,8A,00,00,33,FA,28,33,
0,00000288,false,Rx,0,8,2C,33,D5,00,00,75,57,53,
0,00000380,false,Rx,0,8,B0,80,00,96,20,00,00,FE,
0,00000488,false,Rx,0,8,60,33,00,72,FE,FF,00,20,
0,00000480,false,Rx,0,8,1C,2C,00,00,19,41,00,68,
0,00000284,false,Rx,0,6,02,02,00,00,00,00,00,00,
0,00000588,false,Rx,0,8,0B,00,72,00,00,80,00,00,
0,00000280,false,Rx,0,8,B3,8A,00,00,33,FA,28,33,
0,00000288,false,Rx,0,8,2C,33,D5,00,00,75,57,53,
0,00000380,false,Rx,0,8,B0,80,00,96,20,00,00,FE,
0,00000488,false,Rx,0,8,70,33,00,72,FE,FF,00,30,
0,00000280,false,Rx,0,8,B3,8A,00,00,33,FA,28,33,
0,00000288,false,Rx,0,8,64,33,D5,00,00,75,57,53,
0,00000380,false,Rx,0,8,B0,80,00,96,20,00,00,FE,
0,00000488,false,Rx,0,8,00,33,00,72,FE,FF,00,40,
0,00000480,false,Rx,0,8,1C,2C,00,00,19,41,00,68,
0,00000284,false,Rx,0,6,03,03,00,00,00,00,00,00,
408000,00000588,false,Rx,0,8,0B,00,72,00,00,80,00,00,
0,00000280,false,Rx,0,8,B3,8A,00,00,33,FA,28,33,
0,00000288,false,Rx,0,8,64,33,D5,00,00,75,57,53,
0,00000380,false,Rx,0,8,B0,80,00,96,20,00,00,FE,
0,00000488,false,Rx,0,8,EF,33,00,72,FE,FF,FF,50,
416000,00000580,false,Rx,0,8,8B,00,00,11,1F,E0,0C,46,
0,00000280,false,Rx,0,8,B3,8A,00,00,33,FA,28,33,
0,00000288,false,Rx,0,8,64,33,D5,00,00,75,57,53,
0,00000380,false,Rx,0,8,B0,80,00,96,20,00,00,FE,
0,00000488,false,Rx,0,8,DF,33,00,72,FE,FF,FF,60,
0,00000480,false,Rx,0,8,54,2C,00,00,19,41,00,20,
0,00000284,false,Rx,0,6,04,04,00,00,00,00,00,00,
429000,00000588,false,Rx,0,8,0B,00,72,00,00,80,00,00,
0,00000280,false,Rx,0,8,B3,8A,00,00,33,FA,28,33,
0,00000288,false,Rx,0,8,64,33,D5,00,00,75,57,53,
0,00000380,false,Rx,0,8,B0,80,00,96,20,00,00,FE,
0,00000488,false,Rx,0,8,CF,33,00,72,FE,FF,FF,70,
0,00000280,false,Rx,0,8,B3,8A,00,00,33,FA,28,33,
0,00000288,false,Rx,0,8,8A,33,D5,00,00,75,57,53,
0,00000380,false,Rx,0,8,B0,80,00,96,20,00,00,FE,
0,00000488,false,Rx,0,8,3F,33,00,72,FE,FF,FF,80,
0,00000480,false,Rx,0,8,54,2C,00,00,19,41,00,20,
0,00000284,false,Rx,0,6,05,05,00,00,00,00,00,00,
449000,00000588,false,Rx,0,8,0B,00,72,00,00,80,00,00,
0,00000280,false,Rx,0,8,B3,8A,00,00,33,FA,28,33,
0,00000288,false,Rx,0,8,8A,33,D5,00,00,75,57,53,
0,00000380,false,Rx,0,8,B0,80,00,96,20,00,00,FE,
0,00000488,false,Rx,0,8,2F,33,00,72,FE,FF,FF,90,
0,00000280,false,Rx,0,8,B3,8A,00,00,33,FA,28,33,
0,00000288,false,Rx,0,8,8A,33,D5,00,00,75,57,53,
0,00000380,false,Rx,0,8,B0,80,00,96,20,00,00,FE,
0,00000488,false,Rx,0,8,1F,33,00,72,FE,FF,FF,A0,
0,00000480,false,Rx,0,8,54,2C,00,00,19,41,00,20,
0,00000284,false,Rx,0,6,06,06,00,00,00,00,00,00,
466000,00000588,false,Rx,0,8,03,00,72,00,00,80,00,00,
0,00000280,false,Rx,0,8,B3,8A,00,00,33,FA,28,33,
0,00000288,false,Rx,0,8,8A,33,D5,00,00,75,57,53,
0,00000380,false,Rx,0,8,B0,80,00,96,20,00,00,FE,
0,00000488,false,Rx,0,8,0F,33,00,72,FE,FF,FF,B0,
0,00000280,false,Rx,0,8,B3,8A,00,00,33,FA,28,33,
0,00000288,false,Rx,0,8,E8,33,D5,00,00,75,57,53,
0,00000380,false,Rx,0,8,B0,80,00,96,20,00,00,FE,
0,00000488,false,Rx,0,8,7F,33,00,72,FE,FF,FF,C0,
0,00000480,false,Rx,0,8,54,2C,00,00,19,41,00,20,
0,00000284,false,Rx,0,6,07,07,00,00,00,00,00,00,
486000,00000588,false,Rx,0,8,0B,00,72,00,00,80,00,00,
0,00000280,false,Rx,0,8,B3,8A,00,00,33,FA,28,33,
0,00000288,false,Rx,0,8,E8,33,D5,00,00,75,57,53,
0,00000380,false,Rx,0,8,B0,80,00,96,20,00,00,FE,
0,00000488,false,Rx,0,8,6F,33,00,72,FE,FF,FF,D0,
0,00000280,false,Rx,0,8,B3,8A,00,00,33,FA,28,33,
0,00000288,false,Rx,0,8,E8,33,D5,00,00,75,57,53,
0,00000380,false,Rx,0,8,B0,80,00,96,20,00,00,FE,
0,00000488,false,Rx,0,8,5F,33,00,72,FE,FF,FF,E0,
0,00000480,false,Rx,0,8,84,2C,00,00,19,41,00,F0,
0,00000284,false,Rx,0,6,08,08,00,00,00,00,00,00,
0,00000588,false,Rx,0,8,0B,00,72,00,00,80,00,00,
0,00000280,false,Rx,0,8,B3,8A,00,00,33,FA,28,33,
0,00000288,false,Rx,0,8,E8,33,D5,00,00,75,57,53,
0,00000380,false,Rx,0,8,B0,80,00,96,20,00,00,FE,
0,00000488,false,Rx,0,8,4F,33,00,72,FE,FF,FF,F0,
0,00000280,false,Rx,0,8,B3,8A,00,00,33,FA,28,33,
0,00000288,false,Rx,0,8,2C,33,D5,00,00,75,57,53,
0,00000380,false,Rx,0,8,B0,80,00,96,20,00,00,FE,
0,00000488,false,Rx,0,8,40,33,00,72,FE,FF,00,00,
0,00000480,false,Rx,0,8,84,2C,00,00,19,41,00,F0,
0,00000284,false,Rx,0,6,09,09,00,00,00,00,00,00,
0,00000588,false,Rx,0,8,0B,00,72,00,00,80,00,00,
0,00000280,false,Rx,0,8,B3,8A,00,00,33,FA,28,33,
0,00000288,false,Rx,0,8,2C,33,D5,00,00,75,57,53,
0,00000380,false,Rx,0,8,B0,80,00,96,20,00,00,FE,
0,00000488,false,Rx,0,8,AF,33,00,72,FE,FF,FF,10,
0,00000280,false,Rx,0,8,B3,8A,00,00,33,FA,28,33,
0,00000288,false,Rx,0,8,2C,33,D5,00,00,75,57,53,
0,00000380,false,Rx,0,8,B0,80,00,96,20,00,00,FE,
0,00000488,false,Rx,0,8,60,33,00,72,FE,FF,00,20,
0,00000480,false,Rx,0,8,84,2C,00,00,19,41,00,F0,
0,00000284,false,Rx,0,6,0A,0A,00,00,00,00,00,00,
0,00000588,false,Rx,0,8,0B,00,72,00,00,80,00,00,
0,00000280,false,Rx,0,8,B3,8A,00,00,33,FA,28,33,
0,00000288,false,Rx,0,8,2C,33,D5,00,00,75,57,53,
0,00000380,false,Rx,0,8,B0,80,00,96,20,00,00,FE,
0,00000488,false,Rx,0,8,70,33,00,72,FE,FF,00,30,
0,00000280,false,Rx,0,8,B3,8A,00,00,33,FA,28,33,
0,00000288,false,Rx,0,8,64,33,D5,00,00,75,57,53,
0,00000380,false,Rx,0,8,B0,80,00,96,20,00,00,FE,
0,00000488,false,Rx,0,8,00,33,00,72,FE,FF,00,40,
0,00000480,false,Rx,0,8,84,2C,00,00,19,41,00,F0,
0,00000284,false,Rx,0,6,0B,0B,00,00,00,00,00,00,
0,00000588,false,Rx,0,8,0B,00,72,00,00,80,00,00,
0,00000280,false,Rx,0,8,B3,8A,00,00,33,FA,28,33,
0,00000288,false,Rx,0,8,64,33,D5,00,00,75,57,53,
0,00000380,false,Rx,0,8,B0,80,00,96,20,00,00,FE,
0,00000488,false,Rx,0,8,EF,33,00,72,FE,FF,FF,50,
0,00000280,false,Rx,0,8,B3,8A,00,00,33,FA,28,33,
0,00000288,false,Rx,0,8,64,33,D5,00,00,75,57,53,
0,00000380,false,Rx,0,8,B0,80,00,96,20,00,00,FE,
0,00000488,false,Rx,0,8,DF,33,00,72,FE,FF,FF,60,
0,00000480,false,Rx,0,8,C2,2C,00,00,19,41,00,B6,
0,00000284,false,Rx,0,6,0C,0C,00,00,00,00,00,00,
589000,00000588,false,Rx,0,8,0B,00,72,00,00,80,00,00,
0,00000280,false,Rx,0,8,B3,8A,00,00,33,FA,28,33,
0,00000288,false,Rx,0,8,64,33,D5,00,00,75,57,53,
0,00000380,false,Rx,0,8,B0,80,00,96,20,00,00,FE,
597000,00000488,false,Rx,0,8,CF,33,00,72,FE,FF,FF,70,
0,00000280,false,Rx,0,8,B3,8A,00,00,33,FA,28,33,
0,00000288,false,Rx,0,8,8A,33,D5,00,00,75,57,53,
0,00000380,false,Rx,0,8,B0,80,00,96,20,00,00,FE,
0,00000488,false,Rx,0,8,3F,33,00,72,FE,FF,FF,80,
0,00000480,false,Rx,0,8,C2,2C,00,00,19,41,00,B6,
0,00000284,false,Rx,0,6,0D,0D,00,00,00,00,00,00,
609000,00000588,false,Rx,0,8,0B,00,72,00,00,80,00,00,
0,00000280,false,Rx,0,8,B3,8A,00,00,33,FA,28,33,
0,00000288,false,Rx,0,8,8A,33,D5,00,00,75,57,53,
0,00000380,false,Rx,0,8,B0,80,00,96,20,00,00,FE,
617000,00000488,false,Rx,0,8,2F,33,00,72,FE,FF,FF,90,
0,00000280,false,Rx,0,8,B3,8A,00,00,33,FA,28,33,
0,00000288,false,Rx,0,8,8A,33,D5,00,00,75,57,53,
0,00000380,false,Rx,0,8,B0,80,00,96,20,00,00,FE,
0,00000488,false,Rx,0,8,1F,33,00,72,FE,FF,FF,A0,
0,00000480,false,Rx,0,8,C2,2C,00,00,19,41,00,B6,
0,00000284,false,Rx,0,6,0E,0E,00,00,00,00,00,00,
630000,00000588,false,Rx,0,8,0B,00,72,00,00,80,00,00,
0,00000280,false,Rx,0,8,B3,8A,00,00,33,FA,28,33,
0,00000288,false,Rx,0,8,8A,33,D5,00,00,75,57,53,
0,00000380,false,Rx,0,8,B0,80,00,96,20,00,00,FE,
0,00000488,false,Rx,0,8,0F,33,00,72,FE,FF,FF,B0,
0,00000280,false,Rx,0,8,B3,8A,00,00,33,FA,28,33,
0,00000288,false,Rx,0,8,E8,33,D5,00,00,75,57,53,
0,00000380,false,Rx,0,8,B0,80,00,96,20,00,00,FE,
0,00000488,false,Rx,0,8,7F,33,00,72,FE,FF,FF,C0,
0,00000480,false,Rx,0,8,C2,2C,00,00,19,41,00,B6,
0,00000284,false,Rx,0,6,0F,0F,00,00,00,00,00,00,
0,00000588,false,Rx,0,8,0B,00,72,00,00,80,00,00,
0,00000280,false,Rx,0,8,B3,8A,00,00,33,FA,28,33,
0,00000288,false,Rx,0,8,E8,33,D5,00,00,75,57,53,
0,00000380,false,Rx,0,8,B0,80,00,96,20,00,00,FE,
0,00000488,false,Rx,0,8,6F,33,00,72,FE,FF,FF,D0,
0,00000280,false,Rx,0,8,B3,8A,00,00,33,FA,28,33,
0,00000288,false,Rx,0,8,E8,33,D5,00,00,75,57,53,
0,00000380,false,Rx,0,8,B0,80,00,96,20,00,00,FE,
0,00000488,false,Rx,0,8,5F,33,00,72,FE,FF,FF,E0,
0,00000480,false,Rx,0,8,1C,2C,00,00,19,41,00,68,
0,00000284,false,Rx,0,6,00,00,00,00,00,00,00,00,
0,00000588,false,Rx,0,8,0B,00,72,00,00,80,00,00,
0,00000280,false,Rx,0,8,B3,8A,00,00,33,FA,28,33,
0,00000288,false,Rx,0,8,E8,33,D5,00,00,75,57,53,
0,00000380,false,Rx,0,8,B0,80,00,96,20,00,00,FE,
0,00000488,false,Rx,0,8,4F,33,00,72,FE,FF,FF,F0,
0,00000280,false,Rx,0,8,B3,8A,00,00,33,FA,28,33,
0,00000288,false,Rx,0,8,2C,33,D5,00,00,75,57,53,
0,00000380,false,Rx,0,8,B0,80,00,96,20,00,00,FE,
0,00000488,false,Rx,0,8,40,33,00,72,FE,FF,00,00,
0,00000480,false,Rx,0,8,1C,2C,00,00,19,41,00,68,
0,00000284,false,Rx,0,6,01,01,00,00,00,00,00,00,
0,00000588,false,Rx,0,8,0B,00,72,00,00,80,00,00,
0,00000280,false,Rx,0,8,B3,8A,00,00,33,FA,28,33,
0,00000288,false,Rx,0,8,2C,33,D5,00,00,75,57,53,
0,00000380,false,Rx,0,8,B0,80,00,96,20,00,00,FE,
0,00000488,false,Rx,0,8,AF,33,00,72,FE,FF,FF,10,
0,00000280,false,Rx,0,8,B3,8A,00,00,33,FA,28,33,
0,00000288,false,Rx,0,8,2C,33,D5,00,00,75,57,53,
0,00000380,false,Rx,0,8,B0,80,00,96,20,00,00,FE,
0,00000488,false,Rx,0,8,60,33,00,72,FE,FF,00,20,
0,00000480,false,Rx,0,8,1C,2C,00,00,19,41,00,68,
0,00000284,false,Rx,0,6,02,02,00,00,00,00,00,00,
0,00000588,false,Rx,0,8,0B,00,72,00,00,80,00,00,
0,00000280,false,Rx,0,8,B3,8A,00,00,33,FA,28,33,
0,00000288,false,Rx,0,8,2C,33,D5,00,00,75,57,53,
0,00000380,false,Rx,0,8,B0,80,00,96,20,00,00,FE,
0,00000488,false,Rx,0,8,70,33,00,72,FE,FF,00,30,
0,00000280,false,Rx,0,8,B3,8A,00,00,33,FA,28,33,
0,00000288,false,Rx,0,8,64,33,D5,00,00,75,57,53,
0,00000380,false,Rx,0,8,B0,80,00,96,20,00,00,FE,
0,00000488,false,Rx,0,8,00,33,00,72,FE,FF,00,40,
0,00000480,false,Rx,0,8,1C,2C,00,00,19,41,00,68,
0,00000284,false,Rx,0,6,03,03,00,00,00,00,00,00,
0,00000588,false,Rx,0,8,0B,00,72,00,00,80,00,00,
732000,00000280,false,Rx,0,8,B3,8A,00,00,33,FA,28,33,
0,00000288,false,Rx,0,8,64,33,D5,00,00,75,57,53,
0,00000380,false,Rx,0,8,B0,80,00,96,20,00,00,FE,
0,00000488,false,Rx,0,8,EF,33,00,72,FE,FF,FF,50,
0,00000280,false,Rx,0,8,B3,8A,00,00,33,FA,28,33,
0,00000288,false,Rx,0,8,64,33,D5,00,00,75,57,53,
0,00000380,false,Rx,0,8,B0,80,00,96,20,00,00,FE,
0,00000488,false,Rx,0,8,DF,33,00,72,FE,FF,FF,60,
0,00000480,false,Rx,0,8,54,2C,00,00,19,41,00,20,
0,00000284,false,Rx,0,6,04,04,00,00,00,00,00,00,
0,00000588,false,Rx,0,8,0B,00,72,00,00,80,00,00,
0,00000280,false,Rx,0,8,B3,8A,00,00,33,FA,28,33,
0,00000288,false,Rx,0,8,64,33,D5,00,00,75,57,53,
0,00000380,false,Rx,0,8,B0,80,00,96,20,00,00,FE,
0,00000488,false,Rx,0,8,CF,33,00,72,FE,FF,FF,70,
0,00000280,false,Rx,0,8,B3,8A,00,00,33,FA,28,33,
0,00000288,false,Rx,0,8,8A,33,D5,00,00,75,57,53,
0,00000380,false,Rx,0,8,B0,80,00,96,20,00,00,FE,
0,00000488,false,Rx,0,8,3F,33,00,72,FE,FF,FF,80,
0,00000480,false,Rx,0,8,54,2C,00,00,19,41,00,20,
0,00000284,false,Rx,0,6,05,05,00,00,00,00,00,00,
0,00000588,false,Rx,0,8,0B,00,72,00,00,80,00,00,
0,00000280,false,Rx,0,8,B3,8A,00,00,33,FA,28,33,
0,00000288,false,Rx,0,8,8A,33,D5,00,00,75,57,53,
0,00000380,false,Rx,0,8,B0,80,00,96,20,00,00,FE,
0,00000488,false,Rx,0,8,2F,33,00,72,FE,FF,FF,90,
0,00000280,false,Rx,0,8,B3,8A,00,00,33,FA,28,33,
0,00000288,false,Rx,0,8,8A,33,D5,00,00,75,57,53,
0,00000380,false,Rx,0,8,B0,80,00,96,20,00,00,FE,
0,00000488,false,Rx,0,8,1F,33,00,72,FE,FF,FF,A0,
0,00000480,false,Rx,0,8,54,2C,00,00,19,41,00,20,
0,00000284,false,Rx,0,6,06,06,00,00,00,00,00,00,
789000,00000588,false,Rx,0,8,0B,00,72,00,00,80,00,00,
0,00000280,false,Rx,0,8,B3,8A,00,00,33,FA,28,33,
0,00000288,false,Rx,0,8,8A,33,D5,00,00,75,57,53,
0,00000380,false,Rx,0,8,B0,80,00,96,20,00,00,FE,
797000,00000488,false,Rx,0,8,0F,33,00,72,FE,FF,FF,B0,
0,00000280,false,Rx,0,8,B3,8A,00,00,33,FA,28,33,
0,00000288,false,Rx,0,8,E8,33,D5,00,00,75,57,53,
0,00000380,false,Rx,0,8,B0,80,00,96,20,00,00,FE,
0,00000488,false,Rx,0,8,7F,33,00,72,FE,FF,FF,C0,
0,00000480,false,Rx,0,8,54,2C,00,00,19,41,00,20,
0,00000284,false,Rx,0,6,07,07,00,00,00,00,00,00,
810000,00000588,false,Rx,0,8,0B,00,72,00,00,80,00,00,
0,00000280,false,Rx,0,8,B3,8A,00,00,33,FA,28,33,
0,00000288,false,Rx,0,8,E8,33,D5,00,00,75,57,53,
0,00000380,false,Rx,0,8,B0,80,00,96,20,00,00,FE,
0,00000488,false,Rx,0,8,6F,33,00,72,FE,FF,FF,D0,
0,00000280,false,Rx,0,8,B3,8A,00,00,33,FA,28,33,
0,00000288,false,Rx,0,8,E8,33,D5,00,00,75,57,53,
0,00000380,false,Rx,0,8,B0,80,00,96,20,00,00,FE,
0,00000488,false,Rx,0,8,5F,33,00,72,FE,FF,FF,E0,
0,00000480,false,Rx,0,8,84,2C,00,00,19,41,00,F0,
0,00000284,false,Rx,0,6,08,08,00,00,00,00,00,00,
0,00000588,false,Rx,0,8,0B,00,72,00,00,80,00,00,
0,00000280,false,Rx,0,8,B3,8A,00,00,33,FA,28,33,
0,00000288,false,Rx,0,8,E8,33,D5,00,00,75,57,53,
0,00000380,false,Rx,0,8,B0,80,00,96,20,00,00,FE,
0,00000488,false,Rx,0,8,4F,33,00,72,FE,FF,FF,F0,
0,00000280,false,Rx,0,8,B3,8A,00,00,33,FA,28,33,
0,00000288,false,Rx,0,8,2C,33,D5,00,00,75,57,53,
0,00000380,false,Rx,0,8,B0,80,00,96,20,00,00,FE,
0,00000488,false,Rx,0,8,40,33,00,72,FE,FF,00,00,
0,00000480,false,Rx,0,8,84,2C,00,00,19,41,00,F0,
0,00000284,false,Rx,0,6,09,09,00,00,00,00,00,00,
846000,00000588,false,Rx,0,8,0B,00,72,00,00,80,00,00,
0,00000280,false,Rx,0,8,B3,8A,00,00,33,FA,28,33,
0,00000288,false,Rx,0,8,2C,33,D5,00,00,75,57,53,
0,00000380,false,Rx,0,8,B0,80,00,96,20,00,00,FE,
0,00000488,false,Rx,0,8,AF,33,00,72,FE,FF,FF,10,
0,00000280,false,Rx,0,8,B3,8A,00,00,33,FA,28,33,
0,00000288,false,Rx,0,8,2C,33,D5,00,00,75,57,53,
0,00000380,false,Rx,0,8,B0,80,00,96,20,00,00,FE,
0,00000488,false,Rx,0,8,60,33,00,72,FE,FF,00,20,
0,00000480,false,Rx,0,8,84,2C,00,00,19,41,00,F0,
0,00000284,false,Rx,0,6,0A,0A,00,00,00,00,00,00,
0,00000588,false,Rx,0,8,0B,00,72,00,00,80,00,00,
0,00000280,false,Rx,0,8,B3,8A,00,00,33,FA,28,33,
0,00000288,false,Rx,0,8,2C,33,D5,00,00,75,57,53,
0,00000380,false,Rx,0,8,B0,80,00,96,20,00,00,FE,
0,00000488,false,Rx,0,8,70,33,00,72,FE,FF,00,30,
0,00000280,false,Rx,0,8,B3,8A,00,00,33,FA,28,33,
0,00000288,false,Rx,0,8,64,33,D5,00,00,75,57,53,
0,00000380,false,Rx,0,8,B0,80,00,96,20,00,00,FE,
0,00000488,false,Rx,0,8,00,33,00,72,FE,FF,00,40,
0,00000480,false,Rx,0,8,84,2C,00,00,19,41,00,F0,
0,00000284,false,Rx,0,6,0B,0B,00,00,00,00,00,00,
0,00000588,false,Rx,0,8,0B,00,72,00,00,80,00,00,
0,00000280,false,Rx,0,8,B3,8A,00,00,33,FA,28,33,
0,00000288,false,Rx,0,8,64,33,D5,00,00,75,57,53,
0,00000380,false,Rx,0,8,B0,80,00,96,20,00,00,FE,
0,00000488,false,Rx,0,8,EF,33,00,72,FE,FF,FF,50,
0,00000280,false,Rx,0,8,B3,8A,00,00,33,FA,28,33,
0,00000288,false,Rx,0,8,64,33,D5,00,00,75,57,53,
0,00000380,false,Rx,0,8,B0,80,00,96,20,00,00,FE,
0,00000488,false,Rx,0,8,DF,33,00,72,FE,FF,FF,60,
0,00000480,false,Rx,0,8,C2,2C,00,00,19,41,00,B6,
0,00000284,false,Rx,0,6,0C,0C,00,00,00,00,00,00,
0,00000588,false,Rx,0,8,0B,00,72,00,00,80,00,00,
0,00000280,false,Rx,0,8,B3,8A,00,00,33,FA,28,33,
0,00000288,false,Rx,0,8,64,33,D5,00,00,75,57,53,
0,00000380,false,Rx,0,8,B0,80,00,96,20,00,00,FE,
0,00000488,false,Rx,0,8,CF,33,00,72,FE,FF,FF,70,
0,00000280,false,Rx,0,8,B3,8A,00,00,33,FA,28,33,
0,00000288,false,Rx,0,8,8A,33,D5,00,00,75,57,53,
0,00000380,false,Rx,0,8,B0,80,00,96,20,00,00,FE,
0,00000488,false,Rx,0,8,3F,33,00,72,FE,FF,FF,80,
0,00000480,false,Rx,0,8,C2,2C,00,00,19,41,00,B6,
0,00000284,false,Rx,0,6,0D,0D,00,00,00,00,00,00,
0,00000588,false,Rx,0,8,0B,00,72,00,00,80,00,00,
0,00000280,false,Rx,0,8,B3,8A,00,00,33,FA,28,33,
0,00000288,false,Rx,0,8,8A,33,D5,00,00,75,57,53,
0,00000380,false,Rx,0,8,B0,80,00,96,20,00,00,FE,
0,00000488,false,Rx,0,8,2F,33,00,72,FE,FF,FF,90,
0,00000280,false,Rx,0,8,B3,8A,00,00,33,FA,28,33,
0,00000288,false,Rx,0,8,8A,33,D5,00,00,75,57,53,
0,00000380,false,Rx,0,8,B0,80,00,96,20,00,00,FE,
0,00000488,false,Rx,0,8,1F,33,00,72,FE,FF,FF,A0,
0,00000480,false,Rx,0,8,C2,2C,00,00,19,41,00,B6,
0,00000284,false,Rx,0,6,0E,0E,00,00,00,00,00,00,
0,00000588,false,Rx,0,8,0B,00,72,00,00,80,00,00,
0,00000280,false,Rx,0,8,B3,8A,00,00,33,FA,28,33,
0,00000288,false,Rx,0,8,8A,33,D5,00,00,75,57,53,
0,00000380,false,Rx,0,8,B0,80,00,96,20,00,00,FE,
0,00000488,false,Rx,0,8,0F,33,00,72,FE,FF,FF,B0,
0,00000280,false,Rx,0,8,B3,8A,00,00,33,FA,28,33,
0,00000288,false,Rx,0,8,E8,33,D5,00,00,75,57,53,
0,00000380,false,Rx,0,8,B0,80,00,96,20,00,00,FE,
0,00000488,false,Rx,0,8,7F,33,00,72,FE,FF,FF,C0,
0,00000480,false,Rx,0,8,C2,2C,00,00,19,41,00,B6,
0,00000284,false,Rx,0,6,0F,0F,00,00,00,00,00,00,
969000,00000588,false,Rx,0,8,0B,00,72,00,00,80,00,00,
0,00000280,false,Rx,0,8,B3,8A,00,00,33,FA,28,33,
0,00000288,false,Rx,0,8,E8,33,D5,00,00,75,57,53,
0,00000380,false,Rx,0,8,B0,80,00,96,20,00,00,FE,
978000,00000488,false,Rx,0,8,6F,33,00,72,FE,FF,FF,D0,
0,00000280,false,Rx,0,8,B3,8A,00,00,33,FA,28,33,
0,00000288,false,Rx,0,8,E8,33,D5,00,00,75,57,53,
0,00000380,false,Rx,0,8,B0,80,00,96,20,00,00,FE,
0,00000488,false,Rx,0,8,5F,33,00,72,FE,FF,FF,E0,
0,00000480,false,Rx,0,8,1C,2C,00,00,19,41,00,68,
0,00000284,false,Rx,0,6,00,00,00,00,00,00,00,00,
990000,00000588,false,Rx,0,8,0B,00,72,00,00,80,00,00,
0,00000280,false,Rx,0,8,B3,8A,00,00,33,FA,28,33,
0,00000288,false,Rx,0,8,E8,33,D5,00,00,75,57,53,
0,00000380,false,Rx,0,8,B0,80,00,96,20,00,00,FE,
998000,00000488,false,Rx,0,8,4F,33,00,72,FE,FF,FF,F0,
0,00000280,false,Rx,0,8,B3,8A,00,00,33,FA,28,33,
0,00000288,false,Rx,0,8,2C,33,D5,00,00,75,57,53,
0,00000380,false,Rx,0,8,B0,80,00,96,20,00,00,FE,
0,00000488,false,Rx,0,8,40,33,00,72,FE,FF,00,00,
0,00000480,false,Rx,0,8,1C,2C,00,00,19,41,00,68,
0,00000284,false,Rx,0,6,01,01,00,00,00,00,00,00,
10000,00000588,false,Rx,0,8,0B,00,72,00,00,80,00,00,
0,00000280,false,Rx,0,8,B3,8A,00,00,33,FA,28,33,
0,00000288,false,Rx,0,8,2C,33,D5,00,00,75,57,53,
0,00000380,false,Rx,0,8,B0,80,00,96,20,00,00,FE,
0,00000488,false,Rx,0,8,AF,33,00,72,FE,FF,FF,10,
0,00000280,false,Rx,0,8,B3,8A,00,00,33,FA,28,33,
0,00000288,false,Rx,0,8,2C,33,D5,00,00,75,57,53,
0,00000380,false,Rx,0,8,B0,80,00,96,20,00,00,FE,
0,00000488,false,Rx,0,8,60,33,00,72,FE,FF,00,20,
0,00000480,false,Rx,0,8,1C,2C,00,00,19,41,00,68,
0,00000284,false,Rx,0,6,02,02,00,00,00,00,00,00,
0,00000588,false,Rx,0,8,0B,00,72,00,00,80,00,00,
0,00000280,false,Rx,0,8,B3,8A,00,00,33,FA,28,33,
0,00000288,false,Rx,0,8,2C,33,D5,00,00,75,57,53,
0,00000380,false,Rx,0,8,B0,80,00,96,20,00,00,FE,
0,00000488,false,Rx,0,8,70,33,00,72,FE,FF,00,30,
0,00000280,false,Rx,0,8,B3,8A,00,00,33,FA,28,33,
0,00000288,false,Rx,0,8,64,33,D5,00,00,75,57,53,
0,00000380,false,Rx,0,8,B0,80,00,96,20,00,00,FE,
0,00000488,false,Rx,0,8,00,33,00,72,FE,FF,00,40,
0,00000480,false,Rx,0,8,1C,2C,00,00,19,41,00,68,
0,00000284,false,Rx,0,6,03,03,00,00,00,00,00,00,
47000,00000588,false,Rx,0,8,0B,00,72,00,00,80,00,00,
0,00000280,false,Rx,0,8,B3,8A,00,00,33,FA,28,33,
0,00000288,false,Rx,0,8,64,33,D5,00,00,75,57,53,
0,00000380,false,Rx,0,8,B0,80,00,96,20,00,00,FE,
0,00000488,false,Rx,0,8,EF,33,00,72,FE,FF,FF,50,
0,00000280,false,Rx,0,8,B3,8A,00,00,33,FA,28,33,
0,00000288,false,Rx,0,8,64,33,D5,00,00,75,57,53,
0,00000380,false,Rx,0,8,B0,80,00,96,20,00,00,FE,
0,00000488,false,Rx,0,8,DF,33,00,72,FE,FF,FF,60,
0,00000480,false,Rx,0,8,54,2C,00,00,19,41,00,20,
0,00000284,false,Rx,0,6,04,04,00,00,00,00,00,00,
0,00000588,false,Rx,0,8,0B,00,72,00,00,80,00,00,
0,00000280,false,Rx,0,8,B3,8A,00,00,33,FA,28,33,
0,00000288,false,Rx,0,8,64,33,D5,00,00,75,57,53,
0,00000380,false,Rx,0,8,B0,80,00,96,20,00,00,FE,
0,00000488,false,Rx,0,8,CF,33,00,72,FE,FF,FF,70,
0,00000280,false,Rx,0,8,B3,8A,00,00,33,FA,28,33,
0,00000288,false,Rx,0,8,8A,33,D5,00,00,75,57,53,
0,00000380,false,Rx,0,8,B0,80,00,96,20,00,00,FE,
0,00000488,false,Rx,0,8,3F,33,00,72,FE,FF,FF,80,
0,00000480,false,Rx,0,8,54,2C,00,00,19,41,00,20,
0,00000284,false,Rx,0,6,05,05,00,00,00,00,00,00,
0,00000588,false,Rx,0,8,0B,00,72,00,00,80,00,00,
0,00000280,false,Rx,0,8,B3,8A,00,00,33,FA,28,33,
0,00000288,false,Rx,0,8,8A,33,D5,00,00,75,57,53,
0,00000380,false,Rx,0,8,B0,80,00,96,20,00,00,FE,
0,00000488,false,Rx,0,8,2F,33,00,72,FE,FF,FF,90,
0,00000280,false,Rx,0,8,B3,8A,00,00,33,FA,28,33,
0,00000288,false,Rx,0,8,8A,33,D5,00,00,75,57,53,
0,00000380,false,Rx,0,8,B0,80,00,96,20,00,00,FE,
0,00000488,false,Rx,0,8,1F,33,00,72,FE,FF,FF,A0,
0,00000480,false,Rx,0,8,54,2C,00,00,19,41,00,20,
0,00000284,false,Rx,0,6,06,06,00,00,00,00,00,00,
0,00000588,false,Rx,0,8,0B,00,72,00,00,80,00,00,
113000,00000280,false,Rx,0,8,B3,8A,00,00,33,FA,28,33,
0,00000288,false,Rx,0,8,8A,33,D5,00,00,75,57,53,
0,00000380,false,Rx,0,8,B0,80,00,96,20,00,00,FE,
0,00000488,false,Rx,0,8,0F,33,00,72,FE,FF,FF,B0,
0,00000280,false,Rx,0,8,B3,8A,00,00,33,FA,28,33,
0,00000288,false,Rx,0,8,E8,33,D5,00,00,75,57,53,
0,00000380,false,Rx,0,8,B0,80,00,96,20,00,00,FE,
0,00000488,false,Rx,0,8,7F,33,00,72,FE,FF,FF,C0,
0,00000480,false,Rx,0,8,54,2C,00,00,19,41,00,20,
0,00000284,false,Rx,0,6,07,07,00,00,00,00,00,00,
0,00000588,false,Rx,0,8,0B,00,72,00,00,80,00,00,
0,00000280,false,Rx,0,8,B3,8A,00,00,33,FA,28,33,
0,00000288,false,Rx,0,8,E8,33,D5,00,00,75,57,53,
0,00000380,false,Rx,0,8,B0,80,00,96,20,00,00,FE,
0,00000488,false,Rx,0,8,6F,33,00,72,FE,FF,FF,D0,
0,00000280,false,Rx,0,8,B3,8A,00,00,33,FA,28,33,
0,00000288,false,Rx,0,8,E8,33,D5,00,00,75,57,53,
0,00000380,false,Rx,0,8,B0,80,00,96,20,00,00,FE,
0,00000488,false,Rx,0,8,5F,33,00,72,FE,FF,FF,E0,
0,00000480,false,Rx,0,8,84,2C,00,00,19,41,00,F0,
0,00000284,false,Rx,0,6,08,08,00,00,00,00,00,00,
150000,00000588,false,Rx,0,8,0B,00,72,00,00,80,00,00,
0,00000280,false,Rx,0,8,B3,8A,00,00,33,FA,28,33,
0,00000288,false,Rx,0,8,E8,33,D5,00,00,75,57,53,
0,00000380,false,Rx,0,8,B0,80,00,96,20,00,00,FE,
0,00000488,false,Rx,0,8,4F,33,00,72,FE,FF,FF,F0,
0,00000280,false,Rx,0,8,B3,8A,00,00,33,FA,28,33,
0,00000288,false,Rx,0,8,2C,33,D5,00,00,75,57,53,
0,00000380,false,Rx,0,8,B0,80,00,96,20,00,00,FE,
0,00000488,false,Rx,0,8,40,33,00,72,FE,FF,00,00,
0,00000480,false,Rx,0,8,84,2C,00,00,19,41,00,F0,
0,00000284,false,Rx,0,6,09,09,00,00,00,00,00,00,
170000,00000588,false,Rx,0,8,0B,00,72,00,00,80,00,00,
0,00000280,false,Rx,0,8,B3,8A,00,00,33,FA,28,33,
0,00000288,false,Rx,0,8,2C,33,D5,00,00,75,57,53,
0,00000380,false,Rx,0,8,B0,80,00,96,20,00,00,FE,
178000,00000488,false,Rx,0,8,AF,33,00,72,FE,FF,FF,10,
0,00000280,false,Rx,0,8,B3,8A,00,00,33,FA,28,33,
0,00000288,false,Rx,0,8,2C,33,D5,00,00,75,57,53,
0,00000380,false,Rx,0,8,B0,80,00,96,20,00,00,FE,
0,00000488,false,Rx,0,8,60,33,00,72,FE,FF,00,20,
0,00000480,false,Rx,0,8,84,2C,00,00,19,41,00,F0,
0,00000284,false,Rx,0,6,0A,0A,00,00,00,00,00,00,
191000,00000588,false,Rx,0,8,0B,00,72,00,00,80,00,00,
0,00000280,false,Rx,0,8,B3,8A,00,00,33,FA,28,33,
0,00000288,false,Rx,0,8,2C,33,D5,00,00,75,57,53,
0,00000380,false,Rx,0,8,B0,80,00,96,20,00,00,FE,
0,00000488,false,Rx,0,8,70,33,00,72,FE,FF,00,30,
203000,00000280,false,Rx,0,8,B3,8A,00,00,33,FA,28,33,
0,00000288,false,Rx,0,8,64,33,D5,00,00,75,57,53,
0,00000380,false,Rx,0,8,B0,80,00,96,20,00,00,FE,
0,00000488,false,Rx,0,8,00,33,00,72,FE,FF,00,40,
0,00000480,false,Rx,0,8,84,2C,00,00,19,41,00,F0,
0,00000284,false,Rx,0,6,0B,0B,00,00,00,00,00,00,
0,00000588,false,Rx,0,8,0B,00,72,00,00,80,00,00,
0,00000280,false,Rx,0,8,B3,8A,00,00,33,FA,28,33,
0,00000288,false,Rx,0,8,64,33,D5,00,00,75,57,53,
0,00000380,false,Rx,0,8,B0,80,00,96,20,00,00,FE,
0,00000488,false,Rx,0,8,EF,33,00,72,FE,FF,FF,50,
0,00000280,false,Rx,0,8,B3,8A,00,00,33,FA,28,33,
0,00000288,false,Rx,0,8,64,33,D5,00,00,75,57,53,
0,00000380,false,Rx,0,8,B0,80,00,96,20,00,00,FE,
0,00000488,false,Rx,0,8,DF,33,00,72,FE,FF,FF,60,
0,00000480,false,Rx,0,8,C2,2C,00,00,19,41,00,B6,
0,00000284,false,Rx,0,6,0C,0C,00,00,00,00,00,00,
227000,00000588,false,Rx,0,8,0B,00,72,00,00,80,00,00,
0,00000280,false,Rx,0,8,B3,8A,00,00,33,FA,28,33,
0,00000288,false,Rx,0,8,64,33,D5,00,00,75,57,53,
0,00000380,false,Rx,0,8,B0,80,00,96,20,00,00,FE,
0,00000488,false,Rx,0,8,CF,33,00,72,FE,FF,FF,70,
0,00000280,false,Rx,0,8,B3,8A,00,00,33,FA,28,33,
0,00000288,false,Rx,0,8,8A,33,D5,00,00,75,57,53,
0,00000380,false,Rx,0,8,B0,80,00,96,20,00,00,FE,
0,00000488,false,Rx,0,8,3F,33,00,72,FE,FF,FF,80,
0,00000480,false,Rx,0,8,C2,2C,00,00,19,41,00,B6,
0,00000284,false,Rx,0,6,0D,0D,00,00,00,00,00,00,
0,00000588,false,Rx,0,8,0B,00,72,00,00,80,00,00,
0,00000280,false,Rx,0,8,B3,8A,00,00,33,FA,28,33,
0,00000288,false,Rx,0,8,8A,33,D5,00,00,75,57,53,
0,00000380,false,Rx,0,8,B0,80,00,96,20,00,00,FE,
0,00000488,false,Rx,0,8,2F,33,00,72,FE,FF,FF,90,
0,00000280,false,Rx,0,8,B3,8A,00,00,33,FA,28,33,
0,00000288,false,Rx,0,8,8A,33,D5,00,00,75,57,53,
0,00000380,false,Rx,0,8,B0,80,00,96,20,00,00,FE,
0,00000488,false,Rx,0,8,1F,33,00,72,FE,FF,FF,A0,
0,00000480,false,Rx,0,8,C2,2C,00,00,19,41,00,B6,
0,00000284,false,Rx,0,6,0E,0E,00,00,00,00,00,00,
0,00000588,false,Rx,0,8,0B,00,72,00,00,80,00,00,
0,00000280,false,Rx,0,8,B3,8A,00,00,33,FA,28,33,
0,00000288,false,Rx,0,8,8A,33,D5,00,00,75,57,53,
0,00000380,false,Rx,0,8,B0,80,00,96,20,00,00,FE,
0,00000488,false,Rx,0,8,0F,33,00,72,FE,FF,FF,B0,
0,00000280,false,Rx,0,8,B3,8A,00,00,33,FA,28,33,
0,00000288,false,Rx,0,8,E8,33,D5,00,00,75,57,53,
0,00000380,false,Rx,0,8,B0,80,00,96,20,00,00,FE,
0,00000488,false,Rx,0,8,7F,33,00,72,FE,FF,FF,C0,
0,00000480,false,Rx,0,8,C2,2C,00,00,19,41,00,B6,
0,00000284,false,Rx,0,6,0F,0F,00,00,00,00,00,00,
0,00000588,false,Rx,0,8,0B,00,72,00,00,80,00,00,
0,00000280,false,Rx,0,8,B3,8A,00,00,33,FA,28,33,
0,00000288,false,Rx,0,8,E8,33,D5,00,00,75,57,53,
0,00000380,false,Rx,0,8,B0,80,00,96,20,00,00,FE,
0,00000488,false,Rx,0,8,6F,33,00,72,FE,FF,FF,D0,
0,00000280,false,Rx,0,8,B3,8A,00,00,33,FA,28,33,
0,00000288,false,Rx,0,8,E8,33,D5,00,00,75,57,53,
0,00000380,false,Rx,0,8,B0,80,00,96,20,00,00,FE,
0,00000488,false,Rx,0,8,5F,33,00,72,FE,FF,FF,E0,
0,00000480,false,Rx,0,8,1C,2C,00,00,19,41,00,68,
0,00000284,false,Rx,0,6,00,00,00,00,00,00,00,00,
0,00000588,false,Rx,0,8,0B,00,72,00,00,80,00,00,
0,00000280,false,Rx,0,8,B3,8A,00,00,33,FA,28,33,
0,00000288,false,Rx,0,8,E8,33,D5,00,00,75,57,53,
0,00000380,false,Rx,0,8,B0,80,00,96,20,00,00,FE,
0,00000488,false,Rx,0,8,4F,33,00,72,FE,FF,FF,F0,
0,00000280,false,Rx,0,8,B3,8A,00,00,33,FA,28,33,
0,00000288,false,Rx,0,8,2C,33,D5,00,00,75,57,53,
0,00000380,false,Rx,0,8,B0,80,00,96,20,00,00,FE,
0,00000488,false,Rx,0,8,40,33,00,72,FE,FF,00,00,
0,00000480,false,Rx,0,8,1C,2C,00,00,19,41,00,68,
0,00000284,false,Rx,0,6,01,01,00,00,00,00,00,00,
0,00000588,false,Rx,0,8,0B,00,72,00,00,80,00,00,
0,00000280,false,Rx,0,8,B3,8A,00,00,33,FA,28,33,
0,00000288,false,Rx,0,8,2C,33,D5,00,00,75,57,53,
0,00000380,false,Rx,0,8,B0,80,00,96,20,00,00,FE,
0,00000488,false,Rx,0,8,AF,33,00,72,FE,FF,FF,10,
0,00000280,false,Rx,0,8,B3,8A,00,00,33,FA,28,33,
0,00000288,false,Rx,0,8,2C,33,D5,00,00,75,57,53,
0,00000380,false,Rx,0,8,B0,80,00,96,20,00,00,FE,
0,00000488,false,Rx,0,8,60,33,00,72,FE,FF,00,20,
0,00000480,false,Rx,0,8,1C,2C,00,00,19,41,00,68,
0,00000284,false,Rx,0,6,02,02,00,00,00,00,00,00,
350000,00000588,false,Rx,0,8,0B,00,72,00,00,80,00,00,
0,00000280,false,Rx,0,8,B3,8A,00,00,33,FA,28,33,
0,00000288,false,Rx,0,8,2C,33,D5,00,00,75,57,53,
0,00000380,false,Rx,0,8,B0,80,00,96,20,00,00,FE,
358000,00000488,false,Rx,0,8,70,33,00,72,FE,FF,00,30,
0,00000280,false,Rx,0,8,B3,8A,00,00,33,FA,28,33,
0,00000288,false,Rx,0,8,64,33,D5,00,00,75,57,53,
0,00000380,false,Rx,0,8,B0,80,00,96,20,00,00,FE,
0,00000488,false,Rx,0,8,00,33,00,72,FE,FF,00,40,
0,00000480,false,Rx,0,8,1C,2C,00,00,19,41,00,68,
0,00000284,false,Rx,0,6,03,03,00,00,00,00,00,00,
371000,00000588,false,Rx,0,8,0B,00,72,00,00,80,00,00,
0,00000280,false,Rx,0,8,B3,8A,00,00,33,FA,28,33,
0,00000288,false,Rx,0,8,64,33,D5,00,00,75,57,53,
0,00000380,false,Rx,0,8,B0,80,00,96,20,00,00,FE,
0,00000488,false,Rx,0,8,EF,33,00,72,FE,FF,FF,50,
0,00000280,false,Rx,0,8,B3,8A,00,00,33,FA,28,33,
0,00000288,false,Rx,0,8,64,33,D5,00,00,75,57,53,
0,00000380,false,Rx,0,8,B0,80,00,96,20,00,00,FE,
0,00000488,false,Rx,0,8,DF,33,00,72,FE,FF,FF,60,
0,00000480,false,Rx,0,8,54,2C,00,00,19,41,00,20,
0,00000284,false,Rx,0,6,04,04,00,00,00,00,00,00,
391000,00000588,false,Rx,0,8,0B,00,72,00,00,80,00,00,
0,00000280,false,Rx,0,8,B3,8A,00,00,33,FA,28,33,
0,00000288,false,Rx,0,8,64,33,D5,00,00,75,57,53,
0,00000380,false,Rx,0,8,B0,80,00,96,20,00,00,FE,
0,00000488,false,Rx,0,8,CF,33,00,72,FE,FF,FF,70,
0,00000280,false,Rx,0,8,B3,8A,00,00,33,FA,28,33,
0,00000288,false,Rx,0,8,8A,33,D5,00,00,75,57,53,
0,00000380,false,Rx,0,8,B0,80,00,96,20,00,00,FE,
0,00000488,false,Rx,0,8,3F,33,00,72,FE,FF,FF,80,
0,00000480,false,Rx,0,8,54,2C,00,00,19,41,00,20,
0,00000284,false,Rx,0,6,05,05,00,00,00,00,00,00,
408000,00000588,false,Rx,0,8,0B,00,72,00,00,80,00,00,
0,00000280,false,Rx,0,8,B3,8A,00,00,33,FA,28,33,
0,00000288,false,Rx,0,8,8A,33,D5,00,00,75,57,53,
0,00000380,false,Rx,0,8,B0,80,00,96,20,00,00,FE,
0,00000488,false,Rx,0,8,2F,33,00,72,FE,FF,FF,90,
0,00000280,false,Rx,0,8,B3,8A,00,00,33,FA,28,33,
0,00000288,false,Rx,0,8,8A,33,D5,00,00,75,57,53,
0,00000380,false,Rx,0,8,B0,80,00,96,20,00,00,FE,
0,00000488,false,Rx,0,8,1F,33,00,72,FE,FF,FF,A0,
0,00000480,false,Rx,0,8,54,2C,00,00,19,41,00,20,
0,00000580,false,Rx,0,8,8C,00,00,14,1C,93,48,14,
0,00000588,false,Rx,0,8,0B,00,72,00,00,80,00,00,
0,00000284,false,Rx,0,6,06,06,00,00,00,00,00,00,
0,00000280,false,Rx,0,8,B3,8A,00,00,33,FA,28,33,
0,00000288,false,Rx,0,8,8A,33,D5,00,00,75,57,53,
0,00000380,false,Rx,0,8,B0,80,00,96,20,00,00,FE,
0,00000488,false,Rx,0,8,0F,33,00,72,FE,FF,FF,B0,
0,00000280,false,Rx,0,8,B3,8A,00,00,33,FA,28,33,
0,00000288,false,Rx,0,8,E8,33,D5,00,00,75,57,53,
0,00000380,false,Rx,0,8,B0,80,00,96,20,00,00,FE,
0,00000488,false,Rx,0,8,7F,33,00,72,FE,FF,FF,C0,
0,00000480,false,Rx,0,8,54,2C,00,00,19,41,00,20,
0,00000284,false,Rx,0,6,07,07,00,00,00,00,00,00,
0,00000588,false,Rx,0,8,0B,00,72,00,00,80,00,00,
0,00000280,false,Rx,0,8,B3,8A,00,00,33,FA,28,33,
0,00000288,false,Rx,0,8,E8,33,D5,00,00,75,57,53,
0,00000380,false,Rx,0,8,B0,80,00,96,20,00,00,FE,
0,00000488,false,Rx,0,8,6F,33,00,72,FE,FF,FF,D0,
0,00000280,false,Rx,0,8,B3,8A,00,00,33,FA,28,33,
0,00000288,false,Rx,0,8,E8,33,D5,00,00,75,57,53,
0,00000380,false,Rx,0,8,B0,80,00,96,20,00,00,FE,
0,00000488,false,Rx,0,8,5F,33,00,72,FE,FF,FF,E0,
0,00000480,false,Rx,0,8,84,2C,00,00,19,41,00,F0,
0,00000284,false,Rx,0,6,08,08,00,00,00,00,00,00,
0,00000588,false,Rx,0,8,0B,00,72,00,00,80,00,00,
0,00000280,false,Rx,0,8,B3,8A,00,00,33,FA,28,33,
0,00000288,false,Rx,0,8,E8,33,D5,00,00,75,57,53,
0,00000380,false,Rx,0,8,B0,80,00,96,20,00,00,FE,
0,00000488,false,Rx,0,8,4F,33,00,72,FE,FF,FF,F0,
0,00000280,false,Rx,0,8,B3,8A,00,00,33,FA,28,33,
0,00000288,false,Rx,0,8,2C,33,D5,00,00,75,57,53,
0,00000380,false,Rx,0,8,B0,80,00,96,20,00,00,FE,
0,00000488,false,Rx,0,8,40,33,00,72,FE,FF,00,00,
0,00000480,false,Rx,0,8,84,2C,00,00,19,41,00,F0,
0,00000284,false,Rx,0,6,09,09,00,00,00,00,00,00,
0,00000588,false,Rx,0,8,0B,00,72,00,00,80,00,00,
0,00000280,false,Rx,0,8,B3,8A,00,00,33,FA,28,33,
0,00000288,false,Rx,0,8,2C,33,D5,00,00,75,57,53,
0,00000380,false,Rx,0,8,B0,80,00,96,20,00,00,FE,
0,00000488,false,Rx,0,8,AF,33,00,72,FE,FF,FF,10,
0,00000280,false,Rx,0,8,B3,8A,00,00,33,FA,28,33,
0,00000288,false,Rx,0,8,2C,33,D5,00,00,75,57,53,
0,00000380,false,Rx,0,8,B0,80,00,96,20,00,00,FE,
0,00000488,false,Rx,0,8,60,33,00,72,FE,FF,00,20,
0,00000480,false,Rx,0,8,84,2C,00,00,19,41,00,F0,
0,00000284,false,Rx,0,6,0A,0A,00,00,00,00,00,00,
0,00000588,false,Rx,0,8,0B,00,72,00,00,80,00,00,
0,00000280,false,Rx,0,8,B3,8A,00,00,33,FA,28,33,
0,00000288,false,Rx,0,8,2C,33,D5,00,00,75,57,53,
0,00000380,false,Rx,0,8,B0,80,00,96,20,00,00,FE,
0,00000488,false,Rx,0,8,70,33,00,72,FE,FF,00,30,
0,00000280,false,Rx,0,8,B3,8A,00,00,33,FA,28,33,
0,00000288,false,Rx,0,8,64,33,D5,00,00,75,57,53,
0,00000380,false,Rx,0,8,B0,80,00,96,20,00,00,FE,
0,00000488,false,Rx,0,8,00,33,00,72,FE,FF,00,40,
0,00000480,false,Rx,0,8,84,2C,00,00,19,41,00,F0,
0,00000284,false,Rx,0,6,0B,0B,00,00,00,00,00,00,
531000,00000588,false,Rx,0,8,0B,00,72,00,00,80,00,00,
0,00000280,false,Rx,0,8,B3,8A,00,00,33,FA,28,33,
0,00000288,false,Rx,0,8,64,33,D5,00,00,75,57,53,
0,00000380,false,Rx,0,8,B0,80,00,96,20,00,00,FE,
539000,00000488,false,Rx,0,8,EF,33,00,72,FE,FF,FF,50,
0,00000280,false,Rx,0,8,B3,8A,00,00,33,FA,28,33,
0,00000288,false,Rx,0,8,64,33,D5,00,00,75,57,53,
0,00000380,false,Rx,0,8,B0,80,00,96,20,00,00,FE,
0,00000488,false,Rx,0,8,DF,33,00,72,FE,FF,FF,60,
0,00000480,false,Rx,0,8,C2,2C,00,00,19,41,00,B6,
0,00000284,false,Rx,0,6,0C,0C,00,00,00,00,00,00,
551000,00000588,false,Rx,0,8,0B,00,72,00,00,80,00,00,
0,00000280,false,Rx,0,8,B3,8A,00,00,33,FA,28,33,
0,00000288,false,Rx,0,8,64,33,D5,00,00,75,57,53,
0,00000380,false,Rx,0,8,B0,80,00,96,20,00,00,FE,
559000,00000488,false,Rx,0,8,CF,33,00,72,FE,FF,FF,70,
0,00000280,false,Rx,0,8,B3,8A,00,00,33,FA,28,33,
0,00000288,false,Rx,0,8,8A,33,D5,00,00,75,57,53,
0,00000380,false,Rx,0,8,B0,80,00,96,20,00,00,FE,
0,00000488,false,Rx,0,8,3F,33,00,72,FE,FF,FF,80,
0,00000480,false,Rx,0,8,C2,2C,00,00,19,41,00,B6,
0,00000284,false,Rx,0,6,0D,0D,00,00,00,00,00,00,
572000,00000588,false,Rx,0,8,0B,00,72,00,00,80,00,00,
0,00000280,false,Rx,0,8,B3,8A,00,00,33,FA,28,33,
0,00000288,false,Rx,0,8,8A,33,D5,00,00,75,57,53,
0,00000380,false,Rx,0,8,B0,80,00,96,20,00,00,FE,
0,00000488,false,Rx,0,8,2F,33,00,72,FE,FF,FF,90,
584000,00000280,false,Rx,0,8,B3,8A,00,00,33,FA,28,33,
0,00000288,false,Rx,0,8,8A,33,D5,00,00,75,57,53,
0,00000380,false,Rx,0,8,B0,80,00,96,20,00,00,FE,
0,00000488,false,Rx,0,8,1F,33,00,72,FE,FF,FF,A0,
0,00000480,false,Rx,0,8,C2,2C,00,00,19,41,00,B6,
0,00000284,false,Rx,0,6,0E,0E,00,00,00,00,00,00,
0,00000588,false,Rx,0,8,0B,00,72,00,00,80,00,00,
0,00000280,false,Rx,0,8,B3,8A,00,00,33,FA,28,33,
0,00000288,false,Rx,0,8,8A,33,D5,00,00,75,57,53,
0,00000380,false,Rx,0,8,B0,80,00,96,20,00,00,FE,
0,00000488,false,Rx,0,8,0F,33,00,72,FE,FF,FF,B0,
0,00000280,false,Rx,0,8,B3,8A,00,00,33,FA,28,33,
0,00000288,false,Rx,0,8,E8,33,D5,00,00,75,57,53,
0,00000380,false,Rx,0,8,B0,80,00,96,20,00,00,FE,
0,00000488,false,Rx,0,8,7F,33,00,72,FE,FF,FF,C0,
0,00000480,false,Rx,0,8,C2,2C,00,00,19,41,00,B6,
0,00000284,false,Rx,0,6,0F,0F,00,00,00,00,00,00,
0,00000588,false,Rx,0,8,0B,00,72,00,00,80,00,00,
0,00000280,false,Rx,0,8,B3,8A,00,00,33,FA,28,33,
0,00000288,false,Rx,0,8,E8,33,D5,00,00,75,57,53,
0,00000380,false,Rx,0,8,B0,80,00,96,20,00,00,FE,
0,00000488,false,Rx,0,8,6F,33,00,72,FE,FF,FF,D0,
0,00000280,false,Rx,0,8,B3,8A,00,00,33,FA,28,33,
0,00000288,false,Rx,0,8,E8,33,D5,00,00,75,57,53,
0,00000380,false,Rx,0,8,B0,80,00,96,20,00,00,FE,
0,00000488,false,Rx,0,8,5F,33,00,72,FE,FF,FF,E0,
0,00000480,false,Rx,0,8,1C,2C,00,00,19,41,00,68,
0,00000284,false,Rx,0,6,00,00,00,00,00,00,00,00,
0,00000588,false,Rx,0,8,0B,00,72,00,00,80,00,00,
0,00000280,false,Rx,0,8,B3,8A,00,00,33,FA,28,33,
0,00000288,false,Rx,0,8,E8,33,D5,00,00,75,57,53,
0,00000380,false,Rx,0,8,B0,80,00,96,20,00,00,FE,
0,00000488,false,Rx,0,8,4F,33,00,72,FE,FF,FF,F0,
0,00000280,false,Rx,0,8,B3,8A,00,00,33,FA,28,33,
0,00000288,false,Rx,0,8,2C,33,D5,00,00,75,57,53,
0,00000380,false,Rx,0,8,B0,80,00,96,20,00,00,FE,
0,00000488,false,Rx,0,8,40,33,00,72,FE,FF,00,00,
0,00000480,false,Rx,0,8,1C,2C,00,00,19,41,00,68,
0,00000284,false,Rx,0,6,01,01,00,00,00,00,00,00,
0,00000588,false,Rx,0,8,0B,00,72,00,00,80,00,00,
0,00000280,false,Rx,0,8,B3,8A,00,00,33,FA,28,33,
0,00000288,false,Rx,0,8,2C,33,D5,00,00,75,57,53,
0,00000380,false,Rx,0,8,B0,80,00,96,20,00,00,FE,
0,00000488,false,Rx,0,8,AF,33,00,72,FE,FF,FF,10,
0,00000280,false,Rx,0,8,B3,8A,00,00,33,FA,28,33,
0,00000288,false,Rx,0,8,2C,33,D5,00,00,75,57,53,
0,00000380,false,Rx,0,8,B0,80,00,96,20,00,00,FE,
0,00000488,false,Rx,0,8,60,33,00,72,FE,FF,00,20,
0,00000480,false,Rx,0,8,1C,2C,00,00,19,41,00,68,
0,00000284,false,Rx,0,6,02,02,00,00,00,00,00,00,
0,00000588,false,Rx,0,8,0B,00,72,00,00,80,00,00,
674000,00000280,false,Rx,0,8,B3,8A,00,00,33,FA,28,33,
0,00000288,false,Rx,0,8,2C,33,D5,00,00,75,57,53,
0,00000380,false,Rx,0,8,B0,80,00,96,20,00,00,FE,
0,00000488,false,Rx,0,8,70,33,00,72,FE,FF,00,30,
0,00000280,false,Rx,0,8,B3,8A,00,00,33,FA,28,33,
0,00000288,false,Rx,0,8,64,33,D5,00,00,75,57,53,
0,00000380,false,Rx,0,8,B0,80,00,96,20,00,00,FE,
0,00000488,false,Rx,0,8,00,33,00,72,FE,FF,00,40,
0,00000480,false,Rx,0,8,1C,2C,00,00,19,41,00,68,
0,00000284,false,Rx,0,6,03,03,00,00,00,00,00,00,
0,00000588,false,Rx,0,8,0B,00,72,00,00,80,00,00,
0,00000280,false,Rx,0,8,B3,8A,00,00,33,FA,28,33,
0,00000288,false,Rx,0,8,64,33,D5,00,00,75,57,53,
0,00000380,false,Rx,0,8,B0,80,00,96,20,00,00,FE,
0,00000488,false,Rx,0,8,EF,33,00,72,FE,FF,FF,50,
0,00000280,false,Rx,0,8,B3,8A,00,00,33,FA,28,33,
0,00000288,false,Rx,0,8,64,33,D5,00,00,75,57,53,
0,00000380,false,Rx,0,8,B0,80,00,96,20,00,00,FE,
0,00000488,false,Rx,0,8,DF,33,00,72,FE,FF,FF,60,
0,00000480,false,Rx,0,8,54,2C,00,00,19,41,00,20,
0,00000284,false,Rx,0,6,04,04,00,00,00,00,00,00,
0,00000588,false,Rx,0,8,0B,00,72,00,00,80,00,00,
0,00000280,false,Rx,0,8,B3,8A,00,00,33,FA,28,33,
0,00000288,false,Rx,0,8,64,33,D5,00,00,75,57,53,
0,00000380,false,Rx,0,8,B0,80,00,96,20,00,00,FE,
0,00000488,false,Rx,0,8,CF,33,00,72,FE,FF,FF,70,
0,00000280,false,Rx,0,8,B3,8A,00,00,33,FA,28,33,
0,00000288,false,Rx,0,8,8A,33,D5,00,00,75,57,53,
0,00000380,false,Rx,0,8,B0,80,00,96,20,00,00,FE,
0,00000488,false,Rx,0,8,3F,33,00,72,FE,FF,FF,80,
0,00000480,false,Rx,0,8,54,2C,00,00,19,41,00,20,
0,00000284,false,Rx,0,6,05,05,00,00,00,00,00,00,
731000,00000588,false,Rx,0,8,0B,00,72,00,00,80,00,00,
0,00000280,false,Rx,0,8,B3,8A,00,00,33,FA,28,33,
0,00000288,false,Rx,0,8,8A,33,D5,00,00,75,57,53,
0,00000380,false,Rx,0,8,B0,80,00,96,20,00,00,FE,
740000,00000488,false,Rx,0,8,2F,33,00,72,FE,FF,FF,90,
0,00000280,false,Rx,0,8,B3,8A,00,00,33,FA,28,33,
0,00000288,false,Rx,0,8,8A,33,D5,00,00,75,57,53,
0,00000380,false,Rx,0,8,B0,80,00,96,20,00,00,FE,
0,00000488,false,Rx,0,8,1F,33,00,72,FE,FF,FF,A0,
0,00000480,false,Rx,0,8,54,2C,00,00,19,41,00,20,
0,00000284,false,Rx,0,6,06,06,00,00,00,00,00,00,
752000,00000588,false,Rx,0,8,0B,00,72,00,00,80,00,00,
0,00000280,false,Rx,0,8,B3,8A,00,00,33,FA,28,33,
0,00000288,false,Rx,0,8,8A,33,D5,00,00,75,57,53,
0,00000380,false,Rx,0,8,B0,80,00,96,20,00,00,FE,
0,00000488,false,Rx,0,8,0F,33,00,72,FE,FF,FF,B0,
0,00000280,false,Rx,0,8,B3,8A,00,00,33,FA,28,33,
0,00000288,false,Rx,0,8,E8,33,D5,00,00,75,57,53,
0,00000380,false,Rx,0,8,B0,80,00,96,20,00,00,FE,
0,00000488,false,Rx,0,8,7F,33,00,72,FE,FF,FF,C0,
0,00000480,false,Rx,0,8,54,2C,00,00,19,41,00,20,
0,00000284,false,Rx,0,6,07,07,00,00,00,00,00,00,
0,00000588,false,Rx,0,8,0B,00,72,00,00,80,00,00,
0,00000280,false,Rx,0,8,B3,8A,00,00,33,FA,28,33,
0,00000288,false,Rx,0,8,E8,33,D5,00,00,75,57,53,
0,00000380,false,Rx,0,8,B0,80,00,96,20,00,00,FE,
0,00000488,false,Rx,0,8,6F,33,00,72,FE,FF,FF,D0,
0,00000280,false,Rx,0,8,B3,8A,00,00,33,FA,28,33,
0,00000288,false,Rx,0,8,E8,33,D5,00,00,75,57,53,
0,00000380,false,Rx,0,8,B0,80,00,96,20,00,00,FE,
0,00000488,false,Rx,0,8,5F,33,00,72,FE,FF,FF,E0,
0,00000480,false,Rx,0,8,84,2C,00,00,19,41,00,F0,
0,00000284,false,Rx,0,6,08,08,00,00,00,00,00,00,
788000,00000588,false,Rx,0,8,0B,00,72,00,00,80,00,00,
0,00000280,false,Rx,0,8,B3,8A,00,00,33,FA,28,33,
0,00000288,false,Rx,0,8,E8,33,D5,00,00,75,57,53,
0,00000380,false,Rx,0,8,B0,80,00,96,20,00,00,FE,
0,00000488,false,Rx,0,8,4F,33,00,72,FE,FF,FF,F0,
0,00000280,false,Rx,0,8,B3,8A,00,00,33,FA,28,33,
0,00000288,false,Rx,0,8,2C,33,D5,00,00,75,57,53,
0,00000380,false,Rx,0,8,B0,80,00,96,20,00,00,FE,
0,00000488,false,Rx,0,8,40,33,00,72,FE,FF,00,00,
0,00000480,false,Rx,0,8,84,2C,00,00,19,41,00,F0,
0,00000284,false,Rx,0,6,09,09,00,00,00,00,00,00,
0,00000588,false,Rx,0,8,0B,00,72,00,00,80,00,00,
0,00000280,false,Rx,0,8,B3,8A,00,00,33,FA,28,33,
0,00000288,false,Rx,0,8,2C,33,D5,00,00,75,57,53,
0,00000380,false,Rx,0,8,B0,80,00,96,20,00,00,FE,
0,00000488,false,Rx,0,8,AF,33,00,72,FE,FF,FF,10,
0,00000280,false,Rx,0,8,B3,8A,00,00,33,FA,28,33,
0,00000288,false,Rx,0,8,2C,33,D5,00,00,75,57,53,
0,00000380,false,Rx,0,8,B0,80,00,96,20,00,00,FE,
0,00000488,false,Rx,0,8,60,33,00,72,FE,FF,00,20,
0,00000480,false,Rx,0,8,84,2C,00,00,19,41,00,F0,
0,00000284,false,Rx,0,6,0A,0A,00,00,00,00,00,00,
0,00000588,false,Rx,0,8,0B,00,72,00,00,80,00,00,
0,00000280,false,Rx,0,8,B3,8A,00,00,33,FA,28,33,
0,00000288,false,Rx,0,8,2C,33,D5,00,00,75,57,53,
0,00000380,false,Rx,0,8,B0,80,00,96,20,00,00,FE,
0,00000488,false,Rx,0,8,70,33,00,72,FE,FF,00,30,
0,00000280,false,Rx,0,8,B3,8A,00,00,33,FA,28,33,
0,00000288,false,Rx,0,8,64,33,D5,00,00,75,57,53,
0,00000380,false,Rx,0,8,B0,80,00,96,20,00,00,FE,
0,00000488,false,Rx,0,8,00,33,00,72,FE,FF,00,40,
0,00000480,false,Rx,0,8,84,2C,00,00,19,41,00,F0,
0,00000284,false,Rx,0,6,0B,0B,00,00,00,00,00,00,
0,00000588,false,Rx,0,8,0B,00,72,00,00,80,00,00,
0,00000280,false,Rx,0,8,B3,8A,00,00,33,FA,28,33,
0,00000288,false,Rx,0,8,64,33,D5,00,00,75,57,53,
0,00000380,false,Rx,0,8,B0,80,00,96,20,00,00,FE,
0,00000488,false,Rx,0,8,EF,33,00,72,FE,FF,FF,50,
0,00000280,false,Rx,0,8,B3,8A,00,00,33,FA,28,33,
0,00000288,false,Rx,0,8,64,33,D5,00,00,75,57,53,
0,00000380,false,Rx,0,8,B0,80,00,96,20,00,00,FE,
0,00000488,false,Rx,0,8,DF,33,00,72,FE,FF,FF,60,
0,00000480,false,Rx,0,8,C2,2C,00,00,19,41,00,B6,
0,00000284,false,Rx,0,6,0C,0C,00,00,00,00,00,00,
0,00000588,false,Rx,0,8,0B,00,72,00,00,80,00,00,
0,00000280,false,Rx,0,8,B3,8A,00,00,33,FA,28,33,
0,00000288,false,Rx,0,8,64,33,D5,00,00,75,57,53,
0,00000380,false,Rx,0,8,B0,80,00,96,20,00,00,FE,
0,00000488,false,Rx,0,8,CF,33,00,72,FE,FF,FF,70,
0,00000280,false,Rx,0,8,B3,8A,00,00,33,FA,28,33,
0,00000288,false,Rx,0,8,8A,33,D5,00,00,75,57,53,
0,00000380,false,Rx,0,8,B0,80,00,96,20,00,00,FE,
0,00000488,false,Rx,0,8,3F,33,00,72,FE,FF,FF,80,
0,00000480,false,Rx,0,8,C2,2C,00,00,19,41,00,B6,
0,00000284,false,Rx,0,6,0D,0D,00,00,00,00,00,00,
0,00000588,false,Rx,0,8,0B,00,72,00,00,80,00,00,
0,00000280,false,Rx,0,8,B3,8A,00,00,33,FA,28,33,
0,00000288,false,Rx,0,8,8A,33,D5,00,00,75,57,53,
0,00000380,false,Rx,0,8,B0,80,00,96,20,00,00,FE,
0,00000488,false,Rx,0,8,2F,33,00,72,FE,FF,FF,90,
0,00000280,false,Rx,0,8,B3,8A,00,00,33,FA,28,33,
0,00000288,false,Rx,0,8,8A,33,D5,00,00,75,57,53,
0,00000380,false,Rx,0,8,B0,80,00,96,20,00,00,FE,
0,00000488,false,Rx,0,8,1F,33,00,72,FE,FF,FF,A0,
0,00000480,false,Rx,0,8,C2,2C,00,00,19,41,00,B6,
0,00000284,false,Rx,0,6,0E,0E,00,00,00,00,00,00,
912000,00000588,false,Rx,0,8,0B,00,72,00,00,80,00,00,
0,00000280,false,Rx,0,8,B3,8A,00,00,33,FA,28,33,
0,00000288,false,Rx,0,8,8A,33,D5,00,00,75,57,53,
0,00000380,false,Rx,0,8,B0,80,00,96,20,00,00,FE,
920000,00000488,false,Rx,0,8,0F,33,00,72,FE,FF,FF,B0,
0,00000280,false,Rx,0,8,B3,8A,00,00,33,FA,28,33,
0,00000288,false,Rx,0,8,E8,33,D5,00,00,75,57,53,
0,00000380,false,Rx,0,8,B0,80,00,96,20,00,00,FE,
0,00000488,false,Rx,0,8,7F,33,00,72,FE,FF,FF,C0,
0,00000480,false,Rx,0,8,C2,2C,00,00,19,41,00,B6,
0,00000284,false,Rx,0,6,0F,0F,00,00,00,00,00,00,
932000,00000588,false,Rx,0,8,0B,00,72,00,00,80,00,00,
0,00000280,false,Rx,0,8,B3,8A,00,00,33,FA,28,33,
0,00000288,false,Rx,0,8,E8,33,D5,00,00,75,57,53,
0,00000380,false,Rx,0,8,B0,80,00,96,20,00,00,FE,
940000,00000488,false,Rx,0,8,6F,33,00,72,FE,FF,FF,D0,
0,00000280,false,Rx,0,8,B3,8A,00,00,33,FA,28,33,
0,00000288,false,Rx,0,8,E8,33,D5,00,00,75,57,53,
0,00000380,false,Rx,0,8,B0,80,00,96,20,00,00,FE,
0,00000488,false,Rx,0,8,5F,33,00,72,FE,FF,FF,E0,
0,00000480,false,Rx,0,8,1C,2C,00,00,19,41,00,68,
0,00000284,false,Rx,0,6,00,00,00,00,00,00,00,00,
953000,00000588,false,Rx,0,8,0B,00,72,00,00,80,00,00,
0,00000280,false,Rx,0,8,B3,8A,00,00,33,FA,28,33,
0,00000288,false,Rx,0,8,E8,33,D5,00,00,75,57,53,
0,00000380,false,Rx,0,8,B0,80,00,96,20,00,00,FE,
0,00000488,false,Rx,0,8,4F,33,00,72,FE,FF,FF,F0,
0,00000280,false,Rx,0,8,B3,8A,00,00,33,FA,28,33,
0,00000288,false,Rx,0,8,2C,33,D5,00,00,75,57,53,
0,00000380,false,Rx,0,8,B0,80,00,96,20,00,00,FE,
0,00000488,false,Rx,0,8,40,33,00,72,FE,FF,00,00,
0,00000480,false,Rx,0,8,1C,2C,00,00,19,41,00,68,
0,00000284,false,Rx,0,6,01,01,00,00,00,00,00,00,
0,00000588,false,Rx,0,8,0B,00,72,00,00,80,00,00,
0,00000280,false,Rx,0,8,B3,8A,00,00,33,FA,28,33,
0,00000288,false,Rx,0,8,2C,33,D5,00,00,75,57,53,
0,00000380,false,Rx,0,8,B0,80,00,96,20,00,00,FE,
0,00000488,false,Rx,0,8,AF,33,00,72,FE,FF,FF,10,
0,00000280,false,Rx,0,8,B3,8A,00,00,33,FA,28,33,
0,00000288,false,Rx,0,8,2C,33,D5,00,00,75,57,53,
0,00000380,false,Rx,0,8,B0,80,00,96,20,00,00,FE,
0,00000488,false,Rx,0,8,60,33,00,72,FE,FF,00,20,
0,00000480,false,Rx,0,8,1C,2C,00,00,19,41,00,68,
0,00000284,false,Rx,0,6,02,02,00,00,00,00,00,00,
989000,00000588,false,Rx,0,8,0B,00,72,00,00,80,00,00,
0,00000280,false,Rx,0,8,B3,8A,00,00,33,FA,28,33,
0,00000288,false,Rx,0,8,2C,33,D5,00,00,75,57,53,
0,00000380,false,Rx,0,8,B0,80,00,96,20,00,00,FE,
0,00000488,false,Rx,0,8,70,33,00,72,FE,FF,00,30,
0,00000280,false,Rx,0,8,B3,8A,00,00,33,FA,28,33,
0,00000288,false,Rx,0,8,64,33,D5,00,00,75,57,53,
0,00000380,false,Rx,0,8,B0,80,00,96,20,00,00,FE,
0,00000488,false,Rx,0,8,00,33,00,72,FE,FF,00,40,
0,00000480,false,Rx,0,8,1C,2C,00,00,19,41,00,68,
0,00000284,false,Rx,0,6,03,03,00,00,00,00,00,00,
0,00000588,false,Rx,0,8,0B,00,72,00,00,80,00,00,
0,00000280,false,Rx,0,8,B3,8A,00,00,33,FA,28,33,
0,00000288,false,Rx,0,8,64,33,D5,00,00,75,57,53,
0,00000380,false,Rx,0,8,B0,80,00,96,20,00,00,FE,
0,00000488,false,Rx,0,8,EF,33,00,72,FE,FF,FF,50,
0,00000280,false,Rx,0,8,B3,8A,00,00,33,FA,28,33,
0,00000288,false,Rx,0,8,64,33,D5,00,00,75,57,53,
0,00000380,false,Rx,0,8,B0,80,00,96,20,00,00,FE,
0,00000488,false,Rx,0,8,DF,33,00,72,FE,FF,FF,60,
0,00000480,false,Rx,0,8,54,2C,00,00,19,41,00,20,
0,00000284,false,Rx,0,6,04,04,00,00,00,00,00,00,
0,00000588,false,Rx,0,8,0B,00,72,00,00,80,00,00,
0,00000280,false,Rx,0,8,B3,8A,00,00,33,FA,28,33,
0,00000288,false,Rx,0,8,64,33,D5,00,00,75,57,53,
0,00000380,false,Rx,0,8,B0,80,00,96,20,00,00,FE,
0,00000488,false,Rx,0,8,CF,33,00,72,FE,FF,FF,70,
0,00000280,false,Rx,0,8,B3,8A,00,00,33,FA,28,33,
0,00000288,false,Rx,0,8,8A,33,D5,00,00,75,57,53,
0,00000380,false,Rx,0,8,B0,80,00,96,20,00,00,FE,
0,00000488,false,Rx,0,8,3F,33,00,72,FE,FF,FF,80,
0,00000480,false,Rx,0,8,54,2C,00,00,19,41,00,20,
0,00000284,false,Rx,0,6,05,05,00,00,00,00,00,00,
0,00000588,false,Rx,0,8,0B,00,72,00,00,80,00,00,
55000,00000280,false,Rx,0,8,B3,8A,00,00,33,FA,28,33,
0,00000288,false,Rx,0,8,8A,33,D5,00,00,75,57,53,
0,00000380,false,Rx,0,8,B0,80,00,96,20,00,00,FE,
0,00000488,false,Rx,0,8,2F,33,00,72,FE,FF,FF,90,
0,00000280,false,Rx,0,8,B3,8A,00,00,33,FA,28,33,
0,00000288,false,Rx,0,8,8A,33,D5,00,00,75,57,53,
0,00000380,false,Rx,0,8,B0,80,00,96,20,00,00,FE,
0,00000488,false,Rx,0,8,1F,33,00,72,FE,FF,FF,A0,
0,00000480,false,Rx,0,8,54,2C,00,00,19,41,00,20,
0,00000284,false,Rx,0,6,06,06,00,00,00,00,00,00,
0,00000588,false,Rx,0,8,0B,00,72,00,00,80,00,00,
0,00000280,false,Rx,0,8,B3,8A,00,00,33,FA,28,33,
0,00000288,false,Rx,0,8,8A,33,D5,00,00,75,57,53,
0,00000380,false,Rx,0,8,B0,80,00,96,20,00,00,FE,
0,00000488,false,Rx,0,8,0F,33,00,72,FE,FF,FF,B0,
0,00000280,false,Rx,0,8,B3,8A,00,00,33,FA,28,33,
0,00000288,false,Rx,0,8,E8,33,D5,00,00,75,57,53,
0,00000380,false,Rx,0,8,B0,80,00,96,20,00,00,FE,
0,00000488,false,Rx,0,8,7F,33,00,72,FE,FF,FF,C0,
0,00000480,false,Rx,0,8,54,2C,00,00,19,41,00,20,
0,00000284,false,Rx,0,6,07,07,00,00,00,00,00,00,
92000,00000588,false,Rx,0,8,0B,00,72,00,00,80,00,00,
0,00000280,false,Rx,0,8,B3,8A,00,00,33,FA,28,33,
0,00000288,false,Rx,0,8,E8,33,D5,00,00,75,57,53,
0,00000380,false,Rx,0,8,B0,80,00,96,20,00,00,FE,
0,00000488,false,Rx,0,8,6F,33,00,72,FE,FF,FF,D0,
0,00000280,false,Rx,0,8,B3,8A,00,00,33,FA,28,33,
0,00000288,false,Rx,0,8,E8,33,D5,00,00,75,57,53,
0,00000380,false,Rx,0,8,B0,80,00,96,20,00,00,FE,
0,00000488,false,Rx,0,8,5F,33,00,72,FE,FF,FF,E0,
0,00000480,false,Rx,0,8,84,2C,00,00,19,41,00,F0,
0,00000284,false,Rx,0,6,08,08,00,00,00,00,00,00,
112000,00000588,false,Rx,0,8,0B,00,72,00,00,80,00,00,
0,00000280,false,Rx,0,8,B3,8A,00,00,33,FA,28,33,
0,00000288,false,Rx,0,8,E8,33,D5,00,00,75,57,53,
0,00000380,false,Rx,0,8,B0,80,00,96,20,00,00,FE,
120000,00000488,false,Rx,0,8,4F,33,00,72,FE,FF,FF,F0,
0,00000280,false,Rx,0,8,B3,8A,00,00,33,FA,28,33,
0,00000288,false,Rx,0,8,2C,33,D5,00,00,75,57,53,
0,00000380,false,Rx,0,8,B0,80,00,96,20,00,00,FE,
0,00000488,false,Rx,0,8,40,33,00,72,FE,FF,00,00,
0,00000480,false,Rx,0,8,84,2C,00,00,19,41,00,F0,
0,00000284,false,Rx,0,6,09,09,00,00,00,00,00,00,
133000,00000588,false,Rx,0,8,0B,00,72,00,00,80,00,00,
0,00000280,false,Rx,0,8,B3,8A,00,00,33,FA,28,33,
0,00000288,false,Rx,0,8,2C,33,D5,00,00,75,57,53,
0,00000380,false,Rx,0,8,B0,80,00,96,20,00,00,FE,
0,00000488,false,Rx,0,8,AF,33,00,72,FE,FF,FF,10,
145000,00000280,false,Rx,0,8,B3,8A,00,00,33,FA,28,33,
0,00000288,false,Rx,0,8,2C,33,D5,00,00,75,57,53,
0,00000380,false,Rx,0,8,B0,80,00,96,20,00,00,FE,
0,00000488,false,Rx,0,8,60,33,00,72,FE,FF,00,20,
0,00000480,false,Rx,0,8,84,2C,00,00,19,41,00,F0,
0,00000284,false,Rx,0,6,0A,0A,00,00,00,00,00,00,
0,00000588,false,Rx,0,8,0B,00,72,00,00,80,00,00,
0,00000280,false,Rx,0,8,B3,8A,00,00,33,FA,28,33,
0,00000288,false,Rx,0,8,2C,33,D5,00,00,75,57,53,
0,00000380,false,Rx,0,8,B0,80,00,96,20,00,00,FE,
0,00000488,false,Rx,0,8,70,33,00,72,FE,FF,00,30,
0,00000280,false,Rx,0,8,B3,8A,00,00,33,FA,28,33,
0,00000288,false,Rx,0,8,64,33,D5,00,00,75,57,53,
0,00000380,false,Rx,0,8,B0,80,00,96,20,00,00,FE,
0,00000488,false,Rx,0,8,00,33,00,72,FE,FF,00,40,
0,00000480,false,Rx,0,8,84,2C,00,00,19,41,00,F0,
0,00000284,false,Rx,0,6,0B,0B,00,00,00,00,00,00,
169000,00000588,false,Rx,0,8,0B,00,72,00,00,80,00,00,
0,00000280,false,Rx,0,8,B3,8A,00,00,33,FA,28,33,
0,00000288,false,Rx,0,8,64,33,D5,00,00,75,57,53,
0,00000380,false,Rx,0,8,B0,80,00,96,20,00,00,FE,
0,00000488,false,Rx,0,8,EF,33,00,72,FE,FF,FF,50,
0,00000280,false,Rx,0,8,B3,8A,00,00,33,FA,28,33,
0,00000288,false,Rx,0,8,64,33,D5,00,00,75,57,53,
0,00000380,false,Rx,0,8,B0,80,00,96,20,00,00,FE,
0,00000488,false,Rx,0,8,DF,33,00,72,FE,FF,FF,60,
0,00000480,false,Rx,0,8,C2,2C,00,00,19,41,00,B6,
0,00000284,false,Rx,0,6,0C,0C,00,00,00,00,00,00,
0,00000588,false,Rx,0,8,0B,00,72,00,00,80,00,00,
0,00000280,false,Rx,0,8,B3,8A,00,00,33,FA,28,33,
0,00000288,false,Rx,0,8,64,33,D5,00,00,75,57,53,
0,00000380,false,Rx,0,8,B0,80,00,96,20,00,00,FE,
0,00000488,false,Rx,0,8,CF,33,00,72,FE,FF,FF,70,
0,00000280,false,Rx,0,8,B3,8A,00,00,33,FA,28,33,
0,00000288,false,Rx,0,8,8A,33,D5,00,00,75,57,53,
0,00000380,false,Rx,0,8,B0,80,00,96,20,00,00,FE,
0,00000488,false,Rx,0,8,3F,33,00,72,FE,FF,FF,80,
0,00000480,false,Rx,0,8,C2,2C,00,00,19,41,00,B6,
0,00000284,false,Rx,0,6,0D,0D,00,00,00,00,00,00,
0,00000588,false,Rx,0,8,0B,00,72,00,00,80,00,00,
0,00000280,false,Rx,0,8,B3,8A,00,00,33,FA,28,33,
0,00000288,false,Rx,0,8,8A,33,D5,00,00,75,57,53,
0,00000380,false,Rx,0,8,B0,80,00,96,20,00,00,FE,
0,00000488,false,Rx,0,8,2F,33,00,72,FE,FF,FF,90,
0,00000280,false,Rx,0,8,B3,8A,00,00,33,FA,28,33,
0,00000288,false,Rx,0,8,8A,33,D5,00,00,75,57,53,
0,00000380,false,Rx,0,8,B0,80,00,96,20,00,00,FE,
0,00000488,false,Rx,0,8,1F,33,00,72,FE,FF,FF,A0,
0,00000480,false,Rx,0,8,C2,2C,00,00,19,41,00,B6,
0,00000284,false,Rx,0,6,0E,0E,00,00,00,00,00,00,
0,00000588,false,Rx,0,8,0B,00,72,00,00,80,00,00,
0,00000280,false,Rx,0,8,B3,8A,00,00,33,FA,28,33,
0,00000288,false,Rx,0,8,8A,33,D5,00,00,75,57,53,
0,00000380,false,Rx,0,8,B0,80,00,96,20,00,00,FE,
0,00000488,false,Rx,0,8,0F,33,00,72,FE,FF,FF,B0,
0,00000280,false,Rx,0,8,B3,8A,00,00,33,FA,28,33,
0,00000288,false,Rx,0,8,E8,33,D5,00,00,75,57,53,
0,00000380,false,Rx,0,8,B0,80,00,96,20,00,00,FE,
0,00000488,false,Rx,0,8,7F,33,00,72,FE,FF,FF,C0,
0,00000480,false,Rx,0,8,C2,2C,00,00,19,41,00,B6,
0,00000284,false,Rx,0,6,0F,0F,00,00,00,00,00,00,
0,00000588,false,Rx,0,8,0B,00,72,00,00,80,00,00,
0,00000280,false,Rx,0,8,B3,8A,00,00,33,FA,28,33,
0,00000288,false,Rx,0,8,E8,33,D5,00,00,75,57,53,
0,00000380,false,Rx,0,8,B0,80,00,96,20,00,00,FE,
0,00000488,false,Rx,0,8,6F,33,00,72,FE,FF,FF,D0,
0,00000280,false,Rx,0,8,B3,8A,00,00,33,FA,28,33,
0,00000288,false,Rx,0,8,E8,33,D5,00,00,75,57,53,
0,00000380,false,Rx,0,8,B0,80,00,96,20,00,00,FE,
0,00000488,false,Rx,0,8,5F,33,00,72,FE,FF,FF,E0,
0,00000480,false,Rx,0,8,1C,2C,00,00,19,41,00,68,
0,00000284,false,Rx,0,6,00,00,00,00,00,00,00,00,
0,00000588,false,Rx,0,8,0B,00,72,00,00,80,00,00,
0,00000280,false,Rx,0,8,B3,8A,00,00,33,FA,28,33,
0,00000288,false,Rx,0,8,E8,33,D5,00,00,75,57,53,
0,00000380,false,Rx,0,8,B0,80,00,96,20,00,00,FE,
0,00000488,false,Rx,0,8,4F,33,00,72,FE,FF,FF,F0,
0,00000280,false,Rx,0,8,B3,8A,00,00,33,FA,28,33,
0,00000288,false,Rx,0,8,2C,33,D5,00,00,75,57,53,
0,00000380,false,Rx,0,8,B0,80,00,96,20,00,00,FE,
0,00000488,false,Rx,0,8,40,33,00,72,FE,FF,00,00,
0,00000480,false,Rx,0,8,1C,2C,00,00,19,41,00,68,
0,00000284,false,Rx,0,6,01,01,00,00,00,00,00,00,
293000,00000588,false,Rx,0,8,0B,00,72,00,00,80,00,00,
0,00000280,false,Rx,0,8,B3,8A,00,00,33,FA,28,33,
0,00000288,false,Rx,0,8,2C,33,D5,00,00,75,57,53,
0,00000380,false,Rx,0,8,B0,80,00,96,20,00,00,FE,
301000,00000488,false,Rx,0,8,AF,33,00,72,FE,FF,FF,10,
0,00000280,false,Rx,0,8,B3,8A,00,00,33,FA,28,33,
0,00000288,false,Rx,0,8,2C,33,D5,00,00,75,57,53,
0,00000380,false,Rx,0,8,B0,80,00,96,20,00,00,FE,
0,00000488,false,Rx,0,8,60,33,00,72,FE,FF,00,20,
0,00000480,false,Rx,0,8,1C,2C,00,00,19,41,00,68,
0,00000284,false,Rx,0,6,02,02,00,00,00,00,00,00,
313000,00000588,false,Rx,0,8,0B,00,72,00,00,80,00,00,
0,00000280,false,Rx,0,8,B3,8A,00,00,33,FA,28,33,
0,00000288,false,Rx,0,8,2C,33,D5,00,00,75,57,53,
0,00000380,false,Rx,0,8,B0,80,00,96,20,00,00,FE,
0,00000488,false,Rx,0,8,70,33,00,72,FE,FF,00,30,
0,00000280,false,Rx,0,8,B3,8A,00,00,33,FA,28,33,
0,00000288,false,Rx,0,8,64,33,D5,00,00,75,57,53,
0,00000380,false,Rx,0,8,B0,80,00,96,20,00,00,FE,
0,00000488,false,Rx,0,8,00,33,00,72,FE,FF,00,40,
0,00000480,false,Rx,0,8,1C,2C,00,00,19,41,00,68,
0,00000284,false,Rx,0,6,03,03,00,00,00,00,00,00,
333000,00000588,false,Rx,0,8,0B,00,72,00,00,80,00,00,
0,00000280,false,Rx,0,8,B3,8A,00,00,33,FA,28,33,
0,00000288,false,Rx,0,8,64,33,D5,00,00,75,57,53,
0,00000380,false,Rx,0,8,B0,80,00,96,20,00,00,FE,
0,00000488,false,Rx,0,8,EF,33,00,72,FE,FF,FF,50,
