Time Stamp,ID,Extended,Dir,Bus,LEN,D1,D2,D3,D4,D5,D6,D7,D8
0,00000488,false,Rx,0,8,70,23,00,72,FE,FF,00,20,
0,00000480,false,Rx,0,8,1C,2C,00,00,19,41,00,68,
0,00000284,false,Rx,0,6,02,02,00,00,00,00,00,00,
0,00000588,false,Rx,0,8,0B,00,72,00,00,80,00,00,
0,00000280,false,Rx,0,8,B3,8D,00,00,23,FA,1A,23,
0,00000288,false,Rx,0,8,2C,5B,D5,00,00,6B,56,8C,
0,00000380,false,Rx,0,8,B0,80,00,76,20,00,00,FE,
0,00000488,false,Rx,0,8,60,23,00,72,FE,FF,00,30,
0,00000280,false,Rx,0,8,B3,8D,00,00,23,FA,1A,23,
0,00000288,false,Rx,0,8,64,5B,D5,00,00,6B,56,8C,
0,00000380,false,Rx,0,8,B0,80,00,76,20,00,00,FE,
0,00000488,false,Rx,0,8,10,23,00,72,FE,FF,00,40,
0,00000480,false,Rx,0,8,1C,2C,00,00,19,41,00,68,
376000,00000588,false,Rx,0,8,0B,00,72,00,00,80,00,00,
0,00000284,false,Rx,0,6,03,03,00,00,00,00,00,00,
0,00000280,false,Rx,0,8,B3,8D,00,00,23,FA,1A,23,
0,00000288,false,Rx,0,8,64,5B,D5,00,00,6B,56,8C,
0,00000380,false,Rx,0,8,B0,80,00,76,20,00,00,FE,
0,00000488,false,Rx,0,8,FF,23,00,72,FE,FF,FF,50,
0,00000280,false,Rx,0,8,B3,8D,00,00,23,FA,1A,23,
0,00000288,false,Rx,0,8,64,5B,D5,00,00,6B,56,8C,
0,00000380,false,Rx,0,8,B0,80,00,76,20,00,00,FE,
0,00000488,false,Rx,0,8,CF,23,00,72,FE,FF,FF,60,
0,00000480,false,Rx,0,8,54,2C,00,00,19,41,00,20,
0,00000588,false,Rx,0,8,0B,00,72,00,00,80,00,00,
396000,00000284,false,Rx,0,6,04,04,00,00,00,00,00,00,
0,00000280,false,Rx,0,8,B3,8D,00,00,23,FA,1A,23,
0,00000288,false,Rx,0,8,64,5B,D5,00,00,6B,56,8C,
0,00000380,false,Rx,0,8,B0,80,00,76,20,00,00,FE,
404000,00000488,false,Rx,0,8,DF,23,00,72,FE,FF,FF,70,
0,00000280,false,Rx,0,8,B3,8D,00,00,23,FA,1A,23,
0,00000288,false,Rx,0,8,8A,5B,D5,00,00,6B,56,8C,
0,00000380,false,Rx,0,8,B0,80,00,76,20,00,00,FE,
0,00000488,false,Rx,0,8,2F,23,00,72,FE,FF,FF,80,
0,00000480,false,Rx,0,8,54,2C,00,00,19,41,00,20,
0,00000588,false,Rx,0,8,0B,00,72,00,00,80,00,00,
0,00000284,false,Rx,0,6,05,05,00,00,00,00,00,00,
0,00000280,false,Rx,0,8,B3,8D,00,00,23,FA,1A,23,
0,00000288,false,Rx,0,8,8A,5B,D5,00,00,6B,56,8C,
0,00000380,false,Rx,0,8,B0,80,00,76,20,00,00,FE,
0,00000488,false,Rx,0,8,3F,23,00,72,FE,FF,FF,90,
0,00000280,false,Rx,0,8,B3,8D,00,00,23,FA,1A,23,
0,00000288,false,Rx,0,8,8A,5B,D5,00,00,6B,56,8C,
0,00000380,false,Rx,0,8,B0,80,00,76,20,00,00,FE,
0,00000488,false,Rx,0,8,0F,23,00,72,FE,FF,FF,A0,
0,00000480,false,Rx,0,8,54,2C,00,00,19,41,00,20,
0,00000588,false,Rx,0,8,0B,00,72,00,00,80,00,00,
0,00000284,false,Rx,0,6,06,06,00,00,00,00,00,00,
0,00000280,false,Rx,0,8,B3,8D,00,00,23,FA,1A,23,
0,00000288,false,Rx,0,8,8A,5B,D5,00,00,6B,56,8C,
0,00000380,false,Rx,0,8,B0,80,00,76,20,00,00,FE,
0,00000488,false,Rx,0,8,1F,23,00,72,FE,FF,FF,B0,
0,00000280,false,Rx,0,8,B3,8D,00,00,23,FA,1A,23,
0,00000288,false,Rx,0,8,E8,5B,D5,00,00,6B,56,8C,
0,00000380,false,Rx,0,8,B0,80,00,76,20,00,00,FE,
0,00000488,false,Rx,0,8,6F,23,00,72,FE,FF,FF,C0,
0,00000480,false,Rx,0,8,54,2C,00,00,19,41,00,20,
0,00000588,false,Rx,0,8,0B,00,72,00,00,80,00,00,
0,00000284,false,Rx,0,6,07,07,00,00,00,00,00,00,
0,00000280,false,Rx,0,8,B3,8D,00,00,23,FA,1A,23,
0,00000288,false,Rx,0,8,E8,5B,D5,00,00,6B,56,8C,
0,00000380,false,Rx,0,8,B0,80,00,76,20,00,00,FE,
0,00000488,false,Rx,0,8,7F,23,00,72,FE,FF,FF,D0,
0,00000280,false,Rx,0,8,B3,8D,00,00,23,FA,1A,23,
0,00000288,false,Rx,0,8,E8,5B,D5,00,00,6B,56,8C,
0,00000380,false,Rx,0,8,B0,80,00,76,20,00,00,FE,
0,00000488,false,Rx,0,8,4F,23,00,72,FE,FF,FF,E0,
0,00000480,false,Rx,0,8,84,2C,00,00,19,41,00,F0,
0,00000588,false,Rx,0,8,0B,00,72,00,00,80,00,00,
474000,00000284,false,Rx,0,6,08,08,00,00,00,00,00,00,
0,00000280,false,Rx,0,8,B3,8D,00,00,23,FA,1A,23,
0,00000288,false,Rx,0,8,E8,5B,D5,00,00,6B,56,8C,
0,00000380,false,Rx,0,8,B0,80,00,76,20,00,00,FE,
0,00000488,false,Rx,0,8,5F,23,00,72,FE,FF,FF,F0,
0,00000280,false,Rx,0,8,B3,8D,00,00,23,FA,1A,23,
0,00000288,false,Rx,0,8,2C,5B,D5,00,00,6B,56,8C,
0,00000380,false,Rx,0,8,B0,80,00,76,20,00,00,FE,
0,00000488,false,Rx,0,8,50,23,00,72,FE,FF,00,00,
0,00000480,false,Rx,0,8,84,2C,00,00,19,41,00,F0,
0,00000588,false,Rx,0,8,0B,00,72,00,00,80,00,00,
0,00000284,false,Rx,0,6,09,09,00,00,00,00,00,00,
0,00000280,false,Rx,0,8,B3,8D,00,00,23,FA,1A,23,
0,00000288,false,Rx,0,8,2C,5B,D5,00,00,6B,56,8C,
0,00000380,false,Rx,0,8,B0,80,00,76,20,00,00,FE,
0,00000488,false,Rx,0,8,BF,23,00,72,FE,FF,FF,10,
0,00000280,false,Rx,0,8,B3,8D,00,00,23,FA,1A,23,
0,00000288,false,Rx,0,8,2C,5B,D5,00,00,6B,56,8C,
0,00000380,false,Rx,0,8,B0,80,00,76,20,00,00,FE,
0,00000488,false,Rx,0,8,70,23,00,72,FE,FF,00,20,
0,00000480,false,Rx,0,8,84,2C,00,00,19,41,00,F0,
0,00000588,false,Rx,0,8,0B,00,72,00,00,80,00,00,
0,00000284,false,Rx,0,6,0A,0A,00,00,00,00,00,00,
0,00000280,false,Rx,0,8,B3,8D,00,00,23,FA,1A,23,
0,00000288,false,Rx,0,8,2C,5B,D5,00,00,6B,56,8C,
0,00000380,false,Rx,0,8,B0,80,00,76,20,00,00,FE,
0,00000488,false,Rx,0,8,60,23,00,72,FE,FF,00,30,
0,00000280,false,Rx,0,8,B3,8D,00,00,23,FA,1A,23,
0,00000288,false,Rx,0,8,64,5B,D5,00,00,6B,56,8C,
0,00000380,false,Rx,0,8,B0,80,00,76,20,00,00,FE,
0,00000488,false,Rx,0,8,10,23,00,72,FE,FF,00,40,
0,00000480,false,Rx,0,8,84,2C,00,00,19,41,00,F0,
536000,00000588,false,Rx,0,8,0B,00,72,00,00,80,00,00,
0,00000284,false,Rx,0,6,0B,0B,00,00,00,00,00,00,
0,00000280,false,Rx,0,8,B3,8D,00,00,23,FA,1A,23,
0,00000288,false,Rx,0,8,64,5B,D5,00,00,6B,56,8C,
0,00000380,false,Rx,0,8,B0,80,00,76,20,00,00,FE,
0,00000488,false,Rx,0,8,FF,23,00,72,FE,FF,FF,50,
0,00000280,false,Rx,0,8,B3,8D,00,00,23,FA,1A,23,
0,00000288,false,Rx,0,8,64,5B,D5,00,00,6B,56,8C,
0,00000380,false,Rx,0,8,B0,80,00,76,20,00,00,FE,
0,00000488,false,Rx,0,8,CF,23,00,72,FE,FF,FF,60,
0,00000480,false,Rx,0,8,C2,2C,00,00,19,41,00,B6,
556000,00000588,false,Rx,0,8,0B,00,72,00,00,80,00,00,
0,00000284,false,Rx,0,6,0C,0C,00,00,00,00,00,00,
0,00000280,false,Rx,0,8,B3,8D,00,00,23,FA,1A,23,
0,00000288,false,Rx,0,8,64,5B,D5,00,00,6B,56,8C,
0,00000380,false,Rx,0,8,B0,80,00,76,20,00,00,FE,
0,00000488,false,Rx,0,8,DF,23,00,72,FE,FF,FF,70,
0,00000280,false,Rx,0,8,B3,8D,00,00,23,FA,1A,23,
0,00000288,false,Rx,0,8,8A,5B,D5,00,00,6B,56,8C,
0,00000380,false,Rx,0,8,B0,80,00,76,20,00,00,FE,
0,00000488,false,Rx,0,8,2F,23,00,72,FE,FF,FF,80,
0,00000480,false,Rx,0,8,C2,2C,00,00,19,41,00,B6,
0,00000588,false,Rx,0,8,0B,00,72,00,00,80,00,00,
576000,00000284,false,Rx,0,6,0D,0D,00,00,00,00,00,00,
0,00000280,false,Rx,0,8,B3,8D,00,00,23,FA,1A,23,
0,00000288,false,Rx,0,8,8A,5B,D5,00,00,6B,56,8C,
0,00000380,false,Rx,0,8,B0,80,00,76,20,00,00,FE,
0,00000488,false,Rx,0,8,3F,23,00,72,FE,FF,FF,90,
0,00000280,false,Rx,0,8,B3,8D,00,00,23,FA,1A,23,
0,00000288,false,Rx,0,8,8A,5B,D5,00,00,6B,56,8C,
0,00000380,false,Rx,0,8,B0,80,00,76,20,00,00,FE,
0,00000488,false,Rx,0,8,0F,23,00,72,FE,FF,FF,A0,
0,00000480,false,Rx,0,8,C2,2C,00,00,19,41,00,B6,
0,00000588,false,Rx,0,8,0B,00,72,00,00,80,00,00,
0,00000284,false,Rx,0,6,0E,0E,00,00,00,00,00,00,
0,00000280,false,Rx,0,8,B3,8D,00,00,23,FA,1A,23,
0,00000288,false,Rx,0,8,8A,5B,D5,00,00,6B,56,8C,
0,00000380,false,Rx,0,8,B0,80,00,76,20,00,00,FE,
605000,00000488,false,Rx,0,8,1F,23,00,72,FE,FF,FF,B0,
0,00000280,false,Rx,0,8,B3,8D,00,00,23,FA,1A,23,
0,00000288,false,Rx,0,8,E8,5B,D5,00,00,6B,56,8C,
0,00000380,false,Rx,0,8,B0,80,00,76,20,00,00,FE,
0,00000488,false,Rx,0,8,6F,23,00,72,FE,FF,FF,C0,
0,00000480,false,Rx,0,8,C2,2C,00,00,19,41,00,B6,
0,00000588,false,Rx,0,8,0B,00,72,00,00,80,00,00,
0,00000284,false,Rx,0,6,0F,0F,00,00,00,00,00,00,
0,00000280,false,Rx,0,8,B3,8D,00,00,23,FA,1A,23,
0,00000288,false,Rx,0,8,E8,5B,D5,00,00,6B,56,8C,
0,00000380,false,Rx,0,8,B0,80,00,76,20,00,00,FE,
0,00000488,false,Rx,0,8,7F,23,00,72,FE,FF,FF,D0,
630000,00000280,false,Rx,0,8,B3,8D,00,00,23,FA,1A,23,
0,00000288,false,Rx,0,8,E8,5B,D5,00,00,6B,56,8C,
0,00000380,false,Rx,0,8,B0,80,00,76,20,00,00,FE,
0,00000488,false,Rx,0,8,4F,23,00,72,FE,FF,FF,E0,
0,00000480,false,Rx,0,8,1C,2C,00,00,19,41,00,68,
0,00000588,false,Rx,0,8,0B,00,72,00,00,80,00,00,
0,00000284,false,Rx,0,6,00,00,00,00,00,00,00,00,
0,00000280,false,Rx,0,8,B3,8D,00,00,23,FA,1A,23,
0,00000288,false,Rx,0,8,E8,5B,D5,00,00,6B,56,8C,
0,00000380,false,Rx,0,8,B0,80,00,76,20,00,00,FE,
0,00000488,false,Rx,0,8,5F,23,00,72,FE,FF,FF,F0,
0,00000280,false,Rx,0,8,B3,8D,00,00,23,FA,1A,23,
0,00000288,false,Rx,0,8,2C,5B,D5,00,00,6B,56,8C,
0,00000380,false,Rx,0,8,B0,80,00,76,20,00,00,FE,
0,00000488,false,Rx,0,8,50,23,00,72,FE,FF,00,00,
0,00000480,false,Rx,0,8,1C,2C,00,00,19,41,00,68,
0,00000588,false,Rx,0,8,0B,00,72,00,00,80,00,00,
654000,00000284,false,Rx,0,6,01,01,00,00,00,00,00,00,
0,00000280,false,Rx,0,8,B3,8D,00,00,23,FA,1A,23,
0,00000288,false,Rx,0,8,2C,5B,D5,00,00,6B,56,8C,
0,00000380,false,Rx,0,8,B0,80,00,76,20,00,00,FE,
0,00000488,false,Rx,0,8,BF,23,00,72,FE,FF,FF,10,
0,00000280,false,Rx,0,8,B3,8D,00,00,23,FA,1A,23,
0,00000288,false,Rx,0,8,2C,5B,D5,00,00,6B,56,8C,
0,00000380,false,Rx,0,8,B0,80,00,76,20,00,00,FE,
0,00000488,false,Rx,0,8,70,23,00,72,FE,FF,00,20,
0,00000480,false,Rx,0,8,1C,2C,00,00,19,41,00,68,
0,00000588,false,Rx,0,8,0B,00,72,00,00,80,00,00,
0,00000284,false,Rx,0,6,02,02,00,00,00,00,00,00,
0,00000280,false,Rx,0,8,B3,8D,00,00,23,FA,1A,23,
0,00000288,false,Rx,0,8,2C,5B,D5,00,00,6B,56,8C,
0,00000380,false,Rx,0,8,B0,80,00,76,20,00,00,FE,
0,00000488,false,Rx,0,8,60,23,00,72,FE,FF,00,30,
0,00000280,false,Rx,0,8,B3,8D,00,00,23,FA,1A,23,
0,00000288,false,Rx,0,8,64,5B,D5,00,00,6B,56,8C,
0,00000380,false,Rx,0,8,B0,80,00,76,20,00,00,FE,
0,00000488,false,Rx,0,8,10,23,00,72,FE,FF,00,40,
0,00000480,false,Rx,0,8,1C,2C,00,00,19,41,00,68,
0,00000284,false,Rx,0,6,03,03,00,00,00,00,00,00,
0,00000588,false,Rx,0,8,0B,00,72,00,00,80,00,00,
0,00000280,false,Rx,0,8,B3,8D,00,00,23,FA,1A,23,
0,00000288,false,Rx,0,8,64,5B,D5,00,00,6B,56,8C,
0,00000380,false,Rx,0,8,B0,80,00,76,20,00,00,FE,
0,00000488,false,Rx,0,8,FF,23,00,72,FE,FF,FF,50,
0,00000280,false,Rx,0,8,B3,8D,00,00,23,FA,1A,23,
0,00000288,false,Rx,0,8,64,5B,D5,00,00,6B,56,8C,
0,00000380,false,Rx,0,8,B0,80,00,76,20,00,00,FE,
0,00000488,false,Rx,0,8,CF,23,00,72,FE,FF,FF,60,
0,00000480,false,Rx,0,8,54,2C,00,00,19,41,00,20,
0,00000588,false,Rx,0,8,0B,00,72,00,00,80,00,00,
0,00000284,false,Rx,0,6,04,04,00,00,00,00,00,00,
0,00000280,false,Rx,0,8,B3,8D,00,00,23,FA,1A,23,
0,00000288,false,Rx,0,8,64,5B,D5,00,00,6B,56,8C,
0,00000380,false,Rx,0,8,B0,80,00,76,20,00,00,FE,
0,00000488,false,Rx,0,8,DF,23,00,72,FE,FF,FF,70,
0,00000280,false,Rx,0,8,B3,8D,00,00,23,FA,1A,23,
0,00000288,false,Rx,0,8,8A,5B,D5,00,00,6B,56,8C,
0,00000380,false,Rx,0,8,B0,80,00,76,20,00,00,FE,
0,00000488,false,Rx,0,8,2F,23,00,72,FE,FF,FF,80,
0,00000480,false,Rx,0,8,54,2C,00,00,19,41,00,20,
0,00000588,false,Rx,0,8,0B,00,72,00,00,80,00,00,
0,00000284,false,Rx,0,6,05,05,00,00,00,00,00,00,
0,00000740,false,Rx,0,1,A3,00,00,00,00,00,00,00,
0,00000300,false,Rx,0,6,A1,0F,8A,FF,4A,FF,00,00,
0,00000280,false,Rx,0,8,B3,8D,00,00,23,FA,1A,23,
0,00000288,false,Rx,0,8,8A,5B,D5,00,00,6B,56,8C,
0,00000380,false,Rx,0,8,B0,80,00,76,20,00,00,FE,
0,00000488,false,Rx,0,8,3F,23,00,72,FE,FF,FF,90,
0,00000280,false,Rx,0,8,B3,8D,00,00,23,FA,1A,23,
0,00000288,false,Rx,0,8,8A,5B,D5,00,00,6B,56,8C,
0,00000380,false,Rx,0,8,B0,80,00,76,20,00,00,FE,
0,00000488,false,Rx,0,8,0F,23,00,72,FE,FF,FF,A0,
0,00000480,false,Rx,0,8,54,2C,00,00,19,41,00,20,
757000,00000588,false,Rx,0,8,0B,00,72,00,00,80,00,00,
0,00000284,false,Rx,0,6,06,06,00,00,00,00,00,00,
0,00000280,false,Rx,0,8,B3,8D,00,00,23,FA,1A,23,
0,00000288,false,Rx,0,8,8A,5B,D5,00,00,6B,56,8C,
0,00000380,false,Rx,0,8,B0,80,00,76,20,00,00,FE,
0,00000488,false,Rx,0,8,1F,23,00,72,FE,FF,FF,B0,
0,00000280,false,Rx,0,8,B3,8D,00,00,23,FA,1A,23,
0,00000288,false,Rx,0,8,E8,5B,D5,00,00,6B,56,8C,
0,00000380,false,Rx,0,8,B0,80,00,76,20,00,00,FE,
0,00000488,false,Rx,0,8,6F,23,00,72,FE,FF,FF,C0,
0,00000480,false,Rx,0,8,54,2C,00,00,19,41,00,20,
0,00000284,false,Rx,0,6,07,07,00,00,00,00,00,00,
777000,00000588,false,Rx,0,8,0B,00,72,00,00,80,00,00,
0,00000280,false,Rx,0,8,B3,8D,00,00,23,FA,1A,23,
0,00000288,false,Rx,0,8,E8,5B,D5,00,00,6B,56,8C,
0,00000380,false,Rx,0,8,B0,80,00,76,20,00,00,FE,
785000,00000488,false,Rx,0,8,7F,23,00,72,FE,FF,FF,D0,
0,00000280,false,Rx,0,8,B3,8D,00,00,23,FA,1A,23,
0,00000288,false,Rx,0,8,E8,5B,D5,00,00,6B,56,8C,
0,00000380,false,Rx,0,8,B0,80,00,76,20,00,00,FE,
0,00000488,false,Rx,0,8,4F,23,00,72,FE,FF,FF,E0,
0,00000480,false,Rx,0,8,84,2C,00,00,19,41,00,F0,
0,00000588,false,Rx,0,8,0B,00,72,00,00,80,00,00,
0,00000284,false,Rx,0,6,08,08,00,00,00,00,00,00,
0,00000280,false,Rx,0,8,B3,8D,00,00,23,FA,1A,23,
0,00000288,false,Rx,0,8,E8,5B,D5,00,00,6B,56,8C,
0,00000380,false,Rx,0,8,B0,80,00,76,20,00,00,FE,
0,00000488,false,Rx,0,8,5F,23,00,72,FE,FF,FF,F0,
0,00000280,false,Rx,0,8,B3,8D,00,00,23,FA,1A,23,
0,00000288,false,Rx,0,8,2C,5B,D5,00,00,6B,56,8C,
0,00000380,false,Rx,0,8,B0,80,00,76,20,00,00,FE,
0,00000488,false,Rx,0,8,50,23,00,72,FE,FF,00,00,
0,00000480,false,Rx,0,8,84,2C,00,00,19,41,00,F0,
0,00000588,false,Rx,0,8,0B,00,72,00,00,80,00,00,
0,00000284,false,Rx,0,6,09,09,00,00,00,00,00,00,
0,00000280,false,Rx,0,8,B3,8D,00,00,23,FA,1A,23,
0,00000288,false,Rx,0,8,2C,5B,D5,00,00,6B,56,8C,
0,00000380,false,Rx,0,8,B0,80,00,76,20,00,00,FE,
0,00000488,false,Rx,0,8,BF,23,00,72,FE,FF,FF,10,
0,00000280,false,Rx,0,8,B3,8D,00,00,23,FA,1A,23,
0,00000288,false,Rx,0,8,2C,5B,D5,00,00,6B,56,8C,
0,00000380,false,Rx,0,8,B0,80,00,76,20,00,00,FE,
0,00000488,false,Rx,0,8,70,23,00,72,FE,FF,00,20,
0,00000480,false,Rx,0,8,84,2C,00,00,19,41,00,F0,
834000,00000588,false,Rx,0,8,0B,00,72,00,00,80,00,00,
0,00000284,false,Rx,0,6,0A,0A,00,00,00,00,00,00,
0,00000280,false,Rx,0,8,B3,8D,00,00,23,FA,1A,23,
0,00000288,false,Rx,0,8,2C,5B,D5,00,00,6B,56,8C,
0,00000380,false,Rx,0,8,B0,80,00,76,20,00,00,FE,
0,00000488,false,Rx,0,8,60,23,00,72,FE,FF,00,30,
0,00000280,false,Rx,0,8,B3,8D,00,00,23,FA,1A,23,
0,00000288,false,Rx,0,8,64,5B,D5,00,00,6B,56,8C,
0,00000380,false,Rx,0,8,B0,80,00,76,20,00,00,FE,
0,00000488,false,Rx,0,8,10,23,00,72,FE,FF,00,40,
0,00000480,false,Rx,0,8,84,2C,00,00,19,41,00,F0,
0,00000284,false,Rx,0,6,0B,0B,00,00,00,00,00,00,
855000,00000588,false,Rx,0,8,0B,00,72,00,00,80,00,00,
0,00000280,false,Rx,0,8,B3,8D,00,00,23,FA,1A,23,
0,00000288,false,Rx,0,8,64,5B,D5,00,00,6B,56,8C,
0,00000380,false,Rx,0,8,B0,80,00,76,20,00,00,FE,
0,00000488,false,Rx,0,8,FF,23,00,72,FE,FF,FF,50,
867000,00000580,false,Rx,0,8,87,00,00,11,1F,E0,0C,46,
0,00000280,false,Rx,0,8,B3,8D,00,00,23,FA,1A,23,
0,00000288,false,Rx,0,8,64,5B,D5,00,00,6B,56,8C,
0,00000380,false,Rx,0,8,B0,80,00,76,20,00,00,FE,
0,00000488,false,Rx,0,8,CF,23,00,72,FE,FF,FF,60,
0,00000480,false,Rx,0,8,C2,2C,00,00,19,41,00,B6,
0,00000588,false,Rx,0,8,0B,00,72,00,00,80,00,00,
0,00000284,false,Rx,0,6,0C,0C,00,00,00,00,00,00,
0,00000280,false,Rx,0,8,B3,8D,00,00,23,FA,1A,23,
0,00000288,false,Rx,0,8,64,5B,D5,00,00,6B,56,8C,
0,00000380,false,Rx,0,8,B0,80,00,76,20,00,00,FE,
0,00000488,false,Rx,0,8,DF,23,00,72,FE,FF,FF,70,
0,00000280,false,Rx,0,8,B3,8D,00,00,23,FA,1A,23,
0,00000288,false,Rx,0,8,8A,5B,D5,00,00,6B,56,8C,
0,00000380,false,Rx,0,8,B0,80,00,76,20,00,00,FE,
0,00000488,false,Rx,0,8,2F,23,00,72,FE,FF,FF,80,
0,00000480,false,Rx,0,8,C2,2C,00,00,19,41,00,B6,
0,00000588,false,Rx,0,8,0B,00,72,00,00,80,00,00,
0,00000284,false,Rx,0,6,0D,0D,00,00,00,00,00,00,
0,00000280,false,Rx,0,8,B3,8D,00,00,23,FA,1A,23,
0,00000288,false,Rx,0,8,8A,5B,D5,00,00,6B,56,8C,
0,00000380,false,Rx,0,8,B0,80,00,76,20,00,00,FE,
0,00000488,false,Rx,0,8,3F,23,00,72,FE,FF,FF,90,
0,00000280,false,Rx,0,8,B3,8D,00,00,23,FA,1A,23,
0,00000288,false,Rx,0,8,8A,5B,D5,00,00,6B,56,8C,
0,00000380,false,Rx,0,8,B0,80,00,76,20,00,00,FE,
0,00000488,false,Rx,0,8,0F,23,00,72,FE,FF,FF,A0,
0,00000480,false,Rx,0,8,C2,2C,00,00,19,41,00,B6,
916000,00000588,false,Rx,0,8,0B,00,72,00,00,80,00,00,
0,00000284,false,Rx,0,6,0E,0E,00,00,00,00,00,00,
0,00000280,false,Rx,0,8,B3,8D,00,00,23,FA,1A,23,
0,00000288,false,Rx,0,8,8A,5B,D5,00,00,6B,56,8C,
0,00000380,false,Rx,0,8,B0,80,00,76,20,00,00,FE,
0,00000488,false,Rx,0,8,1F,23,00,72,FE,FF,FF,B0,
0,00000280,false,Rx,0,8,B3,8D,00,00,23,FA,1A,23,
0,00000288,false,Rx,0,8,E8,5B,D5,00,00,6B,56,8C,
0,00000380,false,Rx,0,8,B0,80,00,76,20,00,00,FE,
0,00000488,false,Rx,0,8,6F,23,00,72,FE,FF,FF,C0,
0,00000480,false,Rx,0,8,C2,2C,00,00,19,41,00,B6,
0,00000284,false,Rx,0,6,0F,0F,00,00,00,00,00,00,
0,00000588,false,Rx,0,8,0B,00,72,00,00,80,00,00,
0,00000280,false,Rx,0,8,B3,8D,00,00,23,FA,1A,23,
0,00000288,false,Rx,0,8,E8,5B,D5,00,00,6B,56,8C,
0,00000380,false,Rx,0,8,B0,80,00,76,20,00,00,FE,
0,00000488,false,Rx,0,8,7F,23,00,72,FE,FF,FF,D0,
0,00000280,false,Rx,0,8,B3,8D,00,00,23,FA,1A,23,
0,00000288,false,Rx,0,8,E8,5B,D5,00,00,6B,56,8C,
0,00000380,false,Rx,0,8,B0,80,00,76,20,00,00,FE,
0,00000488,false,Rx,0,8,4F,23,00,72,FE,FF,FF,E0,
0,00000480,false,Rx,0,8,1C,2C,00,00,19,41,00,68,
0,00000588,false,Rx,0,8,0B,00,72,00,00,80,00,00,
957000,00000284,false,Rx,0,6,00,00,00,00,00,00,00,00,
0,00000280,false,Rx,0,8,B3,8D,00,00,23,FA,1A,23,
0,00000288,false,Rx,0,8,E8,5B,D5,00,00,6B,56,8C,
0,00000380,false,Rx,0,8,B0,80,00,76,20,00,00,FE,
966000,00000488,false,Rx,0,8,5F,23,00,72,FE,FF,FF,F0,
0,00000280,false,Rx,0,8,B3,8D,00,00,23,FA,1A,23,
0,00000288,false,Rx,0,8,2C,5B,D5,00,00,6B,56,8C,
0,00000380,false,Rx,0,8,B0,80,00,76,20,00,00,FE,
0,00000488,false,Rx,0,8,50,23,00,72,FE,FF,00,00,
0,00000480,false,Rx,0,8,1C,2C,00,00,19,41,00,68,
0,00000588,false,Rx,0,8,0B,00,72,00,00,80,00,00,
0,00000284,false,Rx,0,6,01,01,00,00,00,00,00,00,
0,00000280,false,Rx,0,8,B3,8D,00,00,23,FA,1A,23,
0,00000288,false,Rx,0,8,2C,5B,D5,00,00,6B,56,8C,
0,00000380,false,Rx,0,8,B0,80,00,76,20,00,00,FE,
986000,00000488,false,Rx,0,8,BF,23,00,72,FE,FF,FF,10,
0,00000280,false,Rx,0,8,B3,8D,00,00,23,FA,1A,23,
0,00000288,false,Rx,0,8,2C,5B,D5,00,00,6B,56,8C,
0,00000380,false,Rx,0,8,B0,80,00,76,20,00,00,FE,
0,00000488,false,Rx,0,8,70,23,00,72,FE,FF,00,20,
0,00000480,false,Rx,0,8,1C,2C,00,00,19,41,00,68,
0,00000284,false,Rx,0,6,02,02,00,00,00,00,00,00,
998000,00000588,false,Rx,0,8,0B,00,72,00,00,80,00,00,
0,00000280,false,Rx,0,8,B3,8D,00,00,23,FA,1A,23,
0,00000288,false,Rx,0,8,2C,5B,D5,00,00,6B,56,8C,
0,00000380,false,Rx,0,8,B0,80,00,76,20,00,00,FE,
0,00000488,false,Rx,0,8,60,23,00,72,FE,FF,00,30,
0,00000280,false,Rx,0,8,B3,8D,00,00,23,FA,1A,23,
0,00000288,false,Rx,0,8,64,5B,D5,00,00,6B,56,8C,
0,00000380,false,Rx,0,8,B0,80,00,76,20,00,00,FE,
0,00000488,false,Rx,0,8,10,23,00,72,FE,FF,00,40,
0,00000480,false,Rx,0,8,1C,2C,00,00,19,41,00,68,
0,00000588,false,Rx,0,8,0B,00,72,00,00,80,00,00,
0,00000284,false,Rx,0,6,03,03,00,00,00,00,00,00,
0,00000280,false,Rx,0,8,B3,8D,00,00,23,FA,1A,23,
0,00000288,false,Rx,0,8,64,5B,D5,00,00,6B,56,8C,
0,00000380,false,Rx,0,8,B0,80,00,76,20,00,00,FE,
0,00000488,false,Rx,0,8,FF,23,00,72,FE,FF,FF,50,
0,00000280,false,Rx,0,8,B3,8D,00,00,23,FA,1A,23,
0,00000288,false,Rx,0,8,64,5B,D5,00,00,6B,56,8C,
0,00000380,false,Rx,0,8,B0,80,00,76,20,00,00,FE,
0,00000488,false,Rx,0,8,CF,23,00,72,FE,FF,FF,60,
0,00000480,false,Rx,0,8,54,2C,00,00,19,41,00,20,
0,00000588,false,Rx,0,8,0B,00,72,00,00,80,00,00,
35000,00000284,false,Rx,0,6,04,04,00,00,00,00,00,00,
0,00000280,false,Rx,0,8,B3,8D,00,00,23,FA,1A,23,
0,00000288,false,Rx,0,8,64,5B,D5,00,00,6B,56,8C,
0,00000380,false,Rx,0,8,B0,80,00,76,20,00,00,FE,
0,00000488,false,Rx,0,8,DF,23,00,72,FE,FF,FF,70,
0,00000280,false,Rx,0,8,B3,8D,00,00,23,FA,1A,23,
0,00000288,false,Rx,0,8,8A,5B,D5,00,00,6B,56,8C,
0,00000380,false,Rx,0,8,B0,80,00,76,20,00,00,FE,
0,00000488,false,Rx,0,8,2F,23,00,72,FE,FF,FF,80,
0,00000480,false,Rx,0,8,54,2C,00,00,19,41,00,20,
0,00000284,false,Rx,0,6,05,05,00,00,00,00,00,00,
0,00000588,false,Rx,0,8,0B,00,72,00,00,80,00,00,
0,00000280,false,Rx,0,8,B3,8D,00,00,23,FA,1A,23,
0,00000288,false,Rx,0,8,8A,5B,D5,00,00,6B,56,8C,
0,00000380,false,Rx,0,8,B0,80,00,76,20,00,00,FE,
0,00000488,false,Rx,0,8,3F,23,00,72,FE,FF,FF,90,
0,00000280,false,Rx,0,8,B3,8D,00,00,23,FA,1A,23,
0,00000288,false,Rx,0,8,8A,5B,D5,00,00,6B,56,8C,
0,00000380,false,Rx,0,8,B0,80,00,76,20,00,00,FE,
0,00000488,false,Rx,0,8,0F,23,00,72,FE,FF,FF,A0,
0,00000480,false,Rx,0,8,54,2C,00,00,19,41,00,20,
0,00000284,false,Rx,0,6,06,06,00,00,00,00,00,00,
0,00000588,false,Rx,0,8,0B,00,72,00,00,80,00,00,
0,00000280,false,Rx,0,8,B3,8D,00,00,23,FA,1A,23,
0,00000288,false,Rx,0,8,8A,5B,D5,00,00,6B,56,8C,
0,00000380,false,Rx,0,8,B0,80,00,76,20,00,00,FE,
0,00000488,false,Rx,0,8,1F,23,00,72,FE,FF,FF,B0,
0,00000280,false,Rx,0,8,B3,8D,00,00,23,FA,1A,23,
0,00000288,false,Rx,0,8,E8,5B,D5,00,00,6B,56,8C,
0,00000380,false,Rx,0,8,B0,80,00,76,20,00,00,FE,
0,00000488,false,Rx,0,8,6F,23,00,72,FE,FF,FF,C0,
0,00000480,false,Rx,0,8,54,2C,00,00,19,41,00,20,
0,00000284,false,Rx,0,6,07,07,00,00,00,00,00,00,
0,00000588,false,Rx,0,8,0B,00,72,00,00,80,00,00,
101000,00000280,false,Rx,0,8,B3,8D,00,00,23,FA,1A,23,
0,00000288,false,Rx,0,8,E8,5B,D5,00,00,6B,56,8C,
0,00000380,false,Rx,0,8,B0,80,00,76,20,00,00,FE,
0,00000488,false,Rx,0,8,7F,23,00,72,FE,FF,FF,D0,
0,00000280,false,Rx,0,8,B3,8D,00,00,23,FA,1A,23,
0,00000288,false,Rx,0,8,E8,5B,D5,00,00,6B,56,8C,
0,00000380,false,Rx,0,8,B0,80,00,76,20,00,00,FE,
0,00000488,false,Rx,0,8,4F,23,00,72,FE,FF,FF,E0,
0,00000480,false,Rx,0,8,84,2C,00,00,19,41,00,F0,
117000,00000588,false,Rx,0,8,0B,00,72,00,00,80,00,00,
0,00000284,false,Rx,0,6,08,08,00,00,00,00,00,00,
0,00000280,false,Rx,0,8,B3,8D,00,00,23,FA,1A,23,
0,00000288,false,Rx,0,8,E8,5B,D5,00,00,6B,56,8C,
0,00000380,false,Rx,0,8,B0,80,00,76,20,00,00,FE,
0,00000488,false,Rx,0,8,5F,23,00,72,FE,FF,FF,F0,
0,00000280,false,Rx,0,8,B3,8D,00,00,23,FA,1A,23,
0,00000288,false,Rx,0,8,2C,5B,D5,00,00,6B,56,8C,
0,00000380,false,Rx,0,8,B0,80,00,76,20,00,00,FE,
0,00000488,false,Rx,0,8,50,23,00,72,FE,FF,00,00,
0,00000480,false,Rx,0,8,84,2C,00,00,19,41,00,F0,
0,00000284,false,Rx,0,6,09,09,00,00,00,00,00,00,
138000,00000588,false,Rx,0,8,0B,00,72,00,00,80,00,00,
0,00000280,false,Rx,0,8,B3,8D,00,00,23,FA,1A,23,
0,00000288,false,Rx,0,8,2C,5B,D5,00,00,6B,56,8C,
0,00000380,false,Rx,0,8,B0,80,00,76,20,00,00,FE,
0,00000488,false,Rx,0,8,BF,23,00,72,FE,FF,FF,10,
0,00000280,false,Rx,0,8,B3,8D,00,00,23,FA,1A,23,
0,00000288,false,Rx,0,8,2C,5B,D5,00,00,6B,56,8C,
0,00000380,false,Rx,0,8,B0,80,00,76,20,00,00,FE,
0,00000488,false,Rx,0,8,70,23,00,72,FE,FF,00,20,
0,00000480,false,Rx,0,8,84,2C,00,00,19,41,00,F0,
0,00000588,false,Rx,0,8,0B,00,72,00,00,80,00,00,
158000,00000284,false,Rx,0,6,0A,0A,00,00,00,00,00,00,
0,00000280,false,Rx,0,8,B3,8D,00,00,23,FA,1A,23,
0,00000288,false,Rx,0,8,2C,5B,D5,00,00,6B,56,8C,
0,00000380,false,Rx,0,8,B0,80,00,76,20,00,00,FE,
166000,00000488,false,Rx,0,8,60,23,00,72,FE,FF,00,30,
0,00000280,false,Rx,0,8,B3,8D,00,00,23,FA,1A,23,
0,00000288,false,Rx,0,8,64,5B,D5,00,00,6B,56,8C,
0,00000380,false,Rx,0,8,B0,80,00,76,20,00,00,FE,
0,00000488,false,Rx,0,8,10,23,00,72,FE,FF,00,40,
0,00000480,false,Rx,0,8,84,2C,00,00,19,41,00,F0,
0,00000284,false,Rx,0,6,0B,0B,00,00,00,00,00,00,
179000,00000588,false,Rx,0,8,0B,00,72,00,00,80,00,00,
0,00000280,false,Rx,0,8,B3,8D,00,00,23,FA,1A,23,
0,00000288,false,Rx,0,8,64,5B,D5,00,00,6B,56,8C,
0,00000380,false,Rx,0,8,B0,80,00,76,20,00,00,FE,
0,00000488,false,Rx,0,8,FF,23,00,72,FE,FF,FF,50,
0,00000280,false,Rx,0,8,B3,8D,00,00,23,FA,1A,23,
0,00000288,false,Rx,0,8,64,5B,D5,00,00,6B,56,8C,
0,00000380,false,Rx,0,8,B0,80,00,76,20,00,00,FE,
0,00000488,false,Rx,0,8,CF,23,00,72,FE,FF,FF,60,
0,00000480,false,Rx,0,8,C2,2C,00,00,19,41,00,B6,
0,00000588,false,Rx,0,8,0B,00,72,00,00,80,00,00,
0,00000284,false,Rx,0,6,0C,0C,00,00,00,00,00,00,
0,00000280,false,Rx,0,8,B3,8D,00,00,23,FA,1A,23,
0,00000288,false,Rx,0,8,64,5B,D5,00,00,6B,56,8C,
0,00000380,false,Rx,0,8,B0,80,00,76,20,00,00,FE,
0,00000488,false,Rx,0,8,DF,23,00,72,FE,FF,FF,70,
0,00000280,false,Rx,0,8,B3,8D,00,00,23,FA,1A,23,
0,00000288,false,Rx,0,8,8A,5B,D5,00,00,6B,56,8C,
0,00000380,false,Rx,0,8,B0,80,00,76,20,00,00,FE,
0,00000488,false,Rx,0,8,2F,23,00,72,FE,FF,FF,80,
0,00000480,false,Rx,0,8,C2,2C,00,00,19,41,00,B6,
0,00000284,false,Rx,0,6,0D,0D,00,00,00,00,00,00,
215000,00000588,false,Rx,0,8,0B,00,72,00,00,80,00,00,
0,00000280,false,Rx,0,8,B3,8D,00,00,23,FA,1A,23,
0,00000288,false,Rx,0,8,8A,5B,D5,00,00,6B,56,8C,
0,00000380,false,Rx,0,8,B0,80,00,76,20,00,00,FE,
0,00000488,false,Rx,0,8,3F,23,00,72,FE,FF,FF,90,
0,00000280,false,Rx,0,8,B3,8D,00,00,23,FA,1A,23,
0,00000288,false,Rx,0,8,8A,5B,D5,00,00,6B,56,8C,
0,00000380,false,Rx,0,8,B0,80,00,76,20,00,00,FE,
0,00000488,false,Rx,0,8,0F,23,00,72,FE,FF,FF,A0,
0,00000480,false,Rx,0,8,C2,2C,00,00,19,41,00,B6,
0,00000284,false,Rx,0,6,0E,0E,00,00,00,00,00,00,
0,00000588,false,Rx,0,8,0B,00,72,00,00,80,00,00,
0,00000740,false,Rx,0,1,A3,00,00,00,00,00,00,00,
0,00000300,false,Rx,0,6,A1,0F,8A,FF,4A,FF,00,00,
0,00000280,false,Rx,0,8,B3,8D,00,00,23,FA,1A,23,
0,00000288,false,Rx,0,8,8A,5B,D5,00,00,6B,56,8C,
0,00000380,false,Rx,0,8,B0,80,00,76,20,00,00,FE,
0,00000488,false,Rx,0,8,1F,23,00,72,FE,FF,FF,B0,
0,00000280,false,Rx,0,8,B3,8D,00,00,23,FA,1A,23,
0,00000288,false,Rx,0,8,E8,5B,D5,00,00,6B,56,8C,
0,00000380,false,Rx,0,8,B0,80,00,76,20,00,00,FE,
0,00000488,false,Rx,0,8,6F,23,00,72,FE,FF,FF,C0,
0,00000480,false,Rx,0,8,C2,2C,00,00,19,41,00,B6,
0,00000284,false,Rx,0,6,0F,0F,00,00,00,00,00,00,
0,00000588,false,Rx,0,8,0B,00,72,00,00,80,00,00,
0,00000280,false,Rx,0,8,B3,8D,00,00,23,FA,1A,23,
0,00000288,false,Rx,0,8,E8,5B,D5,00,00,6B,56,8C,
0,00000380,false,Rx,0,8,B0,80,00,76,20,00,00,FE,
0,00000488,false,Rx,0,8,7F,23,00,72,FE,FF,FF,D0,
0,00000280,false,Rx,0,8,B3,8D,00,00,23,FA,1A,23,
0,00000288,false,Rx,0,8,E8,5B,D5,00,00,6B,56,8C,
0,00000380,false,Rx,0,8,B0,80,00,76,20,00,00,FE,
0,00000488,false,Rx,0,8,4F,23,00,72,FE,FF,FF,E0,
0,00000480,false,Rx,0,8,1C,2C,00,00,19,41,00,68,
0,00000284,false,Rx,0,6,00,00,00,00,00,00,00,00,
0,00000588,false,Rx,0,8,0B,00,72,00,00,80,00,00,
0,00000280,false,Rx,0,8,B3,8D,00,00,23,FA,1A,23,
0,00000288,false,Rx,0,8,E8,5B,D5,00,00,6B,56,8C,
0,00000380,false,Rx,0,8,B0,80,00,76,20,00,00,FE,
0,00000488,false,Rx,0,8,5F,23,00,72,FE,FF,FF,F0,
0,00000280,false,Rx,0,8,B3,8D,00,00,23,FA,1A,23,
0,00000288,false,Rx,0,8,2C,5B,D5,00,00,6B,56,8C,
0,00000380,false,Rx,0,8,B0,80,00,76,20,00,00,FE,
0,00000488,false,Rx,0,8,50,23,00,72,FE,FF,00,00,
0,00000480,false,Rx,0,8,1C,2C,00,00,19,41,00,68,
0,00000284,false,Rx,0,6,01,01,00,00,00,00,00,00,
0,00000588,false,Rx,0,8,0B,00,72,00,00,80,00,00,
0,00000280,false,Rx,0,8,B3,8D,00,00,23,FA,1A,23,
0,00000288,false,Rx,0,8,2C,5B,D5,00,00,6B,56,8C,
0,00000380,false,Rx,0,8,B0,80,00,76,20,00,00,FE,
0,00000488,false,Rx,0,8,BF,23,00,72,FE,FF,FF,10,
0,00000280,false,Rx,0,8,B3,8D,00,00,23,FA,1A,23,
0,00000288,false,Rx,0,8,2C,5B,D5,00,00,6B,56,8C,
0,00000380,false,Rx,0,8,B0,80,00,76,20,00,00,FE,
0,00000488,false,Rx,0,8,70,23,00,72,FE,FF,00,20,
0,00000480,false,Rx,0,8,1C,2C,00,00,19,41,00,68,
0,00000284,false,Rx,0,6,02,02,00,00,00,00,00,00,
0,00000588,false,Rx,0,8,0B,00,72,00,00,80,00,00,
0,00000280,false,Rx,0,8,B3,8D,00,00,23,FA,1A,23,
0,00000288,false,Rx,0,8,2C,5B,D5,00,00,6B,56,8C,
0,00000380,false,Rx,0,8,B0,80,00,76,20,00,00,FE,
0,00000488,false,Rx,0,8,60,23,00,72,FE,FF,00,30,
0,00000280,false,Rx,0,8,B3,8D,00,00,23,FA,1A,23,
0,00000288,false,Rx,0,8,64,5B,D5,00,00,6B,56,8C,
0,00000380,false,Rx,0,8,B0,80,00,76,20,00,00,FE,
0,00000488,false,Rx,0,8,10,23,00,72,FE,FF,00,40,
0,00000480,false,Rx,0,8,1C,2C,00,00,19,41,00,68,
0,00000284,false,Rx,0,6,03,03,00,00,00,00,00,00,
338000,00000588,false,Rx,0,8,0B,00,72,00,00,80,00,00,
0,00000280,false,Rx,0,8,B3,8D,00,00,23,FA,1A,23,
0,00000288,false,Rx,0,8,64,5B,D5,00,00,6B,56,8C,
0,00000380,false,Rx,0,8,B0,80,00,76,20,00,00,FE,
347000,00000488,false,Rx,0,8,FF,23,00,72,FE,FF,FF,50,
0,00000280,false,Rx,0,8,B3,8D,00,00,23,FA,1A,23,
0,00000288,false,Rx,0,8,64,5B,D5,00,00,6B,56,8C,
0,00000380,false,Rx,0,8,B0,80,00,76,20,00,00,FE,
0,00000488,false,Rx,0,8,CF,23,00,72,FE,FF,FF,60,
0,00000480,false,Rx,0,8,54,2C,00,00,19,41,00,20,
0,00000284,false,Rx,0,6,04,04,00,00,00,00,00,00,
359000,00000588,false,Rx,0,8,0B,00,72,00,00,80,00,00,
0,00000280,false,Rx,0,8,B3,8D,00,00,23,FA,1A,23,
0,00000288,false,Rx,0,8,64,5B,D5,00,00,6B,56,8C,
0,00000380,false,Rx,0,8,B0,80,00,76,20,00,00,FE,
367000,00000488,false,Rx,0,8,DF,23,00,72,FE,FF,FF,70,
0,00000280,false,Rx,0,8,B3,8D,00,00,23,FA,1A,23,
0,00000288,false,Rx,0,8,8A,5B,D5,00,00,6B,56,8C,
0,00000380,false,Rx,0,8,B0,80,00,76,20,00,00,FE,
0,00000488,false,Rx,0,8,2F,23,00,72,FE,FF,FF,80,
0,00000480,false,Rx,0,8,54,2C,00,00,19,41,00,20,
0,00000284,false,Rx,0,6,05,05,00,00,00,00,00,00,
379000,00000588,false,Rx,0,8,0B,00,72,00,00,80,00,00,
0,00000280,false,Rx,0,8,B3,8D,00,00,23,FA,1A,23,
0,00000288,false,Rx,0,8,8A,5B,D5,00,00,6B,56,8C,
0,00000380,false,Rx,0,8,B0,80,00,76,20,00,00,FE,
0,00000488,false,Rx,0,8,3F,23,00,72,FE,FF,FF,90,
0,00000280,false,Rx,0,8,B3,8D,00,00,23,FA,1A,23,
0,00000288,false,Rx,0,8,8A,5B,D5,00,00,6B,56,8C,
0,00000380,false,Rx,0,8,B0,80,00,76,20,00,00,FE,
0,00000488,false,Rx,0,8,0F,23,00,72,FE,FF,FF,A0,
0,00000480,false,Rx,0,8,54,2C,00,00,19,41,00,20,
0,00000284,false,Rx,0,6,06,06,00,00,00,00,00,00,
0,00000588,false,Rx,0,8,0B,00,72,00,00,80,00,00,
0,00000280,false,Rx,0,8,B3,8D,00,00,23,FA,1A,23,
0,00000288,false,Rx,0,8,8A,5B,D5,00,00,6B,56,8C,
0,00000380,false,Rx,0,8,B0,80,00,76,20,00,00,FE,
0,00000488,false,Rx,0,8,1F,23,00,72,FE,FF,FF,B0,
0,00000280,false,Rx,0,8,B3,8D,00,00,23,FA,1A,23,
0,00000288,false,Rx,0,8,E8,5B,D5,00,00,6B,56,8C,
0,00000380,false,Rx,0,8,B0,80,00,76,20,00,00,FE,
0,00000488,false,Rx,0,8,6F,23,00,72,FE,FF,FF,C0,
0,00000480,false,Rx,0,8,54,2C,00,00,19,41,00,20,
0,00000284,false,Rx,0,6,07,07,00,00,00,00,00,00,
416000,00000588,false,Rx,0,8,0B,00,72,00,00,80,00,00,
0,00000280,false,Rx,0,8,B3,8D,00,00,23,FA,1A,23,
0,00000288,false,Rx,0,8,E8,5B,D5,00,00,6B,56,8C,
0,00000380,false,Rx,0,8,B0,80,00,76,20,00,00,FE,
0,00000488,false,Rx,0,8,7F,23,00,72,FE,FF,FF,D0,
0,00000280,false,Rx,0,8,B3,8D,00,00,23,FA,1A,23,
0,00000288,false,Rx,0,8,E8,5B,D5,00,00,6B,56,8C,
0,00000380,false,Rx,0,8,B0,80,00,76,20,00,00,FE,
0,00000488,false,Rx,0,8,4F,23,00,72,FE,FF,FF,E0,
0,00000480,false,Rx,0,8,84,2C,00,00,19,41,00,F0,
0,00000284,false,Rx,0,6,08,08,00,00,00,00,00,00,
0,00000588,false,Rx,0,8,0B,00,72,00,00,80,00,00,
0,00000280,false,Rx,0,8,B3,8D,00,00,23,FA,1A,23,
0,00000288,false,Rx,0,8,E8,5B,D5,00,00,6B,56,8C,
0,00000380,false,Rx,0,8,B0,80,00,76,20,00,00,FE,
0,00000488,false,Rx,0,8,5F,23,00,72,FE,FF,FF,F0,
0,00000280,false,Rx,0,8,B3,8D,00,00,23,FA,1A,23,
0,00000288,false,Rx,0,8,2C,5B,D5,00,00,6B,56,8C,
0,00000380,false,Rx,0,8,B0,80,00,76,20,00,00,FE,
0,00000488,false,Rx,0,8,50,23,00,72,FE,FF,00,00,
0,00000480,false,Rx,0,8,84,2C,00,00,19,41,00,F0,
0,00000284,false,Rx,0,6,09,09,00,00,00,00,00,00,
0,00000588,false,Rx,0,8,0B,00,72,00,00,80,00,00,
0,00000280,false,Rx,0,8,B3,8D,00,00,23,FA,1A,23,
0,00000288,false,Rx,0,8,2C,5B,D5,00,00,6B,56,8C,
0,00000380,false,Rx,0,8,B0,80,00,76,20,00,00,FE,
0,00000488,false,Rx,0,8,BF,23,00,72,FE,FF,FF,10,
0,00000280,false,Rx,0,8,B3,8D,00,00,23,FA,1A,23,
0,00000288,false,Rx,0,8,2C,5B,D5,00,00,6B,56,8C,
0,00000380,false,Rx,0,8,B0,80,00,76,20,00,00,FE,
0,00000488,false,Rx,0,8,70,23,00,72,FE,FF,00,20,
0,00000480,false,Rx,0,8,84,2C,00,00,19,41,00,F0,
0,00000284,false,Rx,0,6,0A,0A,00,00,00,00,00,00,
0,00000588,false,Rx,0,8,0B,00,72,00,00,80,00,00,
482000,00000280,false,Rx,0,8,B3,8D,00,00,23,FA,1A,23,
0,00000288,false,Rx,0,8,2C,5B,D5,00,00,6B,56,8C,
0,00000380,false,Rx,0,8,B0,80,00,76,20,00,00,FE,
0,00000488,false,Rx,0,8,60,23,00,72,FE,FF,00,30,
0,00000280,false,Rx,0,8,B3,8D,00,00,23,FA,1A,23,
0,00000288,false,Rx,0,8,64,5B,D5,00,00,6B,56,8C,
0,00000380,false,Rx,0,8,B0,80,00,76,20,00,00,FE,
0,00000488,false,Rx,0,8,10,23,00,72,FE,FF,00,40,
0,00000480,false,Rx,0,8,84,2C,00,00,19,41,00,F0,
0,00000284,false,Rx,0,6,0B,0B,00,00,00,00,00,00,
0,00000588,false,Rx,0,8,0B,00,72,00,00,80,00,00,
0,00000280,false,Rx,0,8,B3,8D,00,00,23,FA,1A,23,
0,00000288,false,Rx,0,8,64,5B,D5,00,00,6B,56,8C,
0,00000380,false,Rx,0,8,B0,80,00,76,20,00,00,FE,
0,00000488,false,Rx,0,8,FF,23,00,72,FE,FF,FF,50,
0,00000280,false,Rx,0,8,B3,8D,00,00,23,FA,1A,23,
0,00000288,false,Rx,0,8,64,5B,D5,00,00,6B,56,8C,
0,00000380,false,Rx,0,8,B0,80,00,76,20,00,00,FE,
0,00000488,false,Rx,0,8,CF,23,00,72,FE,FF,FF,60,
0,00000480,false,Rx,0,8,C2,2C,00,00,19,41,00,B6,
0,00000284,false,Rx,0,6,0C,0C,00,00,00,00,00,00,
519000,00000588,false,Rx,0,8,0B,00,72,00,00,80,00,00,
0,00000280,false,Rx,0,8,B3,8D,00,00,23,FA,1A,23,
0,00000288,false,Rx,0,8,64,5B,D5,00,00,6B,56,8C,
0,00000380,false,Rx,0,8,B0,80,00,76,20,00,00,FE,
0,00000488,false,Rx,0,8,DF,23,00,72,FE,FF,FF,70,
0,00000280,false,Rx,0,8,B3,8D,00,00,23,FA,1A,23,
0,00000288,false,Rx,0,8,8A,5B,D5,00,00,6B,56,8C,
0,00000380,false,Rx,0,8,B0,80,00,76,20,00,00,FE,
0,00000488,false,Rx,0,8,2F,23,00,72,FE,FF,FF,80,
0,00000480,false,Rx,0,8,C2,2C,00,00,19,41,00,B6,
0,00000284,false,Rx,0,6,0D,0D,00,00,00,00,00,00,
539000,00000588,false,Rx,0,8,0B,00,72,00,00,80,00,00,
0,00000280,false,Rx,0,8,B3,8D,00,00,23,FA,1A,23,
0,00000288,false,Rx,0,8,8A,5B,D5,00,00,6B,56,8C,
0,00000380,false,Rx,0,8,B0,80,00,76,20,00,00,FE,
547000,00000488,false,Rx,0,8,3F,23,00,72,FE,FF,FF,90,
0,00000280,false,Rx,0,8,B3,8D,00,00,23,FA,1A,23,
0,00000288,false,Rx,0,8,8A,5B,D5,00,00,6B,56,8C,
0,00000380,false,Rx,0,8,B0,80,00,76,20,00,00,FE,
0,00000488,false,Rx,0,8,0F,23,00,72,FE,FF,FF,A0,
0,00000480,false,Rx,0,8,C2,2C,00,00,19,41,00,B6,
0,00000284,false,Rx,0,6,0E,0E,00,00,00,00,00,00,
559000,00000588,false,Rx,0,8,0B,00,72,00,00,80,00,00,
0,00000280,false,Rx,0,8,B3,8D,00,00,23,FA,1A,23,
0,00000288,false,Rx,0,8,8A,5B,D5,00,00,6B,56,8C,
0,00000380,false,Rx,0,8,B0,80,00,76,20,00,00,FE,
0,00000488,false,Rx,0,8,1F,23,00,72,FE,FF,FF,B0,
572000,00000280,false,Rx,0,8,B3,8D,00,00,23,FA,1A,23,
0,00000288,false,Rx,0,8,E8,5B,D5,00,00,6B,56,8C,
0,00000380,false,Rx,0,8,B0,80,00,76,20,00,00,FE,
0,00000488,false,Rx,0,8,6F,23,00,72,FE,FF,FF,C0,
0,00000480,false,Rx,0,8,C2,2C,00,00,19,41,00,B6,
0,00000284,false,Rx,0,6,0F,0F,00,00,00,00,00,00,
0,00000588,false,Rx,0,8,0B,00,72,00,00,80,00,00,
0,00000280,false,Rx,0,8,B3,8D,00,00,23,FA,1A,23,
0,00000288,false,Rx,0,8,E8,5B,D5,00,00,6B,56,8C,
0,00000380,false,Rx,0,8,B0,80,00,76,20,00,00,FE,
0,00000488,false,Rx,0,8,7F,23,00,72,FE,FF,FF,D0,
0,00000280,false,Rx,0,8,B3,8D,00,00,23,FA,1A,23,
0,00000288,false,Rx,0,8,E8,5B,D5,00,00,6B,56,8C,
0,00000380,false,Rx,0,8,B0,80,00,76,20,00,00,FE,
0,00000488,false,Rx,0,8,4F,23,00,72,FE,FF,FF,E0,
0,00000480,false,Rx,0,8,1C,2C,00,00,19,41,00,68,
0,00000284,false,Rx,0,6,00,00,00,00,00,00,00,00,
596000,00000588,false,Rx,0,8,0B,00,72,00,00,80,00,00,
0,00000280,false,Rx,0,8,B3,8D,00,00,23,FA,1A,23,
0,00000288,false,Rx,0,8,E8,5B,D5,00,00,6B,56,8C,
0,00000380,false,Rx,0,8,B0,80,00,76,20,00,00,FE,
0,00000488,false,Rx,0,8,5F,23,00,72,FE,FF,FF,F0,
0,00000280,false,Rx,0,8,B3,8D,00,00,23,FA,1A,23,
0,00000288,false,Rx,0,8,2C,5B,D5,00,00,6B,56,8C,
0,00000380,false,Rx,0,8,B0,80,00,76,20,00,00,FE,
0,00000488,false,Rx,0,8,50,23,00,72,FE,FF,00,00,
0,00000480,false,Rx,0,8,1C,2C,00,00,19,41,00,68,
0,00000284,false,Rx,0,6,01,01,00,00,00,00,00,00,
0,00000588,false,Rx,0,8,0B,00,72,00,00,80,00,00,
0,00000280,false,Rx,0,8,B3,8D,00,00,23,FA,1A,23,
0,00000288,false,Rx,0,8,2C,5B,D5,00,00,6B,56,8C,
0,00000380,false,Rx,0,8,B0,80,00,76,20,00,00,FE,
0,00000488,false,Rx,0,8,BF,23,00,72,FE,FF,FF,10,
0,00000280,false,Rx,0,8,B3,8D,00,00,23,FA,1A,23,
0,00000288,false,Rx,0,8,2C,5B,D5,00,00,6B,56,8C,
0,00000380,false,Rx,0,8,B0,80,00,76,20,00,00,FE,
0,00000488,false,Rx,0,8,70,23,00,72,FE,FF,00,20,
0,00000480,false,Rx,0,8,1C,2C,00,00,19,41,00,68,
0,00000284,false,Rx,0,6,02,02,00,00,00,00,00,00,
0,00000588,false,Rx,0,8,0B,00,72,00,00,80,00,00,
0,00000280,false,Rx,0,8,B3,8D,00,00,23,FA,1A,23,
0,00000288,false,Rx,0,8,2C,5B,D5,00,00,6B,56,8C,
0,00000380,false,Rx,0,8,B0,80,00,76,20,00,00,FE,
0,00000488,false,Rx,0,8,60,23,00,72,FE,FF,00,30,
0,00000280,false,Rx,0,8,B3,8D,00,00,23,FA,1A,23,
0,00000288,false,Rx,0,8,64,5B,D5,00,00,6B,56,8C,
0,00000380,false,Rx,0,8,B0,80,00,76,20,00,00,FE,
0,00000488,false,Rx,0,8,10,23,00,72,FE,FF,00,40,
0,00000480,false,Rx,0,8,1C,2C,00,00,19,41,00,68,
0,00000284,false,Rx,0,6,03,03,00,00,00,00,00,00,
0,00000588,false,Rx,0,8,0B,00,72,00,00,80,00,00,
0,00000280,false,Rx,0,8,B3,8D,00,00,23,FA,1A,23,
0,00000288,false,Rx,0,8,64,5B,D5,00,00,6B,56,8C,
0,00000380,false,Rx,0,8,B0,80,00,76,20,00,00,FE,
0,00000488,false,Rx,0,8,FF,23,00,72,FE,FF,FF,50,
0,00000280,false,Rx,0,8,B3,8D,00,00,23,FA,1A,23,
0,00000288,false,Rx,0,8,64,5B,D5,00,00,6B,56,8C,
0,00000380,false,Rx,0,8,B0,80,00,76,20,00,00,FE,
0,00000488,false,Rx,0,8,CF,23,00,72,FE,FF,FF,60,
0,00000480,false,Rx,0,8,54,2C,00,00,19,41,00,20,
0,00000284,false,Rx,0,6,04,04,00,00,00,00,00,00,
0,00000588,false,Rx,0,8,0B,00,72,00,00,80,00,00,
0,00000280,false,Rx,0,8,B3,8D,00,00,23,FA,1A,23,
0,00000288,false,Rx,0,8,64,5B,D5,00,00,6B,56,8C,
0,00000380,false,Rx,0,8,B0,80,00,76,20,00,00,FE,
0,00000488,false,Rx,0,8,DF,23,00,72,FE,FF,FF,70,
0,00000280,false,Rx,0,8,B3,8D,00,00,23,FA,1A,23,
0,00000288,false,Rx,0,8,8A,5B,D5,00,00,6B,56,8C,
0,00000380,false,Rx,0,8,B0,80,00,76,20,00,00,FE,
0,00000488,false,Rx,0,8,2F,23,00,72,FE,FF,FF,80,
0,00000480,false,Rx,0,8,54,2C,00,00,19,41,00,20,
0,00000284,false,Rx,0,6,05,05,00,00,00,00,00,00,
0,00000588,false,Rx,0,8,0B,00,72,00,00,80,00,00,
0,00000280,false,Rx,0,8,B3,8D,00,00,23,FA,1A,23,
0,00000288,false,Rx,0,8,8A,5B,D5,00,00,6B,56,8C,
0,00000380,false,Rx,0,8,B0,80,00,76,20,00,00,FE,
0,00000488,false,Rx,0,8,3F,23,00,72,FE,FF,FF,90,
0,00000280,false,Rx,0,8,B3,8D,00,00,23,FA,1A,23,
0,00000288,false,Rx,0,8,8A,5B,D5,00,00,6B,56,8C,
0,00000380,false,Rx,0,8,B0,80,00,76,20,00,00,FE,
0,00000488,false,Rx,0,8,0F,23,00,72,FE,FF,FF,A0,
0,00000480,false,Rx,0,8,54,2C,00,00,19,41,00,20,
0,00000284,false,Rx,0,6,06,06,00,00,00,00,00,00,
719000,00000588,false,Rx,0,8,0B,00,72,00,00,80,00,00,
0,00000280,false,Rx,0,8,B3,8D,00,00,23,FA,1A,23,
0,00000288,false,Rx,0,8,8A,5B,D5,00,00,6B,56,8C,
0,00000380,false,Rx,0,8,B0,80,00,76,20,00,00,FE,
727000,00000488,false,Rx,0,8,1F,23,00,72,FE,FF,FF,B0,
0,00000280,false,Rx,0,8,B3,8D,00,00,23,FA,1A,23,
0,00000288,false,Rx,0,8,E8,5B,D5,00,00,6B,56,8C,
0,00000380,false,Rx,0,8,B0,80,00,76,20,00,00,FE,
0,00000488,false,Rx,0,8,6F,23,00,72,FE,FF,FF,C0,
0,00000480,false,Rx,0,8,54,2C,00,00,19,41,00,20,
0,00000284,false,Rx,0,6,07,07,00,00,00,00,00,00,
740000,00000588,false,Rx,0,8,0B,00,72,00,00,80,00,00,
0,00000280,false,Rx,0,8,B3,8D,00,00,23,FA,1A,23,
0,00000288,false,Rx,0,8,E8,5B,D5,00,00,6B,56,8C,
0,00000380,false,Rx,0,8,B0,80,00,76,20,00,00,FE,
0,00000488,false,Rx,0,8,7F,23,00,72,FE,FF,FF,D0,
0,00000280,false,Rx,0,8,B3,8D,00,00,23,FA,1A,23,
0,00000288,false,Rx,0,8,E8,5B,D5,00,00,6B,56,8C,
0,00000380,false,Rx,0,8,B0,80,00,76,20,00,00,FE,
0,00000488,false,Rx,0,8,4F,23,00,72,FE,FF,FF,E0,
0,00000480,false,Rx,0,8,84,2C,00,00,19,41,00,F0,
0,00000284,false,Rx,0,6,08,08,00,00,00,00,00,00,
0,00000588,false,Rx,0,8,0B,00,72,00,00,80,00,00,
0,00000280,false,Rx,0,8,B3,8D,00,00,23,FA,1A,23,
0,00000288,false,Rx,0,8,E8,5B,D5,00,00,6B,56,8C,
0,00000380,false,Rx,0,8,B0,80,00,76,20,00,00,FE,
0,00000488,false,Rx,0,8,5F,23,00,72,FE,FF,FF,F0,
0,00000280,false,Rx,0,8,B3,8D,00,00,23,FA,1A,23,
0,00000288,false,Rx,0,8,2C,5B,D5,00,00,6B,56,8C,
0,00000380,false,Rx,0,8,B0,80,00,76,20,00,00,FE,
0,00000488,false,Rx,0,8,50,23,00,72,FE,FF,00,00,
0,00000480,false,Rx,0,8,84,2C,00,00,19,41,00,F0,
0,00000284,false,Rx,0,6,09,09,00,00,00,00,00,00,
0,00000588,false,Rx,0,8,0B,00,72,00,00,80,00,00,
0,00000280,false,Rx,0,8,B3,8D,00,00,23,FA,1A,23,
0,00000288,false,Rx,0,8,2C,5B,D5,00,00,6B,56,8C,
0,00000380,false,Rx,0,8,B0,80,00,76,20,00,00,FE,
0,00000488,false,Rx,0,8,BF,23,00,72,FE,FF,FF,10,
0,00000280,false,Rx,0,8,B3,8D,00,00,23,FA,1A,23,
0,00000288,false,Rx,0,8,2C,5B,D5,00,00,6B,56,8C,
0,00000380,false,Rx,0,8,B0,80,00,76,20,00,00,FE,
0,00000488,false,Rx,0,8,70,23,00,72,FE,FF,00,20,
0,00000480,false,Rx,0,8,84,2C,00,00,19,41,00,F0,
0,00000284,false,Rx,0,6,0A,0A,00,00,00,00,00,00,
797000,00000588,false,Rx,0,8,0B,00,72,00,00,80,00,00,
0,00000740,false,Rx,0,1,A3,00,00,00,00,00,00,00,
0,00000300,false,Rx,0,6,A1,0F,8A,FF,4A,FF,00,00,
0,00000280,false,Rx,0,8,B3,8D,00,00,23,FA,1A,23,
0,00000288,false,Rx,0,8,2C,5B,D5,00,00,6B,56,8C,
0,00000380,false,Rx,0,8,B0,80,00,76,20,00,00,FE,
0,00000488,false,Rx,0,8,60,23,00,72,FE,FF,00,30,
0,00000280,false,Rx,0,8,B3,8D,00,00,23,FA,1A,23,
0,00000288,false,Rx,0,8,64,5B,D5,00,00,6B,56,8C,
0,00000380,false,Rx,0,8,B0,80,00,76,20,00,00,FE,
0,00000488,false,Rx,0,8,10,23,00,72,FE,FF,00,40,
0,00000480,false,Rx,0,8,84,2C,00,00,19,41,00,F0,
0,00000284,false,Rx,0,6,0B,0B,00,00,00,00,00,00,
0,00000588,false,Rx,0,8,0B,00,72,00,00,80,00,00,
0,00000280,false,Rx,0,8,B3,8D,00,00,23,FA,1A,23,
0,00000288,false,Rx,0,8,64,5B,D5,00,00,6B,56,8C,
0,00000380,false,Rx,0,8,B0,80,00,76,20,00,00,FE,
0,00000488,false,Rx,0,8,FF,23,00,72,FE,FF,FF,50,
0,00000280,false,Rx,0,8,B3,8D,00,00,23,FA,1A,23,
0,00000288,false,Rx,0,8,64,5B,D5,00,00,6B,56,8C,
0,00000380,false,Rx,0,8,B0,80,00,76,20,00,00,FE,
0,00000488,false,Rx,0,8,CF,23,00,72,FE,FF,FF,60,
0,00000480,false,Rx,0,8,C2,2C,00,00,19,41,00,B6,
0,00000284,false,Rx,0,6,0C,0C,00,00,00,00,00,00,
0,00000588,false,Rx,0,8,0B,00,72,00,00,80,00,00,
0,00000280,false,Rx,0,8,B3,8D,00,00,23,FA,1A,23,
0,00000288,false,Rx,0,8,64,5B,D5,00,00,6B,56,8C,
0,00000380,false,Rx,0,8,B0,80,00,76,20,00,00,FE,
0,00000488,false,Rx,0,8,DF,23,00,72,FE,FF,FF,70,
0,00000280,false,Rx,0,8,B3,8D,00,00,23,FA,1A,23,
0,00000288,false,Rx,0,8,8A,5B,D5,00,00,6B,56,8C,
0,00000380,false,Rx,0,8,B0,80,00,76,20,00,00,FE,
0,00000488,false,Rx,0,8,2F,23,00,72,FE,FF,FF,80,
0,00000480,false,Rx,0,8,C2,2C,00,00,19,41,00,B6,
0,00000284,false,Rx,0,6,0D,0D,00,00,00,00,00,00,
0,00000588,false,Rx,0,8,0B,00,72,00,00,80,00,00,
0,00000280,false,Rx,0,8,B3,8D,00,00,23,FA,1A,23,
0,00000288,false,Rx,0,8,8A,5B,D5,00,00,6B,56,8C,
0,00000380,false,Rx,0,8,B0,80,00,76,20,00,00,FE,
0,00000488,false,Rx,0,8,3F,23,00,72,FE,FF,FF,90,
0,00000580,false,Rx,0,8,88,00,00,14,1C,93,48,14,
0,00000280,false,Rx,0,8,B3,8D,00,00,23,FA,1A,23,
0,00000288,false,Rx,0,8,8A,5B,D5,00,00,6B,56,8C,
0,00000380,false,Rx,0,8,B0,80,00,76,20,00,00,FE,
0,00000488,false,Rx,0,8,0F,23,00,72,FE,FF,FF,A0,
0,00000480,false,Rx,0,8,C2,2C,00,00,19,41,00,B6,
0,00000284,false,Rx,0,6,0E,0E,00,00,00,00,00,00,
0,00000588,false,Rx,0,8,0B,00,72,00,00,80,00,00,
0,00000280,false,Rx,0,8,B3,8D,00,00,23,FA,1A,23,
0,00000288,false,Rx,0,8,8A,5B,D5,00,00,6B,56,8C,
0,00000380,false,Rx,0,8,B0,80,00,76,20,00,00,FE,
0,00000488,false,Rx,0,8,1F,23,00,72,FE,FF,FF,B0,
0,00000280,false,Rx,0,8,B3,8D,00,00,23,FA,1A,23,
0,00000288,false,Rx,0,8,E8,5B,D5,00,00,6B,56,8C,
0,00000380,false,Rx,0,8,B0,80,00,76,20,00,00,FE,
0,00000488,false,Rx,0,8,6F,23,00,72,FE,FF,FF,C0,
0,00000480,false,Rx,0,8,C2,2C,00,00,19,41,00,B6,
0,00000284,false,Rx,0,6,0F,0F,00,00,00,00,00,00,
900000,00000588,false,Rx,0,8,0B,00,72,00,00,80,00,00,
0,00000280,false,Rx,0,8,B3,8D,00,00,23,FA,1A,23,
0,00000288,false,Rx,0,8,E8,5B,D5,00,00,6B,56,8C,
0,00000380,false,Rx,0,8,B0,80,00,76,20,00,00,FE,
908000,00000488,false,Rx,0,8,7F,23,00,72,FE,FF,FF,D0,
0,00000280,false,Rx,0,8,B3,8D,00,00,23,FA,1A,23,
0,00000288,false,Rx,0,8,E8,5B,D5,00,00,6B,56,8C,
0,00000380,false,Rx,0,8,B0,80,00,76,20,00,00,FE,
0,00000488,false,Rx,0,8,4F,23,00,72,FE,FF,FF,E0,
0,00000480,false,Rx,0,8,1C,2C,00,00,19,41,00,68,
0,00000284,false,Rx,0,6,00,00,00,00,00,00,00,00,
920000,00000588,false,Rx,0,8,0B,00,72,00,00,80,00,00,
0,00000280,false,Rx,0,8,B3,8D,00,00,23,FA,1A,23,
0,00000288,false,Rx,0,8,E8,5B,D5,00,00,6B,56,8C,
0,00000380,false,Rx,0,8,B0,80,00,76,20,00,00,FE,
928000,00000488,false,Rx,0,8,5F,23,00,72,FE,FF,FF,F0,
0,00000280,false,Rx,0,8,B3,8D,00,00,23,FA,1A,23,
0,00000288,false,Rx,0,8,2C,5B,D5,00,00,6B,56,8C,
0,00000380,false,Rx,0,8,B0,80,00,76,20,00,00,FE,
0,00000488,false,Rx,0,8,50,23,00,72,FE,FF,00,00,
0,00000480,false,Rx,0,8,1C,2C,00,00,19,41,00,68,
0,00000284,false,Rx,0,6,01,01,00,00,00,00,00,00,
940000,00000588,false,Rx,0,8,0B,00,72,00,00,80,00,00,
0,00000280,false,Rx,0,8,B3,8D,00,00,23,FA,1A,23,
0,00000288,false,Rx,0,8,2C,5B,D5,00,00,6B,56,8C,
0,00000380,false,Rx,0,8,B0,80,00,76,20,00,00,FE,
0,00000488,false,Rx,0,8,BF,23,00,72,FE,FF,FF,10,
953000,00000280,false,Rx,0,8,B3,8D,00,00,23,FA,1A,23,
0,00000288,false,Rx,0,8,2C,5B,D5,00,00,6B,56,8C,
0,00000380,false,Rx,0,8,B0,80,00,76,20,00,00,FE,
0,00000488,false,Rx,0,8,70,23,00,72,FE,FF,00,20,
0,00000480,false,Rx,0,8,1C,2C,00,00,19,41,00,68,
0,00000284,false,Rx,0,6,02,02,00,00,00,00,00,00,
0,00000588,false,Rx,0,8,0B,00,72,00,00,80,00,00,
0,00000280,false,Rx,0,8,B3,8D,00,00,23,FA,1A,23,
0,00000288,false,Rx,0,8,2C,5B,D5,00,00,6B,56,8C,
0,00000380,false,Rx,0,8,B0,80,00,76,20,00,00,FE,
0,00000488,false,Rx,0,8,60,23,00,72,FE,FF,00,30,
0,00000280,false,Rx,0,8,B3,8D,00,00,23,FA,1A,23,
0,00000288,false,Rx,0,8,64,5B,D5,00,00,6B,56,8C,
0,00000380,false,Rx,0,8,B0,80,00,76,20,00,00,FE,
0,00000488,false,Rx,0,8,10,23,00,72,FE,FF,00,40,
0,00000480,false,Rx,0,8,1C,2C,00,00,19,41,00,68,
0,00000284,false,Rx,0,6,03,03,00,00,00,00,00,00,
0,00000588,false,Rx,0,8,0B,00,72,00,00,80,00,00,
0,00000280,false,Rx,0,8,B3,8D,00,00,23,FA,1A,23,
0,00000288,false,Rx,0,8,64,5B,D5,00,00,6B,56,8C,
0,00000380,false,Rx,0,8,B0,80,00,76,20,00,00,FE,
0,00000488,false,Rx,0,8,FF,23,00,72,FE,FF,FF,50,
0,00000280,false,Rx,0,8,B3,8D,00,00,23,FA,1A,23,
0,00000288,false,Rx,0,8,64,5B,D5,00,00,6B,56,8C,
0,00000380,false,Rx,0,8,B0,80,00,76,20,00,00,FE,
0,00000488,false,Rx,0,8,CF,23,00,72,FE,FF,FF,60,
0,00000480,false,Rx,0,8,54,2C,00,00,19,41,00,20,
0,00000284,false,Rx,0,6,04,04,00,00,00,00,00,00,
0,00000588,false,Rx,0,8,0B,00,72,00,00,80,00,00,
0,00000280,false,Rx,0,8,B3,8D,00,00,23,FA,1A,23,
0,00000288,false,Rx,0,8,64,5B,D5,00,00,6B,56,8C,
0,00000380,false,Rx,0,8,B0,80,00,76,20,00,00,FE,
0,00000488,false,Rx,0,8,DF,23,00,72,FE,FF,FF,70,
0,00000280,false,Rx,0,8,B3,8D,00,00,23,FA,1A,23,
0,00000288,false,Rx,0,8,8A,5B,D5,00,00,6B,56,8C,
0,00000380,false,Rx,0,8,B0,80,00,76,20,00,00,FE,
0,00000488,false,Rx,0,8,2F,23,00,72,FE,FF,FF,80,
0,00000480,false,Rx,0,8,54,2C,00,00,19,41,00,20,
0,00000284,false,Rx,0,6,05,05,00,00,00,00,00,00,
0,00000588,false,Rx,0,8,0B,00,72,00,00,80,00,00,
0,00000280,false,Rx,0,8,B3,8D,00,00,23,FA,1A,23,
0,00000288,false,Rx,0,8,8A,5B,D5,00,00,6B,56,8C,
0,00000380,false,Rx,0,8,B0,80,00,76,20,00,00,FE,
0,00000488,false,Rx,0,8,3F,23,00,72,FE,FF,FF,90,
0,00000280,false,Rx,0,8,B3,8D,00,00,23,FA,1A,23,
0,00000288,false,Rx,0,8,8A,5B,D5,00,00,6B,56,8C,
0,00000380,false,Rx,0,8,B0,80,00,76,20,00,00,FE,
0,00000488,false,Rx,0,8,0F,23,00,72,FE,FF,FF,A0,
0,00000480,false,Rx,0,8,54,2C,00,00,19,41,00,20,
0,00000284,false,Rx,0,6,06,06,00,00,00,00,00,00,
0,00000588,false,Rx,0,8,0B,00,72,00,00,80,00,00,
43000,00000280,false,Rx,0,8,B3,8D,00,00,23,FA,1A,23,
0,00000288,false,Rx,0,8,8A,5B,D5,00,00,6B,56,8C,
0,00000380,false,Rx,0,8,B0,80,00,76,20,00,00,FE,
0,00000488,false,Rx,0,8,1F,23,00,72,FE,FF,FF,B0,
0,00000280,false,Rx,0,8,B3,8D,00,00,23,FA,1A,23,
0,00000288,false,Rx,0,8,E8,5B,D5,00,00,6B,56,8C,
0,00000380,false,Rx,0,8,B0,80,00,76,20,00,00,FE,
0,00000488,false,Rx,0,8,6F,23,00,72,FE,FF,FF,C0,
0,00000480,false,Rx,0,8,54,2C,00,00,19,41,00,20,
0,00000284,false,Rx,0,6,07,07,00,00,00,00,00,00,
0,00000588,false,Rx,0,8,0B,00,72,00,00,80,00,00,
0,00000280,false,Rx,0,8,B3,8D,00,00,23,FA,1A,23,
0,00000288,false,Rx,0,8,E8,5B,D5,00,00,6B,56,8C,
0,00000380,false,Rx,0,8,B0,80,00,76,20,00,00,FE,
0,00000488,false,Rx,0,8,7F,23,00,72,FE,FF,FF,D0,
0,00000280,false,Rx,0,8,B3,8D,00,00,23,FA,1A,23,
0,00000288,false,Rx,0,8,E8,5B,D5,00,00,6B,56,8C,
0,00000380,false,Rx,0,8,B0,80,00,76,20,00,00,FE,
0,00000488,false,Rx,0,8,4F,23,00,72,FE,FF,FF,E0,
0,00000480,false,Rx,0,8,84,2C,00,00,19,41,00,F0,
0,00000284,false,Rx,0,6,08,08,00,00,00,00,00,00,
0,00000588,false,Rx,0,8,0B,00,72,00,00,80,00,00,
0,00000280,false,Rx,0,8,B3,8D,00,00,23,FA,1A,23,
0,00000288,false,Rx,0,8,E8,5B,D5,00,00,6B,56,8C,
0,00000380,false,Rx,0,8,B0,80,00,76,20,00,00,FE,
0,00000488,false,Rx,0,8,5F,23,00,72,FE,FF,FF,F0,
0,00000280,false,Rx,0,8,B3,8D,00,00,23,FA,1A,23,
0,00000288,false,Rx,0,8,2C,5B,D5,00,00,6B,56,8C,
0,00000380,false,Rx,0,8,B0,80,00,76,20,00,00,FE,
0,00000488,false,Rx,0,8,50,23,00,72,FE,FF,00,00,
0,00000480,false,Rx,0,8,84,2C,00,00,19,41,00,F0,
0,00000284,false,Rx,0,6,09,09,00,00,00,00,00,00,
100000,00000588,false,Rx,0,8,0B,00,72,00,00,80,00,00,
0,00000280,false,Rx,0,8,B3,8D,00,00,23,FA,1A,23,
0,00000288,false,Rx,0,8,2C,5B,D5,00,00,6B,56,8C,
0,00000380,false,Rx,0,8,B0,80,00,76,20,00,00,FE,
108000,00000488,false,Rx,0,8,BF,23,00,72,FE,FF,FF,10,
0,00000280,false,Rx,0,8,B3,8D,00,00,23,FA,1A,23,
0,00000288,false,Rx,0,8,2C,5B,D5,00,00,6B,56,8C,
0,00000380,false,Rx,0,8,B0,80,00,76,20,00,00,FE,
0,00000488,false,Rx,0,8,70,23,00,72,FE,FF,00,20,
0,00000480,false,Rx,0,8,84,2C,00,00,19,41,00,F0,
0,00000284,false,Rx,0,6,0A,0A,00,00,00,00,00,00,
121000,00000588,false,Rx,0,8,0B,00,72,00,00,80,00,00,
0,00000280,false,Rx,0,8,B3,8D,00,00,23,FA,1A,23,
0,00000288,false,Rx,0,8,2C,5B,D5,00,00,6B,56,8C,
0,00000380,false,Rx,0,8,B0,80,00,76,20,00,00,FE,
0,00000488,false,Rx,0,8,60,23,00,72,FE,FF,00,30,
0,00000280,false,Rx,0,8,B3,8D,00,00,23,FA,1A,23,
0,00000288,false,Rx,0,8,64,5B,D5,00,00,6B,56,8C,
0,00000380,false,Rx,0,8,B0,80,00,76,20,00,00,FE,
0,00000488,false,Rx,0,8,10,23,00,72,FE,FF,00,40,
0,00000480,false,Rx,0,8,84,2C,00,00,19,41,00,F0,
0,00000284,false,Rx,0,6,0B,0B,00,00,00,00,00,00,
0,00000588,false,Rx,0,8,0B,00,72,00,00,80,00,00,
0,00000280,false,Rx,0,8,B3,8D,00,00,23,FA,1A,23,
0,00000288,false,Rx,0,8,64,5B,D5,00,00,6B,56,8C,
0,00000380,false,Rx,0,8,B0,80,00,76,20,00,00,FE,
0,00000488,false,Rx,0,8,FF,23,00,72,FE,FF,FF,50,
0,00000280,false,Rx,0,8,B3,8D,00,00,23,FA,1A,23,
0,00000288,false,Rx,0,8,64,5B,D5,00,00,6B,56,8C,
0,00000380,false,Rx,0,8,B0,80,00,76,20,00,00,FE,
0,00000488,false,Rx,0,8,CF,23,00,72,FE,FF,FF,60,
0,00000480,false,Rx,0,8,C2,2C,00,00,19,41,00,B6,
0,00000284,false,Rx,0,6,0C,0C,00,00,00,00,00,00,
157000,00000588,false,Rx,0,8,0B,00,72,00,00,80,00,00,
0,00000280,false,Rx,0,8,B3,8D,00,00,23,FA,1A,23,
0,00000288,false,Rx,0,8,64,5B,D5,00,00,6B,56,8C,
0,00000380,false,Rx,0,8,B0,80,00,76,20,00,00,FE,
0,00000488,false,Rx,0,8,DF,23,00,72,FE,FF,FF,70,
0,00000280,false,Rx,0,8,B3,8D,00,00,23,FA,1A,23,
0,00000288,false,Rx,0,8,8A,5B,D5,00,00,6B,56,8C,
0,00000380,false,Rx,0,8,B0,80,00,76,20,00,00,FE,
0,00000488,false,Rx,0,8,2F,23,00,72,FE,FF,FF,80,
0,00000480,false,Rx,0,8,C2,2C,00,00,19,41,00,B6,
0,00000284,false,Rx,0,6,0D,0D,00,00,00,00,00,00,
178000,00000588,false,Rx,0,8,0B,00,72,00,00,80,00,00,
0,00000280,false,Rx,0,8,B3,8D,00,00,23,FA,1A,23,
0,00000288,false,Rx,0,8,8A,5B,D5,00,00,6B,56,8C,
0,00000380,false,Rx,0,8,B0,80,00,76,20,00,00,FE,
0,00000488,false,Rx,0,8,3F,23,00,72,FE,FF,FF,90,
0,00000280,false,Rx,0,8,B3,8D,00,00,23,FA,1A,23,
0,00000288,false,Rx,0,8,8A,5B,D5,00,00,6B,56,8C,
0,00000380,false,Rx,0,8,B0,80,00,76,20,00,00,FE,
0,00000488,false,Rx,0,8,0F,23,00,72,FE,FF,FF,A0,
0,00000480,false,Rx,0,8,C2,2C,00,00,19,41,00,B6,
0,00000284,false,Rx,0,6,0E,0E,00,00,00,00,00,00,
0,00000588,false,Rx,0,8,0B,00,72,00,00,80,00,00,
0,00000280,false,Rx,0,8,B3,8D,00,00,23,FA,1A,23,
0,00000288,false,Rx,0,8,8A,5B,D5,00,00,6B,56,8C,
0,00000380,false,Rx,0,8,B0,80,00,76,20,00,00,FE,
0,00000488,false,Rx,0,8,1F,23,00,72,FE,FF,FF,B0,
0,00000280,false,Rx,0,8,B3,8D,00,00,23,FA,1A,23,
0,00000288,false,Rx,0,8,E8,5B,D5,00,00,6B,56,8C,
0,00000380,false,Rx,0,8,B0,80,00,76,20,00,00,FE,
0,00000488,false,Rx,0,8,6F,23,00,72,FE,FF,FF,C0,
0,00000480,false,Rx,0,8,C2,2C,00,00,19,41,00,B6,
0,00000284,false,Rx,0,6,0F,0F,00,00,00,00,00,00,
0,00000588,false,Rx,0,8,0B,00,72,00,00,80,00,00,
0,00000280,false,Rx,0,8,B3,8D,00,00,23,FA,1A,23,
0,00000288,false,Rx,0,8,E8,5B,D5,00,00,6B,56,8C,
0,00000380,false,Rx,0,8,B0,80,00,76,20,00,00,FE,
0,00000488,false,Rx,0,8,7F,23,00,72,FE,FF,FF,D0,
0,00000280,false,Rx,0,8,B3,8D,00,00,23,FA,1A,23,
0,00000288,false,Rx,0,8,E8,5B,D5,00,00,6B,56,8C,
0,00000380,false,Rx,0,8,B0,80,00,76,20,00,00,FE,
0,00000488,false,Rx,0,8,4F,23,00,72,FE,FF,FF,E0,
0,00000480,false,Rx,0,8,1C,2C,00,00,19,41,00,68,
0,00000284,false,Rx,0,6,00,00,00,00,00,00,00,00,
0,00000588,false,Rx,0,8,0B,00,72,00,00,80,00,00,
0,00000280,false,Rx,0,8,B3,8D,00,00,23,FA,1A,23,
0,00000288,false,Rx,0,8,E8,5B,D5,00,00,6B,56,8C,
0,00000380,false,Rx,0,8,B0,80,00,76,20,00,00,FE,
0,00000488,false,Rx,0,8,5F,23,00,72,FE,FF,FF,F0,
0,00000280,false,Rx,0,8,B3,8D,00,00,23,FA,1A,23,
0,00000288,false,Rx,0,8,2C,5B,D5,00,00,6B,56,8C,
0,00000380,false,Rx,0,8,B0,80,00,76,20,00,00,FE,
0,00000488,false,Rx,0,8,50,23,00,72,FE,FF,00,00,
0,00000480,false,Rx,0,8,1C,2C,00,00,19,41,00,68,
0,00000284,false,Rx,0,6,01,01,00,00,00,00,00,00,
0,00000588,false,Rx,0,8,0B,00,72,00,00,80,00,00,
0,00000280,false,Rx,0,8,B3,8D,00,00,23,FA,1A,23,
0,00000288,false,Rx,0,8,2C,5B,D5,00,00,6B,56,8C,
0,00000380,false,Rx,0,8,B0,80,00,76,20,00,00,FE,
0,00000488,false,Rx,0,8,BF,23,00,72,FE,FF,FF,10,
0,00000280,false,Rx,0,8,B3,8D,00,00,23,FA,1A,23,
0,00000288,false,Rx,0,8,2C,5B,D5,00,00,6B,56,8C,
0,00000380,false,Rx,0,8,B0,80,00,76,20,00,00,FE,
0,00000488,false,Rx,0,8,70,23,00,72,FE,FF,00,20,
0,00000480,false,Rx,0,8,1C,2C,00,00,19,41,00,68,
0,00000284,false,Rx,0,6,02,02,00,00,00,00,00,00,
280000,00000588,false,Rx,0,8,0B,00,72,00,00,80,00,00,
0,00000280,false,Rx,0,8,B3,8D,00,00,23,FA,1A,23,
0,00000288,false,Rx,0,8,2C,5B,D5,00,00,6B,56,8C,
0,00000380,false,Rx,0,8,B0,80,00,76,20,00,00,FE,
289000,00000488,false,Rx,0,8,60,23,00,72,FE,FF,00,30,
0,00000280,false,Rx,0,8,B3,8D,00,00,23,FA,1A,23,
0,00000288,false,Rx,0,8,64,5B,D5,00,00,6B,56,8C,
0,00000380,false,Rx,0,8,B0,80,00,76,20,00,00,FE,
0,00000488,false,Rx,0,8,10,23,00,72,FE,FF,00,40,
0,00000480,false,Rx,0,8,1C,2C,00,00,19,41,00,68,
0,00000284,false,Rx,0,6,03,03,00,00,00,00,00,00,
0,00000588,false,Rx,0,8,0B,00,72,00,00,80,00,00,
0,00000740,false,Rx,0,1,A3,00,00,00,00,00,00,00,
0,00000300,false,Rx,0,6,A1,0F,8A,FF,4A,FF,00,00,
0,00000280,false,Rx,0,8,B3,8D,00,00,23,FA,1A,23,
0,00000288,false,Rx,0,8,64,5B,D5,00,00,6B,56,8C,
0,00000380,false,Rx,0,8,B0,80,00,76,20,00,00,FE,
309000,00000488,false,Rx,0,8,FF,23,00,72,FE,FF,FF,50,
0,00000280,false,Rx,0,8,B3,8D,00,00,23,FA,1A,23,
0,00000288,false,Rx,0,8,64,5B,D5,00,00,6B,56,8C,
0,00000380,false,Rx,0,8,B0,80,00,76,20,00,00,FE,
0,00000488,false,Rx,0,8,CF,23,00,72,FE,FF,FF,60,
0,00000480,false,Rx,0,8,54,2C,00,00,19,41,00,20,
0,00000284,false,Rx,0,6,04,04,00,00,00,00,00,00,
321000,00000588,false,Rx,0,8,0B,00,72,00,00,80,00,00,
0,00000280,false,Rx,0,8,B3,8D,00,00,23,FA,1A,23,
0,00000288,false,Rx,0,8,64,5B,D5,00,00,6B,56,8C,
0,00000380,false,Rx,0,8,B0,80,00,76,20,00,00,FE,
0,00000488,false,Rx,0,8,DF,23,00,72,FE,FF,FF,70,
0,00000280,false,Rx,0,8,B3,8D,00,00,23,FA,1A,23,
0,00000288,false,Rx,0,8,8A,5B,D5,00,00,6B,56,8C,
0,00000380,false,Rx,0,8,B0,80,00,76,20,00,00,FE,
0,00000488,false,Rx,0,8,2F,23,00,72,FE,FF,FF,80,
0,00000480,false,Rx,0,8,54,2C,00,00,19,41,00,20,
0,00000284,false,Rx,0,6,05,05,00,00,00,00,00,00,
0,00000588,false,Rx,0,8,0B,00,72,00,00,80,00,00,
0,00000280,false,Rx,0,8,B3,8D,00,00,23,FA,1A,23,
0,00000288,false,Rx,0,8,8A,5B,D5,00,00,6B,56,8C,
0,00000380,false,Rx,0,8,B0,80,00,76,20,00,00,FE,
0,00000488,false,Rx,0,8,3F,23,00,72,FE,FF,FF,90,
0,00000280,false,Rx,0,8,B3,8D,00,00,23,FA,1A,23,
0,00000288,false,Rx,0,8,8A,5B,D5,00,00,6B,56,8C,
0,00000380,false,Rx,0,8,B0,80,00,76,20,00,00,FE,
0,00000488,false,Rx,0,8,0F,23,00,72,FE,FF,FF,A0,
0,00000480,false,Rx,0,8,54,2C,00,00,19,41,00,20,
0,00000284,false,Rx,0,6,06,06,00,00,00,00,00,00,
0,00000588,false,Rx,0,8,0B,00,72,00,00,80,00,00,
0,00000280,false,Rx,0,8,B3,8D,00,00,23,FA,1A,23,
0,00000288,false,Rx,0,8,8A,5B,D5,00,00,6B,56,8C,
0,00000380,false,Rx,0,8,B0,80,00,76,20,00,00,FE,
0,00000488,false,Rx,0,8,1F,23,00,72,FE,FF,FF,B0,
0,00000280,false,Rx,0,8,B3,8D,00,00,23,FA,1A,23,
0,00000288,false,Rx,0,8,E8,5B,D5,00,00,6B,56,8C,
0,00000380,false,Rx,0,8,B0,80,00,76,20,00,00,FE,
0,00000488,false,Rx,0,8,6F,23,00,72,FE,FF,FF,C0,
0,00000480,false,Rx,0,8,54,2C,00,00,19,41,00,20,
0,00000284,false,Rx,0,6,07,07,00,00,00,00,00,00,
0,00000588,false,Rx,0,8,0B,00,72,00,00,80,00,00,
0,00000280,false,Rx,0,8,B3,8D,00,00,23,FA,1A,23,
0,00000288,false,Rx,0,8,E8,5B,D5,00,00,6B,56,8C,
0,00000380,false,Rx,0,8,B0,80,00,76,20,00,00,FE,
0,00000488,false,Rx,0,8,7F,23,00,72,FE,FF,FF,D0,
0,00000280,false,Rx,0,8,B3,8D,00,00,23,FA,1A,23,
0,00000288,false,Rx,0,8,E8,5B,D5,00,00,6B,56,8C,
0,00000380,false,Rx,0,8,B0,80,00,76,20,00,00,FE,
0,00000488,false,Rx,0,8,4F,23,00,72,FE,FF,FF,E0,
0,00000480,false,Rx,0,8,84,2C,00,00,19,41,00,F0,
0,00000284,false,Rx,0,6,08,08,00,00,00,00,00,00,
0,00000588,false,Rx,0,8,0B,00,72,00,00,80,00,00,
0,00000280,false,Rx,0,8,B3,8D,00,00,23,FA,1A,23,
0,00000288,false,Rx,0,8,E8,5B,D5,00,00,6B,56,8C,
0,00000380,false,Rx,0,8,B0,80,00,76,20,00,00,FE,
0,00000488,false,Rx,0,8,5F,23,00,72,FE,FF,FF,F0,
0,00000280,false,Rx,0,8,B3,8D,00,00,23,FA,1A,23,
0,00000288,false,Rx,0,8,2C,5B,D5,00,00,6B,56,8C,
0,00000380,false,Rx,0,8,B0,80,00,76,20,00,00,FE,
0,00000488,false,Rx,0,8,50,23,00,72,FE,FF,00,00,
0,00000480,false,Rx,0,8,84,2C,00,00,19,41,00,F0,
0,00000284,false,Rx,0,6,09,09,00,00,00,00,00,00,
0,00000588,false,Rx,0,8,0B,00,72,00,00,80,00,00,
424000,00000280,false,Rx,0,8,B3,8D,00,00,23,FA,1A,23,
0,00000288,false,Rx,0,8,2C,5B,D5,00,00,6B,56,8C,
0,00000380,false,Rx,0,8,B0,80,00,76,20,00,00,FE,
0,00000488,false,Rx,0,8,BF,23,00,72,FE,FF,FF,10,
0,00000280,false,Rx,0,8,B3,8D,00,00,23,FA,1A,23,
0,00000288,false,Rx,0,8,2C,5B,D5,00,00,6B,56,8C,
0,00000380,false,Rx,0,8,B0,80,00,76,20,00,00,FE,
0,00000488,false,Rx,0,8,70,23,00,72,FE,FF,00,20,
0,00000480,false,Rx,0,8,84,2C,00,00,19,41,00,F0,
0,00000284,false,Rx,0,6,0A,0A,00,00,00,00,00,00,
0,00000588,false,Rx,0,8,0B,00,72,00,00,80,00,00,
0,00000280,false,Rx,0,8,B3,8D,00,00,23,FA,1A,23,
0,00000288,false,Rx,0,8,2C,5B,D5,00,00,6B,56,8C,
0,00000380,false,Rx,0,8,B0,80,00,76,20,00,00,FE,
0,00000488,false,Rx,0,8,60,23,00,72,FE,FF,00,30,
0,00000280,false,Rx,0,8,B3,8D,00,00,23,FA,1A,23,
0,00000288,false,Rx,0,8,64,5B,D5,00,00,6B,56,8C,
0,00000380,false,Rx,0,8,B0,80,00,76,20,00,00,FE,
0,00000488,false,Rx,0,8,10,23,00,72,FE,FF,00,40,
0,00000480,false,Rx,0,8,84,2C,00,00,19,41,00,F0,
0,00000284,false,Rx,0,6,0B,0B,00,00,00,00,00,00,
461000,00000588,false,Rx,0,8,0B,00,72,00,00,80,00,00,
0,00000280,false,Rx,0,8,B3,8D,00,00,23,FA,1A,23,
0,00000288,false,Rx,0,8,64,5B,D5,00,00,6B,56,8C,
0,00000380,false,Rx,0,8,B0,80,00,76,20,00,00,FE,
0,00000488,false,Rx,0,8,FF,23,00,72,FE,FF,FF,50,
0,00000280,false,Rx,0,8,B3,8D,00,00,23,FA,1A,23,
0,00000288,false,Rx,0,8,64,5B,D5,00,00,6B,56,8C,
0,00000380,false,Rx,0,8,B0,80,00,76,20,00,00,FE,
0,00000488,false,Rx,0,8,CF,23,00,72,FE,FF,FF,60,
0,00000480,false,Rx,0,8,C2,2C,00,00,19,41,00,B6,
0,00000284,false,Rx,0,6,0C,0C,00,00,00,00,00,00,
481000,00000588,false,Rx,0,8,0B,00,72,00,00,80,00,00,
0,00000280,false,Rx,0,8,B3,8D,00,00,23,FA,1A,23,
0,00000288,false,Rx,0,8,64,5B,D5,00,00,6B,56,8C,
0,00000380,false,Rx,0,8,B0,80,00,76,20,00,00,FE,
489000,00000488,false,Rx,0,8,DF,23,00,72,FE,FF,FF,70,
0,00000280,false,Rx,0,8,B3,8D,00,00,23,FA,1A,23,
0,00000288,false,Rx,0,8,8A,5B,D5,00,00,6B,56,8C,
0,00000380,false,Rx,0,8,B0,80,00,76,20,00,00,FE,
0,00000488,false,Rx,0,8,2F,23,00,72,FE,FF,FF,80,
0,00000480,false,Rx,0,8,C2,2C,00,00,19,41,00,B6,
0,00000284,false,Rx,0,6,0D,0D,00,00,00,00,00,00,
502000,00000588,false,Rx,0,8,0B,00,72,00,00,80,00,00,
0,00000280,false,Rx,0,8,B3,8D,00,00,23,FA,1A,23,
0,00000288,false,Rx,0,8,8A,5B,D5,00,00,6B,56,8C,
0,00000380,false,Rx,0,8,B0,80,00,76,20,00,00,FE,
0,00000488,false,Rx,0,8,3F,23,00,72,FE,FF,FF,90,
514000,00000280,false,Rx,0,8,B3,8D,00,00,23,FA,1A,23,
0,00000288,false,Rx,0,8,8A,5B,D5,00,00,6B,56,8C,
0,00000380,false,Rx,0,8,B0,80,00,76,20,00,00,FE,
0,00000488,false,Rx,0,8,0F,23,00,72,FE,FF,FF,A0,
0,00000480,false,Rx,0,8,C2,2C,00,00,19,41,00,B6,
0,00000284,false,Rx,0,6,0E,0E,00,00,00,00,00,00,
0,00000588,false,Rx,0,8,0B,00,72,00,00,80,00,00,
0,00000280,false,Rx,0,8,B3,8D,00,00,23,FA,1A,23,
0,00000288,false,Rx,0,8,8A,5B,D5,00,00,6B,56,8C,
0,00000380,false,Rx,0,8,B0,80,00,76,20,00,00,FE,
0,00000488,false,Rx,0,8,1F,23,00,72,FE,FF,FF,B0,
0,00000280,false,Rx,0,8,B3,8D,00,00,23,FA,1A,23,
0,00000288,false,Rx,0,8,E8,5B,D5,00,00,6B,56,8C,
0,00000380,false,Rx,0,8,B0,80,00,76,20,00,00,FE,
0,00000488,false,Rx,0,8,6F,23,00,72,FE,FF,FF,C0,
0,00000480,false,Rx,0,8,C2,2C,00,00,19,41,00,B6,
0,00000284,false,Rx,0,6,0F,0F,00,00,00,00,00,00,
538000,00000588,false,Rx,0,8,0B,00,72,00,00,80,00,00,
0,00000280,false,Rx,0,8,B3,8D,00,00,23,FA,1A,23,
0,00000288,false,Rx,0,8,E8,5B,D5,00,00,6B,56,8C,
0,00000380,false,Rx,0,8,B0,80,00,76,20,00,00,FE,
0,00000488,false,Rx,0,8,7F,23,00,72,FE,FF,FF,D0,
0,00000280,false,Rx,0,8,B3,8D,00,00,23,FA,1A,23,
0,00000288,false,Rx,0,8,E8,5B,D5,00,00,6B,56,8C,
0,00000380,false,Rx,0,8,B0,80,00,76,20,00,00,FE,
0,00000488,false,Rx,0,8,4F,23,00,72,FE,FF,FF,E0,
0,00000480,false,Rx,0,8,1C,2C,00,00,19,41,00,68,
0,00000284,false,Rx,0,6,00,00,00,00,00,00,00,00,
0,00000588,false,Rx,0,8,0B,00,72,00,00,80,00,00,
0,00000280,false,Rx,0,8,B3,8D,00,00,23,FA,1A,23,
0,00000288,false,Rx,0,8,E8,5B,D5,00,00,6B,56,8C,
0,00000380,false,Rx,0,8,B0,80,00,76,20,00,00,FE,
0,00000488,false,Rx,0,8,5F,23,00,72,FE,FF,FF,F0,
0,00000280,false,Rx,0,8,B3,8D,00,00,23,FA,1A,23,
0,00000288,false,Rx,0,8,2C,5B,D5,00,00,6B,56,8C,
0,00000380,false,Rx,0,8,B0,80,00,76,20,00,00,FE,
0,00000488,false,Rx,0,8,50,23,00,72,FE,FF,00,00,
0,00000480,false,Rx,0,8,1C,2C,00,00,19,41,00,68,
0,00000284,false,Rx,0,6,01,01,00,00,00,00,00,00,
0,00000588,false,Rx,0,8,0B,00,72,00,00,80,00,00,
0,00000280,false,Rx,0,8,B3,8D,00,00,23,FA,1A,23,
0,00000288,false,Rx,0,8,2C,5B,D5,00,00,6B,56,8C,
0,00000380,false,Rx,0,8,B0,80,00,76,20,00,00,FE,
0,00000488,false,Rx,0,8,BF,23,00,72,FE,FF,FF,10,
0,00000280,false,Rx,0,8,B3,8D,00,00,23,FA,1A,23,
0,00000288,false,Rx,0,8,2C,5B,D5,00,00,6B,56,8C,
0,00000380,false,Rx,0,8,B0,80,00,76,20,00,00,FE,
0,00000488,false,Rx,0,8,70,23,00,72,FE,FF,00,20,
0,00000480,false,Rx,0,8,1C,2C,00,00,19,41,00,68,
0,00000284,false,Rx,0,6,02,02,00,00,00,00,00,00,
0,00000588,false,Rx,0,8,0B,00,72,00,00,80,00,00,
0,00000280,false,Rx,0,8,B3,8D,00,00,23,FA,1A,23,
0,00000288,false,Rx,0,8,2C,5B,D5,00,00,6B,56,8C,
0,00000380,false,Rx,0,8,B0,80,00,76,20,00,00,FE,
0,00000488,false,Rx,0,8,60,23,00,72,FE,FF,00,30,
0,00000280,false,Rx,0,8,B3,8D,00,00,23,FA,1A,23,
0,00000288,false,Rx,0,8,64,5B,D5,00,00,6B,56,8C,
0,00000380,false,Rx,0,8,B0,80,00,76,20,00,00,FE,
0,00000488,false,Rx,0,8,10,23,00,72,FE,FF,00,40,
0,00000480,false,Rx,0,8,1C,2C,00,00,19,41,00,68,
0,00000284,false,Rx,0,6,03,03,00,00,00,00,00,00,
0,00000588,false,Rx,0,8,0B,00,72,00,00,80,00,00,
0,00000280,false,Rx,0,8,B3,8D,00,00,23,FA,1A,23,
0,00000288,false,Rx,0,8,64,5B,D5,00,00,6B,56,8C,
0,00000380,false,Rx,0,8,B0,80,00,76,20,00,00,FE,
0,00000488,false,Rx,0,8,FF,23,00,72,FE,FF,FF,50,
0,00000280,false,Rx,0,8,B3,8D,00,00,23,FA,1A,23,
0,00000288,false,Rx,0,8,64,5B,D5,00,00,6B,56,8C,
0,00000380,false,Rx,0,8,B0,80,00,76,20,00,00,FE,
0,00000488,false,Rx,0,8,CF,23,00,72,FE,FF,FF,60,
0,00000480,false,Rx,0,8,54,2C,00,00,19,41,00,20,
0,00000284,false,Rx,0,6,04,04,00,00,00,00,00,00,
0,00000588,false,Rx,0,8,0B,00,72,00,00,80,00,00,
0,00000280,false,Rx,0,8,B3,8D,00,00,23,FA,1A,23,
0,00000288,false,Rx,0,8,64,5B,D5,00,00,6B,56,8C,
0,00000380,false,Rx,0,8,B0,80,00,76,20,00,00,FE,
0,00000488,false,Rx,0,8,DF,23,00,72,FE,FF,FF,70,
0,00000280,false,Rx,0,8,B3,8D,00,00,23,FA,1A,23,
0,00000288,false,Rx,0,8,8A,5B,D5,00,00,6B,56,8C,
0,00000380,false,Rx,0,8,B0,80,00,76,20,00,00,FE,
0,00000488,false,Rx,0,8,2F,23,00,72,FE,FF,FF,80,
0,00000480,false,Rx,0,8,54,2C,00,00,19,41,00,20,
0,00000284,false,Rx,0,6,05,05,00,00,00,00,00,00,
661000,00000588,false,Rx,0,8,0B,00,72,00,00,80,00,00,
0,00000280,false,Rx,0,8,B3,8D,00,00,23,FA,1A,23,
0,00000288,false,Rx,0,8,8A,5B,D5,00,00,6B,56,8C,
0,00000380,false,Rx,0,8,B0,80,00,76,20,00,00,FE,
670000,00000488,false,Rx,0,8,3F,23,00,72,FE,FF,FF,90,
0,00000280,false,Rx,0,8,B3,8D,00,00,23,FA,1A,23,
0,00000288,false,Rx,0,8,8A,5B,D5,00,00,6B,56,8C,
0,00000380,false,Rx,0,8,B0,80,00,76,20,00,00,FE,
0,00000488,false,Rx,0,8,0F,23,00,72,FE,FF,FF,A0,
0,00000480,false,Rx,0,8,54,2C,00,00,19,41,00,20,
0,00000284,false,Rx,0,6,06,06,00,00,00,00,00,00,
682000,00000588,false,Rx,0,8,0B,00,72,00,00,80,00,00,
0,00000280,false,Rx,0,8,B3,8D,00,00,23,FA,1A,23,
0,00000288,false,Rx,0,8,8A,5B,D5,00,00,6B,56,8C,
0,00000380,false,Rx,0,8,B0,80,00,76,20,00,00,FE,
0,00000488,false,Rx,0,8,1F,23,00,72,FE,FF,FF,B0,
0,00000280,false,Rx,0,8,B3,8D,00,00,23,FA,1A,23,
0,00000288,false,Rx,0,8,E8,5B,D5,00,00,6B,56,8C,
0,00000380,false,Rx,0,8,B0,80,00,76,20,00,00,FE,
0,00000488,false,Rx,0,8,6F,23,00,72,FE,FF,FF,C0,
0,00000480,false,Rx,0,8,54,2C,00,00,19,41,00,20,
0,00000284,false,Rx,0,6,07,07,00,00,00,00,00,00,
702000,00000588,false,Rx,0,8,0B,00,72,00,00,80,00,00,
0,00000280,false,Rx,0,8,B3,8D,00,00,23,FA,1A,23,
0,00000288,false,Rx,0,8,E8,5B,D5,00,00,6B,56,8C,
0,00000380,false,Rx,0,8,B0,80,00,76,20,00,00,FE,
0,00000488,false,Rx,0,8,7F,23,00,72,FE,FF,FF,D0,
0,00000280,false,Rx,0,8,B3,8D,00,00,23,FA,1A,23,
0,00000288,false,Rx,0,8,E8,5B,D5,00,00,6B,56,8C,
0,00000380,false,Rx,0,8,B0,80,00,76,20,00,00,FE,
0,00000488,false,Rx,0,8,4F,23,00,72,FE,FF,FF,E0,
0,00000480,false,Rx,0,8,84,2C,00,00,19,41,00,F0,
0,00000284,false,Rx,0,6,08,08,00,00,00,00,00,00,
0,00000588,false,Rx,0,8,0B,00,72,00,00,80,00,00,
0,00000280,false,Rx,0,8,B3,8D,00,00,23,FA,1A,23,
0,00000288,false,Rx,0,8,E8,5B,D5,00,00,6B,56,8C,
0,00000380,false,Rx,0,8,B0,80,00,76,20,00,00,FE,
0,00000488,false,Rx,0,8,5F,23,00,72,FE,FF,FF,F0,
0,00000280,false,Rx,0,8,B3,8D,00,00,23,FA,1A,23,
0,00000288,false,Rx,0,8,2C,5B,D5,00,00,6B,56,8C,
0,00000380,false,Rx,0,8,B0,80,00,76,20,00,00,FE,
0,00000488,false,Rx,0,8,50,23,00,72,FE,FF,00,00,
0,00000480,false,Rx,0,8,84,2C,00,00,19,41,00,F0,
0,00000284,false,Rx,0,6,09,09,00,00,00,00,00,00,
739000,00000588,false,Rx,0,8,0B,00,72,00,00,80,00,00,
0,00000280,false,Rx,0,8,B3,8D,00,00,23,FA,1A,23,
0,00000288,false,Rx,0,8,2C,5B,D5,00,00,6B,56,8C,
0,00000380,false,Rx,0,8,B0,80,00,76,20,00,00,FE,
0,00000488,false,Rx,0,8,BF,23,00,72,FE,FF,FF,10,
0,00000280,false,Rx,0,8,B3,8D,00,00,23,FA,1A,23,
0,00000288,false,Rx,0,8,2C,5B,D5,00,00,6B,56,8C,
0,00000380,false,Rx,0,8,B0,80,00,76,20,00,00,FE,
0,00000488,false,Rx,0,8,70,23,00,72,FE,FF,00,20,
0,00000480,false,Rx,0,8,84,2C,00,00,19,41,00,F0,
0,00000284,false,Rx,0,6,0A,0A,00,00,00,00,00,00,
0,00000588,false,Rx,0,8,0B,00,72,00,00,80,00,00,
0,00000280,false,Rx,0,8,B3,8D,00,00,23,FA,1A,23,
0,00000288,false,Rx,0,8,2C,5B,D5,00,00,6B,56,8C,
0,00000380,false,Rx,0,8,B0,80,00,76,20,00,00,FE,
0,00000488,false,Rx,0,8,60,23,00,72,FE,FF,00,30,
0,00000280,false,Rx,0,8,B3,8D,00,00,23,FA,1A,23,
0,00000288,false,Rx,0,8,64,5B,D5,00,00,6B,56,8C,
0,00000380,false,Rx,0,8,B0,80,00,76,20,00,00,FE,
0,00000488,false,Rx,0,8,10,23,00,72,FE,FF,00,40,
0,00000480,false,Rx,0,8,84,2C,00,00,19,41,00,F0,
0,00000284,false,Rx,0,6,0B,0B,00,00,00,00,00,00,
0,00000588,false,Rx,0,8,0B,00,72,00,00,80,00,00,
0,00000280,false,Rx,0,8,B3,8D,00,00,23,FA,1A,23,
0,00000288,false,Rx,0,8,64,5B,D5,00,00,6B,56,8C,
0,00000380,false,Rx,0,8,B0,80,00,76,20,00,00,FE,
0,00000488,false,Rx,0,8,FF,23,00,72,FE,FF,FF,50,
0,00000280,false,Rx,0,8,B3,8D,00,00,23,FA,1A,23,
0,00000288,false,Rx,0,8,64,5B,D5,00,00,6B,56,8C,
0,00000380,false,Rx,0,8,B0,80,00,76,20,00,00,FE,
0,00000488,false,Rx,0,8,CF,23,00,72,FE,FF,FF,60,
0,00000480,false,Rx,0,8,C2,2C,00,00,19,41,00,B6,
0,00000284,false,Rx,0,6,0C,0C,00,00,00,00,00,00,
0,00000588,false,Rx,0,8,0B,00,72,00,00,80,00,00,
0,00000280,false,Rx,0,8,B3,8D,00,00,23,FA,1A,23,
0,00000288,false,Rx,0,8,64,5B,D5,00,00,6B,56,8C,
0,00000380,false,Rx,0,8,B0,80,00,76,20,00,00,FE,
0,00000488,false,Rx,0,8,DF,23,00,72,FE,FF,FF,70,
0,00000280,false,Rx,0,8,B3,8D,00,00,23,FA,1A,23,
0,00000288,false,Rx,0,8,8A,5B,D5,00,00,6B,56,8C,
0,00000380,false,Rx,0,8,B0,80,00,76,20,00,00,FE,
0,00000488,false,Rx,0,8,2F,23,00,72,FE,FF,FF,80,
0,00000480,false,Rx,0,8,C2,2C,00,00,19,41,00,B6,
0,00000284,false,Rx,0,6,0D,0D,00,00,00,00,00,00,
0,00000588,false,Rx,0,8,0B,00,72,00,00,80,00,00,
0,00000280,false,Rx,0,8,B3,8D,00,00,23,FA,1A,23,
0,00000288,false,Rx,0,8,8A,5B,D5,00,00,6B,56,8C,
0,00000380,false,Rx,0,8,B0,80,00,76,20,00,00,FE,
0,00000488,false,Rx,0,8,3F,23,00,72,FE,FF,FF,90,
0,00000280,false,Rx,0,8,B3,8D,00,00,23,FA,1A,23,
0,00000288,false,Rx,0,8,8A,5B,D5,00,00,6B,56,8C,
0,00000380,false,Rx,0,8,B0,80,00,76,20,00,00,FE,
0,00000488,false,Rx,0,8,0F,23,00,72,FE,FF,FF,A0,
0,00000480,false,Rx,0,8,C2,2C,00,00,19,41,00,B6,
0,00000284,false,Rx,0,6,0E,0E,00,00,00,00,00,00,
842000,00000588,false,Rx,0,8,0B,00,72,00,00,80,00,00,
0,00000280,false,Rx,0,8,B3,8D,00,00,23,FA,1A,23,
0,00000288,false,Rx,0,8,8A,5B,D5,00,00,6B,56,8C,
0,00000380,false,Rx,0,8,B0,80,00,76,20,00,00,FE,
0,00000488,false,Rx,0,8,1F,23,00,72,FE,FF,FF,B0,
0,00000280,false,Rx,0,8,B3,8D,00,00,23,FA,1A,23,
0,00000288,false,Rx,0,8,E8,5B,D5,00,00,6B,56,8C,
0,00000380,false,Rx,0,8,B0,80,00,76,20,00,00,FE,
0,00000488,false,Rx,0,8,6F,23,00,72,FE,FF,FF,C0,
0,00000480,false,Rx,0,8,C2,2C,00,00,19,41,00,B6,
0,00000284,false,Rx,0,6,0F,0F,00,00,00,00,00,00,
0,00000588,false,Rx,0,8,0B,00,72,00,00,80,00,00,
0,00000740,false,Rx,0,1,A3,00,00,00,00,00,00,00,
0,00000300,false,Rx,0,6,A1,0F,8A,FF,4A,FF,00,00,
0,00000280,false,Rx,0,8,B3,8D,00,00,23,FA,1A,23,
0,00000288,false,Rx,0,8,E8,5B,D5,00,00,6B,56,8C,
0,00000380,false,Rx,0,8,B0,80,00,76,20,00,00,FE,
0,00000488,false,Rx,0,8,7F,23,00,72,FE,FF,FF,D0,
0,00000580,false,Rx,0,8,89,00,00,7F,00,F0,47,01,
0,00000280,false,Rx,0,8,B3,8D,00,00,23,FA,1A,23,
0,00000288,false,Rx,0,8,E8,5B,D5,00,00,6B,56,8C,
0,00000380,false,Rx,0,8,B0,80,00,76,20,00,00,FE,
0,00000488,false,Rx,0,8,4F,23,00,72,FE,FF,FF,E0,
0,00000480,false,Rx,0,8,1C,2C,00,00,19,41,00,68,
0,00000284,false,Rx,0,6,00,00,00,00,00,00,00,00,
883000,00000588,false,Rx,0,8,0B,00,72,00,00,80,00,00,
0,00000280,false,Rx,0,8,B3,8D,00,00,23,FA,1A,23,
0,00000288,false,Rx,0,8,E8,5B,D5,00,00,6B,56,8C,
0,00000380,false,Rx,0,8,B0,80,00,76,20,00,00,FE,
0,00000488,false,Rx,0,8,5F,23,00,72,FE,FF,FF,F0,
895000,00000280,false,Rx,0,8,B3,8D,00,00,23,FA,1A,23,
0,00000288,false,Rx,0,8,2C,5B,D5,00,00,6B,56,8C,
0,00000380,false,Rx,0,8,B0,80,00,76,20,00,00,FE,
0,00000488,false,Rx,0,8,50,23,00,72,FE,FF,00,00,
0,00000480,false,Rx,0,8,1C,2C,00,00,19,41,00,68,
0,00000284,false,Rx,0,6,01,01,00,00,00,00,00,00,
0,00000588,false,Rx,0,8,0B,00,72,00,00,80,00,00,
0,00000280,false,Rx,0,8,B3,8D,00,00,23,FA,1A,23,
0,00000288,false,Rx,0,8,2C,5B,D5,00,00,6B,56,8C,
0,00000380,false,Rx,0,8,B0,80,00,76,20,00,00,FE,
0,00000488,false,Rx,0,8,BF,23,00,72,FE,FF,FF,10,
0,00000280,false,Rx,0,8,B3,8D,00,00,23,FA,1A,23,
0,00000288,false,Rx,0,8,2C,5B,D5,00,00,6B,56,8C,
0,00000380,false,Rx,0,8,B0,80,00,76,20,00,00,FE,
0,00000488,false,Rx,0,8,70,23,00,72,FE,FF,00,20,
0,00000480,false,Rx,0,8,1C,2C,00,00,19,41,00,68,
0,00000284,false,Rx,0,6,02,02,00,00,00,00,00,00,
919000,00000588,false,Rx,0,8,0B,00,72,00,00,80,00,00,
0,00000280,false,Rx,0,8,B3,8D,00,00,23,FA,1A,23,
0,00000288,false,Rx,0,8,2C,5B,D5,00,00,6B,56,8C,
0,00000380,false,Rx,0,8,B0,80,00,76,20,00,00,FE,
0,00000488,false,Rx,0,8,60,23,00,72,FE,FF,00,30,
0,00000280,false,Rx,0,8,B3,8D,00,00,23,FA,1A,23,
0,00000288,false,Rx,0,8,64,5B,D5,00,00,6B,56,8C,
0,00000380,false,Rx,0,8,B0,80,00,76,20,00,00,FE,
0,00000488,false,Rx,0,8,10,23,00,72,FE,FF,00,40,
0,00000480,false,Rx,0,8,1C,2C,00,00,19,41,00,68,
0,00000284,false,Rx,0,6,03,03,00,00,00,00,00,00,
0,00000588,false,Rx,0,8,0B,00,72,00,00,80,00,00,
0,00000280,false,Rx,0,8,B3,8D,00,00,23,FA,1A,23,
0,00000288,false,Rx,0,8,64,5B,D5,00,00,6B,56,8C,
0,00000380,false,Rx,0,8,B0,80,00,76,20,00,00,FE,
0,00000488,false,Rx,0,8,FF,23,00,72,FE,FF,FF,50,
0,00000280,false,Rx,0,8,B3,8D,00,00,23,FA,1A,23,
0,00000288,false,Rx,0,8,64,5B,D5,00,00,6B,56,8C,
0,00000380,false,Rx,0,8,B0,80,00,76,20,00,00,FE,
0,00000488,false,Rx,0,8,CF,23,00,72,FE,FF,FF,60,
0,00000480,false,Rx,0,8,54,2C,00,00,19,41,00,20,
0,00000284,false,Rx,0,6,04,04,00,00,00,00,00,00,
0,00000588,false,Rx,0,8,0B,00,72,00,00,80,00,00,
0,00000280,false,Rx,0,8,B3,8D,00,00,23,FA,1A,23,
0,00000288,false,Rx,0,8,64,5B,D5,00,00,6B,56,8C,
0,00000380,false,Rx,0,8,B0,80,00,76,20,00,00,FE,
0,00000488,false,Rx,0,8,DF,23,00,72,FE,FF,FF,70,
0,00000280,false,Rx,0,8,B3,8D,00,00,23,FA,1A,23,
0,00000288,false,Rx,0,8,8A,5B,D5,00,00,6B,56,8C,
0,00000380,false,Rx,0,8,B0,80,00,76,20,00,00,FE,
0,00000488,false,Rx,0,8,2F,23,00,72,FE,FF,FF,80,
0,00000480,false,Rx,0,8,54,2C,00,00,19,41,00,20,
0,00000284,false,Rx,0,6,05,05,00,00,00,00,00,00,
0,00000588,false,Rx,0,8,0B,00,72,00,00,80,00,00,
0,00000280,false,Rx,0,8,B3,8D,00,00,23,FA,1A,23,
0,00000288,false,Rx,0,8,8A,5B,D5,00,00,6B,56,8C,
0,00000380,false,Rx,0,8,B0,80,00,76,20,00,00,FE,
0,00000488,false,Rx,0,8,3F,23,00,72,FE,FF,FF,90,
0,00000280,false,Rx,0,8,B3,8D,00,00,23,FA,1A,23,
0,00000288,false,Rx,0,8,8A,5B,D5,00,00,6B,56,8C,
0,00000380,false,Rx,0,8,B0,80,00,76,20,00,00,FE,
0,00000488,false,Rx,0,8,0F,23,00,72,FE,FF,FF,A0,
0,00000480,false,Rx,0,8,54,2C,00,00,19,41,00,20,
0,00000284,false,Rx,0,6,06,06,00,00,00,00,00,00,
0,00000588,false,Rx,0,8,0B,00,72,00,00,80,00,00,
0,00000280,false,Rx,0,8,B3,8D,00,00,23,FA,1A,23,
0,00000288,false,Rx,0,8,8A,5B,D5,00,00,6B,56,8C,
0,00000380,false,Rx,0,8,B0,80,00,76,20,00,00,FE,
0,00000488,false,Rx,0,8,1F,23,00,72,FE,FF,FF,B0,
0,00000280,false,Rx,0,8,B3,8D,00,00,23,FA,1A,23,
0,00000288,false,Rx,0,8,E8,5B,D5,00,00,6B,56,8C,
0,00000380,false,Rx,0,8,B0,80,00,76,20,00,00,FE,
0,00000488,false,Rx,0,8,6F,23,00,72,FE,FF,FF,C0,
0,00000480,false,Rx,0,8,54,2C,00,00,19,41,00,20,
0,00000284,false,Rx,0,6,07,07,00,00,00,00,00,00,
0,00000588,false,Rx,0,8,0B,00,72,00,00,80,00,00,
0,00000280,false,Rx,0,8,B3,8D,00,00,23,FA,1A,23,
0,00000288,false,Rx,0,8,E8,5B,D5,00,00,6B,56,8C,
0,00000380,false,Rx,0,8,B0,80,00,76,20,00,00,FE,
0,00000488,false,Rx,0,8,7F,23,00,72,FE,FF,FF,D0,
0,00000280,false,Rx,0,8,B3,8D,00,00,23,FA,1A,23,
0,00000288,false,Rx,0,8,E8,5B,D5,00,00,6B,56,8C,
0,00000380,false,Rx,0,8,B0,80,00,76,20,00,00,FE,
0,00000488,false,Rx,0,8,4F,23,00,72,FE,FF,FF,E0,
0,00000480,false,Rx,0,8,84,2C,00,00,19,41,00,F0,
0,00000284,false,Rx,0,6,08,08,00,00,00,00,00,00,
42000,00000588,false,Rx,0,8,0B,00,72,00,00,80,00,00,
0,00000280,false,Rx,0,8,B3,8D,00,00,23,FA,1A,23,
0,00000288,false,Rx,0,8,E8,5B,D5,00,00,6B,56,8C,
0,00000380,false,Rx,0,8,B0,80,00,76,20,00,00,FE,
50000,00000488,false,Rx,0,8,5F,23,00,72,FE,FF,FF,F0,
0,00000280,false,Rx,0,8,B3,8D,00,00,23,FA,1A,23,
0,00000288,false,Rx,0,8,2C,5B,D5,00,00,6B,56,8C,
0,00000380,false,Rx,0,8,B0,80,00,76,20,00,00,FE,
0,00000488,false,Rx,0,8,50,23,00,72,FE,FF,00,00,
0,00000480,false,Rx,0,8,84,2C,00,00,19,41,00,F0,
0,00000284,false,Rx,0,6,09,09,00,00,00,00,00,00,
63000,00000588,false,Rx,0,8,0B,00,72,00,00,80,00,00,
0,00000280,false,Rx,0,8,B3,8D,00,00,23,FA,1A,23,
0,00000288,false,Rx,0,8,2C,5B,D5,00,00,6B,56,8C,
0,00000380,false,Rx,0,8,B0,80,00,76,20,00,00,FE,
0,00000488,false,Rx,0,8,BF,23,00,72,FE,FF,FF,10,
0,00000280,false,Rx,0,8,B3,8D,00,00,23,FA,1A,23,
0,00000288,false,Rx,0,8,2C,5B,D5,00,00,6B,56,8C,
0,00000380,false,Rx,0,8,B0,80,00,76,20,00,00,FE,
0,00000488,false,Rx,0,8,70,23,00,72,FE,FF,00,20,
0,00000480,false,Rx,0,8,84,2C,00,00,19,41,00,F0,
0,00000284,false,Rx,0,6,0A,0A,00,00,00,00,00,00,
0,00000588,false,Rx,0,8,0B,00,72,00,00,80,00,00,
0,00000280,false,Rx,0,8,B3,8D,00,00,23,FA,1A,23,
0,00000288,false,Rx,0,8,2C,5B,D5,00,00,6B,56,8C,
0,00000380,false,Rx,0,8,B0,80,00,76,20,00,00,FE,
0,00000488,false,Rx,0,8,60,23,00,72,FE,FF,00,30,
0,00000280,false,Rx,0,8,B3,8D,00,00,23,FA,1A,23,
0,00000288,false,Rx,0,8,64,5B,D5,00,00,6B,56,8C,
0,00000380,false,Rx,0,8,B0,80,00,76,20,00,00,FE,
0,00000488,false,Rx,0,8,10,23,00,72,FE,FF,00,40,
0,00000480,false,Rx,0,8,84,2C,00,00,19,41,00,F0,
0,00000284,false,Rx,0,6,0B,0B,00,00,00,00,00,00,
100000,00000588,false,Rx,0,8,0B,00,72,00,00,80,00,00,
0,00000280,false,Rx,0,8,B3,8D,00,00,23,FA,1A,23,
0,00000288,false,Rx,0,8,64,5B,D5,00,00,6B,56,8C,
0,00000380,false,Rx,0,8,B0,80,00,76,20,00,00,FE,
0,00000488,false,Rx,0,8,FF,23,00,72,FE,FF,FF,50,
0,00000280,false,Rx,0,8,B3,8D,00,00,23,FA,1A,23,
0,00000288,false,Rx,0,8,64,5B,D5,00,00,6B,56,8C,
0,00000380,false,Rx,0,8,B0,80,00,76,20,00,00,FE,
0,00000488,false,Rx,0,8,CF,23,00,72,FE,FF,FF,60,
0,00000480,false,Rx,0,8,C2,2C,00,00,19,41,00,B6,
0,00000284,false,Rx,0,6,0C,0C,00,00,00,00,00,00,
120000,00000588,false,Rx,0,8,0B,00,72,00,00,80,00,00,
0,00000280,false,Rx,0,8,B3,8D,00,00,23,FA,1A,23,
0,00000288,false,Rx,0,8,64,5B,D5,00,00,6B,56,8C,
0,00000380,false,Rx,0,8,B0,80,00,76,20,00,00,FE,
0,00000488,false,Rx,0,8,DF,23,00,72,FE,FF,FF,70,
0,00000280,false,Rx,0,8,B3,8D,00,00,23,FA,1A,23,
0,00000288,false,Rx,0,8,8A,5B,D5,00,00,6B,56,8C,
0,00000380,false,Rx,0,8,B0,80,00,76,20,00,00,FE,
0,00000488,false,Rx,0,8,2F,23,00,72,FE,FF,FF,80,
0,00000480,false,Rx,0,8,C2,2C,00,00,19,41,00,B6,
0,00000284,false,Rx,0,6,0D,0D,00,00,00,00,00,00,
0,00000588,false,Rx,0,8,0B,00,72,00,00,80,00,00,
0,00000280,false,Rx,0,8,B3,8D,00,00,23,FA,1A,23,
0,00000288,false,Rx,0,8,8A,5B,D5,00,00,6B,56,8C,
0,00000380,false,Rx,0,8,B0,80,00,76,20,00,00,FE,
0,00000488,false,Rx,0,8,3F,23,00,72,FE,FF,FF,90,
0,00000280,false,Rx,0,8,B3,8D,00,00,23,FA,1A,23,
0,00000288,false,Rx,0,8,8A,5B,D5,00,00,6B,56,8C,
0,00000380,false,Rx,0,8,B0,80,00,76,20,00,00,FE,
0,00000488,false,Rx,0,8,0F,23,00,72,FE,FF,FF,A0,
0,00000480,false,Rx,0,8,C2,2C,00,00,19,41,00,B6,
0,00000284,false,Rx,0,6,0E,0E,00,00,00,00,00,00,
0,00000588,false,Rx,0,8,0B,00,72,00,00,80,00,00,
0,00000280,false,Rx,0,8,B3,8D,00,00,23,FA,1A,23,
0,00000288,false,Rx,0,8,8A,5B,D5,00,00,6B,56,8C,
0,00000380,false,Rx,0,8,B0,80,00,76,20,00,00,FE,
0,00000488,false,Rx,0,8,1F,23,00,72,FE,FF,FF,B0,
0,00000280,false,Rx,0,8,B3,8D,00,00,23,FA,1A,23,
0,00000288,false,Rx,0,8,E8,5B,D5,00,00,6B,56,8C,
0,00000380,false,Rx,0,8,B0,80,00,76,20,00,00,FE,
0,00000488,false,Rx,0,8,6F,23,00,72,FE,FF,FF,C0,
0,00000480,false,Rx,0,8,C2,2C,00,00,19,41,00,B6,
0,00000284,false,Rx,0,6,0F,0F,00,00,00,00,00,00,
0,00000588,false,Rx,0,8,0B,00,72,00,00,80,00,00,
0,00000280,false,Rx,0,8,B3,8D,00,00,23,FA,1A,23,
0,00000288,false,Rx,0,8,E8,5B,D5,00,00,6B,56,8C,
0,00000380,false,Rx,0,8,B0,80,00,76,20,00,00,FE,
0,00000488,false,Rx,0,8,7F,23,00,72,FE,FF,FF,D0,
0,00000280,false,Rx,0,8,B3,8D,00,00,23,FA,1A,23,
0,00000288,false,Rx,0,8,E8,5B,D5,00,00,6B,56,8C,
0,00000380,false,Rx,0,8,B0,80,00,76,20,00,00,FE,
0,00000488,false,Rx,0,8,4F,23,00,72,FE,FF,FF,E0,
0,00000480,false,Rx,0,8,1C,2C,00,00,19,41,00,68,
0,00000284,false,Rx,0,6,00,00,00,00,00,00,00,00,
0,00000588,false,Rx,0,8,0B,00,72,00,00,80,00,00,
0,00000280,false,Rx,0,8,B3,8D,00,00,23,FA,1A,23,
0,00000288,false,Rx,0,8,E8,5B,D5,00,00,6B,56,8C,
0,00000380,false,Rx,0,8,B0,80,00,76,20,00,00,FE,
0,00000488,false,Rx,0,8,5F,23,00,72,FE,FF,FF,F0,
0,00000280,false,Rx,0,8,B3,8D,00,00,23,FA,1A,23,
0,00000288,false,Rx,0,8,2C,5B,D5,00,00,6B,56,8C,
0,00000380,false,Rx,0,8,B0,80,00,76,20,00,00,FE,
0,00000488,false,Rx,0,8,50,23,00,72,FE,FF,00,00,
0,00000480,false,Rx,0,8,1C,2C,00,00,19,41,00,68,
0,00000284,false,Rx,0,6,01,01,00,00,00,00,00,00,
223000,00000588,false,Rx,0,8,0B,00,72,00,00,80,00,00,
0,00000280,false,Rx,0,8,B3,8D,00,00,23,FA,1A,23,
0,00000288,false,Rx,0,8,2C,5B,D5,00,00,6B,56,8C,
0,00000380,false,Rx,0,8,B0,80,00,76,20,00,00,FE,
231000,00000488,false,Rx,0,8,BF,23,00,72,FE,FF,FF,10,
0,00000280,false,Rx,0,8,B3,8D,00,00,23,FA,1A,23,
0,00000288,false,Rx,0,8,2C,5B,D5,00,00,6B,56,8C,
0,00000380,false,Rx,0,8,B0,80,00,76,20,00,00,FE,
0,00000488,false,Rx,0,8,70,23,00,72,FE,FF,00,20,
0,00000480,false,Rx,0,8,1C,2C,00,00,19,41,00,68,
0,00000284,false,Rx,0,6,02,02,00,00,00,00,00,00,
243000,00000588,false,Rx,0,8,0B,00,72,00,00,80,00,00,
0,00000280,false,Rx,0,8,B3,8D,00,00,23,FA,1A,23,
0,00000288,false,Rx,0,8,2C,5B,D5,00,00,6B,56,8C,
0,00000380,false,Rx,0,8,B0,80,00,76,20,00,00,FE,
251000,00000488,false,Rx,0,8,60,23,00,72,FE,FF,00,30,
0,00000280,false,Rx,0,8,B3,8D,00,00,23,FA,1A,23,
0,00000288,false,Rx,0,8,64,5B,D5,00,00,6B,56,8C,
0,00000380,false,Rx,0,8,B0,80,00,76,20,00,00,FE,
0,00000488,false,Rx,0,8,10,23,00,72,FE,FF,00,40,
0,00000480,false,Rx,0,8,1C,2C,00,00,19,41,00,68,
0,00000284,false,Rx,0,6,03,03,00,00,00,00,00,00,
263000,00000588,false,Rx,0,8,0B,00,72,00,00,80,00,00,
0,00000280,false,Rx,0,8,B3,8D,00,00,23,FA,1A,23,
0,00000288,false,Rx,0,8,64,5B,D5,00,00,6B,56,8C,
0,00000380,false,Rx,0,8,B0,80,00,76,20,00,00,FE,
0,00000488,false,Rx,0,8,FF,23,00,72,FE,FF,FF,50,
0,00000280,false,Rx,0,8,B3,8D,00,00,23,FA,1A,23,
0,00000288,false,Rx,0,8,64,5B,D5,00,00,6B,56,8C,
0,00000380,false,Rx,0,8,B0,80,00,76,20,00,00,FE,
0,00000488,false,Rx,0,8,CF,23,00,72,FE,FF,FF,60,
0,00000480,false,Rx,0,8,54,2C,00,00,19,41,00,20,
0,00000284,false,Rx,0,6,04,04,00,00,00,00,00,00,
0,00000588,false,Rx,0,8,0B,00,72,00,00,80,00,00,
0,00000280,false,Rx,0,8,B3,8D,00,00,23,FA,1A,23,
0,00000288,false,Rx,0,8,64,5B,D5,00,00,6B,56,8C,
0,00000380,false,Rx,0,8,B0,80,00,76,20,00,00,FE,
0,00000488,false,Rx,0,8,DF,23,00,72,FE,FF,FF,70,
0,00000280,false,Rx,0,8,B3,8D,00,00,23,FA,1A,23,
0,00000288,false,Rx,0,8,8A,5B,D5,00,00,6B,56,8C,
0,00000380,false,Rx,0,8,B0,80,00,76,20,00,00,FE,
0,00000488,false,Rx,0,8,2F,23,00,72,FE,FF,FF,80,
0,00000480,false,Rx,0,8,54,2C,00,00,19,41,00,20,
0,00000284,false,Rx,0,6,05,05,00,00,00,00,00,00,
300000,00000588,false,Rx,0,8,0B,00,72,00,00,80,00,00,
0,00000280,false,Rx,0,8,B3,8D,00,00,23,FA,1A,23,
0,00000288,false,Rx,0,8,8A,5B,D5,00,00,6B,56,8C,
0,00000380,false,Rx,0,8,B0,80,00,76,20,00,00,FE,
0,00000488,false,Rx,0,8,3F,23,00,72,FE,FF,FF,90,
0,00000280,false,Rx,0,8,B3,8D,00,00,23,FA,1A,23,
0,00000288,false,Rx,0,8,8A,5B,D5,00,00,6B,56,8C,
0,00000380,false,Rx,0,8,B0,80,00,76,20,00,00,FE,
0,00000488,false,Rx,0,8,0F,23,00,72,FE,FF,FF,A0,
0,00000480,false,Rx,0,8,54,2C,00,00,19,41,00,20,
0,00000284,false,Rx,0,6,06,06,00,00,00,00,00,00,
0,00000588,false,Rx,0,8,0B,00,72,00,00,80,00,00,
0,00000280,false,Rx,0,8,B3,8D,00,00,23,FA,1A,23,
0,00000288,false,Rx,0,8,8A,5B,D5,00,00,6B,56,8C,
0,00000380,false,Rx,0,8,B0,80,00,76,20,00,00,FE,
0,00000488,false,Rx,0,8,1F,23,00,72,FE,FF,FF,B0,
0,00000280,false,Rx,0,8,B3,8D,00,00,23,FA,1A,23,
0,00000288,false,Rx,0,8,E8,5B,D5,00,00,6B,56,8C,
0,00000380,false,Rx,0,8,B0,80,00,76,20,00,00,FE,
0,00000488,false,Rx,0,8,6F,23,00,72,FE,FF,FF,C0,
0,00000480,false,Rx,0,8,54,2C,00,00,19,41,00,20,
0,00000284,false,Rx,0,6,07,07,00,00,00,00,00,00,
0,00000588,false,Rx,0,8,0B,00,72,00,00,80,00,00,
0,00000280,false,Rx,0,8,B3,8D,00,00,23,FA,1A,23,
0,00000288,false,Rx,0,8,E8,5B,D5,00,00,6B,56,8C,
0,00000380,false,Rx,0,8,B0,80,00,76,20,00,00,FE,
0,00000488,false,Rx,0,8,7F,23,00,72,FE,FF,FF,D0,
0,00000280,false,Rx,0,8,B3,8D,00,00,23,FA,1A,23,
0,00000288,false,Rx,0,8,E8,5B,D5,00,00,6B,56,8C,
0,00000380,false,Rx,0,8,B0,80,00,76,20,00,00,FE,
0,00000488,false,Rx,0,8,4F,23,00,72,FE,FF,FF,E0,
0,00000480,false,Rx,0,8,84,2C,00,00,19,41,00,F0,
0,00000284,false,Rx,0,6,08,08,00,00,00,00,00,00,
0,00000588,false,Rx,0,8,0B,00,72,00,00,80,00,00,
0,00000740,false,Rx,0,1,A3,00,00,00,00,00,00,00,
0,00000300,false,Rx,0,6,A1,0F,8A,FF,4A,FF,00,00,
0,00000280,false,Rx,0,8,B3,8D,00,00,23,FA,1A,23,
0,00000288,false,Rx,0,8,E8,5B,D5,00,00,6B,56,8C,
0,00000380,false,Rx,0,8,B0,80,00,76,20,00,00,FE,
0,00000488,false,Rx,0,8,5F,23,00,72,FE,FF,FF,F0,
0,00000280,false,Rx,0,8,B3,8D,00,00,23,FA,1A,23,
0,00000288,false,Rx,0,8,2C,5B,D5,00,00,6B,56,8C,
0,00000380,false,Rx,0,8,B0,80,00,76,20,00,00,FE,
0,00000488,false,Rx,0,8,50,23,00,72,FE,FF,00,00,
0,00000480,false,Rx,0,8,84,2C,00,00,19,41,00,F0,
0,00000284,false,Rx,0,6,09,09,00,00,00,00,00,00,
0,00000588,false,Rx,0,8,0B,00,72,00,00,80,00,00,
0,00000280,false,Rx,0,8,B3,8D,00,00,23,FA,1A,23,
0,00000288,false,Rx,0,8,2C,5B,D5,00,00,6B,56,8C,
0,00000380,false,Rx,0,8,B0,80,00,76,20,00,00,FE,
0,00000488,false,Rx,0,8,BF,23,00,72,FE,FF,FF,10,
0,00000280,false,Rx,0,8,B3,8D,00,00,23,FA,1A,23,
0,00000288,false,Rx,0,8,2C,5B,D5,00,00,6B,56,8C,
0,00000380,false,Rx,0,8,B0,80,00,76,20,00,00,FE,
0,00000488,false,Rx,0,8,70,23,00,72,FE,FF,00,20,
0,00000480,false,Rx,0,8,84,2C,00,00,19,41,00,F0,
0,00000284,false,Rx,0,6,0A,0A,00,00,00,00,00,00,
403000,00000588,false,Rx,0,8,0B,00,72,00,00,80,00,00,
0,00000280,false,Rx,0,8,B3,8D,00,00,23,FA,1A,23,
0,00000288,false,Rx,0,8,2C,5B,D5,00,00,6B,56,8C,
0,00000380,false,Rx,0,8,B0,80,00,76,20,00,00,FE,
0,00000488,false,Rx,0,8,60,23,00,72,FE,FF,00,30,
0,00000280,false,Rx,0,8,B3,8D,00,00,23,FA,1A,23,
0,00000288,false,Rx,0,8,64,5B,D5,00,00,6B,56,8C,
0,00000380,false,Rx,0,8,B0,80,00,76,20,00,00,FE,
0,00000488,false,Rx,0,8,10,23,00,72,FE,FF,00,40,
0,00000480,false,Rx,0,8,84,2C,00,00,19,41,00,F0,
0,00000284,false,Rx,0,6,0B,0B,00,00,00,00,00,00,
423000,00000588,false,Rx,0,8,0B,00,72,00,00,80,00,00,
0,00000280,false,Rx,0,8,B3,8D,00,00,23,FA,1A,23,
0,00000288,false,Rx,0,8,64,5B,D5,00,00,6B,56,8C,
0,00000380,false,Rx,0,8,B0,80,00,76,20,00,00,FE,
431000,00000488,false,Rx,0,8,FF,23,00,72,FE,FF,FF,50,
0,00000280,false,Rx,0,8,B3,8D,00,00,23,FA,1A,23,
0,00000288,false,Rx,0,8,64,5B,D5,00,00,6B,56,8C,
0,00000380,false,Rx,0,8,B0,80,00,76,20,00,00,FE,
0,00000488,false,Rx,0,8,CF,23,00,72,FE,FF,FF,60,
0,00000480,false,Rx,0,8,C2,2C,00,00,19,41,00,B6,
0,00000284,false,Rx,0,6,0C,0C,00,00,00,00,00,00,
444000,00000588,false,Rx,0,8,0B,00,72,00,00,80,00,00,
0,00000280,false,Rx,0,8,B3,8D,00,00,23,FA,1A,23,
0,00000288,false,Rx,0,8,64,5B,D5,00,00,6B,56,8C,
0,00000380,false,Rx,0,8,B0,80,00,76,20,00,00,FE,
0,00000488,false,Rx,0,8,DF,23,00,72,FE,FF,FF,70,
0,00000280,false,Rx,0,8,B3,8D,00,00,23,FA,1A,23,
0,00000288,false,Rx,0,8,8A,5B,D5,00,00,6B,56,8C,
0,00000380,false,Rx,0,8,B0,80,00,76,20,00,00,FE,
0,00000488,false,Rx,0,8,2F,23,00,72,FE,FF,FF,80,
0,00000480,false,Rx,0,8,C2,2C,00,00,19,41,00,B6,
0,00000284,false,Rx,0,6,0D,0D,00,00,00,00,00,00,
0,00000588,false,Rx,0,8,0B,00,72,00,00,80,00,00,
0,00000280,false,Rx,0,8,B3,8D,00,00,23,FA,1A,23,
0,00000288,false,Rx,0,8,8A,5B,D5,00,00,6B,56,8C,
0,00000380,false,Rx,0,8,B0,80,00,76,20,00,00,FE,
0,00000488,false,Rx,0,8,3F,23,00,72,FE,FF,FF,90,
0,00000280,false,Rx,0,8,B3,8D,00,00,23,FA,1A,23,
0,00000288,false,Rx,0,8,8A,5B,D5,00,00,6B,56,8C,
0,00000380,false,Rx,0,8,B0,80,00,76,20,00,00,FE,
0,00000488,false,Rx,0,8,0F,23,00,72,FE,FF,FF,A0,
0,00000480,false,Rx,0,8,C2,2C,00,00,19,41,00,B6,
0,00000284,false,Rx,0,6,0E,0E,00,00,00,00,00,00,
481000,00000588,false,Rx,0,8,0B,00,72,00,00,80,00,00,
0,00000280,false,Rx,0,8,B3,8D,00,00,23,FA,1A,23,
0,00000288,false,Rx,0,8,8A,5B,D5,00,00,6B,56,8C,
0,00000380,false,Rx,0,8,B0,80,00,76,20,00,00,FE,
0,00000488,false,Rx,0,8,1F,23,00,72,FE,FF,FF,B0,
0,00000280,false,Rx,0,8,B3,8D,00,00,23,FA,1A,23,
0,00000288,false,Rx,0,8,E8,5B,D5,00,00,6B,56,8C,
0,00000380,false,Rx,0,8,B0,80,00,76,20,00,00,FE,
0,00000488,false,Rx,0,8,6F,23,00,72,FE,FF,FF,C0,
0,00000480,false,Rx,0,8,C2,2C,00,00,19,41,00,B6,
0,00000284,false,Rx,0,6,0F,0F,00,00,00,00,00,00,
0,00000588,false,Rx,0,8,0B,00,72,00,00,80,00,00,
0,00000280,false,Rx,0,8,B3,8D,00,00,23,FA,1A,23,
0,00000288,false,Rx,0,8,E8,5B,D5,00,00,6B,56,8C,
0,00000380,false,Rx,0,8,B0,80,00,76,20,00,00,FE,
0,00000488,false,Rx,0,8,7F,23,00,72,FE,FF,FF,D0,
0,00000280,false,Rx,0,8,B3,8D,00,00,23,FA,1A,23,
0,00000288,false,Rx,0,8,E8,5B,D5,00,00,6B,56,8C,
0,00000380,false,Rx,0,8,B0,80,00,76,20,00,00,FE,
0,00000488,false,Rx,0,8,4F,23,00,72,FE,FF,FF,E0,
0,00000480,false,Rx,0,8,1C,2C,00,00,19,41,00,68,
0,00000284,false,Rx,0,6,00,00,00,00,00,00,00,00,
0,00000588,false,Rx,0,8,0B,00,72,00,00,80,00,00,
0,00000280,false,Rx,0,8,B3,8D,00,00,23,FA,1A,23,
0,00000288,false,Rx,0,8,E8,5B,D5,00,00,6B,56,8C,
0,00000380,false,Rx,0,8,B0,80,00,76,20,00,00,FE,
0,00000488,false,Rx,0,8,5F,23,00,72,FE,FF,FF,F0,
0,00000280,false,Rx,0,8,B3,8D,00,00,23,FA,1A,23,
0,00000288,false,Rx,0,8,2C,5B,D5,00,00,6B,56,8C,
0,00000380,false,Rx,0,8,B0,80,00,76,20,00,00,FE,
0,00000488,false,Rx,0,8,50,23,00,72,FE,FF,00,00,
0,00000480,false,Rx,0,8,1C,2C,00,00,19,41,00,68,
0,00000284,false,Rx,0,6,01,01,00,00,00,00,00,00,
0,00000588,false,Rx,0,8,0B,00,72,00,00,80,00,00,
0,00000280,false,Rx,0,8,B3,8D,00,00,23,FA,1A,23,
0,00000288,false,Rx,0,8,2C,5B,D5,00,00,6B,56,8C,
0,00000380,false,Rx,0,8,B0,80,00,76,20,00,00,FE,
0,00000488,false,Rx,0,8,BF,23,00,72,FE,FF,FF,10,
0,00000280,false,Rx,0,8,B3,8D,00,00,23,FA,1A,23,
0,00000288,false,Rx,0,8,2C,5B,D5,00,00,6B,56,8C,
0,00000380,false,Rx,0,8,B0,80,00,76,20,00,00,FE,
0,00000488,false,Rx,0,8,70,23,00,72,FE,FF,00,20,
0,00000480,false,Rx,0,8,1C,2C,00,00,19,41,00,68,
0,00000284,false,Rx,0,6,02,02,00,00,00,00,00,00,
0,00000588,false,Rx,0,8,0B,00,72,00,00,80,00,00,
0,00000280,false,Rx,0,8,B3,8D,00,00,23,FA,1A,23,
0,00000288,false,Rx,0,8,2C,5B,D5,00,00,6B,56,8C,
0,00000380,false,Rx,0,8,B0,80,00,76,20,00,00,FE,
0,00000488,false,Rx,0,8,60,23,00,72,FE,FF,00,30,
0,00000280,false,Rx,0,8,B3,8D,00,00,23,FA,1A,23,
0,00000288,false,Rx,0,8,64,5B,D5,00,00,6B,56,8C,
0,00000380,false,Rx,0,8,B0,80,00,76,20,00,00,FE,
0,00000488,false,Rx,0,8,10,23,00,72,FE,FF,00,40,
0,00000480,false,Rx,0,8,1C,2C,00,00,19,41,00,68,
0,00000284,false,Rx,0,6,03,03,00,00,00,00,00,00,
0,00000588,false,Rx,0,8,0B,00,72,00,00,80,00,00,
0,00000280,false,Rx,0,8,B3,8D,00,00,23,FA,1A,23,
0,00000288,false,Rx,0,8,64,5B,D5,00,00,6B,56,8C,
0,00000380,false,Rx,0,8,B0,80,00,76,20,00,00,FE,
0,00000488,false,Rx,0,8,FF,23,00,72,FE,FF,FF,50,
0,00000280,false,Rx,0,8,B3,8D,00,00,23,FA,1A,23,
0,00000288,false,Rx,0,8,64,5B,D5,00,00,6B,56,8C,
0,00000380,false,Rx,0,8,B0,80,00,76,20,00,00,FE,
0,00000488,false,Rx,0,8,CF,23,00,72,FE,FF,FF,60,
0,00000480,false,Rx,0,8,54,2C,00,00,19,41,00,20,
0,00000284,false,Rx,0,6,04,04,00,00,00,00,00,00,
604000,00000588,false,Rx,0,8,0B,00,72,00,00,80,00,00,
0,00000280,false,Rx,0,8,B3,8D,00,00,23,FA,1A,23,
0,00000288,false,Rx,0,8,64,5B,D5,00,00,6B,56,8C,
0,00000380,false,Rx,0,8,B0,80,00,76,20,00,00,FE,
612000,00000488,false,Rx,0,8,DF,23,00,72,FE,FF,FF,70,
0,00000280,false,Rx,0,8,B3,8D,00,00,23,FA,1A,23,
0,00000288,false,Rx,0,8,8A,5B,D5,00,00,6B,56,8C,
0,00000380,false,Rx,0,8,B0,80,00,76,20,00,00,FE,
0,00000488,false,Rx,0,8,2F,23,00,72,FE,FF,FF,80,
0,00000480,false,Rx,0,8,54,2C,00,00,19,41,00,20,
0,00000284,false,Rx,0,6,05,05,00,00,00,00,00,00,
624000,00000588,false,Rx,0,8,0B,00,72,00,00,80,00,00,
0,00000280,false,Rx,0,8,B3,8D,00,00,23,FA,1A,23,
0,00000288,false,Rx,0,8,8A,5B,D5,00,00,6B,56,8C,
0,00000380,false,Rx,0,8,B0,80,00,76,20,00,00,FE,
632000,00000488,false,Rx,0,8,3F,23,00,72,FE,FF,FF,90,
0,00000280,false,Rx,0,8,B3,8D,00,00,23,FA,1A,23,
0,00000288,false,Rx,0,8,8A,5B,D5,00,00,6B,56,8C,
0,00000380,false,Rx,0,8,B0,80,00,76,20,00,00,FE,
0,00000488,false,Rx,0,8,0F,23,00,72,FE,FF,FF,A0,
0,00000480,false,Rx,0,8,54,2C,00,00,19,41,00,20,
0,00000284,false,Rx,0,6,06,06,00,00,00,00,00,00,
644000,00000588,false,Rx,0,8,0B,00,72,00,00,80,00,00,
0,00000280,false,Rx,0,8,B3,8D,00,00,23,FA,1A,23,
0,00000288,false,Rx,0,8,8A,5B,D5,00,00,6B,56,8C,
0,00000380,false,Rx,0,8,B0,80,00,76,20,00,00,FE,
0,00000488,false,Rx,0,8,1F,23,00,72,FE,FF,FF,B0,
0,00000280,false,Rx,0,8,B3,8D,00,00,23,FA,1A,23,
0,00000288,false,Rx,0,8,E8,5B,D5,00,00,6B,56,8C,
0,00000380,false,Rx,0,8,B0,80,00,76,20,00,00,FE,
0,00000488,false,Rx,0,8,6F,23,00,72,FE,FF,FF,C0,
0,00000480,false,Rx,0,8,54,2C,00,00,19,41,00,20,
0,00000284,false,Rx,0,6,07,07,00,00,00,00,00,00,
0,00000588,false,Rx,0,8,0B,00,72,00,00,80,00,00,
0,00000280,false,Rx,0,8,B3,8D,00,00,23,FA,1A,23,
0,00000288,false,Rx,0,8,E8,5B,D5,00,00,6B,56,8C,
0,00000380,false,Rx,0,8,B0,80,00,76,20,00,00,FE,
0,00000488,false,Rx,0,8,7F,23,00,72,FE,FF,FF,D0,
0,00000280,false,Rx,0,8,B3,8D,00,00,23,FA,1A,23,
0,00000288,false,Rx,0,8,E8,5B,D5,00,00,6B,56,8C,
0,00000380,false,Rx,0,8,B0,80,00,76,20,00,00,FE,
0,00000488,false,Rx,0,8,4F,23,00,72,FE,FF,FF,E0,
0,00000480,false,Rx,0,8,84,2C,00,00,19,41,00,F0,
0,00000284,false,Rx,0,6,08,08,00,00,00,00,00,00,
681000,00000588,false,Rx,0,8,0B,00,72,00,00,80,00,00,
0,00000280,false,Rx,0,8,B3,8D,00,00,23,FA,1A,23,
0,00000288,false,Rx,0,8,E8,5B,D5,00,00,6B,56,8C,
0,00000380,false,Rx,0,8,B0,80,00,76,20,00,00,FE,
0,00000488,false,Rx,0,8,5F,23,00,72,FE,FF,FF,F0,
0,00000280,false,Rx,0,8,B3,8D,00,00,23,FA,1A,23,
0,00000288,false,Rx,0,8,2C,5B,D5,00,00,6B,56,8C,
0,00000380,false,Rx,0,8,B0,80,00,76,20,00,00,FE,
0,00000488,false,Rx,0,8,50,23,00,72,FE,FF,00,00,
0,00000480,false,Rx,0,8,84,2C,00,00,19,41,00,F0,
0,00000284,false,Rx,0,6,09,09,00,00,00,00,00,00,
0,00000588,false,Rx,0,8,0B,00,72,00,00,80,00,00,
0,00000280,false,Rx,0,8,B3,8D,00,00,23,FA,1A,23,
0,00000288,false,Rx,0,8,2C,5B,D5,00,00,6B,56,8C,
0,00000380,false,Rx,0,8,B0,80,00,76,20,00,00,FE,
0,00000488,false,Rx,0,8,BF,23,00,72,FE,FF,FF,10,
0,00000280,false,Rx,0,8,B3,8D,00,00,23,FA,1A,23,
0,00000288,false,Rx,0,8,2C,5B,D5,00,00,6B,56,8C,
0,00000380,false,Rx,0,8,B0,80,00,76,20,00,00,FE,
0,00000488,false,Rx,0,8,70,23,00,72,FE,FF,00,20,
0,00000480,false,Rx,0,8,84,2C,00,00,19,41,00,F0,
0,00000284,false,Rx,0,6,0A,0A,00,00,00,00,00,00,
0,00000588,false,Rx,0,8,0B,00,72,00,00,80,00,00,
0,00000280,false,Rx,0,8,B3,8D,00,00,23,FA,1A,23,
0,00000288,false,Rx,0,8,2C,5B,D5,00,00,6B,56,8C,
0,00000380,false,Rx,0,8,B0,80,00,76,20,00,00,FE,
0,00000488,false,Rx,0,8,60,23,00,72,FE,FF,00,30,
0,00000280,false,Rx,0,8,B3,8D,00,00,23,FA,1A,23,
0,00000288,false,Rx,0,8,64,5B,D5,00,00,6B,56,8C,
0,00000380,false,Rx,0,8,B0,80,00,76,20,00,00,FE,
0,00000488,false,Rx,0,8,10,23,00,72,FE,FF,00,40,
0,00000480,false,Rx,0,8,84,2C,00,00,19,41,00,F0,
0,00000284,false,Rx,0,6,0B,0B,00,00,00,00,00,00,
0,00000588,false,Rx,0,8,0B,00,72,00,00,80,00,00,
0,00000280,false,Rx,0,8,B3,8D,00,00,23,FA,1A,23,
0,00000288,false,Rx,0,8,64,5B,D5,00,00,6B,56,8C,
0,00000380,false,Rx,0,8,B0,80,00,76,20,00,00,FE,
0,00000488,false,Rx,0,8,FF,23,00,72,FE,FF,FF,50,
0,00000280,false,Rx,0,8,B3,8D,00,00,23,FA,1A,23,
0,00000288,false,Rx,0,8,64,5B,D5,00,00,6B,56,8C,
0,00000380,false,Rx,0,8,B0,80,00,76,20,00,00,FE,
0,00000488,false,Rx,0,8,CF,23,00,72,FE,FF,FF,60,
0,00000480,false,Rx,0,8,C2,2C,00,00,19,41,00,B6,
0,00000284,false,Rx,0,6,0C,0C,00,00,00,00,00,00,
0,00000588,false,Rx,0,8,0B,00,72,00,00,80,00,00,
0,00000280,false,Rx,0,8,B3,8D,00,00,23,FA,1A,23,
0,00000288,false,Rx,0,8,64,5B,D5,00,00,6B,56,8C,
0,00000380,false,Rx,0,8,B0,80,00,76,20,00,00,FE,
0,00000488,false,Rx,0,8,DF,23,00,72,FE,FF,FF,70,
0,00000280,false,Rx,0,8,B3,8D,00,00,23,FA,1A,23,
0,00000288,false,Rx,0,8,8A,5B,D5,00,00,6B,56,8C,
0,00000380,false,Rx,0,8,B0,80,00,76,20,00,00,FE,
0,00000488,false,Rx,0,8,2F,23,00,72,FE,FF,FF,80,
0,00000480,false,Rx,0,8,C2,2C,00,00,19,41,00,B6,
0,00000284,false,Rx,0,6,0D,0D,00,00,00,00,00,00,
784000,00000588,false,Rx,0,8,0B,00,72,00,00,80,00,00,
0,00000280,false,Rx,0,8,B3,8D,00,00,23,FA,1A,23,
0,00000288,false,Rx,0,8,8A,5B,D5,00,00,6B,56,8C,
0,00000380,false,Rx,0,8,B0,80,00,76,20,00,00,FE,
0,00000488,false,Rx,0,8,3F,23,00,72,FE,FF,FF,90,
0,00000280,false,Rx,0,8,B3,8D,00,00,23,FA,1A,23,
0,00000288,false,Rx,0,8,8A,5B,D5,00,00,6B,56,8C,
0,00000380,false,Rx,0,8,B0,80,00,76,20,00,00,FE,
0,00000488,false,Rx,0,8,0F,23,00,72,FE,FF,FF,A0,
0,00000480,false,Rx,0,8,C2,2C,00,00,19,41,00,B6,
0,00000284,false,Rx,0,6,0E,0E,00,00,00,00,00,00,
804000,00000588,false,Rx,0,8,0B,00,72,00,00,80,00,00,
0,00000280,false,Rx,0,8,B3,8D,00,00,23,FA,1A,23,
0,00000288,false,Rx,0,8,8A,5B,D5,00,00,6B,56,8C,
0,00000380,false,Rx,0,8,B0,80,00,76,20,00,00,FE,
812000,00000488,false,Rx,0,8,1F,23,00,72,FE,FF,FF,B0,
0,00000280,false,Rx,0,8,B3,8D,00,00,23,FA,1A,23,
0,00000288,false,Rx,0,8,E8,5B,D5,00,00,6B,56,8C,
0,00000380,false,Rx,0,8,B0,80,00,76,20,00,00,FE,
0,00000488,false,Rx,0,8,6F,23,00,72,FE,FF,FF,C0,
0,00000480,false,Rx,0,8,C2,2C,00,00,19,41,00,B6,
0,00000284,false,Rx,0,6,0F,0F,00,00,00,00,00,00,
825000,00000588,false,Rx,0,8,0B,00,72,00,00,80,00,00,
0,00000280,false,Rx,0,8,B3,8D,00,00,23,FA,1A,23,
0,00000288,false,Rx,0,8,E8,5B,D5,00,00,6B,56,8C,
0,00000380,false,Rx,0,8,B0,80,00,76,20,00,00,FE,
0,00000488,false,Rx,0,8,7F,23,00,72,FE,FF,FF,D0,
837000,00000280,false,Rx,0,8,B3,8D,00,00,23,FA,1A,23,
0,00000288,false,Rx,0,8,E8,5B,D5,00,00,6B,56,8C,
0,00000380,false,Rx,0,8,B0,80,00,76,20,00,00,FE,
0,00000488,false,Rx,0,8,4F,23,00,72,FE,FF,FF,E0,
0,00000480,false,Rx,0,8,1C,2C,00,00,19,41,00,68,
0,00000284,false,Rx,0,6,00,00,00,00,00,00,00,00,
0,00000588,false,Rx,0,8,0B,00,72,00,00,80,00,00,
0,00000280,false,Rx,0,8,B3,8D,00,00,23,FA,1A,23,
0,00000288,false,Rx,0,8,E8,5B,D5,00,00,6B,56,8C,
0,00000380,false,Rx,0,8,B0,80,00,76,20,00,00,FE,
0,00000488,false,Rx,0,8,5F,23,00,72,FE,FF,FF,F0,
0,00000280,false,Rx,0,8,B3,8D,00,00,23,FA,1A,23,
0,00000288,false,Rx,0,8,2C,5B,D5,00,00,6B,56,8C,
0,00000380,false,Rx,0,8,B0,80,00,76,20,00,00,FE,
0,00000488,false,Rx,0,8,50,23,00,72,FE,FF,00,00,
0,00000480,false,Rx,0,8,1C,2C,00,00,19,41,00,68,
0,00000284,false,Rx,0,6,01,01,00,00,00,00,00,00,
861000,00000588,false,Rx,0,8,0B,00,72,00,00,80,00,00,
0,00000280,false,Rx,0,8,B3,8D,00,00,23,FA,1A,23,
0,00000288,false,Rx,0,8,2C,5B,D5,00,00,6B,56,8C,
0,00000380,false,Rx,0,8,B0,80,00,76,20,00,00,FE,
0,00000488,false,Rx,0,8,BF,23,00,72,FE,FF,FF,10,
874000,00000580,false,Rx,0,8,8A,00,00,14,1C,93,48,14,
0,00000280,false,Rx,0,8,B3,8D,00,00,23,FA,1A,23,
0,00000288,false,Rx,0,8,2C,5B,D5,00,00,6B,56,8C,
0,00000380,false,Rx,0,8,B0,80,00,76,20,00,00,FE,
0,00000488,false,Rx,0,8,70,23,00,72,FE,FF,00,20,
0,00000480,false,Rx,0,8,1C,2C,00,00,19,41,00,68,
0,00000284,false,Rx,0,6,02,02,00,00,00,00,00,00,
0,00000588,false,Rx,0,8,0B,00,72,00,00,80,00,00,
0,00000280,false,Rx,0,8,B3,8D,00,00,23,FA,1A,23,
0,00000288,false,Rx,0,8,2C,5B,D5,00,00,6B,56,8C,
0,00000380,false,Rx,0,8,B0,80,00,76,20,00,00,FE,
0,00000488,false,Rx,0,8,60,23,00,72,FE,FF,00,30,
0,00000280,false,Rx,0,8,B3,8D,00,00,23,FA,1A,23,
0,00000288,false,Rx,0,8,64,5B,D5,00,00,6B,56,8C,
0,00000380,false,Rx,0,8,B0,80,00,76,20,00,00,FE,
0,00000488,false,Rx,0,8,10,23,00,72,FE,FF,00,40,
0,00000480,false,Rx,0,8,1C,2C,00,00,19,41,00,68,
0,00000284,false,Rx,0,6,03,03,00,00,00,00,00,00,
0,00000588,false,Rx,0,8,0B,00,72,00,00,80,00,00,
0,00000280,false,Rx,0,8,B3,8D,00,00,23,FA,1A,23,
0,00000288,false,Rx,0,8,64,5B,D5,00,00,6B,56,8C,
0,00000380,false,Rx,0,8,B0,80,00,76,20,00,00,FE,
0,00000488,false,Rx,0,8,FF,23,00,72,FE,FF,FF,50,
0,00000280,false,Rx,0,8,B3,8D,00,00,23,FA,1A,23,
0,00000288,false,Rx,0,8,64,5B,D5,00,00,6B,56,8C,
0,00000380,false,Rx,0,8,B0,80,00,76,20,00,00,FE,
0,00000488,false,Rx,0,8,CF,23,00,72,FE,FF,FF,60,
0,00000480,false,Rx,0,8,54,2C,00,00,19,41,00,20,
0,00000284,false,Rx,0,6,04,04,00,00,00,00,00,00,
0,00000588,false,Rx,0,8,0B,00,72,00,00,80,00,00,
0,00000280,false,Rx,0,8,B3,8D,00,00,23,FA,1A,23,
0,00000288,false,Rx,0,8,64,5B,D5,00,00,6B,56,8C,
0,00000380,false,Rx,0,8,B0,80,00,76,20,00,00,FE,
0,00000488,false,Rx,0,8,DF,23,00,72,FE,FF,FF,70,
0,00000740,false,Rx,0,1,A3,00,00,00,00,00,00,00,
935000,00000300,false,Rx,0,6,A1,0F,8A,FF,4A,FF,00,00,
0,00000280,false,Rx,0,8,B3,8D,00,00,23,FA,1A,23,
0,00000288,false,Rx,0,8,8A,5B,D5,00,00,6B,56,8C,
0,00000380,false,Rx,0,8,B0,80,00,76,20,00,00,FE,
0,00000488,false,Rx,0,8,2F,23,00,72,FE,FF,FF,80,
0,00000480,false,Rx,0,8,54,2C,00,00,19,41,00,20,
0,00000284,false,Rx,0,6,05,05,00,00,00,00,00,00,
0,00000588,false,Rx,0,8,0B,00,72,00,00,80,00,00,
0,00000280,false,Rx,0,8,B3,8D,00,00,23,FA,1A,23,
0,00000288,false,Rx,0,8,8A,5B,D5,00,00,6B,56,8C,
0,00000380,false,Rx,0,8,B0,80,00,76,20,00,00,FE,
0,00000488,false,Rx,0,8,3F,23,00,72,FE,FF,FF,90,
0,00000280,false,Rx,0,8,B3,8D,00,00,23,FA,1A,23,
0,00000288,false,Rx,0,8,8A,5B,D5,00,00,6B,56,8C,
0,00000380,false,Rx,0,8,B0,80,00,76,20,00,00,FE,
0,00000488,false,Rx,0,8,0F,23,00,72,FE,FF,FF,A0,
0,00000480,false,Rx,0,8,54,2C,00,00,19,41,00,20,
0,00000284,false,Rx,0,6,06,06,00,00,00,00,00,00,
0,00000588,false,Rx,0,8,0B,00,72,00,00,80,00,00,
0,00000280,false,Rx,0,8,B3,8D,00,00,23,FA,1A,23,
0,00000288,false,Rx,0,8,8A,5B,D5,00,00,6B,56,8C,
0,00000380,false,Rx,0,8,B0,80,00,76,20,00,00,FE,
0,00000488,false,Rx,0,8,1F,23,00,72,FE,FF,FF,B0,
0,00000280,false,Rx,0,8,B3,8D,00,00,23,FA,1A,23,
0,00000288,false,Rx,0,8,E8,5B,D5,00,00,6B,56,8C,
0,00000380,false,Rx,0,8,B0,80,00,76,20,00,00,FE,
0,00000488,false,Rx,0,8,6F,23,00,72,FE,FF,FF,C0,
0,00000480,false,Rx,0,8,54,2C,00,00,19,41,00,20,
0,00000284,false,Rx,0,6,07,07,00,00,00,00,00,00,
985000,00000588,false,Rx,0,8,0B,00,72,00,00,80,00,00,
0,00000280,false,Rx,0,8,B3,8D,00,00,23,FA,1A,23,
0,00000288,false,Rx,0,8,E8,5B,D5,00,00,6B,56,8C,
0,00000380,false,Rx,0,8,B0,80,00,76,20,00,00,FE,
993000,00000488,false,Rx,0,8,7F,23,00,72,FE,FF,FF,D0,
0,00000280,false,Rx,0,8,B3,8D,00,00,23,FA,1A,23,
0,00000288,false,Rx,0,8,E8,5B,D5,00,00,6B,56,8C,
0,00000380,false,Rx,0,8,B0,80,00,76,20,00,00,FE,
0,00000488,false,Rx,0,8,4F,23,00,72,FE,FF,FF,E0,
0,00000480,false,Rx,0,8,84,2C,00,00,19,41,00,F0,
0,00000284,false,Rx,0,6,08,08,00,00,00,00,00,00,
5000,00000588,false,Rx,0,8,0B,00,72,00,00,80,00,00,
0,00000280,false,Rx,0,8,B3,8D,00,00,23,FA,1A,23,
0,00000288,false,Rx,0,8,E8,5B,D5,00,00,6B,56,8C,
0,00000380,false,Rx,0,8,B0,80,00,76,20,00,00,FE,
0,00000488,false,Rx,0,8,5F,23,00,72,FE,FF,FF,F0,
0,00000280,false,Rx,0,8,B3,8D,00,00,23,FA,1A,23,
0,00000288,false,Rx,0,8,2C,5B,D5,00,00,6B,56,8C,
0,00000380,false,Rx,0,8,B0,80,00,76,20,00,00,FE,
0,00000488,false,Rx,0,8,50,23,00,72,FE,FF,00,00,
0,00000480,false,Rx,0,8,84,2C,00,00,19,41,00,F0,
0,00000284,false,Rx,0,6,09,09,00,00,00,00,00,00,
25000,00000588,false,Rx,0,8,0B,00,72,00,00,80,00,00,
0,00000280,false,Rx,0,8,B3,8D,00,00,23,FA,1A,23,
0,00000288,false,Rx,0,8,2C,5B,D5,00,00,6B,56,8C,
0,00000380,false,Rx,0,8,B0,80,00,76,20,00,00,FE,
0,00000488,false,Rx,0,8,BF,23,00,72,FE,FF,FF,10,
0,00000280,false,Rx,0,8,B3,8D,00,00,23,FA,1A,23,
0,00000288,false,Rx,0,8,2C,5B,D5,00,00,6B,56,8C,
0,00000380,false,Rx,0,8,B0,80,00,76,20,00,00,FE,
0,00000488,false,Rx,0,8,70,23,00,72,FE,FF,00,20,
0,00000480,false,Rx,0,8,84,2C,00,00,19,41,00,F0,
0,00000284,false,Rx,0,6,0A,0A,00,00,00,00,00,00,
42000,00000588,false,Rx,0,8,0B,00,72,00,00,80,00,00,
0,00000280,false,Rx,0,8,B3,8D,00,00,23,FA,1A,23,
0,00000288,false,Rx,0,8,2C,5B,D5,00,00,6B,56,8C,
0,00000380,false,Rx,0,8,B0,80,00,76,20,00,00,FE,
0,00000488,false,Rx,0,8,60,23,00,72,FE,FF,00,30,
0,00000280,false,Rx,0,8,B3,8D,00,00,23,FA,1A,23,
0,00000288,false,Rx,0,8,64,5B,D5,00,00,6B,56,8C,
0,00000380,false,Rx,0,8,B0,80,00,76,20,00,00,FE,
0,00000488,false,Rx,0,8,10,23,00,72,FE,FF,00,40,
0,00000480,false,Rx,0,8,84,2C,00,00,19,41,00,F0,
0,00000284,false,Rx,0,6,0B,0B,00,00,00,00,00,00,
62000,00000588,false,Rx,0,8,0B,00,72,00,00,80,00,00,
0,00000280,false,Rx,0,8,B3,8D,00,00,23,FA,1A,23,
0,00000288,false,Rx,0,8,64,5B,D5,00,00,6B,56,8C,
0,00000380,false,Rx,0,8,B0,80,00,76,20,00,00,FE,
0,00000488,false,Rx,0,8,FF,23,00,72,FE,FF,FF,50,
0,00000280,false,Rx,0,8,B3,8D,00,00,23,FA,1A,23,
0,00000288,false,Rx,0,8,64,5B,D5,00,00,6B,56,8C,
0,00000380,false,Rx,0,8,B0,80,00,76,20,00,00,FE,
0,00000488,false,Rx,0,8,CF,23,00,72,FE,FF,FF,60,
0,00000480,false,Rx,0,8,C2,2C,00,00,19,41,00,B6,
0,00000284,false,Rx,0,6,0C,0C,00,00,00,00,00,00,
0,00000588,false,Rx,0,8,0B,00,72,00,00,80,00,00,
0,00000280,false,Rx,0,8,B3,8D,00,00,23,FA,1A,23,
0,00000288,false,Rx,0,8,64,5B,D5,00,00,6B,56,8C,
0,00000380,false,Rx,0,8,B0,80,00,76,20,00,00,FE,
0,00000488,false,Rx,0,8,DF,23,00,72,FE,FF,FF,70,
0,00000280,false,Rx,0,8,B3,8D,00,00,23,FA,1A,23,
0,00000288,false,Rx,0,8,8A,5B,D5,00,00,6B,56,8C,
0,00000380,false,Rx,0,8,B0,80,00,76,20,00,00,FE,
0,00000488,false,Rx,0,8,2F,23,00,72,FE,FF,FF,80,
0,00000480,false,Rx,0,8,C2,2C,00,00,19,41,00,B6,
0,00000284,false,Rx,0,6,0D,0D,00,00,00,00,00,00,
0,00000588,false,Rx,0,8,0B,00,72,00,00,80,00,00,
0,00000280,false,Rx,0,8,B3,8D,00,00,23,FA,1A,23,
0,00000288,false,Rx,0,8,8A,5B,D5,00,00,6B,56,8C,
0,00000380,false,Rx,0,8,B0,80,00,76,20,00,00,FE,
0,00000488,false,Rx,0,8,3F,23,00,72,FE,FF,FF,90,
0,00000280,false,Rx,0,8,B3,8D,00,00,23,FA,1A,23,
0,00000288,false,Rx,0,8,8A,5B,D5,00,00,6B,56,8C,
0,00000380,false,Rx,0,8,B0,80,00,76,20,00,00,FE,
0,00000488,false,Rx,0,8,0F,23,00,72,FE,FF,FF,A0,
0,00000480,false,Rx,0,8,C2,2C,00,00,19,41,00,B6,
0,00000284,false,Rx,0,6,0E,0E,00,00,00,00,00,00,
0,00000588,false,Rx,0,8,0B,00,72,00,00,80,00,00,
0,00000280,false,Rx,0,8,B3,8D,00,00,23,FA,1A,23,
0,00000288,false,Rx,0,8,8A,5B,D5,00,00,6B,56,8C,
0,00000380,false,Rx,0,8,B0,80,00,76,20,00,00,FE,
0,00000488,false,Rx,0,8,1F,23,00,72,FE,FF,FF,B0,
0,00000280,false,Rx,0,8,B3,8D,00,00,23,FA,1A,23,
0,00000288,false,Rx,0,8,E8,5B,D5,00,00,6B,56,8C,
0,00000380,false,Rx,0,8,B0,80,00,76,20,00,00,FE,
0,00000488,false,Rx,0,8,6F,23,00,72,FE,FF,FF,C0,
0,00000480,false,Rx,0,8,C2,2C,00,00,19,41,00,B6,
0,00000284,false,Rx,0,6,0F,0F,00,00,00,00,00,00,
0,00000588,false,Rx,0,8,0B,00,72,00,00,80,00,00,
0,00000280,false,Rx,0,8,B3,8D,00,00,23,FA,1A,23,
0,00000288,false,Rx,0,8,E8,5B,D5,00,00,6B,56,8C,
0,00000380,false,Rx,0,8,B0,80,00,76,20,00,00,FE,
0,00000488,false,Rx,0,8,7F,23,00,72,FE,FF,FF,D0,
0,00000280,false,Rx,0,8,B3,8D,00,00,23,FA,1A,23,
0,00000288,false,Rx,0,8,E8,5B,D5,00,00,6B,56,8C,
0,00000380,false,Rx,0,8,B0,80,00,76,20,00,00,FE,
0,00000488,false,Rx,0,8,4F,23,00,72,FE,FF,FF,E0,
0,00000480,false,Rx,0,8,1C,2C,00,00,19,41,00,68,
0,00000284,false,Rx,0,6,00,00,00,00,00,00,00,00,
165000,00000588,false,Rx,0,8,0B,00,72,00,00,80,00,00,
0,00000280,false,Rx,0,8,B3,8D,00,00,23,FA,1A,23,
0,00000288,false,Rx,0,8,E8,5B,D5,00,00,6B,56,8C,
0,00000380,false,Rx,0,8,B0,80,00,76,20,00,00,FE,
173000,00000488,false,Rx,0,8,5F,23,00,72,FE,FF,FF,F0,
0,00000280,false,Rx,0,8,B3,8D,00,00,23,FA,1A,23,
0,00000288,false,Rx,0,8,2C,5B,D5,00,00,6B,56,8C,
0,00000380,false,Rx,0,8,B0,80,00,76,20,00,00,FE,
0,00000488,false,Rx,0,8,50,23,00,72,FE,FF,00,00,
0,00000480,false,Rx,0,8,1C,2C,00,00,19,41,00,68,
0,00000284,false,Rx,0,6,01,01,00,00,00,00,00,00,
185000,00000588,false,Rx,0,8,0B,00,72,00,00,80,00,00,
0,00000280,false,Rx,0,8,B3,8D,00,00,23,FA,1A,23,
0,00000288,false,Rx,0,8,2C,5B,D5,00,00,6B,56,8C,
0,00000380,false,Rx,0,8,B0,80,00,76,20,00,00,FE,
193000,00000488,false,Rx,0,8,BF,23,00,72,FE,FF,FF,10,
0,00000280,false,Rx,0,8,B3,8D,00,00,23,FA,1A,23,
0,00000288,false,Rx,0,8,2C,5B,D5,00,00,6B,56,8C,
0,00000380,false,Rx,0,8,B0,80,00,76,20,00,00,FE,
0,00000488,false,Rx,0,8,70,23,00,72,FE,FF,00,20,
0,00000480,false,Rx,0,8,1C,2C,00,00,19,41,00,68,
0,00000284,false,Rx,0,6,02,02,00,00,00,00,00,00,
206000,00000588,false,Rx,0,8,0B,00,72,00,00,80,00,00,
0,00000280,false,Rx,0,8,B3,8D,00,00,23,FA,1A,23,
0,00000288,false,Rx,0,8,2C,5B,D5,00,00,6B,56,8C,
0,00000380,false,Rx,0,8,B0,80,00,76,20,00,00,FE,
0,00000488,false,Rx,0,8,60,23,00,72,FE,FF,00,30,
0,00000280,false,Rx,0,8,B3,8D,00,00,23,FA,1A,23,
0,00000288,false,Rx,0,8,64,5B,D5,00,00,6B,56,8C,
0,00000380,false,Rx,0,8,B0,80,00,76,20,00,00,FE,
0,00000488,false,Rx,0,8,10,23,00,72,FE,FF,00,40,
0,00000480,false,Rx,0,8,1C,2C,00,00,19,41,00,68,
0,00000284,false,Rx,0,6,03,03,00,00,00,00,00,00,
0,00000588,false,Rx,0,8,0B,00,72,00,00,80,00,00,
0,00000280,false,Rx,0,8,B3,8D,00,00,23,FA,1A,23,
0,00000288,false,Rx,0,8,64,5B,D5,00,00,6B,56,8C,
0,00000380,false,Rx,0,8,B0,80,00,76,20,00,00,FE,
0,00000488,false,Rx,0,8,FF,23,00,72,FE,FF,FF,50,
0,00000280,false,Rx,0,8,B3,8D,00,00,23,FA,1A,23,
0,00000288,false,Rx,0,8,64,5B,D5,00,00,6B,56,8C,
0,00000380,false,Rx,0,8,B0,80,00,76,20,00,00,FE,
0,00000488,false,Rx,0,8,CF,23,00,72,FE,FF,FF,60,
0,00000480,false,Rx,0,8,54,2C,00,00,19,41,00,20,
0,00000284,false,Rx,0,6,04,04,00,00,00,00,00,00,
242000,00000588,false,Rx,0,8,0B,00,72,00,00,80,00,00,
0,00000280,false,Rx,0,8,B3,8D,00,00,23,FA,1A,23,
0,00000288,false,Rx,0,8,64,5B,D5,00,00,6B,56,8C,
0,00000380,false,Rx,0,8,B0,80,00,76,20,00,00,FE,
0,00000488,false,Rx,0,8,DF,23,00,72,FE,FF,FF,70,
0,00000280,false,Rx,0,8,B3,8D,00,00,23,FA,1A,23,
0,00000288,false,Rx,0,8,8A,5B,D5,00,00,6B,56,8C,
0,00000380,false,Rx,0,8,B0,80,00,76,20,00,00,FE,
0,00000488,false,Rx,0,8,2F,23,00,72,FE,FF,FF,80,
0,00000480,false,Rx,0,8,54,2C,00,00,19,41,00,20,
0,00000284,false,Rx,0,6,05,05,00,00,00,00,00,00,
0,00000588,false,Rx,0,8,0B,00,72,00,00,80,00,00,
0,00000280,false,Rx,0,8,B3,8D,00,00,23,FA,1A,23,
0,00000288,false,Rx,0,8,8A,5B,D5,00,00,6B,56,8C,
0,00000380,false,Rx,0,8,B0,80,00,76,20,00,00,FE,
0,00000488,false,Rx,0,8,3F,23,00,72,FE,FF,FF,90,
0,00000280,false,Rx,0,8,B3,8D,00,00,23,FA,1A,23,
0,00000288,false,Rx,0,8,8A,5B,D5,00,00,6B,56,8C,
0,00000380,false,Rx,0,8,B0,80,00,76,20,00,00,FE,
0,00000488,false,Rx,0,8,0F,23,00,72,FE,FF,FF,A0,
0,00000480,false,Rx,0,8,54,2C,00,00,19,41,00,20,
0,00000284,false,Rx,0,6,06,06,00,00,00,00,00,00,
0,00000588,false,Rx,0,8,0B,00,72,00,00,80,00,00,
0,00000280,false,Rx,0,8,B3,8D,00,00,23,FA,1A,23,
0,00000288,false,Rx,0,8,8A,5B,D5,00,00,6B,56,8C,
0,00000380,false,Rx,0,8,B0,80,00,76,20,00,00,FE,
0,00000488,false,Rx,0,8,1F,23,00,72,FE,FF,FF,B0,
0,00000280,false,Rx,0,8,B3,8D,00,00,23,FA,1A,23,
0,00000288,false,Rx,0,8,E8,5B,D5,00,00,6B,56,8C,
0,00000380,false,Rx,0,8,B0,80,00,76,20,00,00,FE,
0,00000488,false,Rx,0,8,6F,23,00,72,FE,FF,FF,C0,
0,00000480,false,Rx,0,8,54,2C,00,00,19,41,00,20,
0,00000284,false,Rx,0,6,07,07,00,00,00,00,00,00,
0,00000588,false,Rx,0,8,0B,00,72,00,00,80,00,00,
308000,00000280,false,Rx,0,8,B3,8D,00,00,23,FA,1A,23,
0,00000288,false,Rx,0,8,E8,5B,D5,00,00,6B,56,8C,
0,00000380,false,Rx,0,8,B0,80,00,76,20,00,00,FE,
0,00000488,false,Rx,0,8,7F,23,00,72,FE,FF,FF,D0,
0,00000280,false,Rx,0,8,B3,8D,00,00,23,FA,1A,23,
0,00000288,false,Rx,0,8,E8,5B,D5,00,00,6B,56,8C,
0,00000380,false,Rx,0,8,B0,80,00,76,20,00,00,FE,
0,00000488,false,Rx,0,8,4F,23,00,72,FE,FF,FF,E0,
0,00000480,false,Rx,0,8,84,2C,00,00,19,41,00,F0,
0,00000284,false,Rx,0,6,08,08,00,00,00,00,00,00,
0,00000588,false,Rx,0,8,0B,00,72,00,00,80,00,00,
0,00000280,false,Rx,0,8,B3,8D,00,00,23,FA,1A,23,
0,00000288,false,Rx,0,8,E8,5B,D5,00,00,6B,56,8C,
0,00000380,false,Rx,0,8,B0,80,00,76,20,00,00,FE,
0,00000488,false,Rx,0,8,5F,23,00,72,FE,FF,FF,F0,
0,00000280,false,Rx,0,8,B3,8D,00,00,23,FA,1A,23,
0,00000288,false,Rx,0,8,2C,5B,D5,00,00,6B,56,8C,
0,00000380,false,Rx,0,8,B0,80,00,76,20,00,00,FE,
0,00000488,false,Rx,0,8,50,23,00,72,FE,FF,00,00,
0,00000480,false,Rx,0,8,84,2C,00,00,19,41,00,F0,
0,00000284,false,Rx,0,6,09,09,00,00,00,00,00,00,
0,00000588,false,Rx,0,8,0B,00,72,00,00,80,00,00,
0,00000280,false,Rx,0,8,B3,8D,00,00,23,FA,1A,23,
0,00000288,false,Rx,0,8,2C,5B,D5,00,00,6B,56,8C,
0,00000380,false,Rx,0,8,B0,80,00,76,20,00,00,FE,
0,00000488,false,Rx,0,8,BF,23,00,72,FE,FF,FF,10,
0,00000280,false,Rx,0,8,B3,8D,00,00,23,FA,1A,23,
0,00000288,false,Rx,0,8,2C,5B,D5,00,00,6B,56,8C,
0,00000380,false,Rx,0,8,B0,80,00,76,20,00,00,FE,
0,00000488,false,Rx,0,8,70,23,00,72,FE,FF,00,20,
0,00000480,false,Rx,0,8,84,2C,00,00,19,41,00,F0,
0,00000284,false,Rx,0,6,0A,0A,00,00,00,00,00,00,
365000,00000588,false,Rx,0,8,0B,00,72,00,00,80,00,00,
0,00000280,false,Rx,0,8,B3,8D,00,00,23,FA,1A,23,
0,00000288,false,Rx,0,8,2C,5B,D5,00,00,6B,56,8C,
0,00000380,false,Rx,0,8,B0,80,00,76,20,00,00,FE,
374000,00000488,false,Rx,0,8,60,23,00,72,FE,FF,00,30,
0,00000280,false,Rx,0,8,B3,8D,00,00,23,FA,1A,23,
0,00000288,false,Rx,0,8,64,5B,D5,00,00,6B,56,8C,
0,00000380,false,Rx,0,8,B0,80,00,76,20,00,00,FE,
0,00000488,false,Rx,0,8,10,23,00,72,FE,FF,00,40,
0,00000480,false,Rx,0,8,84,2C,00,00,19,41,00,F0,
0,00000284,false,Rx,0,6,0B,0B,00,00,00,00,00,00,
386000,00000588,false,Rx,0,8,0B,00,72,00,00,80,00,00,
0,00000280,false,Rx,0,8,B3,8D,00,00,23,FA,1A,23,
0,00000288,false,Rx,0,8,64,5B,D5,00,00,6B,56,8C,
0,00000380,false,Rx,0,8,B0,80,00,76,20,00,00,FE,
0,00000488,false,Rx,0,8,FF,23,00,72,FE,FF,FF,50,
0,00000280,false,Rx,0,8,B3,8D,00,00,23,FA,1A,23,
0,00000288,false,Rx,0,8,64,5B,D5,00,00,6B,56,8C,
0,00000380,false,Rx,0,8,B0,80,00,76,20,00,00,FE,
0,00000488,false,Rx,0,8,CF,23,00,72,FE,FF,FF,60,
0,00000480,false,Rx,0,8,C2,2C,00,00,19,41,00,B6,
0,00000284,false,Rx,0,6,0C,0C,00,00,00,00,00,00,
0,00000588,false,Rx,0,8,0B,00,72,00,00,80,00,00,
0,00000280,false,Rx,0,8,B3,8D,00,00,23,FA,1A,23,
0,00000288,false,Rx,0,8,64,5B,D5,00,00,6B,56,8C,
0,00000380,false,Rx,0,8,B0,80,00,76,20,00,00,FE,
0,00000488,false,Rx,0,8,DF,23,00,72,FE,FF,FF,70,
0,00000280,false,Rx,0,8,B3,8D,00,00,23,FA,1A,23,
0,00000288,false,Rx,0,8,8A,5B,D5,00,00,6B,56,8C,
0,00000380,false,Rx,0,8,B0,80,00,76,20,00,00,FE,
0,00000488,false,Rx,0,8,2F,23,00,72,FE,FF,FF,80,
0,00000480,false,Rx,0,8,C2,2C,00,00,19,41,00,B6,
0,00000284,false,Rx,0,6,0D,0D,00,00,00,00,00,00,
423000,00000588,false,Rx,0,8,0B,00,72,00,00,80,00,00,
0,00000280,false,Rx,0,8,B3,8D,00,00,23,FA,1A,23,
0,00000288,false,Rx,0,8,8A,5B,D5,00,00,6B,56,8C,
0,00000380,false,Rx,0,8,B0,80,00,76,20,00,00,FE,
0,00000488,false,Rx,0,8,3F,23,00,72,FE,FF,FF,90,
0,00000280,false,Rx,0,8,B3,8D,00,00,23,FA,1A,23,
0,00000288,false,Rx,0,8,8A,5B,D5,00,00,6B,56,8C,
0,00000380,false,Rx,0,8,B0,80,00,76,20,00,00,FE,
0,00000740,false,Rx,0,1,A3,00,00,00,00,00,00,00,
