Time Stamp,ID,Extended,Dir,Bus,LEN,D1,D2,D3,D4,D5,D6,D7,D8
33826000,14225B8A,true,Rx,0,8,42,27,A1,84,68,42,BF,DF,
48918000,06DABF16,true,Rx,0,8,42,16,A1,84,68,42,BF,DF,
48918000,041ABF16,true,Rx,0,8,42,16,A1,84,68,42,BF,DF,
33826000,14225B8A,true,Rx,0,8,42,27,E8,D2,27,0F,BF,9F,
264000,04220458,true,Rx,0,1,08,00,00,00,00,00,00,00,
264000,04220458,true,Rx,0,1,08,00,00,00,00,00,00,00,
33826000,14225B8A,true,Rx,0,8,42,27,E8,D2,27,0F,BF,9F,
33826000,14225B9A,true,Rx,0,8,42,27,A1,84,68,42,BF,DF,
33826000,14225B9A,true,Rx,0,8,42,27,A1,84,68,42,BF,DF,
48918000,041ABF16,true,Rx,0,8,42,16,A1,84,68,42,BF,DF,
33826000,14225B9A,true,Rx,0,8,42,27,A1,84,68,42,BF,DF,
33826000,14225B8A,true,Rx,0,8,42,27,E8,D2,27,0F,BF,9F,
34257000,1C222842,true,Rx,0,8,5D,10,84,21,7B,0A,BF,9F,
48918000,041ABF16,true,Rx,0,8,42,16,A1,84,68,42,BF,DF,
34257000,1C222842,true,Rx,0,8,5D,10,84,21,7B,0A,BF,9F,
264000,04220458,true,Rx,0,1,08,00,00,00,00,00,00,00,
264000,0C020458,true,Rx,0,1,08,00,00,00,00,00,00,00,
34257000,1C222842,true,Rx,0,8,5D,10,84,21,7B,0A,BF,9F,
33826000,14225B8A,true,Rx,0,8,42,27,E8,D2,27,0F,BF,9F,
34257000,1C222842,true,Rx,0,8,5D,10,84,21,7B,0A,BF,9F,
12054000,10AD2F16,true,Rx,0,8,42,16,A1,84,68,42,BF,DF,
33826000,14225B8A,true,Rx,0,8,42,27,E8,D2,27,4F,BF,DF,
33826000,14225B8A,true,Rx,0,8,42,27,E8,D2,27,4F,BF,DF,
264000,04220458,true,Rx,0,1,08,00,00,00,00,00,00,00,
0,00000214,true,Rx,0,5,84,74,01,09,08,00,00,00,
33826000,14225B9A,true,Rx,0,8,42,27,A1,84,68,42,BF,DF,
33826000,14225B9A,true,Rx,0,8,42,27,A1,84,68,42,BF,DF,
33826000,14225B8A,true,Rx,0,8,42,27,E8,D2,27,4F,BF,DF,
33826000,14225B8A,true,Rx,0,8,42,27,E8,D2,27,0F,BF,DF,
33826000,14225B8A,true,Rx,0,8,42,27,E8,D2,27,0F,BF,DF,
0,00000104,true,Rx,0,5,84,74,01,09,08,00,00,00,
33826000,14225B8A,true,Rx,0,8,42,27,E8,D2,27,0F,BF,DF,
264000,04220458,true,Rx,0,1,08,00,00,00,00,00,00,00,
264000,0C020458,true,Rx,0,1,08,00,00,00,00,00,00,00,
33826000,14225B8A,true,Rx,0,8,42,27,E8,D2,27,0F,BF,DF,
33826000,14225B8A,true,Rx,0,8,42,27,E8,D2,27,0F,BF,DF,
33826000,14225B8A,true,Rx,0,8,42,27,E8,D2,27,0F,BF,DF,
0,00000104,false,Rx,0,5,84,74,01,09,08,00,00,00,
33826000,14225B8A,true,Rx,0,8,42,27,E8,D2,27,0F,BF,DF,
33826000,14225B8A,true,Rx,0,8,42,27,E8,D2,27,0F,BF,DF,
34290000,1C223842,true,Rx,0,8,5F,21,08,42,F7,1A,1D,DF,
0,0422222C,true,Rx,0,0,00,00,00,00,00,00,00,00,
33826000,14225B9A,true,Rx,0,8,42,27,08,42,F7,1A,1D,DF,
33826000,14225B9A,true,Rx,0,8,42,27,08,42,F7,1A,1D,DF,
0,0422222C,true,Rx,0,0,00,00,00,00,00,00,00,00,
33826000,14225B8A,true,Rx,0,8,42,27,E8,D2,27,0F,BF,DF,
0,00000104,true,Rx,0,5,84,74,01,09,08,00,00,00,
0,00000104,true,Rx,0,5,84,74,01,09,08,00,00,00,
33826000,14225B9A,true,Rx,0,8,42,27,08,42,F7,1A,1D,DF,
0,0422222C,true,Rx,0,0,00,00,00,00,00,00,00,00,
33826000,14225B8A,true,Rx,0,8,42,27,E8,D2,27,0F,1D,DF,
34257000,1C222842,true,Rx,0,8,5D,10,84,21,7B,0A,1D,DF,
34257000,1C222842,true,Rx,0,8,5D,10,84,21,7B,0A,BF,DF,
34257000,1C222842,true,Rx,0,8,5D,10,84,21,7B,0A,1D,DF,
33826000,14225B8A,true,Rx,0,8,42,27,E8,D2,27,0F,BF,9F,
34290000,1C223842,true,Rx,0,8,5F,21,08,42,F7,1A,1D,9F,
0,0422222C,true,Rx,0,0,00,00,00,00,00,00,00,00,
33826000,14225B9A,true,Rx,0,8,42,27,84,21,7B,0A,BF,DF,
33826000,14225B9A,true,Rx,0,8,42,27,84,21,7B,0A,BF,DF,
0,0422222C,true,Rx,0,0,00,00,00,00,00,00,00,00,
33826000,14225B9A,true,Rx,0,8,42,27,84,21,7B,0A,BF,DF,
33826000,14225B8A,true,Rx,0,8,42,27,E8,D2,27,0F,1D,9F,
33826000,14225B8A,true,Rx,0,8,42,27,E8,D2,27,0F,1D,9F,
0,0422222C,true,Rx,0,0,00,00,00,00,00,00,00,00,
33826000,14225B8A,true,Rx,0,8,42,27,E8,D2,27,0F,1D,9F,
0,0422222C,true,Rx,0,0,00,00,00,00,00,00,00,00,
33826000,14225B8A,true,Rx,0,8,42,27,E8,D2,27,0F,BF,DF,
0,0422222C,true,Rx,0,0,00,00,00,00,00,00,00,00,
0,0402222C,true,Rx,0,0,00,00,00,00,00,00,00,00,
0,00000510,true,Rx,0,8,42,27,E8,D2,27,0F,1D,9F,
33826000,14225B8A,true,Rx,0,8,42,27,E8,D2,27,0F,BF,DF,
33826000,14225B8A,true,Rx,0,8,42,27,E8,D2,27,0F,BF,DF,
0,0422212C,true,Rx,0,0,00,00,00,00,00,00,00,00,
0,0422212C,true,Rx,0,0,00,00,00,00,00,00,00,00,
0,0422212C,true,Rx,0,0,00,00,00,00,00,00,00,00,
33826000,14225B8A,true,Rx,0,8,42,27,E8,D2,27,0F,BF,DF,
33826000,14225B9A,true,Rx,0,8,42,27,E8,D2,27,0F,BF,DF,
33826000,14225B9A,true,Rx,0,8,42,27,E8,D2,27,0F,BF,DF,
0,0422212C,true,Rx,0,0,00,00,00,00,00,00,00,00,
33826000,14225B9A,true,Rx,0,8,42,27,E8,D2,27,0F,BF,DF,
33826000,14225B8A,true,Rx,0,8,42,27,E8,D2,27,0F,BF,DF,
34257000,1C222842,true,Rx,0,8,5D,10,84,21,7B,0A,BF,DF,
0,0422212C,true,Rx,0,0,00,00,00,00,00,00,00,00,
34257000,1C222842,true,Rx,0,8,5D,10,84,21,7B,0A,BF,DF,
0,0422212C,true,Rx,0,0,00,00,00,00,00,00,00,00,
0,0422212C,true,Rx,0,0,00,00,00,00,00,00,00,00,
0,0422212C,true,Rx,0,0,00,00,00,00,00,00,00,00,
34257000,1C222842,true,Rx,0,8,5D,10,84,21,7B,0A,BF,DF,
33826000,14225B8A,true,Rx,0,8,42,27,E8,D2,27,0F,BF,9F,
34257000,1C222842,true,Rx,0,8,5D,10,84,21,7B,0A,BF,9F,
0,0422212C,true,Rx,0,0,00,00,00,00,00,00,00,00,
34257000,1C222842,true,Rx,0,8,5D,10,84,21,7B,0A,BF,9F,
33826000,14225B8A,true,Rx,0,8,42,27,E8,D2,27,0F,BF,DF,
34257000,1C222842,true,Rx,0,8,5D,10,84,21,79,4B,05,DF,
0,0422212C,true,Rx,0,0,00,00,00,00,00,00,00,00,
0,0422212C,true,Rx,0,0,00,00,00,00,00,00,00,00,
34257000,1C222842,true,Rx,0,8,5D,10,84,21,79,4B,05,DF,
33826000,14225B9A,true,Rx,0,8,42,27,84,21,79,4B,05,DF,
33826000,14225B9A,true,Rx,0,8,42,27,84,21,79,4B,05,DF,
0,0422212C,true,Rx,0,0,00,00,00,00,00,00,00,00,
33826000,14225B9A,true,Rx,0,8,42,27,84,21,79,4B,05,DF,
33826000,14225B8A,true,Rx,0,8,42,27,E8,D2,27,0F,BF,9F,
33826000,14225B8A,true,Rx,0,8,42,27,E8,D2,27,0F,BF,9F,
0,0422212C,true,Rx,0,0,00,00,00,00,00,00,00,00,
33826000,14225B8A,true,Rx,0,8,42,27,E8,D2,27,0F,BF,9F,
0,00000510,false,Rx,0,8,42,27,E8,D2,27,0F,BF,9F,
33826000,14225B8A,true,Rx,0,8,42,27,E8,D2,27,0F,BF,DF,
33826000,14225B8A,true,Rx,0,8,42,27,E8,D2,27,0F,BF,DF,
0,00000510,true,Rx,0,8,42,27,E8,D2,27,0F,BF,9F,
33826000,14225B8A,true,Rx,0,8,42,27,E8,D2,27,0F,BF,DF,
33826000,14225B8A,true,Rx,0,8,42,27,E8,D2,27,0F,05,DF,
33826000,14225B8A,true,Rx,0,8,42,27,E8,D2,27,0F,05,DF,
33825000,04221716,true,Rx,0,8,42,16,A1,84,68,42,55,DF,
33825000,04221716,true,Rx,0,8,42,16,A1,84,68,42,55,DF,
33826000,14225B9A,true,Rx,0,8,42,27,E8,D2,27,0F,05,DF,
33826000,14225B9A,true,Rx,0,8,42,27,E8,D2,27,0F,05,DF,
33825000,04221716,true,Rx,0,8,42,16,A1,84,68,42,55,DF,
33826000,14225B9A,true,Rx,0,8,42,27,E8,D2,27,0F,05,DF,
33826000,14225B8A,true,Rx,0,8,42,27,E8,D2,27,0F,BF,9F,
34257000,1C222842,true,Rx,0,8,5D,10,84,21,7B,0A,BF,9F,
33825000,04221716,true,Rx,0,8,42,16,A1,84,68,42,55,DF,
34257000,1C222842,true,Rx,0,8,5D,10,84,21,7B,0A,BF,9F,
0,00000420,true,Rx,0,3,8B,08,42,00,00,00,00,00,
0,00000420,false,Rx,0,3,8B,08,42,00,00,00,00,00,
34257000,1C222842,true,Rx,0,8,5D,10,84,21,7B,0A,BF,9F,
33826000,14225B8A,true,Rx,0,8,42,27,E8,D2,27,0F,BF,9F,
34257000,1C222842,true,Rx,0,8,5D,10,84,21,7B,0A,BF,9F,
33825000,04221716,true,Rx,0,8,42,16,A1,84,68,42,BF,DF,
34257000,1C222842,true,Rx,0,8,5D,10,84,21,7B,0A,BF,9F,
0,02186008,true,Rx,0,1,A1,00,00,00,00,00,00,00,
33826000,14225B8A,true,Rx,0,8,42,27,E8,D2,27,0F,05,DF,
34257000,1C222842,true,Rx,0,8,5D,10,84,21,7B,0A,05,DF,
33825000,04221716,true,Rx,0,8,42,16,A1,84,68,42,55,DF,
33825000,04221716,true,Rx,0,8,42,16,A1,84,68,42,55,DF,
33826000,14225B8A,true,Rx,0,8,42,27,84,21,7B,0A,05,DF,
33826000,14225B8A,true,Rx,0,8,42,27,84,21,7B,0A,05,DF,
34257000,1C222842,true,Rx,0,8,5D,10,84,21,7B,0A,BF,9F,
33826000,14225B9A,true,Rx,0,8,42,27,84,21,7B,0A,BF,9F,
33826000,14225B9A,true,Rx,0,8,42,27,84,21,7B,0A,BF,9F,
0,00000442,true,Rx,0,6,42,16,A1,84,68,42,00,00,
33826000,14225B9A,true,Rx,0,8,42,27,84,21,7B,0A,BF,9F,
0,00000420,true,Rx,0,3,8B,08,42,00,00,00,00,00,
0,00000420,true,Rx,0,3,8B,08,42,00,00,00,00,00,
33826000,14225B9A,true,Rx,0,8,42,27,84,21,7B,0A,BF,9F,
33826000,14225B8A,true,Rx,0,8,42,27,E8,D2,27,0F,BF,9F,
33826000,14225B8A,true,Rx,0,8,42,27,E8,D2,27,0F,BF,9F,
0,00000442,true,Rx,0,6,42,16,A1,84,68,42,00,00,
33826000,14225B8A,true,Rx,0,8,42,27,E8,D2,27,0F,BF,9F,
33826000,14225B8A,true,Rx,0,8,42,27,E8,D2,27,0F,05,DF,
33826000,14225B8A,true,Rx,0,8,42,27,E8,D2,27,0F,05,DF,
264000,04220458,true,Rx,0,1,08,00,00,00,00,00,00,00,
264000,04220458,true,Rx,0,1,08,00,00,00,00,00,00,00,
33826000,14225B8A,true,Rx,0,8,42,27,E8,D2,27,0F,05,DF,
33826000,14225B8A,true,Rx,0,8,42,27,E8,D2,27,0F,BF,9F,
33826000,14225B8A,true,Rx,0,8,42,27,E8,D2,27,0F,BF,9F,
33826000,14225B9A,true,Rx,0,8,42,27,E8,D2,27,0F,05,DF,
33826000,14225B9A,true,Rx,0,8,42,27,E8,D2,27,0F,05,DF,
33826000,14225B8A,true,Rx,0,8,42,27,E8,D2,27,0F,BF,9F,
0,00000420,true,Rx,0,6,8B,08,42,16,A1,84,00,00,
33826000,14225B8A,true,Rx,0,8,42,27,E8,D2,27,0F,BF,9F,
34257000,1C222842,true,Rx,0,8,5D,10,84,21,7B,0A,BF,9F,
0,00000510,true,Rx,0,8,42,16,A1,84,68,42,BF,DF,
9000,1C222842,true,Rx,0,8,5D,10,84,21,7B,0A,BF,9F,
33826000,14225B8A,true,Rx,0,8,42,27,E8,D2,27,0F,05,DF,
34257000,1C222842,true,Rx,0,8,5D,10,84,21,7B,0A,05,DF,
0,00000510,false,Rx,0,8,42,16,A1,84,68,42,BF,DF,
34257000,1C222842,true,Rx,0,8,5D,10,84,21,7B,0A,05,DF,
264000,04220458,true,Rx,0,1,08,00,00,00,00,00,00,00,
0,00000510,true,Rx,0,8,42,16,A1,84,68,42,BF,DF,
264000,04220458,true,Rx,0,1,08,00,00,00,00,00,00,00,
33826000,14225B8A,true,Rx,0,8,42,27,E8,D2,27,0F,BF,DF,
34290000,1C223842,true,Rx,0,8,5F,21,08,42,F7,1A,1D,DF,
33826000,14225B9A,true,Rx,0,8,42,27,84,21,7B,0A,BF,9F,
33826000,14225B9A,true,Rx,0,8,42,27,84,21,7B,0A,BF,9F,
34290000,1C223842,true,Rx,0,8,5F,21,08,42,F7,1A,1D,DF,
0,00000420,false,Rx,0,6,8B,08,42,16,A1,84,00,00,
0,00000214,false,Rx,0,5,84,74,01,09,08,00,00,00,
33826000,14225B8A,true,Rx,0,8,42,27,E8,D2,27,0F,BF,DF,
0,00000214,true,Rx,0,5,84,74,01,09,08,00,00,00,
33826000,14225B8A,true,Rx,0,8,42,27,E8,D2,27,0F,BF,DF,
33826000,14225B9A,true,Rx,0,8,42,27,84,21,7B,0A,BF,9F,
33826000,14225B8A,true,Rx,0,8,42,27,E8,D2,27,0F,BF,DF,
33826000,14225B8A,true,Rx,0,8,42,27,E8,D2,27,0F,BF,DF,
33826000,14225B8A,true,Rx,0,8,42,27,E8,D2,27,0F,BF,DF,
33826000,14225B8A,true,Rx,0,8,42,27,E8,D2,27,0F,BF,DF,
0,0422222C,true,Rx,0,0,00,00,00,00,00,00,00,00,
33826000,14225B8A,true,Rx,0,8,42,27,E8,D2,27,0F,BF,DF,
33826000,14225B8A,true,Rx,0,8,42,27,E8,D2,27,0F,BF,DF,
33826000,14225B9A,true,Rx,0,8,42,27,E8,D2,27,0F,BF,DF,
33826000,14225B9A,true,Rx,0,8,42,27,E8,D2,27,0F,BF,DF,
0,0422222C,true,Rx,0,0,00,00,00,00,00,00,00,00,
33826000,14225B9A,true,Rx,0,8,42,27,E8,D2,27,0F,BF,DF,
0,00000420,false,Rx,0,8,8B,08,42,16,A1,84,F0,9F,
0,00000420,false,Rx,0,8,8B,08,42,16,A1,84,F0,9F,
33826000,14225B8A,true,Rx,0,8,42,27,E8,D2,27,0F,BF,DF,
34257000,1C222842,true,Rx,0,8,5D,10,84,21,7B,0A,BF,DF,
0,00000420,true,Rx,0,8,8B,08,42,16,A1,84,BF,9F,
34257000,1C222842,true,Rx,0,8,5D,10,84,21,7B,0A,BF,DF,
33826000,14225B8A,true,Rx,0,8,42,27,E8,D2,27,0F,BF,9F,
34257000,1C222842,true,Rx,0,8,5D,10,84,21,7B,0A,BF,9F,
0,00000420,true,Rx,0,8,8B,08,42,16,A1,84,BF,9F,
99000,1C222842,true,Rx,0,8,5D,10,84,21,7B,0A,BF,9F,
0,0422222C,true,Rx,0,0,00,00,00,00,00,00,00,00,
33826000,14225B8A,true,Rx,0,8,42,27,E8,D2,27,0F,BF,9F,
0,00000420,true,Rx,0,8,8B,08,42,16,A1,84,BF,9F,
33826000,14225B9A,true,Rx,0,8,42,27,84,21,79,4B,05,9F,
33826000,14225B9A,true,Rx,0,8,42,27,84,21,79,4B,05,9F,
0,00000442,true,Rx,0,6,8B,08,42,16,A1,84,00,00,
33826000,14225B9A,true,Rx,0,8,42,27,84,21,79,4B,05,9F,
0,00000420,true,Rx,0,8,8B,08,42,16,A1,84,F0,9F,
124000,00000420,false,Rx,0,8,8B,08,42,16,A1,84,F0,9F,
33826000,14225B8A,true,Rx,0,8,42,27,E8,D2,27,0F,05,9F,
0,00000420,true,Rx,0,8,8B,08,42,16,A1,84,BF,9F,
0,00000100,true,Rx,0,8,8B,08,42,16,A1,84,BF,9F,
132000,00000442,false,Rx,0,6,8B,08,42,16,A1,84,00,00,
33826000,14225B8A,true,Rx,0,8,42,27,E8,D2,27,0F,05,9F,
33826000,14225B8A,true,Rx,0,8,42,27,E8,D2,27,0F,05,9F,
0,00000100,true,Rx,0,8,8B,08,42,16,A1,84,BF,9F,
33826000,14225B8A,true,Rx,0,8,42,27,E8,D2,27,0F,05,9F,
0,0422212C,true,Rx,0,0,00,00,00,00,00,00,00,00,
0,0422212C,true,Rx,0,0,00,00,00,00,00,00,00,00,
144000,14225B8A,true,Rx,0,8,42,27,E8,D2,27,0F,05,9F,
33826000,14225B8A,true,Rx,0,8,42,27,E8,D2,27,0F,05,9F,
33826000,14225B8A,true,Rx,0,8,42,27,E8,D2,27,0F,05,9F,
33826000,14225B9A,true,Rx,0,8,42,27,42,16,A1,84,BF,9F,
33826000,14225B9A,true,Rx,0,8,42,27,42,16,A1,84,BF,9F,
0,00000100,true,Rx,0,8,8B,08,42,16,A1,84,BF,9F,
33826000,14225B9A,true,Rx,0,8,42,27,42,16,A1,84,BF,9F,
33826000,14225B9A,true,Rx,0,8,42,27,42,16,A1,84,BF,9F,
33826000,14225B9A,true,Rx,0,8,42,27,42,16,A1,84,BF,9F,
33826000,14225B8A,true,Rx,0,8,42,27,E8,D2,27,0F,BF,9F,
34257000,1C222842,true,Rx,0,8,5D,10,84,21,7B,0A,BF,9F,
33826000,14225B9A,true,Rx,0,8,42,27,42,16,A1,84,BF,9F,
34257000,1C222842,true,Rx,0,8,5D,10,84,21,7B,0A,BF,9F,
33826000,14225B8A,true,Rx,0,8,42,27,E8,D2,27,0F,BD,DF,
34257000,1C222842,true,Rx,0,8,5D,10,84,21,7B,0A,BD,DF,
33826000,14225B9A,true,Rx,0,8,42,27,42,16,A1,84,BF,9F,
34257000,1C222842,true,Rx,0,8,5D,10,84,21,7B,0A,BD,DF,
0,0422212C,true,Rx,0,0,00,00,00,00,00,00,00,00,
0,0422212C,true,Rx,0,0,00,00,00,00,00,00,00,00,
34257000,1C222842,true,Rx,0,8,5D,10,84,21,7B,0A,BD,DF,
33826000,14225B8A,true,Rx,0,8,42,27,E8,D2,27,0F,BD,DF,
34257000,1C222842,true,Rx,0,8,5D,10,84,21,7B,0A,BD,DF,
33826000,14225B9A,true,Rx,0,8,42,27,84,21,7B,0A,BF,9F,
33826000,14225B9A,true,Rx,0,8,42,27,84,21,7B,0A,BF,9F,
33826000,14225B9A,true,Rx,0,8,42,27,42,16,A1,84,BF,9F,
33826000,14225B9A,true,Rx,0,8,42,27,84,21,7B,0A,BF,9F,
0,0422212C,true,Rx,0,0,00,00,00,00,00,00,00,00,
0,0422212C,true,Rx,0,0,00,00,00,00,00,00,00,00,
202000,14225B9A,true,Rx,0,8,42,27,84,21,7B,0A,BF,9F,
33826000,14225B9A,true,Rx,0,8,42,27,84,21,7B,0A,BF,9F,
33826000,14225B9A,true,Rx,0,8,42,27,84,21,7B,0A,BF,9F,
33826000,14225B9A,true,Rx,0,8,42,27,42,16,A1,84,BF,9F,
33826000,14225B9A,true,Rx,0,8,42,27,84,21,7B,0A,BF,9F,
33826000,14225B8A,true,Rx,0,8,42,27,E8,D2,27,0F,BD,DF,
33826000,14225B8A,true,Rx,0,8,42,27,E8,D2,27,0F,BD,DF,
33826000,14225B9A,true,Rx,0,8,42,27,42,16,A1,84,BF,9F,
33826000,14225B8A,true,Rx,0,8,42,27,E8,D2,27,0F,BD,DF,
33825000,04221716,true,Rx,0,8,42,16,A1,84,68,42,55,9F,
33825000,04221716,true,Rx,0,8,42,16,A1,84,68,42,55,9F,
33826000,14225B8A,true,Rx,0,8,42,27,E8,D2,27,0F,BD,DF,
33825000,04221716,true,Rx,0,8,42,16,A1,84,68,42,BF,9F,
33826000,14225B8A,true,Rx,0,8,42,27,42,16,A1,84,BF,9F,
33826000,14225B8A,true,Rx,0,8,42,27,42,16,A1,84,BF,9F,
33826000,14225B8A,true,Rx,0,8,42,27,E8,D2,27,0F,BD,DF,
33825000,04221716,true,Rx,0,8,42,16,A1,84,68,42,55,DF,
33825000,04221716,true,Rx,0,8,42,16,A1,84,68,42,55,DF,
33826000,14225B9A,true,Rx,0,8,42,27,42,16,A1,84,BF,9F,
34257000,1C222842,true,Rx,0,8,5D,10,84,21,7B,0A,BF,9F,
33825000,04221716,true,Rx,0,8,42,16,A1,84,68,42,55,DF,
34257000,1C222842,true,Rx,0,8,5D,10,84,21,7B,0A,BF,9F,
33826000,14225B8A,true,Rx,0,8,42,27,E8,D2,27,0F,BF,9F,
34257000,1C222842,true,Rx,0,8,5D,10,84,21,7B,0A,BF,9F,
33825000,04221716,true,Rx,0,8,42,16,A1,84,68,42,BF,DF,
34257000,1C222842,true,Rx,0,8,5D,10,84,21,7B,0A,BF,9F,
33825000,04221716,true,Rx,0,8,42,16,A1,84,68,42,55,9F,
33825000,04221716,true,Rx,0,8,42,16,A1,84,68,42,55,9F,
33826000,14225B8A,true,Rx,0,8,42,27,E8,D2,27,0F,BF,9F,
34257000,1C222842,true,Rx,0,8,5D,10,84,21,7B,0A,BF,9F,
33826000,14225B8A,true,Rx,0,8,42,27,E8,D2,27,0F,BF,DF,
33825000,04221716,true,Rx,0,8,42,16,A1,84,68,42,BF,9F,
33825000,04221716,true,Rx,0,8,42,16,A1,84,68,42,55,9F,
0,00000214,true,Rx,0,5,84,74,01,09,08,00,00,00,
33826000,14225B9A,true,Rx,0,8,42,27,E8,D2,27,0F,BF,DF,
33826000,14225B9A,true,Rx,0,8,42,27,E8,D2,27,0F,BF,DF,
292000,00000442,false,Rx,0,2,42,16,00,00,00,00,00,00,
33826000,14225B8A,true,Rx,0,8,42,27,E8,D2,27,0F,BF,9F,
33826000,14225B8A,true,Rx,0,8,42,27,E8,D2,27,0F,BF,9F,
0,00000104,true,Rx,0,5,84,74,01,09,08,00,00,00,
33826000,14225B8A,true,Rx,0,8,42,27,E8,D2,27,0F,BF,9F,
264000,04220458,true,Rx,0,1,08,00,00,00,00,00,00,00,
264000,04220458,true,Rx,0,1,08,00,00,00,00,00,00,00,
33826000,14225B8A,true,Rx,0,8,42,27,E8,D2,27,0F,BF,9F,
33826000,14225B8A,true,Rx,0,8,42,27,E8,D2,27,0F,BF,DF,
33826000,14225B8A,true,Rx,0,8,42,27,E8,D2,27,0F,BF,DF,
0,00000104,true,Rx,0,5,84,74,01,09,08,00,00,00,
33826000,14225B8A,true,Rx,0,8,42,27,E8,D2,27,0F,BF,DF,
33826000,14225B8A,true,Rx,0,8,42,27,E8,D2,27,0F,BF,9F,
33826000,14225B8A,true,Rx,0,8,42,27,E8,D2,27,0F,BF,9F,
33826000,14225B8A,true,Rx,0,8,42,27,E8,D2,27,0F,BF,9F,
325000,00000214,false,Rx,0,5,84,74,01,09,08,00,00,00,
33826000,14225B9A,true,Rx,0,8,42,27,E8,D2,27,0F,BF,DF,
33826000,14225B9A,true,Rx,0,8,42,27,E8,D2,27,0F,BF,DF,
33826000,14225B9A,true,Rx,0,8,42,27,E8,D2,27,0F,BF,DF,
33826000,14225B8A,true,Rx,0,8,42,27,E8,D2,27,0F,BF,9F,
33826000,14225B9A,true,Rx,0,8,42,27,E8,D2,27,0F,BF,DF,
33826000,04025B9A,true,Rx,0,8,42,27,E8,D2,27,0F,BF,DF,
264000,04220458,true,Rx,0,1,08,00,00,00,00,00,00,00,
264000,04220458,true,Rx,0,1,08,00,00,00,00,00,00,00,
34257000,1C222842,true,Rx,0,8,5D,10,84,21,7B,0A,BF,9F,
33826000,14225B8A,true,Rx,0,8,42,27,E8,D2,27,0F,BF,9F,
34257000,1C222842,true,Rx,0,8,5D,10,84,21,7B,0A,BF,9F,
33826000,04025B9A,true,Rx,0,8,42,27,E8,D2,27,0F,BF,DF,
34257000,1C222842,true,Rx,0,8,5D,10,84,21,7B,0A,BF,9F,
33826000,14225B8A,true,Rx,0,8,42,27,E8,D2,27,0F,BF,9F,
33826000,14225B8A,true,Rx,0,8,42,27,E8,D2,27,0F,BF,9F,
264000,04220458,true,Rx,0,1,08,00,00,00,00,00,00,00,
264000,0C020458,true,Rx,0,1,08,00,00,00,00,00,00,00,
33826000,14225B8A,true,Rx,0,8,42,27,E8,D2,27,0F,BF,9F,
33826000,14225B9A,true,Rx,0,8,42,27,E8,D2,27,0F,BF,9F,
33826000,14225B9A,true,Rx,0,8,42,27,E8,D2,27,0F,BF,9F,
264000,0C020458,true,Rx,0,1,08,00,00,00,00,00,00,00,
33826000,14225B8A,true,Rx,0,8,42,27,E8,D2,27,0F,BF,9F,
33826000,14225B8A,true,Rx,0,8,42,27,E8,D2,27,0F,BF,9F,
33826000,04025B9A,true,Rx,0,8,42,27,E8,D2,27,0F,BF,DF,
33826000,14225B8A,true,Rx,0,8,42,27,E8,D2,27,0F,BF,9F,
0,0422222C,true,Rx,0,0,00,00,00,00,00,00,00,00,
33826000,14225B8A,true,Rx,0,8,42,27,E8,D2,27,0F,BF,DF,
33826000,14225B8A,true,Rx,0,8,42,27,E8,D2,27,0F,BF,DF,
0,0422222C,true,Rx,0,0,00,00,00,00,00,00,00,00,
33826000,14225B8A,true,Rx,0,8,42,27,E8,D2,27,0F,BF,DF,
33826000,14225B8A,true,Rx,0,8,42,27,E8,D2,27,0F,BF,9F,
0,0422222C,true,Rx,0,0,00,00,00,00,00,00,00,00,
0,0422222C,true,Rx,0,0,00,00,00,00,00,00,00,00,
33826000,14225B9A,true,Rx,0,8,42,27,84,21,79,4B,05,9F,
33826000,14225B9A,true,Rx,0,8,42,27,84,21,79,4B,05,9F,
0,00000510,true,Rx,0,8,42,27,E8,D2,27,0F,BF,DF,
33826000,14225B8A,true,Rx,0,8,42,27,E8,D2,27,0F,BF,DF,
34257000,1C222842,true,Rx,0,8,5D,10,84,21,7B,0A,BF,DF,
0,0402222C,true,Rx,0,0,00,00,00,00,00,00,00,00,
34257000,1C222842,true,Rx,0,8,5D,10,84,21,7B,0A,BF,DF,
0,00000420,true,Rx,0,8,8B,08,42,16,A1,84,F0,8F,
0,00000420,true,Rx,0,8,8B,08,42,16,A1,84,F0,8F,
33826000,14225B8A,true,Rx,0,8,42,27,E8,D2,27,0F,BF,DF,
0,00000420,true,Rx,0,8,8B,08,42,16,A1,84,BF,8F,
0,00000100,true,Rx,0,8,8B,08,42,16,A1,84,BF,8F,
0,0402222C,true,Rx,0,0,00,00,00,00,00,00,00,00,
33826000,14225B8A,true,Rx,0,8,42,27,E8,D2,27,0F,BF,DF,
33826000,14225B8A,true,Rx,0,8,42,27,E8,D2,27,0F,BF,DF,
0,0422222C,true,Rx,0,0,00,00,00,00,00,00,00,00,
33826000,14225B9A,true,Rx,0,8,42,27,42,16,A1,84,BF,8F,
33826000,14225B9A,true,Rx,0,8,42,27,42,16,A1,84,BF,8F,
0,0422222C,true,Rx,0,0,00,00,00,00,00,00,00,00,
33826000,14225B9A,true,Rx,0,8,42,27,42,16,A1,84,BF,8F,
33826000,14225B8A,true,Rx,0,8,42,27,E8,D2,27,0F,BF,DF,
0,0422222C,true,Rx,0,0,00,00,00,00,00,00,00,00,
0,0402222C,true,Rx,0,0,00,00,00,00,00,00,00,00,
33826000,14225B8A,true,Rx,0,8,42,27,E8,D2,27,0F,BF,DF,
33826000,14225B9A,true,Rx,0,8,42,27,42,16,A1,84,BF,8F,
33826000,14225B9A,true,Rx,0,8,42,27,42,16,A1,84,BF,8F,
33826000,14225B9A,true,Rx,0,8,42,27,42,16,A1,84,BF,8F,
33826000,14225B8A,true,Rx,0,8,42,27,E8,D2,27,0F,BF,DF,
33826000,14225B8A,true,Rx,0,8,42,27,E8,D2,27,0F,BF,DF,
33826000,14225B9A,true,Rx,0,8,42,27,42,16,A1,84,BF,8F,
33826000,14225B8A,true,Rx,0,8,42,27,E8,D2,27,0F,BF,DF,
33826000,14225B8A,true,Rx,0,8,42,27,E8,D2,27,0F,BD,DF,
34257000,1C222842,true,Rx,0,8,5D,10,84,21,7B,0A,BD,DF,
34257000,1C222842,true,Rx,0,8,5D,10,84,21,7B,0A,BD,DF,
34257000,1C222842,true,Rx,0,8,5D,10,84,21,7B,0A,BD,DF,
33826000,14225B9A,true,Rx,0,8,42,27,E8,D2,27,0F,BF,DF,
33826000,14225B9A,true,Rx,0,8,42,27,E8,D2,27,0F,BF,DF,
34257000,1C222842,true,Rx,0,8,5D,10,84,21,7B,0A,BD,DF,
33826000,14225B9A,true,Rx,0,8,42,27,E8,D2,27,0F,BF,DF,
33826000,14225B9A,true,Rx,0,8,42,27,42,16,A1,84,BF,8F,
34257000,1C222842,true,Rx,0,8,5D,10,84,21,7B,0A,BF,8F,
34257000,1C222842,true,Rx,0,8,5D,10,84,21,7B,0A,BD,DF,
34257000,1C222842,true,Rx,0,8,5D,10,84,21,7B,0A,BF,8F,
34257000,1C222842,true,Rx,0,8,5D,10,84,21,7B,0A,BF,8F,
34257000,1C222842,true,Rx,0,8,5D,10,84,21,7B,0A,BF,8F,
33826000,14225B8A,true,Rx,0,8,42,27,E8,D2,27,0F,BD,DF,
34257000,1C222842,true,Rx,0,8,5D,10,84,21,7B,0A,BD,DF,
34257000,1C222842,true,Rx,0,8,5D,10,84,21,7B,0A,BF,8F,
34257000,1C222842,true,Rx,0,8,5D,10,84,21,7B,0A,BD,DF,
33826000,14225B8A,true,Rx,0,8,42,27,E8,D2,27,0F,BD,DF,
33826000,14225B8A,true,Rx,0,8,42,27,E8,D2,27,0F,BD,DF,
0,0422212C,true,Rx,0,0,00,00,00,00,00,00,00,00,
0,0C02212C,true,Rx,0,0,00,00,00,00,00,00,00,00,
0,0C02212C,true,Rx,0,0,00,00,00,00,00,00,00,00,
33826000,14225B8A,true,Rx,0,8,42,27,84,21,7B,0A,BF,8F,
33826000,14225B8A,true,Rx,0,8,42,27,84,21,7B,0A,BF,8F,
33826000,14225B9A,true,Rx,0,8,42,27,E8,D2,27,0F,BD,DF,
33826000,14225B9A,true,Rx,0,8,42,27,E8,D2,27,0F,BD,DF,
0,0C02212C,true,Rx,0,0,00,00,00,00,00,00,00,00,
33826000,14225B9A,true,Rx,0,8,42,27,E8,D2,27,0F,BD,DF,
0,00000420,true,Rx,0,3,8B,08,42,00,00,00,00,00,
0,00000420,true,Rx,0,3,8B,08,42,00,00,00,00,00,
33826000,14225B9A,true,Rx,0,8,42,27,E8,D2,27,0F,BD,DF,
33826000,14225B8A,true,Rx,0,8,42,27,E8,D2,27,0F,BD,DF,
33826000,14225B8A,true,Rx,0,8,42,27,E8,D2,27,0F,BD,DF,
0,0C02212C,true,Rx,0,0,00,00,00,00,00,00,00,00,
33826000,14225B8A,true,Rx,0,8,42,27,E8,D2,27,0F,BD,DF,
33826000,14225B8A,true,Rx,0,8,42,27,E8,D2,27,0F,BF,8F,
34257000,1C222842,true,Rx,0,8,5D,10,84,21,7B,0A,BF,8F,
33825000,04221716,true,Rx,0,8,42,16,A1,84,68,42,55,DF,
33825000,04221716,true,Rx,0,8,42,16,A1,84,68,42,55,DF,
33826000,14225B8A,true,Rx,0,8,42,27,E8,D2,27,0F,BF,8F,
33825000,04221716,true,Rx,0,8,42,16,A1,84,68,42,BF,DF,
34290000,1C223842,true,Rx,0,8,5F,21,08,42,F7,1A,1D,8F,
34290000,1C223842,true,Rx,0,8,5F,21,08,42,F7,1A,1D,8F,
33826000,04025B9A,true,Rx,0,8,42,27,84,21,7B,0A,BF,DF,
0,00000420,true,Rx,0,3,8B,08,42,00,00,00,00,00,
0,00000420,true,Rx,0,3,8B,08,42,00,00,00,00,00,
34290000,1C223842,true,Rx,0,8,5F,21,08,42,F7,1A,1D,8F,
33826000,14225B8A,true,Rx,0,8,42,27,E8,D2,27,0F,1D,8F,
34257000,1C222842,true,Rx,0,8,5D,10,84,21,7B,0A,1D,8F,
0,00000100,true,Rx,0,3,8B,08,42,00,00,00,00,00,
33826000,14225B8A,true,Rx,0,8,42,27,E8,D2,27,0F,BF,DF,
33826000,14225B8A,true,Rx,0,8,42,27,E8,D2,27,0F,BF,DF,
33826000,14225B8A,true,Rx,0,8,42,27,E8,D2,27,0F,BF,DF,
33826000,14225B8A,true,Rx,0,8,42,27,E8,D2,27,0F,BF,DF,
33826000,14225B8A,true,Rx,0,8,42,27,E8,D2,27,0F,55,8F,
33826000,14225B8A,true,Rx,0,8,42,27,E8,D2,27,0F,55,8F,
49034000,06DABF8A,true,Rx,0,8,42,27,E8,D2,27,0F,BF,DF,
33826000,14225B9A,true,Rx,0,8,42,27,A1,84,68,42,BF,DF,
33826000,14225B9A,true,Rx,0,8,42,27,A1,84,68,42,BF,DF,
33826000,14225B8A,true,Rx,0,8,42,27,E8,D2,27,0F,55,8F,
0,00000420,false,Rx,0,6,8B,08,42,16,A1,84,00,00,
33826000,14225B8A,true,Rx,0,8,42,27,E8,D2,27,0F,55,8F,
33826000,14225B8A,true,Rx,0,8,42,27,E8,D2,27,0F,55,8F,
0,00000510,true,Rx,0,8,42,27,E8,D2,27,0F,BF,DF,
33826000,14225B8A,true,Rx,0,8,42,27,E8,D2,27,0F,55,8F,
33826000,14225B8A,true,Rx,0,8,42,27,E8,D2,27,0F,BF,DF,
0,00000510,true,Rx,0,8,42,27,E8,D2,27,0F,BF,DF,
0,00000100,true,Rx,0,8,42,27,E8,D2,27,0F,BF,DF,
33826000,14225B8A,true,Rx,0,8,42,27,E8,D2,27,0F,55,8F,
264000,04220458,true,Rx,0,1,08,00,00,00,00,00,00,00,
264000,0C020458,true,Rx,0,1,08,00,00,00,00,00,00,00,
33826000,14225B8A,true,Rx,0,8,42,27,E8,D2,27,0F,55,8F,
33826000,14225B8A,true,Rx,0,8,42,27,E8,D2,27,0F,55,8F,
34290000,1C223842,true,Rx,0,8,5F,21,08,42,F7,1A,1D,8F,
12098000,10AD2F42,true,Rx,0,8,5D,10,84,21,7B,0A,BF,DF,
33826000,14225B9A,true,Rx,0,8,42,27,E8,D2,27,0F,BF,DF,
33826000,14225B9A,true,Rx,0,8,42,27,E8,D2,27,0F,BF,DF,
34290000,1C223842,true,Rx,0,8,5F,21,08,42,F7,1A,1D,8F,
0,00000420,false,Rx,0,6,8B,08,42,16,A1,84,00,00,
33826000,14225B8A,true,Rx,0,8,42,27,E8,D2,27,0F,BF,DF,
34257000,1C222842,true,Rx,0,8,5D,10,84,21,7B,0A,BF,DF,
0,00000420,false,Rx,0,6,8B,08,42,16,A1,84,00,00,
34257000,1C222842,true,Rx,0,8,5D,10,84,21,7B,0A,BF,DF,
33826000,14225B8A,true,Rx,0,8,42,27,E8,D2,27,0F,BF,DF,
33826000,14225B8A,true,Rx,0,8,42,27,E8,D2,27,0F,BF,DF,
0,00000420,true,Rx,0,6,8B,08,42,16,A1,84,00,00,
33826000,14225B8A,true,Rx,0,8,42,27,E8,D2,27,0F,BF,DF,
264000,04220458,true,Rx,0,1,08,00,00,00,00,00,00,00,
264000,0C020458,true,Rx,0,1,08,00,00,00,00,00,00,00,
33826000,14225B8A,true,Rx,0,8,42,27,E8,D2,27,0F,BF,DF,
33826000,14225B8A,true,Rx,0,8,42,27,E8,D2,27,0F,BF,DF,
33826000,14225B8A,true,Rx,0,8,42,27,E8,D2,27,0F,BF,DF,
33826000,14225B9A,true,Rx,0,8,42,27,E8,D2,27,0F,BF,DF,
33826000,14225B9A,true,Rx,0,8,42,27,E8,D2,27,0F,BF,DF,
0,0000014B,true,Rx,0,5,8B,08,42,16,A1,00,00,00,
33826000,14225B9A,true,Rx,0,8,42,27,E8,D2,27,0F,BF,DF,
0,00000420,false,Rx,0,8,8B,08,42,16,A1,84,F0,9F,
0,00000214,false,Rx,0,5,84,74,01,09,08,00,00,00,
33826000,14225B8A,true,Rx,0,8,42,27,E8,D2,27,0F,BF,DF,
33826000,14225B8A,true,Rx,0,8,42,27,E8,D2,27,0F,BF,DF,
0,00000214,true,Rx,0,5,84,74,01,09,08,00,00,00,
33826000,14225B8A,true,Rx,0,8,42,27,E8,D2,27,0F,BF,DF,
33826000,14225B8A,true,Rx,0,8,42,27,E8,D2,27,0F,BF,8F,
34257000,1C222842,true,Rx,0,8,5D,10,84,21,7B,0A,BF,8F,
0,00000214,true,Rx,0,5,84,74,01,09,08,00,00,00,
34257000,1C222842,true,Rx,0,8,5D,10,84,21,7B,0A,BF,8F,
0,0422222C,true,Rx,0,0,00,00,00,00,00,00,00,00,
33826000,14225B8A,true,Rx,0,8,42,27,E8,D2,27,0F,BF,9F,
34257000,1C222842,true,Rx,0,8,5D,10,84,21,7B,0A,BF,9F,
33826000,14225B9A,true,Rx,0,8,42,27,84,21,7B,0A,BF,8F,
33826000,14225B9A,true,Rx,0,8,42,27,84,21,7B,0A,BF,8F,
34257000,1C222842,true,Rx,0,8,5D,10,84,21,7B,0A,BF,9F,
0,00000420,true,Rx,0,8,8B,08,42,16,A1,84,F0,9F,
742000,00000420,false,Rx,0,8,8B,08,42,16,A1,84,F0,9F,
33826000,14225B8A,true,Rx,0,8,42,27,E8,D2,27,0F,BF,8F,
34257000,1C222842,true,Rx,0,8,5D,10,84,21,7B,0A,BF,8F,
0,00000420,true,Rx,0,8,8B,08,42,16,A1,84,BF,9F,
34257000,1C222842,true,Rx,0,8,5D,10,84,21,7B,0A,BF,8F,
33826000,14225B8A,true,Rx,0,8,42,27,E8,D2,27,0F,BF,DF,
0,00000420,true,Rx,0,8,8B,08,42,16,A1,84,BF,9F,
0,00000100,false,Rx,0,8,8B,08,42,16,A1,84,BF,9F,
34257000,1C222842,true,Rx,0,8,5D,10,84,21,7B,0A,BF,8F,
0,0422222C,true,Rx,0,0,00,00,00,00,00,00,00,00,
33826000,14225B8A,true,Rx,0,8,42,27,E8,D2,27,0F,BF,9F,
0,0422222C,true,Rx,0,0,00,00,00,00,00,00,00,00,
49034000,06DABF8A,true,Rx,0,8,42,27,E8,D2,27,0F,BF,9F,
33826000,14225B8A,true,Rx,0,8,42,27,E8,D2,27,0F,BF,DF,
33826000,14225B8A,true,Rx,0,8,42,27,E8,D2,27,0F,BF,DF,
0,00000510,true,Rx,0,8,5D,10,84,21,7B,0A,BF,8F,
0,0422210C,true,Rx,0,0,00,00,00,00,00,00,00,00,
0,0422210C,true,Rx,0,0,00,00,00,00,00,00,00,00,
33826000,14225B8A,true,Rx,0,8,42,27,E8,D2,27,0F,BF,DF,
33826000,14225B9A,true,Rx,0,8,42,27,E8,D2,27,0F,BF,DF,
33826000,14225B9A,true,Rx,0,8,42,27,E8,D2,27,0F,BF,DF,
0,0422210C,true,Rx,0,0,00,00,00,00,00,00,00,00,
33826000,14225B8A,true,Rx,0,8,42,27,E8,D2,27,0F,BF,8F,
34257000,1C222842,true,Rx,0,8,5D,10,84,21,7B,0A,BF,8F,
49034000,041ABF8A,true,Rx,0,8,42,27,E8,D2,27,0F,BF,9F,
34257000,1C222842,true,Rx,0,8,5D,10,84,21,7B,0A,BF,8F,
0,0422212C,true,Rx,0,0,00,00,00,00,00,00,00,00,
0,0422212C,true,Rx,0,0,00,00,00,00,00,00,00,00,
34257000,1C222842,true,Rx,0,8,5D,10,84,21,7B,0A,BF,8F,
33826000,14225B8A,true,Rx,0,8,42,27,E8,D2,27,0F,BF,8F,
0,0422212C,true,Rx,0,0,00,00,00,00,00,00,00,00,
33826000,14225B8A,true,Rx,0,8,42,27,E8,D2,27,0F,BF,DF,
12098000,10AD2F42,true,Rx,0,8,5D,10,84,21,7B,0A,BF,8F,
0,0422212C,true,Rx,0,0,00,00,00,00,00,00,00,00,
0,0422212C,true,Rx,0,0,00,00,00,00,00,00,00,00,
33826000,14225B8A,true,Rx,0,8,42,27,E8,D2,27,0F,BF,DF,
33826000,14225B9A,true,Rx,0,8,42,27,E8,D2,27,0F,BF,DF,
33826000,14225B9A,true,Rx,0,8,42,27,E8,D2,27,0F,BF,DF,
0,0422212C,true,Rx,0,0,00,00,00,00,00,00,00,00,
33826000,14225B8A,true,Rx,0,8,42,27,E8,D2,27,0F,BF,9F,
33826000,14225B8A,true,Rx,0,8,42,27,E8,D2,27,0F,BF,9F,
0,00000102,true,Rx,0,2,5D,10,00,00,00,00,00,00,
33826000,14225B8A,true,Rx,0,8,42,27,E8,D2,27,0F,BF,9F,
0,0422212C,true,Rx,0,0,00,00,00,00,00,00,00,00,
0,0C02212C,true,Rx,0,0,00,00,00,00,00,00,00,00,
0,0C02212C,true,Rx,0,0,00,00,00,00,00,00,00,00,
33826000,14225B8A,true,Rx,0,8,42,27,E8,D2,27,0F,BF,8F,
33826000,14225B8A,true,Rx,0,8,42,27,E8,D2,27,0F,BF,8F,
0,0C02212C,true,Rx,0,0,00,00,00,00,00,00,00,00,
33826000,14225B8A,true,Rx,0,8,42,27,E8,D2,27,0F,BF,8F,
33826000,14225B8A,true,Rx,0,8,42,27,E8,D2,27,0F,BF,9F,
34290000,1C223842,true,Rx,0,8,5F,21,08,42,F7,1A,1D,9F,
33825000,04221716,true,Rx,0,8,42,16,A1,84,68,42,55,8F,
33825000,04221716,true,Rx,0,8,42,16,A1,84,68,42,55,8F,
33826000,14225B9A,true,Rx,0,8,42,27,08,42,F7,1A,1D,9F,
33826000,14225B9A,true,Rx,0,8,42,27,08,42,F7,1A,1D,9F,
0,0C02212C,true,Rx,0,0,00,00,00,00,00,00,00,00,
33826000,14225B8A,true,Rx,0,8,42,27,E8,D2,27,0F,BF,DF,
34257000,1C222842,true,Rx,0,8,5D,10,84,21,7B,0A,BF,DF,
33825000,04021716,true,Rx,0,8,42,16,A1,84,68,42,BF,8F,
34257000,1C222842,true,Rx,0,8,5D,10,84,21,7B,0A,BF,DF,
33825000,04221716,true,Rx,0,8,42,16,A1,84,68,42,55,9F,
33825000,04221716,true,Rx,0,8,42,16,A1,84,68,42,55,9F,
33826000,14225B8A,true,Rx,0,8,42,27,E8,D2,27,0F,BF,DF,
34257000,1C222842,true,Rx,0,8,5D,10,84,21,7B,0A,BF,DF,
33825000,04221716,true,Rx,0,8,42,16,A1,84,68,42,BF,9F,
34257000,1C222842,true,Rx,0,8,5D,10,84,21,7B,0A,BF,DF,
33826000,14225B8A,true,Rx,0,8,42,27,E8,D2,27,0F,BF,8F,
34290000,1C223842,true,Rx,0,8,5F,21,08,42,F7,1A,1D,8F,
33825000,04221716,true,Rx,0,8,42,16,A1,84,68,42,55,DF,
33825000,04221716,true,Rx,0,8,42,16,A1,84,68,42,55,DF,
33826000,14225B9A,true,Rx,0,8,42,27,08,42,F7,1A,1D,8F,
33825000,04221716,true,Rx,0,8,42,16,A1,84,68,42,55,DF,
33825000,04021716,true,Rx,0,8,42,16,A1,84,68,42,55,DF,
33826000,14225B8A,true,Rx,0,8,42,27,E8,D2,27,0F,1D,8F,
33826000,14225B8A,true,Rx,0,8,42,27,E8,D2,27,0F,1D,8F,
33825000,04021716,true,Rx,0,8,42,16,A1,84,68,42,BF,DF,
33826000,14225B8A,true,Rx,0,8,42,27,E8,D2,27,0F,1D,8F,
33825000,04221716,true,Rx,0,8,42,16,A1,84,68,42,55,9F,
33825000,04221716,true,Rx,0,8,42,16,A1,84,68,42,55,9F,
33826000,14225B8A,true,Rx,0,8,42,27,E8,D2,27,0F,1D,8F,
33826000,14225B8A,true,Rx,0,8,42,27,E8,D2,27,0F,1D,8F,
33825000,04221716,true,Rx,0,8,42,16,A1,84,68,42,BF,9F,
33826000,14225B8A,true,Rx,0,8,42,27,E8,D2,27,0F,1D,8F,
935000,02187080,true,Rx,0,1,13,00,00,00,00,00,00,00,
33826000,14225B8A,true,Rx,0,8,42,27,E8,D2,27,0F,BF,DF,
33826000,14225B8A,true,Rx,0,8,42,27,E8,D2,27,0F,BF,8F,
33826000,14225B8A,true,Rx,0,8,42,27,E8,D2,27,0F,BF,DF,
33826000,14225B8A,true,Rx,0,8,42,27,E8,D2,27,0F,BF,DF,
33826000,14225B9A,true,Rx,0,8,42,27,A1,84,68,42,BF,9F,
33826000,14225B9A,true,Rx,0,8,42,27,A1,84,68,42,BF,9F,
33826000,14225B8A,true,Rx,0,8,42,27,E8,D2,27,0F,BF,DF,
951000,14225B9A,true,Rx,0,8,42,27,A1,84,68,42,BF,9F,
33826000,14225B8A,true,Rx,0,8,42,27,E8,D2,27,0F,BF,8F,
33826000,14225B8A,true,Rx,0,8,42,27,E8,D2,27,0F,BF,DF,
33826000,04025B8A,true,Rx,0,8,42,27,E8,D2,27,0F,BF,DF,
264000,04220458,true,Rx,0,1,08,00,00,00,00,00,00,00,
264000,0C020458,true,Rx,0,1,08,00,00,00,00,00,00,00,
34257000,1C222842,true,Rx,0,8,5D,10,84,21,7B,0A,BF,8F,
33826000,14225B8A,true,Rx,0,8,42,27,E8,D2,27,0F,BF,9F,
34257000,1C222842,true,Rx,0,8,5D,10,84,21,7B,0A,BF,9F,
33826000,04025B8A,true,Rx,0,8,42,27,E8,D2,27,0F,BF,DF,
972000,1C222842,true,Rx,0,8,5D,10,84,21,7B,0A,BF,9F,
33826000,14225B8A,true,Rx,0,8,42,27,E8,D2,27,0F,BF,8F,
34257000,1C222842,true,Rx,0,8,5D,10,84,21,79,4A,BF,8F,
264000,04220458,true,Rx,0,1,08,00,00,00,00,00,00,00,
264000,04220458,true,Rx,0,1,08,00,00,00,00,00,00,00,
34257000,1C222842,true,Rx,0,8,5D,10,84,21,79,4A,BF,8F,
33826000,14225B9A,true,Rx,0,8,42,27,84,21,7B,0A,BF,9F,
33826000,14225B9A,true,Rx,0,8,42,27,84,21,7B,0A,BF,9F,
33826000,04025B8A,true,Rx,0,8,42,27,E8,D2,27,0F,BF,DF,
33826000,14225B9A,true,Rx,0,8,42,27,84,21,7B,0A,BF,9F,
33826000,14225B8A,true,Rx,0,8,42,27,E8,D2,27,0F,BF,8F,
33826000,14225B8A,true,Rx,0,8,42,27,E8,D2,27,0F,BF,8F,
33826000,04025B8A,true,Rx,0,8,42,27,E8,D2,27,0F,BF,DF,
33826000,14225B8A,true,Rx,0,8,42,27,E8,D2,27,0F,BF,8F,
0,00000420,false,Rx,0,6,8B,08,42,16,A1,84,00,00,
0,00000300,false,Rx,0,6,8B,08,42,16,A1,84,00,00,
33826000,14225B8A,true,Rx,0,8,42,27,E8,D2,27,0F,BF,8F,
33826000,14225B8A,true,Rx,0,8,42,27,E8,D2,27,0F,BF,9F,
0,00000510,true,Rx,0,8,42,27,E8,D2,27,0F,BF,DF,
0,00000100,true,Rx,0,8,42,27,E8,D2,27,0F,BF,DF,
33826000,14225B8A,true,Rx,0,8,42,27,E8,D2,27,0F,BF,8F,
33826000,14225B8A,true,Rx,0,8,42,27,E8,D2,27,0F,BF,9F,
0,00000100,true,Rx,0,8,42,27,E8,D2,27,0F,BF,DF,
0,0422222C,true,Rx,0,0,00,00,00,00,00,00,00,00,
33826000,14225B9A,true,Rx,0,8,42,27,E8,D2,27,0F,BF,9F,
33826000,14225B9A,true,Rx,0,8,42,27,E8,D2,27,0F,BF,9F,
0,0422222C,true,Rx,0,0,00,00,00,00,00,00,00,00,
33826000,14225B9A,true,Rx,0,8,42,27,E8,D2,27,0F,BF,9F,
33826000,14225B8A,true,Rx,0,8,42,27,E8,D2,27,0F,BF,8F,
34257000,1C222842,true,Rx,0,8,5D,10,84,21,7B,0A,BF,8F,
0,0422222C,true,Rx,0,0,00,00,00,00,00,00,00,00,
0,00000420,false,Rx,0,8,8B,08,42,16,A1,84,F0,9F,
0,00000420,false,Rx,0,8,8B,08,42,16,A1,84,F0,9F,
33826000,14225B8A,true,Rx,0,8,42,27,E8,D2,27,0F,BF,8F,
0,00000420,true,Rx,0,8,8B,08,42,16,A1,84,BF,9F,
54000,00000100,false,Rx,0,8,8B,08,42,16,A1,84,BF,9F,
0,0422222C,true,Rx,0,0,00,00,00,00,00,00,00,00,
33826000,14225B8A,true,Rx,0,8,42,27,E8,D2,27,0F,BF,8F,
34257000,1C222842,true,Rx,0,8,5D,10,84,21,7B,0A,BF,8F,
0,0422222C,true,Rx,0,0,00,00,00,00,00,00,00,00,
33826000,14225B8A,true,Rx,0,8,42,27,84,21,7B,0A,BF,8F,
33826000,14225B8A,true,Rx,0,8,42,27,84,21,7B,0A,BF,8F,
0,0422222C,true,Rx,0,0,00,00,00,00,00,00,00,00,
33826000,14225B9A,true,Rx,0,8,42,27,E8,D2,27,0F,BF,DF,
33826000,14225B9A,true,Rx,0,8,42,27,E8,D2,27,0F,BF,DF,
33826000,14225B8A,true,Rx,0,8,42,27,84,21,7B,0A,BF,8F,
0,00000420,false,Rx,0,8,8B,08,42,16,A1,84,F0,9F,
0,00000300,false,Rx,0,8,8B,08,42,16,A1,84,F0,9F,
33826000,14225B8A,true,Rx,0,8,42,27,E8,D2,27,0F,BF,DF,
33826000,14225B8A,true,Rx,0,8,42,27,E8,D2,27,0F,BF,DF,
0,00000300,true,Rx,0,8,8B,08,42,16,A1,84,BF,9F,
33826000,14225B8A,true,Rx,0,8,42,27,E8,D2,27,0F,BF,DF,
33826000,14225B8A,true,Rx,0,8,42,27,E8,D2,27,0F,BF,9F,
0,00000300,true,Rx,0,8,8B,08,42,16,A1,84,BF,9F,
0,0422212C,true,Rx,0,0,00,00,00,00,00,00,00,00,
0,0422212C,true,Rx,0,0,00,00,00,00,00,00,00,00,
33826000,14225B8A,true,Rx,0,8,42,27,E8,D2,27,0F,BF,DF,
33826000,14225B8A,true,Rx,0,8,42,27,E8,D2,27,0F,BF,DF,
33826000,14225B8A,true,Rx,0,8,42,27,E8,D2,27,0F,BF,DF,
33826000,14225B9A,true,Rx,0,8,42,27,42,16,A1,84,BF,9F,
33826000,14225B9A,true,Rx,0,8,42,27,42,16,A1,84,BF,9F,
33826000,14225B8A,true,Rx,0,8,42,27,E8,D2,27,0F,BF,DF,
33826000,14225B9A,true,Rx,0,8,42,27,42,16,A1,84,BF,9F,
33826000,14225B9A,true,Rx,0,8,42,27,42,16,A1,84,BF,9F,
33826000,14225B8A,true,Rx,0,8,42,27,E8,D2,27,0F,BF,9F,
34257000,1C222842,true,Rx,0,8,5D,10,84,21,7B,0A,BF,9F,
33826000,14225B9A,true,Rx,0,8,42,27,42,16,A1,84,BF,9F,
131000,1C222842,true,Rx,0,8,5D,10,84,21,7B,0A,BF,9F,
33826000,14225B8A,true,Rx,0,8,42,27,E8,D2,27,0F,BD,DF,
33826000,14225B9A,true,Rx,0,8,42,27,42,16,A1,84,BF,9F,
33826000,04025B9A,true,Rx,0,8,42,27,42,16,A1,84,BF,9F,
0,0422212C,true,Rx,0,0,00,00,00,00,00,00,00,00,
0,0422212C,true,Rx,0,0,00,00,00,00,00,00,00,00,
34257000,1C222842,true,Rx,0,8,5D,10,84,21,7B,0A,BD,DF,
33826000,14225B8A,true,Rx,0,8,42,27,E8,D2,27,0F,BD,DF,
33826000,14225B8A,true,Rx,0,8,42,27,E8,D2,27,0F,BD,DF,
33826000,14225B9A,true,Rx,0,8,42,27,84,21,7B,0A,BF,9F,
33826000,14225B9A,true,Rx,0,8,42,27,84,21,7B,0A,BF,9F,
33826000,14225B8A,true,Rx,0,8,42,27,E8,D2,27,0F,BD,DF,
33826000,14225B9A,true,Rx,0,8,42,27,84,21,7B,0A,BF,9F,
33826000,14225B9A,true,Rx,0,8,42,27,84,21,7B,0A,BF,9F,
33826000,14225B8A,true,Rx,0,8,42,27,E8,D2,27,0F,BF,9F,
33826000,14225B8A,true,Rx,0,8,42,27,E8,D2,27,0F,BF,9F,
33826000,14225B9A,true,Rx,0,8,42,27,84,21,7B,0A,BF,9F,
33826000,14225B8A,true,Rx,0,8,42,27,E8,D2,27,0F,BF,9F,
33826000,14225B8A,true,Rx,0,8,42,27,E8,D2,27,0F,BD,DF,
33826000,14225B8A,true,Rx,0,8,42,27,E8,D2,27,0F,BD,DF,
33826000,14225B9A,true,Rx,0,8,42,27,84,21,7B,0A,BF,9F,
33826000,14225B8A,true,Rx,0,8,42,27,E8,D2,27,0F,BD,DF,
33825000,04221716,true,Rx,0,8,42,16,A1,84,68,42,55,9F,
33825000,04221716,true,Rx,0,8,42,16,A1,84,68,42,55,9F,
33826000,14225B8A,true,Rx,0,8,42,27,E8,D2,27,0F,BD,DF,
33825000,04221716,true,Rx,0,8,42,16,A1,84,68,42,BF,9F,
33826000,14225B9A,true,Rx,0,8,42,27,84,21,7B,0A,BF,9F,
33826000,14225B9A,true,Rx,0,8,42,27,84,21,7B,0A,BF,9F,
0,00000442,true,Rx,0,5,42,16,A1,84,68,00,00,00,
33826000,14225B9A,true,Rx,0,8,42,27,84,21,7B,0A,BF,9F,
0,00000420,false,Rx,0,3,8B,08,42,00,00,00,00,00,
0,00000420,false,Rx,0,3,8B,08,42,00,00,00,00,00,
33826000,14225B9A,true,Rx,0,8,42,27,84,21,7B,0A,BF,9F,
33826000,14225B8A,true,Rx,0,8,42,27,E8,D2,27,0F,BD,DF,
0,00000442,false,Rx,0,5,42,16,A1,84,68,00,00,00,
34257000,1C222842,true,Rx,0,8,5D,10,84,21,7B,0A,BD,DF,
33826000,14225B9A,true,Rx,0,8,42,27,84,21,7B,0A,BF,9F,
33826000,14225B8A,true,Rx,0,8,42,27,E8,D2,27,0F,BF,9F,
34257000,1C222842,true,Rx,0,8,5D,10,84,21,7B,0A,BF,9F,
34257000,1C222842,true,Rx,0,8,5D,10,84,21,7B,0A,BF,DF,
221000,1C222842,true,Rx,0,8,5D,10,84,21,7B,0A,BF,9F,
33825000,04221716,true,Rx,0,8,42,16,A1,84,68,42,55,9F,
33825000,04221716,true,Rx,0,8,42,16,A1,84,68,42,55,9F,
33826000,14225B8A,true,Rx,0,8,42,27,E8,D2,27,0F,BF,9F,
34257000,1C222842,true,Rx,0,8,5D,10,84,21,79,4B,05,9F,
33826000,14225B9A,true,Rx,0,8,42,27,84,21,7B,0A,BF,DF,
33826000,14225B9A,true,Rx,0,8,42,27,84,21,7B,0A,BF,DF,
33825000,04221716,true,Rx,0,8,42,16,A1,84,68,42,BF,9F,
33826000,14225B9A,true,Rx,0,8,42,27,84,21,7B,0A,BF,DF,
0,00000420,true,Rx,0,3,8B,08,42,00,00,00,00,00,
246000,00000214,false,Rx,0,5,84,74,01,09,08,00,00,00,
33826000,14225B8A,true,Rx,0,8,42,27,E8,D2,27,0F,BF,9F,
0,00000214,true,Rx,0,5,84,74,01,09,08,00,00,00,
0,00000104,true,Rx,0,5,84,74,01,09,08,00,00,00,
33826000,14225B9A,true,Rx,0,8,42,27,84,21,7B,0A,BF,DF,
33826000,14225B8A,true,Rx,0,8,42,27,E8,D2,27,0F,BF,9F,
33826000,14225B8A,true,Rx,0,8,42,27,E8,D2,27,0F,BF,9F,
33826000,14225B8A,true,Rx,0,8,42,27,E8,D2,27,0F,BF,9F,
33826000,14225B8A,true,Rx,0,8,42,27,E8,D2,27,0F,BF,9F,
264000,04220458,true,Rx,0,1,08,00,00,00,00,00,00,00,
264000,04220458,true,Rx,0,1,08,00,00,00,00,00,00,00,
33826000,14225B8A,true,Rx,0,8,42,27,E8,D2,27,0F,BF,9F,
33826000,14225B8A,true,Rx,0,8,42,27,E8,D2,27,0F,BF,DF,
33826000,14225B8A,true,Rx,0,8,42,27,E8,D2,27,0F,BF,9F,
33826000,14225B8A,true,Rx,0,8,42,27,E8,D2,27,0F,BF,DF,
33826000,14225B8A,true,Rx,0,8,42,27,E8,D2,27,0F,BF,DF,
33826000,04025B9A,true,Rx,0,8,42,27,E8,D2,27,0F,BF,9F,
0,00000420,false,Rx,0,6,8B,08,42,16,A1,84,00,00,
33826000,14225B8A,true,Rx,0,8,42,27,E8,D2,27,0F,BF,9F,
0,00000420,true,Rx,0,6,8B,08,42,16,A1,84,00,00,
0,00000100,true,Rx,0,6,8B,08,42,16,A1,84,00,00,
33826000,14225B8A,true,Rx,0,8,42,27,E8,D2,27,0F,BF,DF,
33826000,14225B8A,true,Rx,0,8,42,27,E8,D2,27,0F,BF,9F,
34257000,1C222842,true,Rx,0,8,5D,10,84,21,7B,0A,BF,9F,
34257000,1C222842,true,Rx,0,8,5D,10,84,21,7B,0A,BF,9F,
34257000,1C222842,true,Rx,0,8,5D,10,84,21,7B,0A,BF,9F,
264000,04220458,true,Rx,0,1,08,00,00,00,00,00,00,00,
264000,04220458,true,Rx,0,1,08,00,00,00,00,00,00,00,
34257000,1C222842,true,Rx,0,8,5D,10,84,21,7B,0A,BF,9F,
33826000,14225B8A,true,Rx,0,8,42,27,E8,D2,27,0F,BF,DF,
34257000,1C222842,true,Rx,0,8,5D,10,84,21,7B,0A,BF,DF,
33826000,14225B9A,true,Rx,0,8,42,27,84,21,7B,0A,BF,9F,
33826000,14225B9A,true,Rx,0,8,42,27,84,21,7B,0A,BF,9F,
34257000,1C222842,true,Rx,0,8,5D,10,84,21,7B,0A,BF,9F,
33826000,14225B9A,true,Rx,0,8,42,27,84,21,7B,0A,BF,9F,
264000,04220458,true,Rx,0,1,08,00,00,00,00,00,00,00,
0,00000214,true,Rx,0,5,84,74,01,09,08,00,00,00,
33826000,14225B8A,true,Rx,0,8,42,27,84,21,7B,0A,BF,9F,
33826000,14225B8A,true,Rx,0,8,42,27,84,21,7B,0A,BF,9F,
0,00000214,true,Rx,0,5,84,74,01,09,08,00,00,00,
33826000,14225B8A,true,Rx,0,8,42,27,84,21,7B,0A,BF,9F,
33826000,14225B8A,true,Rx,0,8,42,27,E8,D2,27,0F,BF,9F,
33826000,14225B8A,true,Rx,0,8,42,27,E8,D2,27,0F,BF,9F,
0,00000214,false,Rx,0,5,84,74,01,09,08,00,00,00,
33826000,14225B8A,true,Rx,0,8,42,27,E8,D2,27,0F,BF,9F,
0,0422222C,true,Rx,0,0,00,00,00,00,00,00,00,00,
33826000,14225B8A,true,Rx,0,8,42,27,E8,D2,27,0F,BF,DF,
0,0422222C,true,Rx,0,0,00,00,00,00,00,00,00,00,
33826000,14225B8A,true,Rx,0,8,42,27,84,21,7B,0A,BF,9F,
33826000,14225B8A,true,Rx,0,8,42,27,84,21,7B,0A,BF,9F,
0,00000510,true,Rx,0,8,42,27,E8,D2,27,0F,BF,9F,
0,0422222C,true,Rx,0,0,00,00,00,00,00,00,00,00,
33826000,14225B9A,true,Rx,0,8,42,27,E8,D2,27,0F,BF,9F,
34257000,1C222842,true,Rx,0,8,5D,10,84,21,7B,0A,BF,9F,
0,00000442,true,Rx,0,5,42,27,E8,D2,27,00,00,00,
33826000,14225B8A,true,Rx,0,8,42,27,E8,D2,27,0F,BF,9F,
34257000,1C222842,true,Rx,0,8,5D,10,84,21,7B,0A,BF,9F,
0,00000442,true,Rx,0,5,42,27,E8,D2,27,00,00,00,
34257000,1C222842,true,Rx,0,8,5D,10,84,21,7B,0A,BF,9F,
0,0422222C,true,Rx,0,0,00,00,00,00,00,00,00,00,
33826000,14225B8A,true,Rx,0,8,42,27,E8,D2,27,0F,BF,DF,
34257000,1C222842,true,Rx,0,8,5D,10,84,21,7B,0A,BF,DF,
33826000,14225B8A,true,Rx,0,8,42,27,E8,D2,27,0F,BF,9F,
33826000,14225B8A,true,Rx,0,8,42,27,E8,D2,27,0F,BF,9F,
0,0422222C,true,Rx,0,0,00,00,00,00,00,00,00,00,
33826000,14225B9A,true,Rx,0,8,42,27,E8,D2,27,0F,BF,9F,
33826000,14225B9A,true,Rx,0,8,42,27,E8,D2,27,0F,BF,9F,
0,0422222C,true,Rx,0,0,00,00,00,00,00,00,00,00,
33826000,14225B8A,true,Rx,0,8,42,27,E8,D2,27,0F,BF,DF,
33826000,14225B8A,true,Rx,0,8,42,27,E8,D2,27,0F,BF,DF,
0,0402222C,true,Rx,0,0,00,00,00,00,00,00,00,00,
33826000,14225B8A,true,Rx,0,8,42,27,E8,D2,27,0F,BF,DF,
0,0422212C,true,Rx,0,0,00,00,00,00,00,00,00,00,
0,0422212C,true,Rx,0,0,00,00,00,00,00,00,00,00,
0,0422212C,true,Rx,0,0,00,00,00,00,00,00,00,00,
33826000,14225B8A,true,Rx,0,8,42,27,E8,D2,27,0F,BF,DF,
33826000,14225B8A,true,Rx,0,8,42,27,E8,D2,27,0F,BF,9F,
0,0422212C,true,Rx,0,0,00,00,00,00,00,00,00,00,
0,0402212C,true,Rx,0,0,00,00,00,00,00,00,00,00,
33826000,14225B8A,true,Rx,0,8,42,27,E8,D2,27,0F,BF,DF,
33826000,14225B8A,true,Rx,0,8,42,27,E8,D2,27,0F,BF,9F,
34290000,1C223842,true,Rx,0,8,5F,21,08,42,F7,1A,1D,9F,
34290000,1C223842,true,Rx,0,8,5F,21,08,42,F7,1A,1D,9F,
34290000,1C223842,true,Rx,0,8,5F,21,08,42,F7,1A,1D,9F,
33826000,14225B9A,true,Rx,0,8,42,27,E8,D2,27,0F,BF,DF,
33826000,14225B9A,true,Rx,0,8,42,27,E8,D2,27,0F,BF,DF,
33826000,14225B9A,true,Rx,0,8,42,27,E8,D2,27,0F,BF,DF,
33826000,14225B8A,true,Rx,0,8,42,27,E8,D2,27,0F,1D,9F,
34257000,1C222842,true,Rx,0,8,5D,10,84,21,7B,0A,1D,9F,
33826000,14225B9A,true,Rx,0,8,42,27,E8,D2,27,0F,BF,DF,
34257000,1C222842,true,Rx,0,8,5D,10,84,21,7B,0A,1D,9F,
0,0422212C,true,Rx,0,0,00,00,00,00,00,00,00,00,
33826000,14225B9A,true,Rx,0,8,42,27,E8,D2,27,0F,BF,DF,
34257000,1C222842,true,Rx,0,8,5D,10,84,21,7B,0A,1D,9F,
0,0422212C,true,Rx,0,0,00,00,00,00,00,00,00,00,
33826000,14225B8A,true,Rx,0,8,42,27,E8,D2,27,0F,BF,DF,
34257000,1C222842,true,Rx,0,8,5D,10,84,21,7B,0A,BF,9F,
34257000,04022842,true,Rx,0,8,5D,10,84,21,7B,0A,BF,9F,
33826000,14225B8A,true,Rx,0,8,42,27,E8,D2,27,0F,BF,9F,
33826000,14225B8A,true,Rx,0,8,42,27,E8,D2,27,0F,BF,9F,
0,0422212C,true,Rx,0,0,00,00,00,00,00,00,00,00,
0,0C02212C,true,Rx,0,0,00,00,00,00,00,00,00,00,
0,0C02212C,true,Rx,0,0,00,00,00,00,00,00,00,00,
33826000,14225B9A,true,Rx,0,8,42,27,84,21,7B,0A,BF,9F,
33826000,14225B9A,true,Rx,0,8,42,27,84,21,7B,0A,BF,9F,
0,0C02212C,true,Rx,0,0,00,00,00,00,00,00,00,00,
33826000,14225B9A,true,Rx,0,8,42,27,84,21,7B,0A,BF,9F,
33826000,14225B8A,true,Rx,0,8,42,27,E8,D2,27,0F,BF,9F,
33826000,14225B8A,true,Rx,0,8,42,27,E8,D2,27,0F,BF,9F,
0,0C02212C,true,Rx,0,0,00,00,00,00,00,00,00,00,
33826000,14225B8A,true,Rx,0,8,42,27,E8,D2,27,0F,BF,9F,
33825000,04221716,true,Rx,0,8,42,16,A1,84,68,42,55,9F,
33825000,04221716,true,Rx,0,8,42,16,A1,84,68,42,55,9F,
33826000,14225B8A,true,Rx,0,8,42,27,E8,D2,27,0F,BF,9F,
33826000,14225B8A,true,Rx,0,8,42,27,E8,D2,27,0F,BF,9F,
33825000,04221716,true,Rx,0,8,42,16,A1,84,68,42,BF,9F,
512000,14225B8A,true,Rx,0,8,42,27,E8,D2,27,0F,BF,9F,
33826000,14225B8A,true,Rx,0,8,42,27,E8,D2,27,0F,BF,DF,
34257000,1C222842,true,Rx,0,8,5D,10,84,21,79,4B,05,DF,
33825000,04221716,true,Rx,0,8,42,16,A1,84,68,42,55,9F,
33825000,04221716,true,Rx,0,8,42,16,A1,84,68,42,55,9F,
33826000,14225B9A,true,Rx,0,8,42,27,84,21,79,4B,05,DF,
33826000,14225B9A,true,Rx,0,8,42,27,84,21,79,4B,05,DF,
33825000,04221716,true,Rx,0,8,42,16,A1,84,68,42,BF,9F,
33826000,14225B8A,true,Rx,0,8,42,27,E8,D2,27,0F,BF,9F,
33825000,04021716,true,Rx,0,8,42,16,A1,84,68,42,BF,9F,
33825000,04021716,true,Rx,0,8,42,16,A1,84,68,42,BF,9F,
0,00000420,false,Rx,0,3,8B,08,42,00,00,00,00,00,
0,00000420,false,Rx,0,3,8B,08,42,00,00,00,00,00,
34257000,1C222842,true,Rx,0,8,5D,10,84,21,7B,0A,BF,9F,
33826000,14225B8A,true,Rx,0,8,42,27,E8,D2,27,0F,BF,9F,
34257000,1C222842,true,Rx,0,8,5D,10,84,21,7B,0A,BF,9F,
33825000,04021716,true,Rx,0,8,42,16,A1,84,68,42,BF,9F,
553000,1C222842,true,Rx,0,8,5D,10,84,21,7B,0A,BF,9F,
33826000,14225B8A,true,Rx,0,8,42,27,E8,D2,27,0F,05,DF,
33826000,14225B8A,true,Rx,0,8,42,27,E8,D2,27,0F,05,DF,
33825000,04221716,true,Rx,0,8,42,16,A1,84,68,42,55,9F,
33825000,04221716,true,Rx,0,8,42,16,A1,84,68,42,55,9F,
33826000,14225B9A,true,Rx,0,8,42,27,E8,D2,27,0F,05,DF,
33826000,14225B9A,true,Rx,0,8,42,27,E8,D2,27,0F,05,DF,
33825000,04221716,true,Rx,0,8,42,16,A1,84,68,42,55,9F,
33826000,14225B9A,true,Rx,0,8,42,27,E8,D2,27,0F,05,DF,
33826000,14225B8A,true,Rx,0,8,42,27,E8,D2,27,0F,BF,9F,
33826000,14225B8A,true,Rx,0,8,42,27,E8,D2,27,0F,BF,9F,
33825000,04221716,true,Rx,0,8,42,16,A1,84,68,42,BF,9F,
582000,14225B8A,true,Rx,0,8,42,27,E8,D2,27,0F,BF,9F,
0,00000420,false,Rx,0,6,8B,08,42,16,A1,84,00,00,
33826000,14225B8A,true,Rx,0,8,42,27,E8,D2,27,0F,05,DF,
0,00000510,false,Rx,0,8,42,16,A1,84,68,42,BF,9F,
0,00000100,false,Rx,0,8,42,16,A1,84,68,42,BF,9F,
33826000,14225B8A,true,Rx,0,8,42,27,E8,D2,27,0F,BF,9F,
33826000,14225B8A,true,Rx,0,8,42,27,E8,D2,27,0F,05,DF,
34257000,1C222842,true,Rx,0,8,5D,10,84,21,7B,0A,05,DF,
34257000,1C222842,true,Rx,0,8,5D,10,84,21,7B,0A,05,DF,
34257000,0C022842,true,Rx,0,8,5D,10,84,21,7B,0A,05,DF,
33826000,14225B9A,true,Rx,0,8,42,27,E8,D2,27,0F,BF,9F,
33826000,14225B9A,true,Rx,0,8,42,27,E8,D2,27,0F,BF,9F,
34257000,0C022842,true,Rx,0,8,5D,10,84,21,7B,0A,05,DF,
33826000,14225B9A,true,Rx,0,8,42,27,E8,D2,27,0F,BF,9F,
33826000,14225B9A,true,Rx,0,8,42,27,A1,84,68,42,BF,9F,
34257000,1C222842,true,Rx,0,8,5D,10,84,21,7B,0A,BF,9F,
34257000,0C022842,true,Rx,0,8,5D,10,84,21,7B,0A,05,DF,
0,00000420,true,Rx,0,6,8B,08,42,16,A1,84,00,00,
33826000,14225B8A,true,Rx,0,8,42,27,E8,D2,27,0F,BF,9F,
0,00000510,true,Rx,0,8,5D,10,84,21,7B,0A,BF,DF,
0,00000100,true,Rx,0,8,5D,10,84,21,7B,0A,BF,DF,
34257000,1C222842,true,Rx,0,8,5D,10,84,21,7B,0A,BF,9F,
33826000,14225B8A,true,Rx,0,8,42,27,E8,D2,27,0F,BF,9F,
0,00000100,true,Rx,0,8,5D,10,84,21,7B,0A,BF,DF,
264000,04220458,true,Rx,0,1,08,00,00,00,00,00,00,00,
264000,0C020458,true,Rx,0,1,08,00,00,00,00,00,00,00,
34257000,1C222842,true,Rx,0,8,5D,10,84,21,7B,0A,BF,9F,
33826000,14225B8A,true,Rx,0,8,42,27,E8,D2,27,0F,BF,9F,
33826000,14225B8A,true,Rx,0,8,42,27,E8,D2,27,0F,BF,9F,
33826000,14225B9A,true,Rx,0,8,42,27,84,21,7B,0A,BF,9F,
33826000,14225B9A,true,Rx,0,8,42,27,84,21,7B,0A,BF,9F,
0,00000442,true,Rx,0,6,5D,10,84,21,7B,0A,00,00,
33826000,14225B9A,true,Rx,0,8,42,27,84,21,7B,0A,BF,9F,
0,00000420,false,Rx,0,8,8B,08,42,16,A1,84,F0,9F,
0,00000420,false,Rx,0,8,8B,08,42,16,A1,84,F0,9F,
33826000,14225B8A,true,Rx,0,8,42,27,E8,D2,27,0F,BF,9F,
33826000,14225B8A,true,Rx,0,8,42,27,E8,D2,27,0F,BF,9F,
0,00000420,true,Rx,0,8,8B,08,42,16,A1,84,BF,9F,
33826000,14225B8A,true,Rx,0,8,42,27,E8,D2,27,0F,BF,9F,
33826000,14225B8A,true,Rx,0,8,42,27,E8,D2,27,0F,BF,DF,
0,00000420,false,Rx,0,8,8B,08,42,16,A1,84,BF,9F,
0,0422222C,true,Rx,0,0,00,00,00,00,00,00,00,00,
33826000,14225B8A,true,Rx,0,8,42,27,E8,D2,27,0F,BF,DF,
0,0422222C,true,Rx,0,0,00,00,00,00,00,00,00,00,
33826000,14225B9A,true,Rx,0,8,42,27,42,16,A1,84,BF,9F,
33826000,14225B9A,true,Rx,0,8,42,27,42,16,A1,84,BF,9F,
34290000,1C223842,true,Rx,0,8,5F,21,08,42,F7,1A,1D,DF,
33826000,14225B9A,true,Rx,0,8,42,27,42,16,A1,84,BF,9F,
0,00000420,true,Rx,0,8,8B,08,42,16,A1,84,F0,9F,
705000,00000420,false,Rx,0,8,8B,08,42,16,A1,84,F0,9F,
33826000,14225B8A,true,Rx,0,8,42,27,E8,D2,27,0F,BF,9F,
0,00000420,true,Rx,0,8,8B,08,42,16,A1,84,BF,9F,
0,00000100,true,Rx,0,8,8B,08,42,16,A1,84,BF,9F,
713000,1C223842,true,Rx,0,8,5F,21,08,42,F7,1A,1D,DF,
33826000,14225B8A,true,Rx,0,8,42,27,E8,D2,27,0F,BF,9F,
33826000,14225B8A,true,Rx,0,8,42,27,E8,D2,27,0F,BF,9F,
0,00000100,false,Rx,0,8,8B,08,42,16,A1,84,BF,9F,
33826000,14225B8A,true,Rx,0,8,42,27,E8,D2,27,0F,BF,9F,
0,0422222C,true,Rx,0,0,00,00,00,00,00,00,00,00,
33826000,14225B8A,true,Rx,0,8,42,27,E8,D2,27,0F,BF,9F,
33826000,14225B8A,true,Rx,0,8,42,27,E8,D2,27,0F,BF,9F,
48940000,06DABF2C,true,Rx,0,0,00,00,00,00,00,00,00,00,
33826000,14225B9A,true,Rx,0,8,42,27,E8,D2,27,0F,BF,9F,
33826000,14225B9A,true,Rx,0,8,42,27,E8,D2,27,0F,BF,9F,
33826000,14225B8A,true,Rx,0,8,42,27,E8,D2,27,0F,BF,9F,
33826000,14225B9A,true,Rx,0,8,42,27,E8,D2,27,0F,BF,9F,
33826000,14225B9A,true,Rx,0,8,42,27,E8,D2,27,0F,BF,9F,
33826000,14225B8A,true,Rx,0,8,42,27,E8,D2,27,0F,BF,DF,
33826000,14225B8A,true,Rx,0,8,42,27,E8,D2,27,0F,BF,DF,
33826000,14225B9A,true,Rx,0,8,42,27,E8,D2,27,0F,BF,9F,
33826000,14225B8A,true,Rx,0,8,42,27,E8,D2,27,0F,BF,DF,
33826000,14225B8A,true,Rx,0,8,42,27,E8,D2,27,0F,BD,DF,
34257000,1C222842,true,Rx,0,8,5D,10,84,21,7B,0A,BD,DF,
33826000,14225B9A,true,Rx,0,8,42,27,E8,D2,27,0F,BF,9F,
762000,1C222842,true,Rx,0,8,5D,10,84,21,7B,0A,BD,DF,
0,0422212C,true,Rx,0,0,00,00,00,00,00,00,00,00,
0,0422212C,true,Rx,0,0,00,00,00,00,00,00,00,00,
0,0422212C,true,Rx,0,0,00,00,00,00,00,00,00,00,
34257000,1C222842,true,Rx,0,8,5D,10,84,21,7B,0A,BD,DF,
33826000,14225B8A,true,Rx,0,8,42,27,E8,D2,27,0F,BF,9F,
34257000,1C222842,true,Rx,0,8,5D,10,84,21,79,4B,05,9F,
12076000,10AD2F2C,true,Rx,0,0,00,00,00,00,00,00,00,00,
33826000,14225B9A,true,Rx,0,8,42,27,84,21,7B,0A,BD,DF,
33826000,14225B9A,true,Rx,0,8,42,27,84,21,7B,0A,BD,DF,
34257000,1C222842,true,Rx,0,8,5D,10,84,21,79,4B,05,9F,
33826000,14225B9A,true,Rx,0,8,42,27,84,21,7B,0A,BD,DF,
33826000,14225B9A,true,Rx,0,8,42,27,84,21,7B,0A,BD,DF,
33826000,14225B8A,true,Rx,0,8,42,27,E8,D2,27,0F,BF,DF,
34257000,1C222842,true,Rx,0,8,5D,10,84,21,7B,0A,BF,DF,
33826000,14225B9A,true,Rx,0,8,42,27,84,21,7B,0A,BF,DF,
34257000,1C222842,true,Rx,0,8,5D,10,84,21,7B,0A,BF,DF,
33826000,14225B8A,true,Rx,0,8,42,27,E8,D2,27,0F,BD,DF,
33826000,14225B8A,true,Rx,0,8,42,27,E8,D2,27,0F,BD,DF,
33826000,14225B9A,true,Rx,0,8,42,27,84,21,7B,0A,BF,DF,
33826000,14225B8A,true,Rx,0,8,42,27,E8,D2,27,0F,BD,DF,
0,0422212C,true,Rx,0,0,00,00,00,00,00,00,00,00,
0,0C02212C,true,Rx,0,0,00,00,00,00,00,00,00,00,
0,0C02212C,true,Rx,0,0,00,00,00,00,00,00,00,00,
33826000,14225B8A,true,Rx,0,8,42,27,E8,D2,27,0F,BF,DF,
33826000,14225B8A,true,Rx,0,8,42,27,E8,D2,27,0F,BF,DF,
33826000,14225B9A,true,Rx,0,8,42,27,E8,D2,27,0F,BD,DF,
33826000,14225B9A,true,Rx,0,8,42,27,E8,D2,27,0F,BD,DF,
0,0000014B,true,Rx,0,5,5D,10,84,21,7B,00,00,00,
33826000,14225B9A,true,Rx,0,8,42,27,E8,D2,27,0F,BD,DF,
0,00000420,false,Rx,0,3,8B,08,42,00,00,00,00,00,
0,00000420,false,Rx,0,3,8B,08,42,00,00,00,00,00,
33826000,14225B9A,true,Rx,0,8,42,27,E8,D2,27,0F,BD,DF,
33826000,14225B8A,true,Rx,0,8,42,27,E8,D2,27,0F,BF,DF,
33826000,14225B8A,true,Rx,0,8,42,27,E8,D2,27,0F,BF,DF,
0,0000014B,true,Rx,0,5,5D,10,84,21,7B,00,00,00,
33826000,14225B8A,true,Rx,0,8,42,27,E8,D2,27,0F,BF,DF,
33826000,14225B8A,true,Rx,0,8,42,27,E8,D2,27,0F,BD,DF,
34257000,1C222842,true,Rx,0,8,5D,10,84,21,7B,0A,BD,DF,
0,0000014B,true,Rx,0,5,5D,10,84,21,7B,00,00,00,
34257000,1C222842,true,Rx,0,8,5D,10,84,21,7B,0A,BD,DF,
33825000,04221716,true,Rx,0,8,42,16,A1,84,68,42,55,DF,
33825000,04221716,true,Rx,0,8,42,16,A1,84,68,42,55,DF,
33826000,14225B8A,true,Rx,0,8,42,27,E8,D2,27,0F,BD,DF,
33825000,04221716,true,Rx,0,8,42,16,A1,84,68,42,BF,DF,
34257000,1C222842,true,Rx,0,8,5D,10,84,21,7B,0A,BD,DF,
34257000,1C222842,true,Rx,0,8,5D,10,84,21,7B,0A,BD,DF,
33826000,04025B9A,true,Rx,0,8,42,27,84,21,7B,0A,BF,DF,
0,00000420,true,Rx,0,3,8B,08,42,00,00,00,00,00,
0,00000420,true,Rx,0,3,8B,08,42,00,00,00,00,00,
34257000,1C222842,true,Rx,0,8,5D,10,84,21,7B,0A,BD,DF,
33826000,14225B8A,true,Rx,0,8,42,27,E8,D2,27,0F,BF,DF,
34257000,1C222842,true,Rx,0,8,5D,10,84,21,7B,0A,BF,DF,
34257000,1C222842,true,Rx,0,8,5D,10,84,21,7B,0A,BF,DF,
34257000,04022842,true,Rx,0,8,5D,10,84,21,7B,0A,BF,DF,
33826000,14225B8A,true,Rx,0,8,42,27,E8,D2,27,0F,BD,DF,
33825000,04221716,true,Rx,0,8,42,16,A1,84,68,42,55,DF,
885000,04221716,true,Rx,0,8,42,16,A1,84,68,42,55,DF,
33826000,14225B8A,true,Rx,0,8,42,27,E8,D2,27,0F,BF,DF,
33826000,14225B8A,true,Rx,0,8,42,27,E8,D2,27,0F,BF,DF,
48918000,06DABF16,true,Rx,0,8,42,16,A1,84,68,42,BF,DF,
33826000,14225B8A,true,Rx,0,8,42,27,E8,D2,27,0F,BF,DF,
33826000,14225B9A,true,Rx,0,8,42,27,A1,84,68,42,BF,DF,
33826000,14225B9A,true,Rx,0,8,42,27,A1,84,68,42,BF,DF,
33826000,14225B8A,true,Rx,0,8,42,27,E8,D2,27,0F,BF,DF,
33826000,14225B9A,true,Rx,0,8,42,27,A1,84,68,42,BF,DF,
264000,04220458,true,Rx,0,1,08,00,00,00,00,00,00,00,
264000,04220458,true,Rx,0,1,08,00,00,00,00,00,00,00,
264000,04220458,true,Rx,0,1,08,00,00,00,00,00,00,00,
33826000,14225B9A,true,Rx,0,8,42,27,A1,84,68,42,BF,DF,
33826000,14225B8A,true,Rx,0,8,42,27,E8,D2,27,0F,BF,DF,
33826000,14225B8A,true,Rx,0,8,42,27,E8,D2,27,0F,BF,DF,
33826000,14225B9A,true,Rx,0,8,42,27,A1,84,68,42,BF,DF,
33826000,14225B8A,true,Rx,0,8,42,27,E8,D2,27,0F,BF,DF,
34257000,1C222842,true,Rx,0,8,5D,10,84,21,7B,0A,BF,DF,
264000,04020458,true,Rx,0,1,08,00,00,00,00,00,00,00,
34257000,1C222842,true,Rx,0,8,5D,10,84,21,7B,0A,BF,DF,
264000,04220458,true,Rx,0,1,08,00,00,00,00,00,00,00,
264000,0C020458,true,Rx,0,1,08,00,00,00,00,00,00,00,
34257000,1C222842,true,Rx,0,8,5D,10,84,21,7B,0A,BF,DF,
33826000,14225B8A,true,Rx,0,8,42,27,E8,D2,27,0F,BF,DF,
264000,04020458,true,Rx,0,1,08,00,00,00,00,00,00,00,
33826000,14225B8A,true,Rx,0,8,42,27,A1,84,68,42,BF,DF,
33826000,14225B8A,true,Rx,0,8,42,27,A1,84,68,42,BF,DF,
12098000,10AD2F42,true,Rx,0,0,00,00,00,00,00,00,00,00,
264000,04220458,true,Rx,0,1,08,00,00,00,00,00,00,00,
264000,04220458,true,Rx,0,1,08,00,00,00,00,00,00,00,
33826000,14225B8A,true,Rx,0,8,42,27,A1,84,68,42,BF,DF,
33826000,14225B9A,true,Rx,0,8,42,27,84,21,7B,0A,BF,DF,
33826000,14225B9A,true,Rx,0,8,42,27,84,21,7B,0A,BF,DF,
33826000,14225B8A,true,Rx,0,8,42,27,A1,84,68,42,BF,DF,
33826000,14225B8A,true,Rx,0,8,42,27,E8,D2,27,0F,BF,DF,
33826000,14225B8A,true,Rx,0,8,42,27,E8,D2,27,0F,BF,DF,
0,00000102,true,Rx,0,2,08,27,00,00,00,00,00,00,
33826000,14225B8A,true,Rx,0,8,42,27,E8,D2,27,0F,BF,DF,
264000,04220458,true,Rx,0,1,08,00,00,00,00,00,00,00,
264000,0C020458,true,Rx,0,1,08,00,00,00,00,00,00,00,
33826000,14225B8A,true,Rx,0,8,42,27,E8,D2,27,0F,BF,DF,
33826000,14225B8A,true,Rx,0,8,42,27,E8,D2,27,0F,BF,DF,
33826000,14225B8A,true,Rx,0,8,42,27,E8,D2,27,0F,BF,DF,
33826000,14225B8A,true,Rx,0,8,42,27,E8,D2,27,0F,BF,DF,
33826000,14225B8A,true,Rx,0,8,42,27,E8,D2,27,0F,BF,DF,
33826000,14225B8A,true,Rx,0,8,42,27,E8,D2,27,0F,BF,DF,
34290000,1C223842,true,Rx,0,8,5F,21,08,42,F7,1A,1D,DF,
0,0422222C,true,Rx,0,0,00,00,00,00,00,00,00,00,
0,00000214,true,Rx,0,5,84,74,01,09,08,00,00,00,
33826000,14225B9A,true,Rx,0,8,42,27,E8,D2,27,0F,BF,DF,
33826000,14225B9A,true,Rx,0,8,42,27,E8,D2,27,0F,BF,DF,
996000,00000510,false,Rx,0,8,5F,21,08,42,F7,1A,1D,DF,
33826000,14225B8A,true,Rx,0,8,42,27,E8,D2,27,0F,1D,DF,
34257000,1C222842,true,Rx,0,8,5D,10,84,21,7B,0A,1D,DF,
0,00000104,true,Rx,0,5,84,74,01,09,08,00,00,00,
34257000,1C222842,true,Rx,0,8,5D,10,84,21,7B,0A,1D,DF,
0,0422222C,true,Rx,0,0,00,00,00,00,00,00,00,00,
33826000,14225B8A,true,Rx,0,8,42,27,E8,D2,27,0F,BF,DF,
0,0422222C,true,Rx,0,0,00,00,00,00,00,00,00,00,
0,0402222C,true,Rx,0,0,00,00,00,00,00,00,00,00,
0,00000510,true,Rx,0,8,5D,10,84,21,7B,0A,1D,DF,
33826000,14225B8A,true,Rx,0,8,42,27,E8,D2,27,0F,BF,DF,
34257000,1C222842,true,Rx,0,8,5D,10,84,21,7B,0A,BF,DF,
0,0422222C,true,Rx,0,0,00,00,00,00,00,00,00,00,
33826000,14225B9A,true,Rx,0,8,42,27,84,21,7B,0A,BF,DF,
33826000,14225B9A,true,Rx,0,8,42,27,84,21,7B,0A,BF,DF,
0,0422222C,true,Rx,0,0,00,00,00,00,00,00,00,00,
33826000,14225B9A,true,Rx,0,8,42,27,84,21,7B,0A,BF,DF,
33826000,14225B8A,true,Rx,0,8,42,27,E8,D2,27,0F,BF,DF,
33826000,14225B8A,true,Rx,0,8,42,27,E8,D2,27,0F,BF,DF,
0,0422222C,true,Rx,0,0,00,00,00,00,00,00,00,00,
33826000,14225B8A,true,Rx,0,8,42,27,E8,D2,27,0F,BF,DF,
0,0422222C,true,Rx,0,0,00,00,00,00,00,00,00,00,
0,1082222C,true,Rx,0,0,00,00,00,00,00,00,00,00,
0,1082222C,true,Rx,0,0,00,00,00,00,00,00,00,00,
33826000,14225B8A,true,Rx,0,8,42,27,E8,D2,27,0F,BF,DF,
33826000,14225B8A,true,Rx,0,8,42,27,E8,D2,27,0F,BF,DF,
0,1082222C,true,Rx,0,0,00,00,00,00,00,00,00,00,
33826000,14225B8A,true,Rx,0,8,42,27,E8,D2,27,0F,BF,DF,
33826000,14225B8A,true,Rx,0,8,42,27,E8,D2,27,0F,BF,DF,
33826000,14225B8A,true,Rx,0,8,42,27,E8,D2,27,0F,BF,DF,
0,0422212C,true,Rx,0,0,00,00,00,00,00,00,00,00,
0,0422212C,true,Rx,0,0,00,00,00,00,00,00,00,00,
65000,14225B8A,true,Rx,0,8,42,27,E8,D2,27,0F,BF,DF,
33826000,14225B9A,true,Rx,0,8,42,27,E8,D2,27,0F,BF,DF,
33826000,14225B9A,true,Rx,0,8,42,27,E8,D2,27,0F,BF,DF,
0,0422212C,true,Rx,0,0,00,00,00,00,00,00,00,00,
33826000,14225B9A,true,Rx,0,8,42,27,E8,D2,27,0F,BF,DF,
33826000,14225B8A,true,Rx,0,8,42,27,E8,D2,27,0F,BF,DF,
0,0422212C,true,Rx,0,0,00,00,00,00,00,00,00,00,
0,0402212C,true,Rx,0,0,00,00,00,00,00,00,00,00,
33826000,14225B9A,true,Rx,0,8,42,27,E8,D2,27,0F,BF,DF,
0,0422212C,true,Rx,0,0,00,00,00,00,00,00,00,00,
0,0422212C,true,Rx,0,0,00,00,00,00,00,00,00,00,
0,0422212C,true,Rx,0,0,00,00,00,00,00,00,00,00,
33826000,14225B9A,true,Rx,0,8,42,27,E8,D2,27,0F,BF,DF,
33826000,14225B8A,true,Rx,0,8,42,27,E8,D2,27,0F,BF,DF,
0,0422212C,true,Rx,0,0,00,00,00,00,00,00,00,00,
0,0402212C,true,Rx,0,0,00,00,00,00,00,00,00,00,
33826000,14225B9A,true,Rx,0,8,42,27,E8,D2,27,0F,BF,DF,
33826000,14225B8A,true,Rx,0,8,42,27,E8,D2,27,0F,BF,DF,
33826000,14225B8A,true,Rx,0,8,42,27,E8,D2,27,0F,BF,DF,
0,0422212C,true,Rx,0,0,00,00,00,00,00,00,00,00,
0,0422212C,true,Rx,0,0,00,00,00,00,00,00,00,00,
0,0422212C,true,Rx,0,0,00,00,00,00,00,00,00,00,
33826000,14225B8A,true,Rx,0,8,42,27,E8,D2,27,0F,BF,DF,
33826000,14225B9A,true,Rx,0,8,42,27,84,21,7B,0A,BF,DF,
33826000,14225B9A,true,Rx,0,8,42,27,84,21,7B,0A,BF,DF,
0,0422212C,true,Rx,0,0,00,00,00,00,00,00,00,00,
33826000,14225B9A,true,Rx,0,8,42,27,84,21,7B,0A,BF,DF,
33826000,14225B8A,true,Rx,0,8,42,27,E8,D2,27,0F,BF,DF,
0,0422212C,true,Rx,0,0,00,00,00,00,00,00,00,00,
0,0402212C,true,Rx,0,0,00,00,00,00,00,00,00,00,
33826000,14225B9A,true,Rx,0,8,42,27,84,21,7B,0A,BF,DF,
0,00000510,false,Rx,0,8,42,27,E8,D2,27,0F,BF,DF,
33826000,14225B8A,true,Rx,0,8,42,27,E8,D2,27,0F,BF,DF,
33826000,14225B8A,true,Rx,0,8,42,27,E8,D2,27,0F,BF,DF,
0,00000510,true,Rx,0,8,42,27,E8,D2,27,0F,BF,DF,
135000,14225B8A,true,Rx,0,8,42,27,E8,D2,27,0F,BF,DF,
33826000,14225B8A,true,Rx,0,8,42,27,E8,D2,27,0F,BF,DF,
0,00000510,true,Rx,0,8,42,27,E8,D2,27,0F,BF,DF,
33825000,04221716,true,Rx,0,8,42,16,A1,84,68,42,55,DF,
33825000,04221716,true,Rx,0,8,42,16,A1,84,68,42,55,DF,
33826000,14225B9A,true,Rx,0,8,42,27,E8,D2,27,0F,BF,DF,
33826000,14225B9A,true,Rx,0,8,42,27,E8,D2,27,0F,BF,DF,
33825000,04221716,true,Rx,0,8,42,16,A1,84,68,42,55,DF,
33826000,14225B9A,true,Rx,0,8,42,27,E8,D2,27,0F,BF,DF,
33826000,14225B8A,true,Rx,0,8,42,27,E8,D2,27,0F,BF,DF,
34257000,1C222842,true,Rx,0,8,5D,10,84,21,7B,0A,BF,DF,
33825000,04221716,true,Rx,0,8,42,16,A1,84,68,42,BF,DF,
163000,1C222842,true,Rx,0,8,5D,10,84,21,7B,0A,BF,DF,
0,00000420,false,Rx,0,3,8B,08,42,00,00,00,00,00,
34257000,1C222842,true,Rx,0,8,5D,10,84,21,7B,0A,BF,DF,
33826000,14225B8A,true,Rx,0,8,42,27,E8,D2,27,0F,BF,DF,
33825000,04221716,true,Rx,0,8,42,16,A1,84,68,42,BF,DF,
33825000,04021716,true,Rx,0,8,42,16,A1,84,68,42,BF,DF,
33826000,14225B8A,true,Rx,0,8,42,27,E8,D2,27,0F,BF,DF,
34257000,1C222842,true,Rx,0,8,5D,10,84,21,7B,0A,BF,DF,
33825000,04221716,true,Rx,0,8,42,16,A1,84,68,42,55,DF,
33825000,04221716,true,Rx,0,8,42,16,A1,84,68,42,55,DF,
33825000,14225B9A,true,Rx,0,8,42,10,84,21,7B,0A,BF,DF,
33825000,04221716,true,Rx,0,8,42,16,A1,84,68,42,55,DF,
33825000,04021716,true,Rx,0,8,42,16,A1,84,68,42,55,DF,
33825000,04021716,true,Rx,0,8,42,16,A1,84,68,42,BF,DF,
33825000,04021716,true,Rx,0,8,42,16,A1,84,68,42,55,DF,
33825000,04021716,true,Rx,0,8,42,16,A1,84,68,42,55,DF,
33826000,14225B9A,true,Rx,0,8,42,27,A1,84,68,42,BF,DF,
33826000,14225B9A,true,Rx,0,8,42,27,A1,84,68,42,BF,DF,
33825000,14225B9A,true,Rx,0,8,42,10,84,21,7B,0A,BF,DF,
0,00000420,true,Rx,0,3,8B,08,42,00,00,00,00,00,
0,00000420,false,Rx,0,3,8B,08,42,00,00,00,00,00,
33826000,14225B9A,true,Rx,0,8,42,27,A1,84,68,42,BF,DF,
33826000,14225B8A,true,Rx,0,8,42,27,E8,D2,27,0F,BF,DF,
33826000,14225B8A,true,Rx,0,8,42,27,E8,D2,27,0F,BF,DF,
33825000,04021716,true,Rx,0,8,42,16,A1,84,68,42,BF,DF,
33826000,14225B8A,true,Rx,0,8,42,27,E8,D2,27,0F,BF,DF,
33826000,14225B8A,true,Rx,0,8,42,27,E8,D2,27,0F,BF,DF,
33825000,04021716,true,Rx,0,8,42,16,A1,84,68,42,BF,DF,
33826000,14225B8A,true,Rx,0,8,42,27,E8,D2,27,0F,BF,DF,
33826000,14225B8A,true,Rx,0,8,42,27,E8,D2,27,0F,BF,DF,
33826000,14225B8A,true,Rx,0,8,42,27,E8,D2,27,0F,BF,DF,
33826000,14225B8A,true,Rx,0,8,42,27,E8,D2,27,0F,BF,DF,
33826000,14225B9A,true,Rx,0,8,42,27,E8,D2,27,0F,BF,DF,
34257000,1C222842,true,Rx,0,8,5D,10,84,21,7B,0A,BF,DF,
33826000,14225B8A,true,Rx,0,8,42,27,E8,D2,27,0F,BF,DF,
0,00000420,true,Rx,0,6,8B,08,42,16,A1,84,00,00,
33826000,14225B8A,true,Rx,0,8,42,27,E8,D2,27,0F,BF,DF,
34257000,1C222842,true,Rx,0,8,5D,10,84,21,7B,0A,BF,DF,
0,00000510,true,Rx,0,8,42,27,E8,D2,27,0F,BF,DF,
34257000,1C222842,true,Rx,0,8,5D,10,84,21,7B,0A,BF,DF,
33826000,14225B8A,true,Rx,0,8,42,27,E8,D2,27,0F,BF,DF,
0,00000510,true,Rx,0,8,42,27,E8,D2,27,0F,BF,DF,
264000,04220458,true,Rx,0,1,08,00,00,00,00,00,00,00,
264000,04220458,true,Rx,0,1,08,00,00,00,00,00,00,00,
34257000,1C222842,true,Rx,0,8,5D,10,84,21,7B,0A,BF,DF,
33826000,14225B8A,true,Rx,0,8,42,27,E8,D2,27,0F,BF,DF,
33826000,14225B8A,true,Rx,0,8,42,27,E8,D2,27,0F,BF,DF,
0,00000442,false,Rx,0,2,5D,10,00,00,00,00,00,00,
0,00000442,false,Rx,0,2,5D,10,00,00,00,00,00,00,
33826000,14225B9A,true,Rx,0,8,42,27,E8,D2,27,0F,BF,DF,
33826000,14225B9A,true,Rx,0,8,42,27,E8,D2,27,0F,BF,DF,
0,00000442,true,Rx,0,2,42,27,00,00,00,00,00,00,
0,00000420,false,Rx,0,6,8B,08,42,16,A1,84,00,00,
0,00000214,false,Rx,0,5,84,74,01,09,08,00,00,00,
33826000,14225B8A,true,Rx,0,8,42,27,E8,D2,27,0F,BF,DF,
33826000,14225B8A,true,Rx,0,8,42,27,E8,D2,27,0F,BF,DF,
0,00000214,true,Rx,0,5,84,74,01,09,08,00,00,00,
33826000,14225B8A,true,Rx,0,8,42,27,E8,D2,27,0F,BF,DF,
33826000,14225B8A,true,Rx,0,8,42,27,E8,D2,27,0F,BF,DF,
0,00000214,true,Rx,0,5,84,74,01,09,08,00,00,00,
0,00000104,true,Rx,0,5,84,74,01,09,08,00,00,00,
33826000,14225B8A,true,Rx,0,8,42,27,E8,D2,27,0F,BF,DF,
0,0422222C,true,Rx,0,0,00,00,00,00,00,00,00,00,
33826000,14225B8A,true,Rx,0,8,42,27,E8,D2,27,0F,BF,DF,
33826000,14225B8A,true,Rx,0,8,42,27,E8,D2,27,0F,BF,DF,
33826000,14225B9A,true,Rx,0,8,42,27,E8,D2,27,0F,BF,DF,
33826000,14225B9A,true,Rx,0,8,42,27,E8,D2,27,0F,BF,DF,
0,0422222C,true,Rx,0,0,00,00,00,00,00,00,00,00,
33826000,14225B9A,true,Rx,0,8,42,27,E8,D2,27,0F,BF,DF,
0,00000420,false,Rx,0,8,8B,08,42,16,A1,84,F0,9F,
0,00000420,false,Rx,0,8,8B,08,42,16,A1,84,F0,9F,
33826000,14225B8A,true,Rx,0,8,42,27,E8,D2,27,0F,BF,DF,
34257000,1C222842,true,Rx,0,8,5D,10,84,21,7B,0A,BF,DF,
0,00000420,true,Rx,0,8,8B,08,42,16,A1,84,BF,9F,
34257000,1C222842,true,Rx,0,8,5D,10,84,21,7B,0A,BF,DF,
33826000,14225B8A,true,Rx,0,8,42,27,E8,D2,27,0F,BF,DF,
34257000,1C222842,true,Rx,0,8,5D,10,84,21,7B,0A,BF,DF,
0,00000420,true,Rx,0,8,8B,08,42,16,A1,84,BF,9F,
34257000,1C222842,true,Rx,0,8,5D,10,84,21,7B,0A,BF,DF,
0,0422222C,true,Rx,0,0,00,00,00,00,00,00,00,00,
33826000,14225B8A,true,Rx,0,8,42,27,E8,D2,27,0F,BF,9F,
34290000,1C223842,true,Rx,0,8,5F,21,08,42,F7,1A,1D,9F,
0,0422222C,true,Rx,0,0,00,00,00,00,00,00,00,00,
0,0422222C,true,Rx,0,0,00,00,00,00,00,00,00,00,
33826000,14225B9A,true,Rx,0,8,42,27,84,21,7B,0A,BF,DF,
33826000,14225B9A,true,Rx,0,8,42,27,84,21,7B,0A,BF,DF,
0,0422222C,true,Rx,0,0,00,00,00,00,00,00,00,00,
33826000,14225B9A,true,Rx,0,8,42,27,84,21,7B,0A,BF,DF,
0,00000420,false,Rx,0,8,8B,08,42,16,A1,84,F0,9F,
0,00000420,false,Rx,0,8,8B,08,42,16,A1,84,F0,9F,
33826000,14225B8A,true,Rx,0,8,42,27,E8,D2,27,0F,BF,DF,
33826000,14225B8A,true,Rx,0,8,42,27,E8,D2,27,0F,BF,DF,
0,00000420,false,Rx,0,8,8B,08,42,16,A1,84,BF,9F,
33826000,14225B8A,true,Rx,0,8,42,27,E8,D2,27,0F,BF,DF,
33826000,14225B8A,true,Rx,0,8,42,27,E8,D2,27,0F,BF,DF,
33826000,14225B8A,true,Rx,0,8,42,27,E8,D2,27,0F,BF,DF,
0,00000420,true,Rx,0,8,8B,08,42,16,A1,84,BF,9F,
33826000,14225B8A,true,Rx,0,8,42,27,E8,D2,27,0F,BF,DF,
0,0422212C,true,Rx,0,0,00,00,00,00,00,00,00,00,
0,0422212C,true,Rx,0,0,00,00,00,00,00,00,00,00,
0,0422212C,true,Rx,0,0,00,00,00,00,00,00,00,00,
33826000,14225B8A,true,Rx,0,8,42,27,E8,D2,27,0F,BF,DF,
33826000,14225B8A,true,Rx,0,8,42,27,E8,D2,27,0F,BF,9F,
33826000,14225B8A,true,Rx,0,8,42,27,E8,D2,27,0F,BF,9F,
33826000,14225B9A,true,Rx,0,8,42,27,E8,D2,27,0F,BF,DF,
0,0422212C,true,Rx,0,0,00,00,00,00,00,00,00,00,
0,0402212C,true,Rx,0,0,00,00,00,00,00,00,00,00,
0,0402212C,true,Rx,0,0,00,00,00,00,00,00,00,00,
33826000,14225B8A,true,Rx,0,8,42,27,E8,D2,27,0F,BF,9F,
33826000,14225B8A,true,Rx,0,8,42,27,E8,D2,27,0F,BF,9F,
33826000,14225B8A,true,Rx,0,8,42,27,E8,D2,27,0F,BF,DF,
34257000,1C222842,true,Rx,0,8,5D,10,84,21,7B,0A,BF,DF,
33826000,14225B8A,true,Rx,0,8,42,27,E8,D2,27,0F,BF,9F,
34257000,1C222842,true,Rx,0,8,5D,10,84,21,7B,0A,BF,DF,
33826000,14225B8A,true,Rx,0,8,42,27,E8,D2,27,0F,BD,DF,
34257000,1C222842,true,Rx,0,8,5D,10,84,21,7B,0A,BD,DF,
33826000,14225B8A,true,Rx,0,8,42,27,E8,D2,27,0F,BF,9F,
34257000,1C222842,true,Rx,0,8,5D,10,84,21,7B,0A,BD,DF,
0,0422212C,true,Rx,0,0,00,00,00,00,00,00,00,00,
0,0422212C,true,Rx,0,0,00,00,00,00,00,00,00,00,
0,0422212C,true,Rx,0,0,00,00,00,00,00,00,00,00,
34257000,1C222842,true,Rx,0,8,5D,10,84,21,7B,0A,BD,DF,
33826000,14225B8A,true,Rx,0,8,42,27,E8,D2,27,0F,BF,9F,
33826000,14225B8A,true,Rx,0,8,42,27,E8,D2,27,0F,BF,9F,
33826000,14225B8A,true,Rx,0,8,42,27,E8,D2,27,0F,BD,DF,
33826000,14225B8A,true,Rx,0,8,42,27,E8,D2,27,0F,BF,9F,
33826000,14225B9A,true,Rx,0,8,42,27,84,21,7B,0A,BF,DF,
33826000,14225B9A,true,Rx,0,8,42,27,84,21,7B,0A,BF,DF,
0,00000442,true,Rx,0,2,42,27,00,00,00,00,00,00,
33826000,14225B9A,true,Rx,0,8,42,27,84,21,7B,0A,BF,DF,
33826000,14225B9A,true,Rx,0,8,42,27,84,21,7B,0A,BF,DF,
33826000,14225B9A,true,Rx,0,8,42,27,84,21,7B,0A,BF,DF,
33826000,14225B8A,true,Rx,0,8,42,27,E8,D2,27,0F,BF,9F,
33826000,14225B9A,true,Rx,0,8,42,27,84,21,7B,0A,BF,DF,
33826000,04025B9A,true,Rx,0,8,42,27,84,21,7B,0A,BF,DF,
33826000,14225B8A,true,Rx,0,8,42,27,E8,D2,27,0F,BD,DF,
33826000,14225B8A,true,Rx,0,8,42,27,E8,D2,27,0F,BD,DF,
33826000,04025B9A,true,Rx,0,8,42,27,84,21,7B,0A,BF,DF,
33826000,14225B8A,true,Rx,0,8,42,27,E8,D2,27,0F,BD,DF,
33825000,04221716,true,Rx,0,8,42,16,A1,84,68,42,55,9F,
467000,04221716,true,Rx,0,8,42,16,A1,84,68,42,55,9F,
33826000,14225B8A,true,Rx,0,8,42,27,E8,D2,27,0F,BD,DF,
33825000,04221716,true,Rx,0,8,42,16,A1,84,68,42,BF,9F,
33826000,14225B9A,true,Rx,0,8,42,27,84,21,7B,0A,BF,DF,
33826000,14225B9A,true,Rx,0,8,42,27,84,21,7B,0A,BF,DF,
33826000,14225B8A,true,Rx,0,8,42,27,E8,D2,27,0F,BD,DF,
33825000,04221716,true,Rx,0,8,42,16,A1,84,68,42,45,DF,
33825000,04221716,true,Rx,0,8,42,16,A1,84,68,42,45,DF,
33826000,14225B9A,true,Rx,0,8,42,27,84,21,7B,0A,BF,DF,
34257000,1C222842,true,Rx,0,8,5D,10,84,21,7B,0A,BF,DF,
33825000,04221716,true,Rx,0,8,42,16,A1,84,68,42,45,DF,
33826000,14225B8A,true,Rx,0,8,42,27,E8,D2,27,0F,BF,9F,
33825000,04221716,true,Rx,0,8,42,16,A1,84,68,42,BF,DF,
33825000,04021716,true,Rx,0,8,42,16,A1,84,68,42,BF,DF,
33825000,04221716,true,Rx,0,8,42,16,A1,84,68,42,55,DF,
33825000,04221716,true,Rx,0,8,42,16,A1,84,68,42,55,DF,
34257000,1C222842,true,Rx,0,8,5D,10,84,21,7B,0A,BF,9F,
508000,1C222842,true,Rx,0,8,5D,10,84,21,7B,0A,BF,9F,
33826000,14225B8A,true,Rx,0,8,42,27,E8,D2,27,0F,BF,DF,
34257000,1C222842,true,Rx,0,8,5D,10,84,21,7B,0A,BF,9F,
33826000,14225B8A,true,Rx,0,8,42,27,E8,D2,27,4F,55,DF,
33826000,14225B8A,true,Rx,0,8,42,27,E8,D2,27,4F,55,DF,
33825000,04221716,true,Rx,0,8,42,16,A1,84,68,42,55,DF,
0,00000214,true,Rx,0,5,84,74,01,09,08,00,00,00,
33826000,14225B9A,true,Rx,0,8,42,27,E8,D2,27,4F,55,DF,
33826000,14225B9A,true,Rx,0,8,42,27,E8,D2,27,4F,55,DF,
0,00000442,true,Rx,0,6,5D,10,84,21,7B,0A,00,00,
33826000,14225B8A,true,Rx,0,8,42,27,E8,D2,27,0F,BF,9F,
33826000,14225B8A,true,Rx,0,8,42,27,E8,D2,27,0F,BF,9F,
0,00000104,true,Rx,0,5,84,74,01,09,08,00,00,00,
33826000,14225B8A,true,Rx,0,8,42,27,E8,D2,27,0F,BF,9F,
264000,04220458,true,Rx,0,1,08,00,00,00,00,00,00,00,
264000,04220458,true,Rx,0,1,08,00,00,00,00,00,00,00,
264000,04220458,true,Rx,0,1,08,00,00,00,00,00,00,00,
33826000,14225B8A,true,Rx,0,8,42,27,E8,D2,27,0F,BF,9F,
33826000,14225B8A,true,Rx,0,8,42,27,E8,D2,27,0F,BF,DF,
33826000,14225B8A,true,Rx,0,8,42,27,E8,D2,27,0F,BF,DF,
33826000,14225B8A,true,Rx,0,8,42,27,E8,D2,27,0F,BF,9F,
33826000,14225B8A,true,Rx,0,8,42,27,E8,D2,27,0F,BF,9F,
264000,04220458,true,Rx,0,1,08,00,00,00,00,00,00,00,
569000,00000214,false,Rx,0,5,84,74,01,09,08,00,00,00,
33826000,14225B9A,true,Rx,0,8,42,27,E8,D2,27,4F,BF,DF,
33826000,14225B9A,true,Rx,0,8,42,27,E8,D2,27,4F,BF,DF,
33826000,14225B8A,true,Rx,0,8,42,27,E8,D2,27,0F,BF,9F,
33826000,14225B8A,true,Rx,0,8,42,27,E8,D2,27,0F,BF,9F,
0,00000104,true,Rx,0,5,84,74,01,09,08,00,00,00,
0,00000104,true,Rx,0,5,84,74,01,09,08,00,00,00,
33826000,14225B9A,true,Rx,0,8,42,27,E8,D2,27,4F,BF,DF,
33826000,14225B9A,true,Rx,0,8,42,27,E8,D2,27,4F,BF,DF,
264000,04220458,true,Rx,0,1,08,00,00,00,00,00,00,00,
264000,04220458,true,Rx,0,1,08,00,00,00,00,00,00,00,
590000,00000104,false,Rx,0,5,84,74,01,09,08,00,00,00,
33826000,14225B8A,true,Rx,0,8,42,27,E8,D2,27,0F,BF,DF,
34257000,1C222842,true,Rx,0,8,5D,10,84,21,7B,0A,BF,DF,
34257000,1C222842,true,Rx,0,8,5D,10,84,21,7B,0A,BF,9F,
34257000,1C222842,true,Rx,0,8,5D,10,84,21,7B,0A,BF,DF,
33826000,14225B8A,true,Rx,0,8,42,27,E8,D2,27,0F,BF,DF,
33826000,14225B8A,true,Rx,0,8,42,27,E8,D2,27,0F,BF,DF,
264000,04220458,true,Rx,0,1,08,00,00,00,00,00,00,00,
264000,0C020458,true,Rx,0,1,08,00,00,00,00,00,00,00,
33826000,14225B8A,true,Rx,0,8,42,27,E8,D2,27,0F,BF,DF,
33826000,14225B9A,true,Rx,0,8,42,27,84,21,7B,0A,BF,DF,
33826000,14225B9A,true,Rx,0,8,42,27,84,21,7B,0A,BF,DF,
33826000,14225B8A,true,Rx,0,8,42,27,E8,D2,27,0F,BF,DF,
33826000,14225B8A,true,Rx,0,8,42,27,E8,D2,27,0F,BF,DF,
33826000,14225B8A,true,Rx,0,8,42,27,E8,D2,27,0F,BF,DF,
34257000,04022842,true,Rx,0,8,5D,10,84,21,7B,0A,BF,9F,
33826000,14225B8A,true,Rx,0,8,42,27,E8,D2,27,0F,BF,DF,
0,0422222C,true,Rx,0,0,00,00,00,00,00,00,00,00,
33826000,14225B8A,true,Rx,0,8,42,27,E8,D2,27,0F,BF,9F,
33826000,14225B8A,true,Rx,0,8,42,27,E8,D2,27,0F,BF,9F,
0,0422222C,true,Rx,0,0,00,00,00,00,00,00,00,00,
33826000,14225B8A,true,Rx,0,8,42,27,E8,D2,27,0F,BF,9F,
33826000,14225B8A,true,Rx,0,8,42,27,E8,D2,27,0F,BF,DF,
0,0422222C,true,Rx,0,0,00,00,00,00,00,00,00,00,
0,0422222C,true,Rx,0,0,00,00,00,00,00,00,00,00,
33826000,14225B9A,true,Rx,0,8,42,27,08,42,F7,1A,1D,DF,
33826000,14225B9A,true,Rx,0,8,42,27,08,42,F7,1A,1D,DF,
0,00000510,true,Rx,0,8,42,27,E8,D2,27,0F,BF,9F,
33826000,14225B8A,true,Rx,0,8,42,27,E8,D2,27,0F,BF,9F,
34257000,1C222842,true,Rx,0,8,5D,10,84,21,7B,0A,BF,9F,
0,0402222C,true,Rx,0,0,00,00,00,00,00,00,00,00,
34257000,1C222842,true,Rx,0,8,5D,10,84,21,7B,0A,BF,9F,
0,0422222C,true,Rx,0,0,00,00,00,00,00,00,00,00,
0,00000621,false,Rx,0,0,00,00,00,00,00,00,00,00,
0,00000621,false,Rx,0,0,00,00,00,00,00,00,00,00,
33826000,14225B8A,true,Rx,0,8,42,27,E8,D2,27,0F,BF,9F,
34257000,1C222842,true,Rx,0,8,5D,10,84,21,7B,0A,BF,9F,
0,00000621,true,Rx,0,0,00,00,00,00,00,00,00,00,
34257000,1C222842,true,Rx,0,8,5D,10,84,21,7B,0A,BF,9F,
33826000,14225B8A,true,Rx,0,8,42,27,E8,D2,27,0F,1D,DF,
0,00000621,true,Rx,0,0,00,00,00,00,00,00,00,00,
0,0422222C,true,Rx,0,0,00,00,00,00,00,00,00,00,
33826000,14225B9A,true,Rx,0,8,42,27,E8,D2,27,0F,1D,DF,
33826000,14225B9A,true,Rx,0,8,42,27,E8,D2,27,0F,1D,DF,
0,0422222C,true,Rx,0,0,00,00,00,00,00,00,00,00,
33826000,14225B9A,true,Rx,0,8,42,27,E8,D2,27,0F,1D,DF,
33826000,14225B8A,true,Rx,0,8,42,27,E8,D2,27,0F,BF,9F,
33826000,14225B8A,true,Rx,0,8,42,27,E8,D2,27,0F,BF,9F,
0,0422222C,true,Rx,0,0,00,00,00,00,00,00,00,00,
33826000,14225B8A,true,Rx,0,8,42,27,E8,D2,27,0F,BF,9F,
33826000,14225B8A,true,Rx,0,8,42,27,E8,D2,27,0F,BF,9F,
33826000,14225B8A,true,Rx,0,8,42,27,E8,D2,27,0F,BF,9F,
33826000,14225B8A,true,Rx,0,8,42,27,E8,D2,27,0F,BF,DF,
33826000,14225B8A,true,Rx,0,8,42,27,E8,D2,27,0F,BF,DF,
33826000,14225B8A,true,Rx,0,8,42,27,E8,D2,27,0F,BF,9F,
33826000,14225B8A,true,Rx,0,8,42,27,E8,D2,27,0F,BF,DF,
33826000,14225B8A,true,Rx,0,8,42,27,E8,D2,27,0F,B5,DF,
33826000,14225B8A,true,Rx,0,8,42,27,E8,D2,27,0F,B5,DF,
33826000,14225B8A,true,Rx,0,8,42,27,E8,D2,27,0F,B5,DF,
33826000,14225B8A,true,Rx,0,8,42,27,E8,D2,27,0F,B5,DF,
33826000,14225B9A,true,Rx,0,8,42,27,E8,D2,27,0F,BF,DF,
33826000,14225B9A,true,Rx,0,8,42,27,E8,D2,27,0F,BF,DF,
33826000,14225B8A,true,Rx,0,8,42,27,E8,D2,27,0F,B5,DF,
33826000,14225B9A,true,Rx,0,8,42,27,E8,D2,27,0F,BF,DF,
33826000,14225B8A,true,Rx,0,8,42,27,E8,D2,27,0F,BF,9F,
33826000,14225B8A,true,Rx,0,8,42,27,E8,D2,27,0F,BF,DF,
33826000,04025B8A,true,Rx,0,8,42,27,E8,D2,27,0F,BF,DF,
34257000,1C222842,true,Rx,0,8,5D,10,84,21,7B,0A,BF,9F,
34257000,1C222842,true,Rx,0,8,5D,10,84,21,7B,0A,BF,9F,
33826000,14225B8A,true,Rx,0,8,42,27,E8,D2,27,0F,BF,DF,
34257000,1C222842,true,Rx,0,8,5D,10,84,21,7B,0A,BF,DF,
34257000,1C222842,true,Rx,0,8,5D,10,84,21,7B,0A,BF,9F,
34257000,1C222842,true,Rx,0,8,5D,10,84,21,7B,0A,BF,DF,
33826000,14225B8A,true,Rx,0,8,42,27,E8,D2,27,0F,B5,DF,
34257000,1C222842,true,Rx,0,8,5D,10,84,21,7B,0A,BF,9F,
0,0422212C,true,Rx,0,0,00,00,00,00,00,00,00,00,
0,0C02212C,true,Rx,0,0,00,00,00,00,00,00,00,00,
0,0C02212C,true,Rx,0,0,00,00,00,00,00,00,00,00,
33826000,14225B8A,true,Rx,0,8,42,27,E8,D2,27,0F,B5,DF,
33826000,14225B8A,true,Rx,0,8,42,27,84,21,7B,0A,BF,9F,
33826000,14225B8A,true,Rx,0,8,42,27,84,21,7B,0A,BF,9F,
33826000,14225B8A,true,Rx,0,8,42,27,E8,D2,27,0F,B5,DF,
33826000,14225B9A,true,Rx,0,8,42,27,E8,D2,27,0F,B5,DF,
33826000,14225B9A,true,Rx,0,8,42,27,E8,D2,27,0F,B5,DF,
0,0402212C,true,Rx,0,0,00,00,00,00,00,00,00,00,
33826000,14225B9A,true,Rx,0,8,42,27,E8,D2,27,0F,B5,DF,
0,00000420,false,Rx,0,3,8B,08,42,00,00,00,00,00,
0,00000420,false,Rx,0,3,8B,08,42,00,00,00,00,00,
33826000,14225B9A,true,Rx,0,8,42,27,E8,D2,27,0F,B5,DF,
33826000,14225B8A,true,Rx,0,8,42,27,E8,D2,27,0F,B5,DF,
33826000,14225B8A,true,Rx,0,8,42,27,E8,D2,27,0F,B5,DF,
0,0402212C,true,Rx,0,0,00,00,00,00,00,00,00,00,
33826000,14225B8A,true,Rx,0,8,42,27,E8,D2,27,0F,B5,DF,
33826000,14225B8A,true,Rx,0,8,42,27,E8,D2,27,0F,BF,9F,
0,0402212C,true,Rx,0,0,00,00,00,00,00,00,00,00,
33825000,04221716,true,Rx,0,8,42,16,A1,84,68,42,55,DF,
33825000,04221716,true,Rx,0,8,42,16,A1,84,68,42,55,DF,
33826000,14225B8A,true,Rx,0,8,42,27,E8,D2,27,4F,B5,DF,
33826000,14225B8A,true,Rx,0,8,42,27,E8,D2,27,4F,B5,DF,
33826000,14225B9A,true,Rx,0,8,42,27,84,21,7B,0A,BF,9F,
34257000,1C222842,true,Rx,0,8,5D,10,84,21,7B,0A,BF,9F,
33825000,04221716,true,Rx,0,8,42,16,A1,84,68,42,55,DF,
0,00000420,true,Rx,0,3,8B,08,42,00,00,00,00,00,
0,00000420,true,Rx,0,3,8B,08,42,00,00,00,00,00,
34257000,1C222842,true,Rx,0,8,5D,10,84,21,7B,0A,BF,9F,
33826000,14225B8A,true,Rx,0,8,42,27,E8,D2,27,0F,BF,9F,
34257000,1C222842,true,Rx,0,8,5D,10,84,21,7B,0A,BF,9F,
33825000,04221716,true,Rx,0,8,42,16,A1,84,68,42,BF,DF,
835000,1C222842,true,Rx,0,8,5D,10,84,21,7B,0A,BF,9F,
33826000,14225B8A,true,Rx,0,8,42,27,E8,D2,27,0F,B5,DF,
33825000,04221716,true,Rx,0,8,42,16,A1,84,68,42,BF,DF,
33825000,04221716,true,Rx,0,8,42,16,A1,84,68,42,55,9F,
33825000,04221716,true,Rx,0,8,42,16,A1,84,68,42,55,9F,
33826000,14225B8A,true,Rx,0,8,42,27,E8,D2,27,0F,B5,DF,
33825000,04221716,true,Rx,0,8,42,16,A1,84,68,42,BF,9F,
33826000,14225B8A,true,Rx,0,8,42,27,E8,D2,27,0F,B5,DF,
33826000,14225B8A,true,Rx,0,8,42,27,E8,D2,27,0F,B5,DF,
33826000,04025B9A,true,Rx,0,8,42,27,A1,84,68,42,BF,DF,
0,00000420,false,Rx,0,6,8B,08,42,16,A1,84,00,00,
33826000,14225B8A,true,Rx,0,8,42,27,E8,D2,27,0F,BF,DF,
0,00000510,true,Rx,0,8,42,16,A1,84,68,42,BF,9F,
0,00000100,true,Rx,0,8,42,16,A1,84,68,42,BF,9F,
33826000,14225B8A,true,Rx,0,8,42,27,E8,D2,27,0F,B5,DF,
33826000,14225B8A,true,Rx,0,8,42,27,E8,D2,27,0F,BF,DF,
34257000,1C222842,true,Rx,0,8,5D,10,84,21,7B,0A,BF,DF,
0,00000100,true,Rx,0,8,42,16,A1,84,68,42,BF,9F,
34257000,1C222842,true,Rx,0,8,5D,10,84,21,7B,0A,BF,DF,
264000,04220458,true,Rx,0,1,08,00,00,00,00,00,00,00,
264000,0C020458,true,Rx,0,1,08,00,00,00,00,00,00,00,
34257000,1C222842,true,Rx,0,8,5D,10,84,21,7B,0A,BF,DF,
33826000,14225B8A,true,Rx,0,8,42,27,E8,D2,27,0F,BF,DF,
0,00000100,true,Rx,0,8,42,16,A1,84,68,42,BF,9F,
12054000,10AD2F16,true,Rx,0,3,42,16,A1,00,00,00,00,00,
33826000,14225B9A,true,Rx,0,8,42,27,E8,D2,27,0F,B5,DF,
33826000,14225B9A,true,Rx,0,8,42,27,E8,D2,27,0F,B5,DF,
34290000,1C223842,true,Rx,0,8,5F,21,08,42,F7,1A,1D,DF,
0,00000420,false,Rx,0,6,8B,08,42,16,A1,84,00,00,
33826000,14225B8A,true,Rx,0,8,42,27,E8,D2,27,0F,1D,DF,
34257000,1C222842,true,Rx,0,8,5D,10,84,21,7B,0A,1D,DF,
0,00000510,true,Rx,0,8,42,16,A1,84,68,42,BF,9F,
34257000,1C222842,true,Rx,0,8,5D,10,84,21,7B,0A,1D,DF,
33826000,14225B8A,true,Rx,0,8,42,27,E8,D2,27,0F,B5,DF,
33826000,14225B8A,true,Rx,0,8,42,27,E8,D2,27,0F,B5,DF,
264000,04220458,true,Rx,0,1,08,00,00,00,00,00,00,00,
264000,0C020458,true,Rx,0,1,08,00,00,00,00,00,00,00,
33826000,14225B8A,true,Rx,0,8,42,27,E8,D2,27,0F,B5,DF,
33826000,14225B8A,true,Rx,0,8,42,27,E8,D2,27,0F,B5,DF,
0,00000510,true,Rx,0,8,42,16,A1,84,68,42,BF,9F,
33826000,14225B8A,true,Rx,0,8,42,27,E8,D2,27,0F,B5,DF,
33826000,14225B8A,true,Rx,0,8,42,27,E8,D2,27,0F,B5,DF,
0,0C222684,true,Rx,0,0,00,00,00,00,00,00,00,00,
0,0C222684,true,Rx,0,0,00,00,00,00,00,00,00,00,
0,0C222684,true,Rx,0,0,00,00,00,00,00,00,00,00,
33826000,14225B9A,true,Rx,0,8,42,27,E8,D2,27,0F,B5,DF,
33826000,14225B9A,true,Rx,0,8,42,27,E8,D2,27,0F,B5,DF,
0,0C222684,true,Rx,0,0,00,00,00,00,00,00,00,00,
33826000,14225B9A,true,Rx,0,8,42,27,E8,D2,27,0F,B5,DF,
946000,00000613,false,Rx,0,5,42,16,A1,84,68,00,00,00,
0,0422222C,true,Rx,0,0,00,00,00,00,00,00,00,00,
33826000,14225B8A,true,Rx,0,8,42,27,E8,D2,27,0F,B5,DF,
33826000,14225B8A,true,Rx,0,8,42,27,E8,D2,27,0F,B5,DF,
33826000,14225B8A,true,Rx,0,8,42,27,E8,D2,27,0F,1D,DF,
33826000,14225B8A,true,Rx,0,8,42,27,E8,D2,27,0F,1D,DF,
0,0422222C,true,Rx,0,0,00,00,00,00,00,00,00,00,
33826000,14225B8A,true,Rx,0,8,42,27,E8,D2,27,0F,BF,9F,
0,0422222C,true,Rx,0,0,00,00,00,00,00,00,00,00,
33826000,14225B8A,true,Rx,0,8,42,27,E8,D2,27,0F,BF,DF,
34257000,1C222842,true,Rx,0,8,5D,10,84,21,79,4B,BF,9F,
34257000,04022842,true,Rx,0,8,5D,10,84,21,79,4B,BF,9F,
0,00000420,false,Rx,0,8,8B,08,42,16,A1,84,F0,9F,
0,00000420,false,Rx,0,8,8B,08,42,16,A1,84,F0,9F,
33826000,14225B8A,true,Rx,0,8,42,27,E8,D2,27,0F,BF,DF,
34257000,1C222842,true,Rx,0,8,5D,10,84,21,7B,0A,BF,DF,
0,00000420,false,Rx,0,8,8B,08,42,16,A1,84,BF,9F,
34257000,1C222842,true,Rx,0,8,5D,10,84,21,7B,0A,BF,DF,
33826000,14225B8A,true,Rx,0,8,42,27,E8,D2,27,0F,BF,9F,
33826000,14225B8A,true,Rx,0,8,42,27,E8,D2,27,0F,BF,9F,
0,0422222C,true,Rx,0,0,00,00,00,00,00,00,00,00,
33826000,14225B8A,true,Rx,0,8,42,27,E8,D2,27,0F,BF,9F,
33826000,14225B8A,true,Rx,0,8,42,27,E8,D2,27,0F,BF,9F,
48940000,06DABF2C,true,Rx,0,0,00,00,00,00,00,00,00,00,
33826000,14225B8A,true,Rx,0,8,42,27,E8,D2,27,0F,BF,9F,
33826000,14225B8A,true,Rx,0,8,42,27,E8,D2,27,0F,BF,9F,
48940000,06DABF2C,true,Rx,0,0,00,00,00,00,00,00,00,00,
33826000,14225B8A,true,Rx,0,8,42,27,E8,D2,27,0F,BF,9F,
33826000,14225B8A,true,Rx,0,8,42,27,E8,D2,27,0F,BF,9F,
0,0422210C,true,Rx,0,0,00,00,00,00,00,00,00,00,
33826000,14225B8A,true,Rx,0,8,42,27,E8,D2,27,0F,BF,9F,
33826000,14225B8A,true,Rx,0,8,42,27,E8,D2,27,0F,BF,9F,
48940000,06DABF2C,true,Rx,0,0,00,00,00,00,00,00,00,00,
33826000,14225B8A,true,Rx,0,8,42,27,E8,D2,27,0F,BF,9F,
33826000,14225B8A,true,Rx,0,8,42,27,E8,D2,27,0F,BF,9F,
34257000,1C222842,true,Rx,0,8,5D,10,84,21,79,4B,05,9F,
34257000,1C222842,true,Rx,0,8,5D,10,84,21,79,4B,05,9F,
34257000,1C222842,true,Rx,0,8,5D,10,84,21,79,4B,05,9F,
33826000,14225B8A,true,Rx,0,8,42,27,E8,D2,27,0F,BF,9F,
34257000,1C222842,true,Rx,0,8,5D,10,84,21,7B,0A,BF,9F,
12098000,10AD2F42,true,Rx,0,8,5D,10,84,21,79,4B,BF,9F,
33826000,14225B8A,true,Rx,0,8,42,27,E8,D2,27,0F,BF,DF,
12098000,10AD2F42,true,Rx,0,8,5D,10,84,21,79,4B,BF,9F,
12098000,040D2F42,true,Rx,0,8,5D,10,84,21,79,4B,BF,9F,
0,0422212C,true,Rx,0,0,00,00,00,00,00,00,00,00,
12098000,040D2F42,true,Rx,0,8,5D,10,84,21,79,4B,BF,9F,
34257000,1C222842,true,Rx,0,8,5D,10,84,21,7B,0A,BF,DF,
69000,0422212C,true,Rx,0,0,00,00,00,00,00,00,00,00,
0,0422212C,true,Rx,0,0,00,00,00,00,00,00,00,00,
34257000,1C222842,true,Rx,0,8,5D,10,84,21,7B,0A,BF,DF,
34257000,1C222842,true,Rx,0,8,5D,10,84,21,7B,0A,BF,DF,
0,0422212C,true,Rx,0,0,00,00,00,00,00,00,00,00,
33826000,14225B8A,true,Rx,0,8,42,27,E8,D2,27,0F,BF,9F,
34257000,1C222842,true,Rx,0,8,5D,10,84,21,7B,0A,BF,9F,
34257000,1C222842,true,Rx,0,8,5D,10,84,21,7B,0A,BF,DF,
34257000,1C222842,true,Rx,0,8,5D,10,84,21,7B,0A,BF,9F,
0,1842212C,true,Rx,0,0,00,00,00,00,00,00,00,00,
0,00000684,false,Rx,0,2,CF,D7,00,00,00,00,00,00,
33826000,14225B8A,true,Rx,0,8,42,27,E8,D2,27,0F,BF,9F,
33826000,14225B8A,true,Rx,0,8,42,27,E8,D2,27,0F,BF,9F,
0,0422212C,true,Rx,0,0,00,00,00,00,00,00,00,00,
0,0C02212C,true,Rx,0,0,00,00,00,00,00,00,00,00,
0,0C02212C,true,Rx,0,0,00,00,00,00,00,00,00,00,
33826000,14225B8A,true,Rx,0,8,42,27,E8,D2,27,0F,BF,9F,
33826000,14225B8A,true,Rx,0,8,42,27,E8,D2,27,0F,BF,9F,
33826000,14225B8A,true,Rx,0,8,42,27,E8,D2,27,0F,BF,9F,
33826000,14225B8A,true,Rx,0,8,42,27,E8,D2,27,0F,BF,9F,
0,0000014B,true,Rx,0,5,5D,10,84,21,7B,00,00,00,
33826000,14225B8A,true,Rx,0,8,42,27,E8,D2,27,0F,BF,9F,
0,00000420,true,Rx,0,3,8B,08,42,00,00,00,00,00,
0,00000420,true,Rx,0,3,8B,08,42,00,00,00,00,00,
33826000,14225B8A,true,Rx,0,8,42,27,E8,D2,27,0F,BF,9F,
33826000,14225B8A,true,Rx,0,8,42,27,E8,D2,27,0F,BF,9F,
0,0000014B,true,Rx,0,5,5D,10,84,21,7B,00,00,00,
0,00000103,true,Rx,0,5,5D,10,84,21,7B,00,00,00,
0,00000420,true,Rx,0,3,8B,08,42,00,00,00,00,00,
33826000,14225B8A,true,Rx,0,8,42,27,E8,D2,27,0F,BF,DF,
34257000,1C222842,true,Rx,0,8,5D,10,84,21,7B,0A,BF,DF,
33825000,04221716,true,Rx,0,8,42,16,A1,84,68,42,55,9F,
33825000,04221716,true,Rx,0,8,42,16,A1,84,68,42,55,9F,
33826000,14225B8A,true,Rx,0,8,42,27,E8,D2,27,0F,BF,DF,
34257000,1C222842,true,Rx,0,8,5D,10,84,21,7B,0A,BF,DF,
33825000,04221716,true,Rx,0,8,42,16,A1,84,68,42,BF,9F,
34257000,1C222842,true,Rx,0,8,5D,10,84,21,7B,0A,BF,DF,
34257000,1C222842,true,Rx,0,8,5D,10,84,21,7B,0A,BF,DF,
34257000,1C222842,true,Rx,0,8,5D,10,84,21,7B,0A,BF,DF,
33826000,04025B9A,true,Rx,0,8,42,27,A1,84,68,42,BF,9F,
0,00000420,false,Rx,0,3,8B,08,42,00,00,00,00,00,
0,00000420,false,Rx,0,3,8B,08,42,00,00,00,00,00,
34257000,1C222842,true,Rx,0,8,5D,10,84,21,7B,0A,BF,DF,
34257000,18422842,true,Rx,0,8,5D,10,84,21,7B,0A,BF,DF,
34257000,18422842,true,Rx,0,8,5D,10,84,21,7B,0A,BF,DF,
33826000,14225B8A,true,Rx,0,8,42,27,E8,D2,27,0F,BF,9F,
34257000,18422842,true,Rx,0,8,5D,10,84,21,7B,0A,BF,DF,
34257000,04022842,true,Rx,0,8,5D,10,84,21,7B,0A,BF,DF,
34257000,1C222842,true,Rx,0,8,5D,10,84,21,7B,0A,BF,9F,
34257000,04022842,true,Rx,0,8,5D,10,84,21,7B,0A,BF,DF,
34257000,04022842,true,Rx,0,8,5D,10,84,21,7B,0A,BF,DF,
33826000,14225B8A,true,Rx,0,8,42,27,E8,D2,27,0F,BF,9F,
33826000,14225B8A,true,Rx,0,8,42,27,E8,D2,27,0F,BF,9F,
33825000,04221716,true,Rx,0,8,42,16,A1,84,68,42,55,9F,
33825000,04221716,true,Rx,0,8,42,16,A1,84,68,42,55,9F,
0,00000442,true,Rx,0,2,5D,10,00,00,00,00,00,00,
0,00000442,false,Rx,0,2,5D,10,00,00,00,00,00,00,
33826000,14225B8A,true,Rx,0,8,42,27,E8,D2,27,0F,55,9F,
33826000,04025B8A,true,Rx,0,8,42,27,E8,D2,27,0F,55,9F,
0,00000442,true,Rx,0,2,5D,10,00,00,00,00,00,00,
33826000,18425B8A,true,Rx,0,8,42,27,E8,D2,27,0F,55,9F,
0,00000442,true,Rx,0,2,5D,10,00,00,00,00,00,00,
33826000,14225B9A,true,Rx,0,8,42,27,E8,D2,27,0F,55,9F,
33826000,14225B9A,true,Rx,0,8,42,27,E8,D2,27,0F,55,9F,
33826000,14225B9A,true,Rx,0,8,42,27,E8,D2,27,0F,55,9F,
188000,00000420,false,Rx,0,6,8B,08,42,16,A1,84,00,00,
33826000,14225B8A,true,Rx,0,8,42,27,E8,D2,27,0F,55,9F,
33826000,14225B8A,true,Rx,0,8,42,27,E8,D2,27,0F,55,9F,
0,00000610,true,Rx,0,4,8B,08,42,16,00,00,00,00,
33826000,14225B8A,true,Rx,0,8,42,27,E8,D2,27,0F,55,9F,
0,00000684,true,Rx,0,2,E8,D6,00,00,00,00,00,00,
33826000,14225B8A,true,Rx,0,8,42,27,E8,D2,27,0F,BF,DF,
34257000,1C222842,true,Rx,0,8,5D,10,84,21,7B,0A,BF,DF,
34257000,1C222842,true,Rx,0,8,5D,10,84,21,7B,0A,BF,DF,
34257000,1C222842,true,Rx,0,8,5D,10,84,21,7B,0A,BF,DF,
33826000,14225B8A,true,Rx,0,8,42,27,E8,D2,27,0F,55,9F,
34257000,1C222842,true,Rx,0,8,5D,10,84,21,7B,0A,BF,DF,
34257000,04022842,true,Rx,0,8,5D,10,84,21,7B,0A,BF,DF,
33826000,14225B9A,true,Rx,0,8,42,27,10,AB,6C,C6,BF,9F,
33826000,14225B9A,true,Rx,0,8,42,27,10,AB,6C,C6,BF,9F,
34257000,1C222842,true,Rx,0,8,5D,10,84,21,7B,0A,55,9F,
0,00000420,true,Rx,0,6,8B,08,42,16,A1,84,00,00,
33826000,14225B8A,true,Rx,0,8,42,27,E8,D2,27,0F,55,9F,
34257000,1C222842,true,Rx,0,8,5D,10,84,21,7B,0A,55,9F,
0,00000510,true,Rx,0,8,5D,10,84,21,7B,0A,BF,DF,
34257000,1C222842,true,Rx,0,8,5D,10,84,21,7B,0A,55,9F,
33826000,14225B8A,true,Rx,0,8,42,27,E8,D2,27,0F,BF,9F,
33826000,14225B8A,true,Rx,0,8,42,27,E8,D2,27,0F,BF,9F,
0,00000510,true,Rx,0,8,5D,10,84,21,7B,0A,BF,DF,
33826000,14225B8A,true,Rx,0,8,42,27,E8,D2,27,0F,BF,9F,
264000,04220458,true,Rx,0,1,08,00,00,00,00,00,00,00,
264000,0C020458,true,Rx,0,1,08,00,00,00,00,00,00,00,
33826000,14225B8A,true,Rx,0,8,42,27,E8,D2,27,0F,BF,9F,
264000,0C020458,true,Rx,0,1,08,00,00,00,00,00,00,00,
0,00000510,true,Rx,0,8,5D,10,84,21,7B,0A,BF,DF,
0,00000510,true,Rx,0,8,5D,10,84,21,7B,0A,BF,DF,
33826000,14225B8A,true,Rx,0,8,42,27,E8,D2,27,0F,BF,9F,
33826000,14225B9A,true,Rx,0,8,42,27,E8,D2,27,0F,BF,9F,
33826000,14225B9A,true,Rx,0,8,42,27,E8,D2,27,0F,BF,9F,
264000,0C020458,true,Rx,0,1,08,00,00,00,00,00,00,00,
264000,0C020458,true,Rx,0,1,08,00,00,00,00,00,00,00,
0,00000420,true,Rx,0,8,8B,08,42,16,A1,84,F0,9F,
0,00000214,true,Rx,0,5,84,74,01,09,08,00,00,00,
33826000,18425B9A,true,Rx,0,8,42,27,E8,D2,27,0F,BF,9F,
33826000,18425B9A,true,Rx,0,8,42,27,E8,D2,27,0F,BF,9F,
33826000,14225B8A,true,Rx,0,8,42,27,E8,D2,27,0F,BF,9F,
33826000,14225B8A,true,Rx,0,8,42,27,E8,D2,27,0F,BF,9F,
33826000,18425B9A,true,Rx,0,8,42,27,E8,D2,27,0F,BF,9F,
33826000,14225B8A,true,Rx,0,8,42,27,E8,D2,27,0F,BF,9F,
0,00000614,true,Rx,0,5,84,74,01,09,08,00,00,00,
0,00000684,false,Rx,0,2,F1,3C,00,00,00,00,00,00,
33826000,14225B8A,true,Rx,0,8,42,27,E8,D2,27,0F,BF,9F,
34257000,1C222842,true,Rx,0,8,5D,10,84,21,7B,0A,BF,9F,
0,00000684,true,Rx,0,2,F1,3C,00,00,00,00,00,00,
34257000,1C222842,true,Rx,0,8,5D,10,84,21,7B,0A,BF,9F,
0,0422222C,true,Rx,0,0,00,00,00,00,00,00,00,00,
33826000,14225B8A,true,Rx,0,8,42,27,E8,D2,27,0F,BF,9F,
34257000,1C222842,true,Rx,0,8,5D,10,84,21,79,4B,05,9F,
33826000,14225B9A,true,Rx,0,8,42,27,84,21,7B,0A,BF,9F,
33826000,14225B9A,true,Rx,0,8,42,27,84,21,7B,0A,BF,9F,
34257000,1C222842,true,Rx,0,8,5D,10,84,21,79,4B,05,9F,
0,00000420,false,Rx,0,8,8B,08,42,16,A1,84,F0,9F,
0,00000420,false,Rx,0,8,8B,08,42,16,A1,84,F0,9F,
33826000,14225B8A,true,Rx,0,8,42,27,E8,D2,27,0F,BF,9F,
34257000,1C222842,true,Rx,0,8,5D,10,84,21,7B,0A,BF,9F,
0,00000420,true,Rx,0,8,8B,08,42,16,A1,84,BF,9F,
34257000,1C222842,true,Rx,0,8,5D,10,84,21,7B,0A,BF,9F,
33826000,14225B8A,true,Rx,0,8,42,27,E8,D2,27,0F,BF,9F,
33826000,14225B8A,true,Rx,0,8,42,27,E8,D2,27,0F,BF,9F,
0,00000420,true,Rx,0,8,8B,08,42,16,A1,84,BF,9F,
33826000,14225B8A,true,Rx,0,8,42,27,E8,D2,27,0F,BF,9F,
0,0422222C,true,Rx,0,0,00,00,00,00,00,00,00,00,
33826000,14225B8A,true,Rx,0,8,42,27,E8,D2,27,0F,BF,9F,
33826000,14225B8A,true,Rx,0,8,42,27,E8,D2,27,0F,BF,9F,
48962000,06DABF42,true,Rx,0,8,8B,08,42,16,A1,84,BF,9F,
33826000,14225B9A,true,Rx,0,8,42,27,84,21,7B,0A,BF,9F,
33826000,14225B9A,true,Rx,0,8,42,27,84,21,7B,0A,BF,9F,
48962000,06DABF42,true,Rx,0,8,8B,08,42,16,A1,84,BF,9F,
347000,14225B9A,true,Rx,0,8,42,27,84,21,7B,0A,BF,9F,
33826000,14225B9A,true,Rx,0,8,42,27,84,21,7B,0A,BF,9F,
33826000,14225B9A,true,Rx,0,8,42,27,84,21,7B,0A,BF,9F,
33826000,18425B9A,true,Rx,0,8,42,27,84,21,7B,0A,BF,9F,
33826000,04025B9A,true,Rx,0,8,42,27,84,21,7B,0A,BF,9F,
33826000,14225B8A,true,Rx,0,8,42,27,E8,D2,27,0F,BF,9F,
33826000,18425B8A,true,Rx,0,8,42,27,E8,D2,27,0F,BF,9F,
33826000,18425B8A,true,Rx,0,8,42,27,E8,D2,27,0F,BF,9F,
33826000,14225B8A,true,Rx,0,8,42,27,E8,D2,27,0F,BF,9F,
33826000,18425B8A,true,Rx,0,8,42,27,E8,D2,27,0F,BF,9F,
33826000,04025B8A,true,Rx,0,8,42,27,E8,D2,27,0F,BF,9F,
0,0422212C,true,Rx,0,0,00,00,00,00,00,00,00,00,
0,0422212C,true,Rx,0,0,00,00,00,00,00,00,00,00,
34257000,1C222842,true,Rx,0,8,5D,10,84,21,7B,0A,BF,9F,
34257000,18422842,true,Rx,0,8,5D,10,84,21,7B,0A,BF,9F,
33826000,14225B8A,true,Rx,0,8,42,27,E8,D2,27,0F,BF,9F,
34257000,1C222842,true,Rx,0,8,5D,10,84,21,7B,0A,BF,9F,
12076000,10AD2F2C,true,Rx,0,0,00,00,00,00,00,00,00,00,
0,00000442,false,Rx,0,3,42,27,E8,00,00,00,00,00,
33826000,14225B9A,true,Rx,0,8,42,27,E8,D2,27,0F,BF,9F,
33826000,14225B9A,true,Rx,0,8,42,27,E8,D2,27,0F,BF,9F,
34257000,1C222842,true,Rx,0,8,5D,10,84,21,7B,0A,BF,9F,
33826000,14225B9A,true,Rx,0,8,42,27,E8,D2,27,0F,BF,9F,
0,0422212C,true,Rx,0,0,00,00,00,00,00,00,00,00,
33826000,14225B9A,true,Rx,0,8,42,27,42,16,A1,84,BF,DF,
34257000,1C222842,true,Rx,0,8,5D,10,84,21,7B,0A,BF,DF,
34257000,1C222842,true,Rx,0,8,5D,10,84,21,7B,0A,BF,9F,
33826000,14225B8A,true,Rx,0,8,42,27,E8,D2,27,0F,BF,9F,
33826000,14225B8A,true,Rx,0,8,42,27,E8,D2,27,0F,BF,9F,
34257000,1C222842,true,Rx,0,8,5D,10,84,21,7B,0A,BF,9F,
33826000,14225B8A,true,Rx,0,8,42,27,E8,D2,27,0F,BF,9F,
0,0422212C,true,Rx,0,0,00,00,00,00,00,00,00,00,
0,0C02212C,true,Rx,0,0,00,00,00,00,00,00,00,00,
0,0C02212C,true,Rx,0,0,00,00,00,00,00,00,00,00,
33826000,14225B8A,true,Rx,0,8,42,27,E8,D2,27,0F,BF,9F,
0,0C02212C,true,Rx,0,0,00,00,00,00,00,00,00,00,
33826000,14225B8A,true,Rx,0,8,42,27,84,21,7B,0A,BF,DF,
33826000,14225B8A,true,Rx,0,8,42,27,84,21,7B,0A,BF,DF,
33826000,14225B8A,true,Rx,0,8,42,27,E8,D2,27,0F,BF,9F,
33825000,04221716,true,Rx,0,8,42,16,A1,84,68,42,45,9F,
33825000,04221716,true,Rx,0,8,42,16,A1,84,68,42,45,9F,
33826000,14225B9A,true,Rx,0,8,42,27,84,21,7B,0A,BF,DF,
33826000,14225B9A,true,Rx,0,8,42,27,84,21,7B,0A,BF,DF,
33825000,04221716,true,Rx,0,8,42,16,A1,84,68,42,45,9F,
437000,14225B9A,true,Rx,0,8,42,27,84,21,7B,0A,BF,DF,
33826000,14225B9A,true,Rx,0,8,42,27,84,21,7B,0A,BF,DF,
33825000,18421716,true,Rx,0,8,42,16,A1,84,68,42,45,9F,
33826000,14225B8A,true,Rx,0,8,42,27,E8,D2,27,0F,BF,9F,
33826000,14225B9A,true,Rx,0,8,42,27,84,21,7B,0A,BF,DF,
33826000,04025B9A,true,Rx,0,8,42,27,84,21,7B,0A,BF,DF,
33825000,04221716,true,Rx,0,8,42,16,A1,84,68,42,55,9F,
33825000,04221716,true,Rx,0,8,42,16,A1,84,68,42,55,9F,
34257000,1C222842,true,Rx,0,8,5D,10,84,21,7B,0A,BF,9F,
33825000,18421716,true,Rx,0,8,42,16,A1,84,68,42,55,9F,
33826000,14225B8A,true,Rx,0,8,42,27,E8,D2,27,0F,55,9F,
34257000,1C222842,true,Rx,0,8,5D,10,84,21,7B,0A,BF,9F,
34257000,1C222842,true,Rx,0,8,5D,10,84,21,7B,0A,55,9F,
34257000,1C222842,true,Rx,0,8,5D,10,84,21,7B,0A,BF,9F,
33826000,14225B8A,true,Rx,0,8,42,27,E8,D2,27,0F,BF,DF,
33825000,04221716,true,Rx,0,8,42,16,A1,84,68,42,55,9F,
33825000,04221716,true,Rx,0,8,42,16,A1,84,68,42,55,9F,
33826000,14225B9A,true,Rx,0,8,42,27,84,21,7B,0A,BF,9F,
33826000,14225B9A,true,Rx,0,8,42,27,84,21,7B,0A,BF,9F,
33825000,04221716,true,Rx,0,8,42,16,A1,84,68,42,55,9F,
478000,14225B9A,true,Rx,0,8,42,27,84,21,7B,0A,BF,9F,
33826000,14225B8A,true,Rx,0,8,42,27,E8,D2,27,0F,BF,DF,
33826000,14225B8A,true,Rx,0,8,42,27,E8,D2,27,0F,BF,DF,
33825000,04221716,true,Rx,0,8,42,16,A1,84,68,42,BF,9F,
33826000,14225B8A,true,Rx,0,8,42,27,E8,D2,27,0F,BF,DF,
33825000,04221716,true,Rx,0,8,42,16,A1,84,68,42,55,9F,
33825000,04221716,true,Rx,0,8,42,16,A1,84,68,42,55,9F,
33826000,14225B8A,true,Rx,0,8,42,27,E8,D2,27,0F,BF,DF,
33825000,04221716,true,Rx,0,8,42,16,A1,84,68,42,BF,9F,
33825000,04021716,true,Rx,0,8,42,16,A1,84,68,42,BF,9F,
33826000,14225B8A,true,Rx,0,8,42,27,E8,D2,27,0F,BF,9F,
33826000,14225B8A,true,Rx,0,8,42,27,E8,D2,27,0F,BF,9F,
264000,04220458,true,Rx,0,1,08,00,00,00,00,00,00,00,
264000,04220458,true,Rx,0,1,08,00,00,00,00,00,00,00,
33826000,14225B8A,true,Rx,0,8,42,27,E8,D2,27,0F,BF,9F,
33826000,14225B9A,true,Rx,0,8,42,27,E8,D2,27,0F,BF,9F,
33826000,14225B9A,true,Rx,0,8,42,27,E8,D2,27,0F,BF,9F,
264000,04220458,true,Rx,0,1,08,00,00,00,00,00,00,00,
33826000,14225B8A,true,Rx,0,8,42,27,E8,D2,27,0F,BF,DF,
33825000,04021716,true,Rx,0,8,42,16,A1,84,68,42,BF,9F,
33825000,04021716,true,Rx,0,8,42,16,A1,84,68,42,BF,9F,
264000,04220458,true,Rx,0,1,08,00,00,00,00,00,00,00,
264000,0C020458,true,Rx,0,1,08,00,00,00,00,00,00,00,
34257000,1C222842,true,Rx,0,8,5D,10,84,21,7B,0A,BF,DF,
33826000,14225B8A,true,Rx,0,8,42,27,E8,D2,27,0F,BF,9F,
33825000,04021716,true,Rx,0,8,42,16,A1,84,68,42,BF,9F,
33825000,04021716,true,Rx,0,8,42,16,A1,84,68,42,BF,9F,
33826000,14225B8A,true,Rx,0,8,42,27,E8,D2,27,0F,BF,DF,
34290000,1C223842,true,Rx,0,8,5F,21,08,42,F7,1A,1D,DF,
264000,04220458,true,Rx,0,1,08,00,00,00,00,00,00,00,
33825000,04021716,true,Rx,0,8,42,16,A1,84,68,42,BF,9F,
264000,04220458,true,Rx,0,1,08,00,00,00,00,00,00,00,
0,00000684,true,Rx,0,2,99,B0,00,00,00,00,00,00,
33826000,14225B9A,true,Rx,0,8,42,27,08,42,F7,1A,1D,DF,
33826000,14225B9A,true,Rx,0,8,42,27,08,42,F7,1A,1D,DF,
0,00000684,true,Rx,0,2,99,B0,00,00,00,00,00,00,
33826000,14225B8A,true,Rx,0,8,42,27,E8,D2,27,0F,BF,9F,
33826000,14225B8A,true,Rx,0,8,42,27,E8,D2,27,0F,BF,9F,
264000,04020458,true,Rx,0,1,08,00,00,00,00,00,00,00,
33826000,14225B8A,true,Rx,0,8,42,27,E8,D2,27,0F,BF,9F,
264000,04220458,true,Rx,0,1,08,00,00,00,00,00,00,00,
264000,0C020458,true,Rx,0,1,08,00,00,00,00,00,00,00,
33826000,14225B8A,true,Rx,0,8,42,27,E8,D2,27,0F,BF,9F,
33826000,14225B8A,true,Rx,0,8,42,27,E8,D2,27,0F,BF,9F,
33826000,14225B8A,true,Rx,0,8,42,27,E8,D2,27,0F,BF,9F,
264000,04020458,true,Rx,0,1,08,00,00,00,00,00,00,00,
581000,14225B8A,true,Rx,0,8,42,27,E8,D2,27,0F,BF,9F,
33826000,14225B8A,true,Rx,0,8,42,27,E8,D2,27,0F,1D,DF,
33826000,14225B8A,true,Rx,0,8,42,27,E8,D2,27,0F,1D,DF,
0,0422222C,true,Rx,0,0,00,00,00,00,00,00,00,00,
33826000,14225B9A,true,Rx,0,8,42,27,84,21,7B,0A,BF,9F,
33826000,14225B9A,true,Rx,0,8,42,27,84,21,7B,0A,BF,9F,
0,0422222C,true,Rx,0,0,00,00,00,00,00,00,00,00,
33826000,14225B9A,true,Rx,0,8,42,27,84,21,7B,0A,BF,9F,
33826000,14225B8A,true,Rx,0,8,42,27,E8,D2,27,0F,1D,DF,
34257000,1C222842,true,Rx,0,8,5D,10,84,21,7B,0A,1D,DF,
0,0422222C,true,Rx,0,0,00,00,00,00,00,00,00,00,
34257000,1C222842,true,Rx,0,8,5D,10,84,21,7B,0A,1D,DF,
0,00000420,true,Rx,0,8,8B,08,42,16,A1,84,F0,8F,
0,00000420,true,Rx,0,8,8B,08,42,16,A1,84,F0,8F,
33826000,14225B8A,true,Rx,0,8,42,27,E8,D2,27,0F,1D,DF,
34257000,1C222842,true,Rx,0,8,5D,10,84,21,7B,0A,1D,DF,
0,00000420,true,Rx,0,8,8B,08,42,16,A1,84,BF,8F,
34257000,1C222842,true,Rx,0,8,5D,10,84,21,7B,0A,1D,DF,
33826000,14225B8A,true,Rx,0,8,42,27,E8,D2,27,0F,BF,9F,
34257000,1C222842,true,Rx,0,8,5D,10,84,21,7B,0A,BF,9F,
0,0422222C,true,Rx,0,0,00,00,00,00,00,00,00,00,
33826000,14225B9A,true,Rx,0,8,42,27,84,21,7B,0A,BF,9F,
33826000,14225B9A,true,Rx,0,8,42,27,84,21,7B,0A,BF,9F,
0,0422222C,true,Rx,0,0,00,00,00,00,00,00,00,00,
33826000,14225B9A,true,Rx,0,8,42,27,E8,D2,27,0F,1D,DF,
0,00000100,true,Rx,0,8,8B,08,42,16,A1,84,BF,8F,
0,00000100,false,Rx,0,8,8B,08,42,16,A1,84,BF,8F,
33826000,14225B9A,true,Rx,0,8,42,27,84,21,7B,0A,BF,9F,
0,00000420,true,Rx,0,8,8B,08,42,16,A1,84,F0,8F,
0,00000420,true,Rx,0,8,8B,08,42,16,A1,84,F0,8F,
33826000,14225B8A,true,Rx,0,8,42,27,E8,D2,27,0F,BF,9F,
0,00000420,true,Rx,0,8,8B,08,42,16,A1,84,BF,8F,
33826000,14225B8A,true,Rx,0,8,42,27,E8,D2,27,0F,BF,9F,
0,00000100,true,Rx,0,8,8B,08,42,16,A1,84,BF,8F,
33826000,14225B8A,true,Rx,0,8,42,27,E8,D2,27,0F,BF,8F,
33826000,14225B8A,true,Rx,0,8,42,27,E8,D2,27,0F,BF,8F,
0,0422212C,true,Rx,0,0,00,00,00,00,00,00,00,00,
0,0422212C,true,Rx,0,0,00,00,00,00,00,00,00,00,
33826000,14225B8A,true,Rx,0,8,42,27,E8,D2,27,0F,BF,8F,
33826000,14225B8A,true,Rx,0,8,42,27,E8,D2,27,0F,BF,8F,
33826000,14225B8A,true,Rx,0,8,42,27,E8,D2,27,0F,BF,8F,
0,0422212C,true,Rx,0,0,00,00,00,00,00,00,00,00,
33826000,14225B9A,true,Rx,0,8,42,27,42,16,A1,84,BF,8F,
34257000,1C222842,true,Rx,0,8,5D,10,84,21,7B,0A,BF,8F,
33826000,04025B8A,true,Rx,0,8,42,27,E8,D2,27,0F,BF,9F,
34257000,1C222842,true,Rx,0,8,5D,10,84,21,7B,0A,BF,8F,
34257000,1C222842,true,Rx,0,8,5D,10,84,21,7B,0A,BF,8F,
33826000,14225B8A,true,Rx,0,8,42,27,E8,D2,27,0F,BF,9F,
34257000,1C222842,true,Rx,0,8,5D,10,84,21,7B,0A,BF,8F,
34257000,04022842,true,Rx,0,8,5D,10,84,21,7B,0A,BF,8F,
33826000,14225B8A,true,Rx,0,8,42,27,E8,D2,27,0F,BD,DF,
34257000,1C222842,true,Rx,0,8,5D,10,84,21,7B,0A,BD,DF,
0,0422212C,true,Rx,0,0,00,00,00,00,00,00,00,00,
0,0422212C,true,Rx,0,0,00,00,00,00,00,00,00,00,
34257000,1C222842,true,Rx,0,8,5D,10,84,21,7B,0A,BD,DF,
33826000,14225B8A,true,Rx,0,8,42,27,E8,D2,27,4F,BD,DF,
33826000,14225B8A,true,Rx,0,8,42,27,E8,D2,27,4F,BD,DF,
33826000,14225B9A,true,Rx,0,8,42,27,84,21,7B,0A,BF,9F,
33826000,14225B9A,true,Rx,0,8,42,27,84,21,7B,0A,BF,9F,
33826000,14225B8A,true,Rx,0,8,42,27,E8,D2,27,4F,BD,DF,
33826000,14225B9A,true,Rx,0,8,42,27,84,21,7B,0A,BF,9F,
33826000,14225B9A,true,Rx,0,8,42,27,84,21,7B,0A,BF,9F,
33826000,14225B8A,true,Rx,0,8,42,27,E8,D2,27,0F,BF,8F,
33826000,14225B8A,true,Rx,0,8,42,27,E8,D2,27,0F,BF,8F,
33826000,14225B9A,true,Rx,0,8,42,27,84,21,7B,0A,BF,9F,
33826000,14225B8A,true,Rx,0,8,42,27,E8,D2,27,0F,BF,8F,
33826000,14225B8A,true,Rx,0,8,42,27,E8,D2,27,0F,BD,DF,
33826000,14225B8A,true,Rx,0,8,42,27,E8,D2,27,0F,BD,DF,
33825000,04221716,true,Rx,0,8,42,16,A1,84,68,42,55,8F,
33825000,04221716,true,Rx,0,8,42,16,A1,84,68,42,55,8F,
33826000,14225B8A,true,Rx,0,8,42,27,E8,D2,27,0F,BD,DF,
34290000,1C223842,true,Rx,0,8,5F,21,08,42,F7,1A,1D,DF,
33826000,14225B9A,true,Rx,0,8,42,27,84,21,7B,0A,BF,9F,
33826000,14225B9A,true,Rx,0,8,42,27,84,21,7B,0A,BF,9F,
33825000,04221716,true,Rx,0,8,42,16,A1,84,68,42,BF,8F,
33826000,14225B9A,true,Rx,0,8,42,27,84,21,7B,0A,BF,9F,
0,00000420,true,Rx,0,3,8B,08,42,00,00,00,00,00,
0,00000420,true,Rx,0,3,8B,08,42,00,00,00,00,00,
33826000,14225B9A,true,Rx,0,8,42,27,84,21,7B,0A,BF,9F,
33826000,14225B8A,true,Rx,0,8,42,27,E8,D2,27,0F,BF,9F,
33825000,04221716,true,Rx,0,8,42,16,A1,84,68,42,BF,8F,
33825000,04021716,true,Rx,0,8,42,16,A1,84,68,42,BF,8F,
33826000,14225B8A,true,Rx,0,8,42,27,E8,D2,27,0F,1D,DF,
34257000,1C222842,true,Rx,0,8,5D,10,84,21,7B,0A,1D,DF,
33825000,04021716,true,Rx,0,8,42,16,A1,84,68,42,BF,8F,
34257000,1C222842,true,Rx,0,8,5D,10,84,21,7B,0A,1D,DF,
33825000,04221716,true,Rx,0,8,42,16,A1,84,68,42,55,9F,
33825000,04221716,true,Rx,0,8,42,16,A1,84,68,42,55,9F,
33826000,14225B8A,true,Rx,0,8,42,27,E8,D2,27,0F,1D,DF,
34290000,1C223842,true,Rx,0,8,5F,21,08,42,F7,1A,1D,DF,
33826000,14225B9A,true,Rx,0,8,42,27,A1,84,68,42,BF,8F,
33826000,14225B9A,true,Rx,0,8,42,27,A1,84,68,42,BF,8F,
33825000,04221716,true,Rx,0,8,42,16,A1,84,68,42,BF,9F,
33826000,14225B9A,true,Rx,0,8,42,27,A1,84,68,42,BF,8F,
0,00000420,true,Rx,0,3,8B,08,42,00,00,00,00,00,
810000,00000214,false,Rx,0,5,84,74,01,09,08,00,00,00,
33826000,14225B8A,true,Rx,0,8,42,27,E8,D2,27,0F,BF,9F,
33826000,14225B8A,true,Rx,0,8,42,27,E8,D2,27,0F,BF,9F,
0,00000214,true,Rx,0,5,84,74,01,09,08,00,00,00,
33826000,14225B8A,true,Rx,0,8,42,27,E8,D2,27,0F,BF,9F,
33826000,14225B8A,true,Rx,0,8,42,27,E8,D2,27,0F,BF,8F,
0,00000214,true,Rx,0,5,84,74,01,09,08,00,00,00,
0,00000104,false,Rx,0,5,84,74,01,09,08,00,00,00,
33826000,14225B8A,true,Rx,0,8,42,27,E8,D2,27,0F,BF,9F,
264000,04220458,true,Rx,0,1,08,00,00,00,00,00,00,00,
264000,04220458,true,Rx,0,1,08,00,00,00,00,00,00,00,
33826000,14225B8A,true,Rx,0,8,42,27,E8,D2,27,0F,BF,9F,
33826000,14225B8A,true,Rx,0,8,42,27,E8,D2,27,0F,BF,DF,
33826000,14225B8A,true,Rx,0,8,42,27,E8,D2,27,0F,BF,DF,
33826000,14225B9A,true,Rx,0,8,42,27,E8,D2,27,0F,BF,9F,
33826000,14225B9A,true,Rx,0,8,42,27,E8,D2,27,0F,BF,9F,
33826000,14225B8A,true,Rx,0,8,42,27,E8,D2,27,0F,BF,8F,
33826000,14225B9A,true,Rx,0,8,42,27,E8,D2,27,0F,BF,9F,
0,00000420,true,Rx,0,6,8B,08,42,16,A1,84,00,00,
33826000,14225B8A,true,Rx,0,8,42,27,E8,D2,27,0F,BF,8F,
34257000,1C222842,true,Rx,0,8,5D,10,84,21,7B,0A,BF,8F,
0,00000420,true,Rx,0,6,8B,08,42,16,A1,84,00,00,
859000,1C222842,true,Rx,0,8,5D,10,84,21,7B,0A,BF,8F,
33826000,14225B8A,true,Rx,0,8,42,27,E8,D2,27,0F,BF,9F,
34257000,1C222842,true,Rx,0,8,5D,10,84,21,7B,0A,BF,9F,
0,00000420,true,Rx,0,6,8B,08,42,16,A1,84,00,00,
34257000,1C222842,true,Rx,0,8,5D,10,84,21,7B,0A,BF,9F,
264000,04220458,true,Rx,0,1,08,00,00,00,00,00,00,00,
0,00000420,true,Rx,0,6,8B,08,42,16,A1,84,00,00,
264000,04220458,true,Rx,0,1,08,00,00,00,00,00,00,00,
33826000,14225B8A,true,Rx,0,8,42,27,E8,D2,27,0F,BF,DF,
34257000,1C222842,true,Rx,0,8,5D,10,84,21,79,4B,05,DF,
33826000,14225B9A,true,Rx,0,8,42,27,84,21,7B,0A,BF,8F,
33826000,14225B9A,true,Rx,0,8,42,27,84,21,7B,0A,BF,8F,
34257000,1C222842,true,Rx,0,8,5D,10,84,21,7B,0A,BF,9F,
33826000,14225B9A,true,Rx,0,8,42,27,84,21,7B,0A,BF,8F,
0,00000420,false,Rx,0,6,8B,08,42,16,A1,84,00,00,
0,00000214,false,Rx,0,5,84,74,01,09,08,00,00,00,
33826000,14225B8A,true,Rx,0,8,42,27,E8,D2,27,0F,BF,9F,
33826000,14225B8A,true,Rx,0,8,42,27,E8,D2,27,0F,BF,9F,
0,00000214,true,Rx,0,5,84,74,01,09,08,00,00,00,
33826000,14225B8A,true,Rx,0,8,42,27,E8,D2,27,0F,BF,9F,
33826000,14225B8A,true,Rx,0,8,42,27,E8,D2,27,0F,BF,8F,
33826000,14225B8A,true,Rx,0,8,42,27,E8,D2,27,0F,BF,8F,
0,00000214,true,Rx,0,5,84,74,01,09,08,00,00,00,
33826000,14225B8A,true,Rx,0,8,42,27,E8,D2,27,0F,BF,8F,
0,0422222C,true,Rx,0,0,00,00,00,00,00,00,00,00,
33826000,14225B8A,true,Rx,0,8,42,27,E8,D2,27,0F,BF,DF,
33826000,14225B8A,true,Rx,0,8,42,27,E8,D2,27,0F,BF,DF,
33826000,14225B9A,true,Rx,0,8,42,27,E8,D2,27,0F,BF,8F,
33826000,14225B9A,true,Rx,0,8,42,27,E8,D2,27,0F,BF,8F,
33826000,14225B8A,true,Rx,0,8,42,27,E8,D2,27,0F,BF,DF,
0,0422222C,true,Rx,0,0,00,00,00,00,00,00,00,00,
33826000,14225B9A,true,Rx,0,8,42,27,E8,D2,27,0F,BF,9F,
34257000,1C222842,true,Rx,0,8,5D,10,84,21,7B,0A,BF,8F,
0,0422222C,true,Rx,0,0,00,00,00,00,00,00,00,00,
258000,0C222708,true,Rx,0,1,02,00,00,00,00,00,00,00,
33826000,14225B8A,true,Rx,0,8,42,27,E8,D2,27,0F,BF,9F,
34257000,1C222842,true,Rx,0,8,5D,10,84,21,7B,0A,BF,8F,
34257000,04022842,true,Rx,0,8,5D,10,84,21,7B,0A,BF,8F,
0,0422222C,true,Rx,0,0,00,00,00,00,00,00,00,00,
33826000,14225B8A,true,Rx,0,8,42,27,E8,D2,27,0F,BF,8F,
34257000,1C222842,true,Rx,0,8,5D,10,84,21,7B,0A,BF,8F,
33826000,14225B8A,true,Rx,0,8,42,27,E8,D2,27,4F,BF,9F,
33826000,14225B8A,true,Rx,0,8,42,27,E8,D2,27,4F,BF,9F,
0,0422222C,true,Rx,0,0,00,00,00,00,00,00,00,00,
33826000,14225B9A,true,Rx,0,8,42,27,E8,D2,27,0F,BF,DF,
33826000,14225B9A,true,Rx,0,8,42,27,E8,D2,27,0F,BF,DF,
0,00000510,true,Rx,0,8,42,27,E8,D2,27,4F,BF,9F,
33826000,14225B8A,true,Rx,0,8,42,27,E8,D2,27,0F,BF,9F,
0,0402222C,true,Rx,0,0,00,00,00,00,00,00,00,00,
0,0402222C,true,Rx,0,0,00,00,00,00,00,00,00,00,
33826000,14225B9A,true,Rx,0,8,42,27,E8,D2,27,0F,BF,DF,
0,0422212C,true,Rx,0,0,00,00,00,00,00,00,00,00,
0,0422212C,true,Rx,0,0,00,00,00,00,00,00,00,00,
0,0422212C,true,Rx,0,0,00,00,00,00,00,00,00,00,
33826000,14225B9A,true,Rx,0,8,42,27,E8,D2,27,0F,BF,DF,
33826000,14225B8A,true,Rx,0,8,42,27,E8,D2,27,0F,BF,9F,
0,0422212C,true,Rx,0,0,00,00,00,00,00,00,00,00,
33826000,14225B8A,true,Rx,0,8,42,27,E8,D2,27,0F,BF,8F,
33826000,14225B8A,true,Rx,0,8,42,27,E8,D2,27,0F,BF,9F,
33826000,14225B8A,true,Rx,0,8,42,27,E8,D2,27,0F,BF,8F,
33826000,14225B8A,true,Rx,0,8,42,27,E8,D2,27,0F,BF,8F,
33826000,14225B9A,true,Rx,0,8,42,27,E8,D2,27,0F,BF,DF,
33826000,14225B9A,true,Rx,0,8,42,27,E8,D2,27,0F,BF,DF,
33826000,14225B9A,true,Rx,0,8,42,27,E8,D2,27,0F,BF,DF,
33826000,14225B8A,true,Rx,0,8,42,27,E8,D2,27,0F,BF,8F,
34257000,1C222842,true,Rx,0,8,5D,10,84,21,7B,0A,BF,8F,
33826000,14225B9A,true,Rx,0,8,42,27,E8,D2,27,0F,BF,DF,
34257000,1C222842,true,Rx,0,8,5D,10,84,21,7B,0A,BF,8F,
0,0422212C,true,Rx,0,0,00,00,00,00,00,00,00,00,
34257000,1C222842,true,Rx,0,8,5D,10,84,21,7B,0A,BF,8F,
34257000,1C222842,true,Rx,0,8,5D,10,84,21,7B,0A,BF,8F,
33826000,14225B8A,true,Rx,0,8,42,27,E8,D2,27,0F,BF,DF,
34257000,1C222842,true,Rx,0,8,5D,10,84,21,7B,0A,BF,DF,
34257000,1C222842,true,Rx,0,8,5D,10,84,21,7B,0A,BF,8F,
40000,1C222842,true,Rx,0,8,5D,10,84,21,7B,0A,BF,DF,
33826000,14225B8A,true,Rx,0,8,42,27,E8,D2,27,0F,BF,9F,
33826000,14225B8A,true,Rx,0,8,42,27,E8,D2,27,0F,BF,9F,
0,0422212C,true,Rx,0,0,00,00,00,00,00,00,00,00,
0,00000214,true,Rx,0,5,84,74,01,09,08,00,00,00,
56000,00000684,false,Rx,0,2,99,B0,00,00,00,00,00,00,
33826000,14225B9A,true,Rx,0,8,42,27,01,09,08,0A,BF,DF,
33826000,14225B9A,true,Rx,0,8,42,27,01,09,08,0A,BF,DF,
33826000,14225B8A,true,Rx,0,8,42,27,E8,D2,27,0F,BF,9F,
33826000,14225B8A,true,Rx,0,8,42,27,E8,D2,27,0F,BF,9F,
33826000,14225B8A,true,Rx,0,8,42,27,E8,D2,27,0F,BF,8F,
33826000,14225B8A,true,Rx,0,8,42,27,E8,D2,27,0F,BF,8F,
33826000,14225B8A,true,Rx,0,8,42,27,E8,D2,27,0F,BF,9F,
33826000,14225B8A,true,Rx,0,8,42,27,E8,D2,27,0F,BF,8F,
33825000,04221716,true,Rx,0,8,42,16,A1,84,68,42,55,DF,
33825000,04221716,true,Rx,0,8,42,16,A1,84,68,42,55,DF,
33826000,14225B8A,true,Rx,0,8,42,27,E8,D2,27,0F,BF,8F,
33826000,14225B8A,true,Rx,0,8,42,27,E8,D2,27,0F,BF,8F,
33825000,04221716,true,Rx,0,8,42,16,A1,84,68,42,BF,DF,
33826000,14225B8A,true,Rx,0,8,42,27,E8,D2,27,0F,BF,8F,
33826000,14225B8A,true,Rx,0,8,42,27,E8,D2,27,0F,BF,9F,
34290000,1C223842,true,Rx,0,8,5F,21,08,42,F7,1A,1D,9F,
33825000,04221716,true,Rx,0,8,42,16,A1,84,68,42,55,8F,
33825000,04221716,true,Rx,0,8,42,16,A1,84,68,42,55,8F,
33826000,14225B9A,true,Rx,0,8,42,27,08,42,F7,1A,1D,9F,
33826000,14225B9A,true,Rx,0,8,42,27,08,42,F7,1A,1D,9F,
33825000,04221716,true,Rx,0,8,42,16,A1,84,68,42,BF,DF,
33826000,14225B8A,true,Rx,0,8,42,27,E8,D2,27,0F,BF,DF,
33825000,04021716,true,Rx,0,8,42,16,A1,84,68,42,BF,8F,
33825000,04021716,true,Rx,0,8,42,16,A1,84,68,42,BF,8F,
33825000,04221716,true,Rx,0,8,42,16,A1,84,68,42,55,9F,
33825000,04221716,true,Rx,0,8,42,16,A1,84,68,42,55,9F,
33826000,14225B8A,true,Rx,0,8,42,27,E8,D2,27,0F,BF,DF,
34257000,1C222842,true,Rx,0,8,5D,10,84,21,7B,0A,BF,DF,
33825000,04221716,true,Rx,0,8,42,16,A1,84,68,42,BF,9F,
34257000,1C222842,true,Rx,0,8,5D,10,84,21,7B,0A,BF,DF,
33826000,14225B8A,true,Rx,0,8,42,27,E8,D2,27,0F,BF,8F,
33826000,14225B8A,true,Rx,0,8,42,27,E8,D2,27,0F,BF,8F,
33825000,04221716,true,Rx,0,8,42,16,A1,84,68,42,55,DF,
33825000,04221716,true,Rx,0,8,42,16,A1,84,68,42,55,DF,
33826000,14225B9A,true,Rx,0,8,42,27,E8,D2,27,0F,BF,8F,
33826000,14225B9A,true,Rx,0,8,42,27,E8,D2,27,0F,BF,8F,
33825000,04221716,true,Rx,0,8,42,16,A1,84,68,42,55,DF,
33826000,14225B9A,true,Rx,0,8,42,27,E8,D2,27,0F,BF,8F,
33826000,14225B8A,true,Rx,0,8,42,27,E8,D2,27,0F,BF,9F,
33826000,14225B8A,true,Rx,0,8,42,27,E8,D2,27,0F,BF,9F,
33825000,04221716,true,Rx,0,8,42,16,A1,84,68,42,BF,DF,
33826000,14225B8A,true,Rx,0,8,42,27,E8,D2,27,0F,BF,9F,
0,00000420,true,Rx,0,6,8B,08,42,16,A1,84,00,00,
33826000,14225B8A,true,Rx,0,8,42,27,E8,D2,27,0F,BF,8F,
0,00000510,true,Rx,0,8,42,16,A1,84,68,42,BF,DF,
0,00000100,true,Rx,0,8,42,16,A1,84,68,42,BF,DF,
33826000,14225B8A,true,Rx,0,8,42,27,E8,D2,27,0F,BF,9F,
33826000,14225B8A,true,Rx,0,8,42,27,E8,D2,27,0F,BF,8F,
33826000,14225B8A,true,Rx,0,8,42,27,E8,D2,27,0F,BF,8F,
33826000,14225B8A,true,Rx,0,8,42,27,E8,D2,27,0F,BF,8F,
33826000,14225B8A,true,Rx,0,8,42,27,E8,D2,27,0F,BF,8F,
33826000,14225B9A,true,Rx,0,8,42,27,E8,D2,27,0F,BF,9F,
33826000,14225B9A,true,Rx,0,8,42,27,E8,D2,27,0F,BF,9F,
33826000,14225B8A,true,Rx,0,8,42,27,E8,D2,27,0F,BF,8F,
33826000,14225B9A,true,Rx,0,8,42,27,E8,D2,27,0F,BF,9F,
33826000,14225B9A,true,Rx,0,8,42,27,E8,D2,27,0F,BF,DF,
34257000,1C222842,true,Rx,0,8,5D,10,84,21,7B,0A,BF,DF,
33826000,14225B8A,true,Rx,0,8,42,27,E8,D2,27,0F,BF,8F,
34257000,1C222842,true,Rx,0,8,5D,10,84,21,7B,0A,BF,DF,
0,00000420,true,Rx,0,6,8B,08,42,16,A1,84,00,00,
33826000,14225B8A,true,Rx,0,8,42,27,E8,D2,27,0F,BF,9F,
34257000,1C222842,true,Rx,0,8,5D,10,84,21,7B,0A,BF,9F,
0,00000510,true,Rx,0,8,42,27,E8,D2,27,0F,BF,8F,
199000,1C222842,true,Rx,0,8,5D,10,84,21,7B,0A,BF,9F,
33826000,14225B8A,true,Rx,0,8,42,27,E8,D2,27,0F,BF,DF,
33826000,14225B8A,true,Rx,0,8,42,27,E8,D2,27,0F,BF,DF,
264000,04220458,true,Rx,0,1,08,00,00,00,00,00,00,00,
264000,0C020458,true,Rx,0,1,08,00,00,00,00,00,00,00,
33826000,14225B8A,true,Rx,0,8,42,27,E8,D2,27,0F,BF,DF,
33826000,14225B9A,true,Rx,0,8,42,27,E8,D2,27,0F,BF,DF,
33826000,14225B9A,true,Rx,0,8,42,27,E8,D2,27,0F,BF,DF,
33826000,14225B9A,true,Rx,0,8,42,27,E8,D2,27,0F,BF,DF,
264000,0C020458,true,Rx,0,1,08,00,00,00,00,00,00,00,
33826000,14225B9A,true,Rx,0,8,42,27,E8,D2,27,0F,BF,8F,
33826000,14225B9A,true,Rx,0,8,42,27,E8,D2,27,0F,BF,8F,
33826000,14225B9A,true,Rx,0,8,42,27,E8,D2,27,0F,BF,DF,
33826000,14225B9A,true,Rx,0,8,42,27,E8,D2,27,0F,BF,8F,
0,00000420,true,Rx,0,8,8B,08,42,16,A1,84,F0,9F,
0,00000420,true,Rx,0,8,8B,08,42,16,A1,84,F0,9F,
33826000,14225B8A,true,Rx,0,8,42,27,E8,D2,27,0F,BF,8F,
0,00000420,true,Rx,0,8,8B,08,42,16,A1,84,BF,9F,
0,00000100,true,Rx,0,8,8B,08,42,16,A1,84,BF,9F,
33826000,14225B9A,true,Rx,0,8,42,27,E8,D2,27,0F,BF,DF,
33826000,14225B8A,true,Rx,0,8,42,27,E8,D2,27,0F,BF,8F,
34257000,1C222842,true,Rx,0,8,5D,10,84,21,7B,0A,BF,8F,
0,0422222C,true,Rx,0,0,00,00,00,00,00,00,00,00,
33826000,14225B8A,true,Rx,0,8,42,27,E8,D2,27,4F,BF,9F,
33826000,14225B8A,true,Rx,0,8,42,27,E8,D2,27,4F,BF,9F,
33826000,14225B9A,true,Rx,0,8,42,27,84,21,7B,0A,BF,8F,
34257000,1C222842,true,Rx,0,8,5D,10,84,21,7B,0A,BF,8F,
0,0422222C,true,Rx,0,0,00,00,00,00,00,00,00,00,
0,00000420,false,Rx,0,8,8B,08,42,16,A1,84,F0,9F,
0,00000420,false,Rx,0,8,8B,08,42,16,A1,84,F0,9F,
33826000,14225B8A,true,Rx,0,8,42,27,E8,D2,27,0F,BF,8F,
34257000,1C222842,true,Rx,0,8,5D,10,84,21,7B,0A,BF,8F,
0,00000420,true,Rx,0,8,8B,08,42,16,A1,84,BF,9F,
34257000,1C222842,true,Rx,0,8,5D,10,84,21,7B,0A,BF,8F,
33826000,14225B8A,true,Rx,0,8,42,27,E8,D2,27,0F,BF,DF,
33826000,14225B8A,true,Rx,0,8,42,27,E8,D2,27,0F,BF,DF,
0,0422222C,true,Rx,0,0,00,00,00,00,00,00,00,00,
33826000,14225B8A,true,Rx,0,8,42,27,E8,D2,27,0F,BF,9F,
0,0422222C,true,Rx,0,0,00,00,00,00,00,00,00,00,
49034000,06DABF8A,true,Rx,0,8,42,27,E8,D2,27,0F,BF,9F,
33826000,14225B9A,true,Rx,0,8,42,27,84,21,7B,0A,BF,8F,
33826000,14225B9A,true,Rx,0,8,42,27,84,21,7B,0A,BF,8F,
0,00000510,true,Rx,0,8,42,27,E8,D2,27,0F,BF,DF,
33826000,14225B9A,true,Rx,0,8,42,27,84,21,7B,0A,BF,8F,
33826000,14225B9A,true,Rx,0,8,42,27,84,21,7B,0A,BF,8F,
33826000,14225B8A,true,Rx,0,8,42,27,E8,D2,27,0F,BF,9F,
33826000,14225B9A,true,Rx,0,8,42,27,84,21,7B,0A,BF,8F,
33826000,04025B9A,true,Rx,0,8,42,27,84,21,7B,0A,BF,8F,
33826000,14225B8A,true,Rx,0,8,42,27,E8,D2,27,0F,BD,DF,
33826000,04025B9A,true,Rx,0,8,42,27,84,21,7B,0A,BF,8F,
33826000,04025B9A,true,Rx,0,8,42,27,84,21,7B,0A,BF,8F,
0,0422212C,true,Rx,0,0,00,00,00,00,00,00,00,00,
0,0422212C,true,Rx,0,0,00,00,00,00,00,00,00,00,
33826000,14225B8A,true,Rx,0,8,42,27,E8,D2,27,0F,BD,DF,
33826000,14225B8A,true,Rx,0,8,42,27,E8,D2,27,0F,BD,DF,
33826000,14225B8A,true,Rx,0,8,42,27,E8,D2,27,0F,BD,DF,
12186000,10AD2F9A,true,Rx,0,8,42,27,84,21,7B,0A,BF,8F,
33826000,14225B9A,true,Rx,0,8,42,27,E8,D2,27,0F,BF,9F,
33826000,14225B9A,true,Rx,0,8,42,27,E8,D2,27,0F,BF,9F,
33826000,14225B8A,true,Rx,0,8,42,27,E8,D2,27,0F,BD,DF,
33826000,14225B9A,true,Rx,0,8,42,27,E8,D2,27,0F,BF,9F,
33826000,14225B9A,true,Rx,0,8,42,27,E8,D2,27,0F,BF,9F,
33826000,14225B8A,true,Rx,0,8,42,27,E8,D2,27,0F,BF,8F,
33826000,14225B9A,true,Rx,0,8,42,27,E8,D2,27,0F,BF,9F,
33826000,04025B9A,true,Rx,0,8,42,27,E8,D2,27,0F,BF,9F,
33826000,14225B8A,true,Rx,0,8,42,27,E8,D2,27,0F,BD,DF,
33826000,14225B8A,true,Rx,0,8,42,27,E8,D2,27,0F,BD,DF,
33826000,04025B9A,true,Rx,0,8,42,27,E8,D2,27,0F,BF,9F,
33826000,14225B8A,true,Rx,0,8,42,27,E8,D2,27,0F,BD,DF,
0,0422212C,true,Rx,0,0,00,00,00,00,00,00,00,00,
0,0C02212C,true,Rx,0,0,00,00,00,00,00,00,00,00,
0,0C02212C,true,Rx,0,0,00,00,00,00,00,00,00,00,
33826000,14225B8A,true,Rx,0,8,42,27,E8,D2,27,0F,BF,9F,
33826000,14225B8A,true,Rx,0,8,42,27,E8,D2,27,0F,BF,9F,
33826000,14225B9A,true,Rx,0,8,42,27,E8,D2,27,0F,BD,DF,
33826000,14225B9A,true,Rx,0,8,42,27,E8,D2,27,0F,BD,DF,
0,0000014B,false,Rx,0,5,5D,10,84,21,7B,00,00,00,
33826000,14225B9A,true,Rx,0,8,42,27,E8,D2,27,0F,BD,DF,
0,00000420,true,Rx,0,3,8B,08,42,00,00,00,00,00,
0,00000420,true,Rx,0,3,8B,08,42,00,00,00,00,00,
33826000,14225B9A,true,Rx,0,8,42,27,E8,D2,27,0F,BD,DF,
33826000,14225B8A,true,Rx,0,8,42,27,E8,D2,27,0F,BF,9F,
33826000,14225B8A,true,Rx,0,8,42,27,E8,D2,27,0F,BF,9F,
0,0000014B,true,Rx,0,5,5D,10,84,21,7B,00,00,00,
33826000,14225B8A,true,Rx,0,8,42,27,E8,D2,27,0F,BF,9F,
33826000,14225B8A,true,Rx,0,8,42,27,E8,D2,27,0F,BD,DF,
34257000,1C222842,true,Rx,0,8,5D,10,84,21,7B,0A,BD,DF,
0,0000014B,true,Rx,0,5,5D,10,84,21,7B,00,00,00,
34257000,1C222842,true,Rx,0,8,5D,10,84,21,7B,0A,BD,DF,
33825000,04221716,true,Rx,0,8,42,16,A1,84,68,42,55,9F,
33825000,04221716,true,Rx,0,8,42,16,A1,84,68,42,55,9F,
33826000,14225B8A,true,Rx,0,8,42,27,E8,D2,27,0F,BD,DF,
34257000,1C222842,true,Rx,0,8,5D,10,84,21,7B,0A,BD,DF,
33826000,14225B9A,true,Rx,0,8,42,27,84,21,7B,0A,BF,8F,
33826000,14225B9A,true,Rx,0,8,42,27,84,21,7B,0A,BF,8F,
34257000,1C222842,true,Rx,0,8,5D,10,84,21,7B,0A,BD,DF,
0,00000420,false,Rx,0,3,8B,08,42,00,00,00,00,00,
0,00000420,false,Rx,0,3,8B,08,42,00,00,00,00,00,
33826000,14225B9A,true,Rx,0,8,42,27,84,21,7B,0A,BF,8F,
33826000,14225B8A,true,Rx,0,8,42,27,E8,D2,27,0F,BD,DF,
34257000,1C222842,true,Rx,0,8,5D,10,84,21,7B,0A,BD,DF,
33825000,04021716,true,Rx,0,8,42,16,A1,84,68,42,BF,9F,
441000,1C222842,true,Rx,0,8,5D,10,84,21,7B,0A,BD,DF,
33826000,14225B8A,true,Rx,0,8,42,27,E8,D2,27,0F,BF,8F,
33826000,14225B8A,true,Rx,0,8,42,27,E8,D2,27,0F,BF,8F,
33825000,04021716,true,Rx,0,8,42,16,A1,84,68,42,BF,9F,
33826000,14225B8A,true,Rx,0,8,42,27,E8,D2,27,0F,BF,8F,
33825000,04221716,true,Rx,0,8,42,16,A1,84,68,42,55,DF,
33825000,04221716,true,Rx,0,8,42,16,A1,84,68,42,55,DF,
33826000,14225B8A,true,Rx,0,8,42,27,E8,D2,27,0F,BF,8F,
33825000,04221716,true,Rx,0,8,42,16,A1,84,68,42,BF,DF,
33826000,14225B8A,true,Rx,0,8,42,27,E8,D2,27,0F,BF,8F,
33826000,14225B8A,true,Rx,0,8,42,27,E8,D2,27,0F,BF,8F,
33826000,04025B9A,true,Rx,0,8,42,27,A1,84,68,42,BF,9F,
264000,04220458,true,Rx,0,1,08,00,00,00,00,00,00,00,
264000,04220458,true,Rx,0,1,08,00,00,00,00,00,00,00,
264000,04220458,true,Rx,0,1,08,00,00,00,00,00,00,00,
33826000,14225B8A,true,Rx,0,8,42,27,E8,D2,27,0F,BF,8F,
33826000,14225B9A,true,Rx,0,8,42,27,A1,84,68,42,BF,DF,
33826000,14225B8A,true,Rx,0,8,42,27,E8,D2,27,0F,BF,8F,
264000,04220458,true,Rx,0,1,08,00,00,00,00,00,00,00,
33826000,14225B8A,true,Rx,0,8,42,27,E8,D2,27,0F,BF,DF,
34257000,1C222842,true,Rx,0,8,5D,10,84,21,7B,0A,BF,DF,
264000,04220458,true,Rx,0,1,08,00,00,00,00,00,00,00,
34257000,1C222842,true,Rx,0,8,5D,10,84,21,7B,0A,BF,DF,
264000,04220458,true,Rx,0,1,08,00,00,00,00,00,00,00,
34257000,0C022842,true,Rx,0,8,5D,10,84,21,7B,0A,BF,DF,
264000,04220458,true,Rx,0,1,08,00,00,00,00,00,00,00,
33826000,14225B8A,true,Rx,0,8,42,27,E8,D2,27,0F,BF,DF,
33826000,14225B8A,true,Rx,0,8,42,27,E8,D2,27,0F,BF,DF,
12120000,10AD2F58,true,Rx,0,1,08,00,00,00,00,00,00,00,
33826000,14225B8A,true,Rx,0,8,42,27,E8,D2,27,0F,BF,8F,
33826000,14225B8A,true,Rx,0,8,42,27,E8,D2,27,0F,BF,8F,
33826000,14225B8A,true,Rx,0,8,42,27,E8,D2,27,0F,BF,DF,
264000,04220458,true,Rx,0,1,08,00,00,00,00,00,00,00,
0,00000214,true,Rx,0,5,84,74,01,09,08,00,00,00,
33826000,14225B9A,true,Rx,0,8,42,27,A1,84,68,42,BF,9F,
34257000,1C222842,true,Rx,0,8,5D,10,84,21,7B,0A,BF,9F,
0,00000214,true,Rx,0,5,84,74,01,09,08,00,00,00,
34257000,1C222842,true,Rx,0,8,5D,10,84,21,7B,0A,BF,9F,
33826000,14225B8A,true,Rx,0,8,42,27,E8,D2,27,0F,BF,8F,
0,00000214,true,Rx,0,5,84,74,01,09,08,00,00,00,
0,00000104,true,Rx,0,5,84,74,01,09,08,00,00,00,
34257000,1C222842,true,Rx,0,8,5D,10,84,21,7B,0A,BF,9F,
264000,04220458,true,Rx,0,1,08,00,00,00,00,00,00,00,
264000,0C020458,true,Rx,0,1,08,00,00,00,00,00,00,00,
535000,1C222842,true,Rx,0,8,5D,10,84,21,7B,0A,BF,9F,
33826000,14225B8A,true,Rx,0,8,42,27,E8,D2,27,0F,BF,DF,
33826000,14225B8A,true,Rx,0,8,42,27,E8,D2,27,0F,BF,DF,
33826000,14225B8A,true,Rx,0,8,42,27,E8,D2,27,0F,BF,9F,
33826000,14225B8A,true,Rx,0,8,42,27,E8,D2,27,0F,BF,9F,
0,0422222C,true,Rx,0,0,00,00,00,00,00,00,00,00,
0,00000214,true,Rx,0,5,84,74,01,09,08,00,00,00,
33826000,14225B9A,true,Rx,0,8,42,27,E8,D2,27,0F,BF,8F,
33826000,14225B9A,true,Rx,0,8,42,27,E8,D2,27,0F,BF,8F,
0,00000510,true,Rx,0,8,42,27,E8,D2,27,0F,BF,9F,
33826000,14225B8A,true,Rx,0,8,42,27,E8,D2,27,0F,BF,9F,
34257000,1C222842,true,Rx,0,8,5D,10,84,21,7B,0A,BF,9F,
0,00000104,true,Rx,0,5,84,74,01,09,08,00,00,00,
34257000,1C222842,true,Rx,0,8,5D,10,84,21,7B,0A,BF,9F,
0,0422222C,true,Rx,0,0,00,00,00,00,00,00,00,00,
33826000,14225B8A,true,Rx,0,8,42,27,E8,D2,27,0F,BF,9F,
0,00000104,true,Rx,0,5,84,74,01,09,08,00,00,00,
34257000,1C222842,true,Rx,0,8,5D,10,84,21,7B,0A,BF,9F,
0,00000104,true,Rx,0,5,84,74,01,09,08,00,00,00,
33826000,14225B8A,true,Rx,0,8,42,27,E8,D2,27,0F,BF,8F,
34257000,1C222842,true,Rx,0,8,5D,10,84,21,7B,0A,BF,9F,
0,0422222C,true,Rx,0,0,00,00,00,00,00,00,00,00,
33826000,14225B9A,true,Rx,0,8,42,27,84,21,7B,0A,BF,9F,
33826000,14225B9A,true,Rx,0,8,42,27,84,21,7B,0A,BF,9F,
0,0422222C,true,Rx,0,0,00,00,00,00,00,00,00,00,
33826000,14225B9A,true,Rx,0,8,42,27,84,21,7B,0A,BF,9F,
33826000,14225B8A,true,Rx,0,8,42,27,E8,D2,27,0F,BF,8F,
33826000,14225B8A,true,Rx,0,8,42,27,E8,D2,27,0F,BF,8F,
0,0422222C,true,Rx,0,0,00,00,00,00,00,00,00,00,
33826000,14225B8A,true,Rx,0,8,42,27,E8,D2,27,0F,BF,8F,
0,0422222C,true,Rx,0,0,00,00,00,00,00,00,00,00,
617000,00000684,false,Rx,0,2,99,B0,00,00,00,00,00,00,
33826000,14225B8A,true,Rx,0,8,42,27,E8,D2,27,0F,BF,9F,
33826000,14225B8A,true,Rx,0,8,42,27,E8,D2,27,0F,BF,9F,
0,00000684,true,Rx,0,2,99,B0,00,00,00,00,00,00,
0,00000100,true,Rx,0,8,42,27,E8,D2,27,0F,BF,8F,
33826000,14225B8A,true,Rx,0,8,42,27,E8,D2,27,0F,BF,9F,
33826000,14225B8A,true,Rx,0,8,42,27,E8,D2,27,0F,BF,9F,
0,0422212C,true,Rx,0,0,00,00,00,00,00,00,00,00,
0,0422212C,true,Rx,0,0,00,00,00,00,00,00,00,00,
33826000,14225B8A,true,Rx,0,8,42,27,E8,D2,27,0F,BF,9F,
33826000,14225B9A,true,Rx,0,8,42,27,E8,D2,27,0F,BF,9F,
33826000,14225B9A,true,Rx,0,8,42,27,E8,D2,27,0F,BF,9F,
0,00000684,true,Rx,0,2,99,B0,00,00,00,00,00,00,
33826000,14225B9A,true,Rx,0,8,42,27,E8,D2,27,0F,BF,9F,
33826000,14225B8A,true,Rx,0,8,42,27,E8,D2,27,0F,BF,8F,
34257000,1C222842,true,Rx,0,8,5D,10,84,21,7B,0A,BF,8F,
0,00000684,true,Rx,0,2,99,B0,00,00,00,00,00,00,
34257000,1C222842,true,Rx,0,8,5D,10,84,21,7B,0A,BF,8F,
0,0422212C,true,Rx,0,0,00,00,00,00,00,00,00,00,
0,0422212C,true,Rx,0,0,00,00,00,00,00,00,00,00,
34257000,1C222842,true,Rx,0,8,5D,10,84,21,7B,0A,BF,8F,
33826000,14225B8A,true,Rx,0,8,42,27,E8,D2,27,0F,BF,8F,
34257000,1C222842,true,Rx,0,8,5D,10,84,21,7B,0A,BF,8F,
0,0422212C,true,Rx,0,0,00,00,00,00,00,00,00,00,
34257000,1C222842,true,Rx,0,8,5D,10,84,21,7B,0A,BF,8F,
33826000,14225B8A,true,Rx,0,8,42,27,E8,D2,27,0F,BF,DF,
0,0422212C,true,Rx,0,0,00,00,00,00,00,00,00,00,
0,0422212C,true,Rx,0,0,00,00,00,00,00,00,00,00,
0,0422212C,true,Rx,0,0,00,00,00,00,00,00,00,00,
0,0422212C,true,Rx,0,0,00,00,00,00,00,00,00,00,
34257000,1C222842,true,Rx,0,8,5D,10,84,21,7B,0A,BF,8F,
33826000,14225B9A,true,Rx,0,8,42,27,E8,D2,27,0F,BF,DF,
33826000,14225B9A,true,Rx,0,8,42,27,E8,D2,27,0F,BF,DF,
0,0422212C,true,Rx,0,0,00,00,00,00,00,00,00,00,
33826000,14225B9A,true,Rx,0,8,42,27,E8,D2,27,0F,BF,DF,
33826000,14225B8A,true,Rx,0,8,42,27,E8,D2,27,0F,BF,8F,
33826000,14225B8A,true,Rx,0,8,42,27,E8,D2,27,0F,BF,8F,
0,0422212C,true,Rx,0,0,00,00,00,00,00,00,00,00,
33826000,14225B8A,true,Rx,0,8,42,27,E8,D2,27,0F,BF,8F,
33826000,14225B8A,true,Rx,0,8,42,27,E8,D2,27,0F,BF,8F,
33826000,0C025B8A,true,Rx,0,8,42,27,E8,D2,27,0F,BF,8F,
33826000,14225B8A,true,Rx,0,8,42,27,E8,D2,27,0F,BF,9F,
33826000,14225B8A,true,Rx,0,8,42,27,E8,D2,27,0F,BF,9F,
33826000,0C025B8A,true,Rx,0,8,42,27,E8,D2,27,0F,BF,8F,
33826000,14225B8A,true,Rx,0,8,42,27,E8,D2,27,0F,BF,9F,
33826000,14225B8A,true,Rx,0,8,42,27,E8,D2,27,0F,BF,DF,
33826000,14225B8A,true,Rx,0,8,42,27,E8,D2,27,0F,BF,DF,
33825000,04221716,true,Rx,0,8,42,16,A1,84,68,42,55,9F,
33825000,04221716,true,Rx,0,8,42,16,A1,84,68,42,55,9F,
33826000,14225B9A,true,Rx,0,8,42,27,E8,D2,27,0F,BF,DF,
33826000,14225B9A,true,Rx,0,8,42,27,E8,D2,27,0F,BF,DF,
33825000,04221716,true,Rx,0,8,42,16,A1,84,68,42,55,9F,
720000,14225B9A,true,Rx,0,8,42,27,E8,D2,27,0F,BF,DF,
33826000,14225B9A,true,Rx,0,8,42,27,E8,D2,27,0F,BF,8F,
33825000,04221716,true,Rx,0,8,42,16,A1,84,68,42,BF,9F,
33825000,04021716,true,Rx,0,8,42,16,A1,84,68,42,BF,9F,
0,00000420,true,Rx,0,3,8B,08,42,00,00,00,00,00,
0,00000420,false,Rx,0,3,8B,08,42,00,00,00,00,00,
34257000,1C222842,true,Rx,0,8,5D,10,84,21,7B,0A,BF,8F,
33826000,14225B8A,true,Rx,0,8,42,27,E8,D2,27,0F,BF,8F,
34257000,1C222842,true,Rx,0,8,5D,10,84,21,7B,0A,BF,8F,
33825000,04021716,true,Rx,0,8,42,16,A1,84,68,42,BF,9F,
34257000,1C222842,true,Rx,0,8,5D,10,84,21,7B,0A,BF,8F,
33826000,14225B8A,true,Rx,0,8,42,27,E8,D2,27,0F,BF,DF,
34257000,1C222842,true,Rx,0,8,5D,10,84,21,7B,0A,BF,DF,
33825000,04221716,true,Rx,0,8,42,16,A1,84,68,42,55,8F,
33825000,04221716,true,Rx,0,8,42,16,A1,84,68,42,55,8F,
33826000,14225B8A,true,Rx,0,8,42,27,84,21,7B,0A,BF,DF,
33826000,14225B8A,true,Rx,0,8,42,27,84,21,7B,0A,BF,DF,
33825000,04021716,true,Rx,0,8,42,16,A1,84,68,42,BF,9F,
33826000,14225B9A,true,Rx,0,8,42,27,A1,84,68,42,BF,9F,
33826000,14225B9A,true,Rx,0,8,42,27,A1,84,68,42,BF,9F,
33825000,04021716,true,Rx,0,8,42,16,A1,84,68,42,55,8F,
33826000,14225B9A,true,Rx,0,8,42,27,A1,84,68,42,BF,9F,
0,00000420,true,Rx,0,3,8B,08,42,00,00,00,00,00,
0,00000420,true,Rx,0,3,8B,08,42,00,00,00,00,00,
773000,14225B9A,true,Rx,0,8,42,27,A1,84,68,42,BF,9F,
33826000,14225B8A,true,Rx,0,8,42,27,E8,D2,27,0F,BF,9F,
33826000,14225B8A,true,Rx,0,8,42,27,E8,D2,27,0F,BF,9F,
33825000,04021716,true,Rx,0,8,42,16,A1,84,68,42,BF,8F,
33826000,14225B8A,true,Rx,0,8,42,27,E8,D2,27,0F,BF,9F,
33826000,14225B8A,true,Rx,0,8,42,27,E8,D2,27,0F,BF,DF,
33825000,04021716,true,Rx,0,8,42,16,A1,84,68,42,BF,8F,
33826000,14225B8A,true,Rx,0,8,42,27,E8,D2,27,0F,BF,DF,
33826000,14225B8A,true,Rx,0,8,42,27,E8,D2,27,0F,BF,DF,
33826000,14225B8A,true,Rx,0,8,42,27,E8,D2,27,0F,BF,9F,
33826000,14225B8A,true,Rx,0,8,42,27,E8,D2,27,0F,BF,9F,
33826000,14225B9A,true,Rx,0,8,42,27,A1,84,68,42,BF,8F,
33826000,14225B8A,true,Rx,0,8,42,27,E8,D2,27,0F,BF,9F,
33826000,14225B9A,true,Rx,0,8,42,27,A1,84,68,42,BF,8F,
0,00000420,false,Rx,0,6,8B,08,42,16,A1,84,00,00,
33826000,14225B8A,true,Rx,0,8,42,27,E8,D2,27,0F,BF,8F,
0,00000510,true,Rx,0,8,42,27,E8,D2,27,0F,BF,DF,
0,00000100,true,Rx,0,8,42,27,E8,D2,27,0F,BF,DF,
33826000,14225B8A,true,Rx,0,8,42,27,E8,D2,27,0F,BF,9F,
33826000,14225B8A,true,Rx,0,8,42,27,E8,D2,27,0F,BF,8F,
34257000,1C222842,true,Rx,0,8,5D,10,84,21,7B,0A,BF,8F,
0,00000100,true,Rx,0,8,42,27,E8,D2,27,0F,BF,DF,
34257000,1C222842,true,Rx,0,8,5D,10,84,21,7B,0A,BF,8F,
264000,04220458,true,Rx,0,1,08,00,00,00,00,00,00,00,
0,00000100,true,Rx,0,8,42,27,E8,D2,27,0F,BF,DF,
264000,04220458,true,Rx,0,1,08,00,00,00,00,00,00,00,
33826000,14225B8A,true,Rx,0,8,42,27,E8,D2,27,0F,BF,DF,
33826000,14225B8A,true,Rx,0,8,42,27,E8,D2,27,0F,BF,DF,
33826000,14225B9A,true,Rx,0,8,42,27,E8,D2,27,0F,BF,9F,
33826000,14225B9A,true,Rx,0,8,42,27,E8,D2,27,0F,BF,9F,
33826000,14225B8A,true,Rx,0,8,42,27,E8,D2,27,0F,BF,DF,
0,00000420,false,Rx,0,6,8B,08,42,16,A1,84,00,00,
0,00000214,false,Rx,0,5,84,74,01,09,08,00,00,00,
33826000,14225B8A,true,Rx,0,8,42,27,E8,D2,27,0F,BF,8F,
33826000,14225B8A,true,Rx,0,8,42,27,E8,D2,27,0F,BF,8F,
0,00000214,false,Rx,0,5,84,74,01,09,08,00,00,00,
33826000,14225B8A,true,Rx,0,8,42,27,E8,D2,27,0F,BF,8F,
33826000,14225B8A,true,Rx,0,8,42,27,E8,D2,27,0F,BF,9F,
33826000,14225B8A,true,Rx,0,8,42,27,E8,D2,27,0F,BF,9F,
0,00000214,true,Rx,0,5,84,74,01,09,08,00,00,00,
33826000,14225B8A,true,Rx,0,8,42,27,E8,D2,27,0F,BF,9F,
0,0422222C,true,Rx,0,0,00,00,00,00,00,00,00,00,
33826000,14225B8A,true,Rx,0,8,42,27,E8,D2,27,0F,BF,9F,
33826000,14225B8A,true,Rx,0,8,42,27,E8,D2,27,0F,BF,9F,
33826000,14225B9A,true,Rx,0,8,42,27,E8,D2,27,0F,BF,8F,
33826000,14225B9A,true,Rx,0,8,42,27,E8,D2,27,0F,BF,8F,
0,00000214,true,Rx,0,5,84,74,01,09,08,00,00,00,
33826000,14225B9A,true,Rx,0,8,42,27,E8,D2,27,0F,BF,8F,
0,00000420,false,Rx,0,8,8B,08,42,16,A1,84,F0,9F,
896000,00000420,false,Rx,0,8,8B,08,42,16,A1,84,F0,9F,
33826000,14225B8A,true,Rx,0,8,42,27,E8,D2,27,0F,BF,8F,
0,00000420,true,Rx,0,8,8B,08,42,16,A1,84,BF,9F,
0,00000100,true,Rx,0,8,8B,08,42,16,A1,84,BF,9F,
0,00000214,true,Rx,0,5,84,74,01,09,08,00,00,00,
33826000,14225B8A,true,Rx,0,8,42,27,E8,D2,27,0F,BF,8F,
34257000,1C222842,true,Rx,0,8,5D,10,84,21,7B,0A,BF,8F,
0,00000100,true,Rx,0,8,8B,08,42,16,A1,84,BF,9F,
34257000,1C222842,true,Rx,0,8,5D,10,84,21,7B,0A,BF,8F,
0,0422222C,true,Rx,0,0,00,00,00,00,00,00,00,00,
33826000,14225B8A,true,Rx,0,8,42,27,E8,D2,27,0F,BF,8F,
34257000,1C222842,true,Rx,0,8,5D,10,84,21,79,4B,05,8F,
33826000,14225B9A,true,Rx,0,8,42,27,01,09,08,84,BF,DF,
33826000,14225B9A,true,Rx,0,8,42,27,01,09,08,84,BF,DF,
0,00000100,true,Rx,0,8,8B,08,42,16,A1,84,BF,9F,
33826000,14225B9A,true,Rx,0,8,42,27,01,09,08,84,BF,DF,
0,00000420,true,Rx,0,8,8B,08,42,16,A1,84,F0,9F,
933000,00000420,false,Rx,0,8,8B,08,42,16,A1,84,F0,9F,
33826000,14225B8A,true,Rx,0,8,42,27,E8,D2,27,0F,BF,DF,
33826000,14225B8A,true,Rx,0,8,42,27,E8,D2,27,0F,BF,DF,
0,00000420,true,Rx,0,8,8B,08,42,16,A1,84,BF,9F,
33826000,14225B8A,true,Rx,0,8,42,27,E8,D2,27,0F,BF,DF,
945000,02187080,true,Rx,0,1,13,00,00,00,00,00,00,00,
33826000,14225B8A,true,Rx,0,8,42,27,E8,D2,27,0F,BF,9F,
33826000,14225B8A,true,Rx,0,8,42,27,E8,D2,27,0F,BF,9F,
33826000,14225B8A,true,Rx,0,8,42,27,E8,D2,27,0F,BF,DF,
33826000,14225B8A,true,Rx,0,8,42,27,E8,D2,27,0F,BF,9F,
0,0422212C,true,Rx,0,0,00,00,00,00,00,00,00,00,
0,0422212C,true,Rx,0,0,00,00,00,00,00,00,00,00,
0,0422212C,true,Rx,0,0,00,00,00,00,00,00,00,00,
33826000,14225B8A,true,Rx,0,8,42,27,E8,D2,27,0F,BF,9F,
33826000,14225B8A,true,Rx,0,8,42,27,E8,D2,27,0F,BF,DF,
0,0422212C,true,Rx,0,0,00,00,00,00,00,00,00,00,
33826000,14225B9A,true,Rx,0,8,42,27,42,16,A1,84,BF,9F,
33826000,14225B9A,true,Rx,0,8,42,27,42,16,A1,84,BF,9F,
33826000,14225B8A,true,Rx,0,8,42,27,E8,D2,27,0F,BF,DF,
33826000,14225B9A,true,Rx,0,8,42,27,42,16,A1,84,BF,9F,
33826000,14225B9A,true,Rx,0,8,42,27,42,16,A1,84,BF,9F,
973000,14225B9A,true,Rx,0,8,42,27,42,16,A1,84,BF,9F,
33826000,14225B9A,true,Rx,0,8,42,27,E8,D2,27,0F,BF,DF,
33826000,14225B9A,true,Rx,0,8,42,27,42,16,A1,84,BF,9F,
33826000,04025B9A,true,Rx,0,8,42,27,42,16,A1,84,BF,9F,
33826000,14225B8A,true,Rx,0,8,42,27,E8,D2,27,0F,BD,DF,
33826000,04025B9A,true,Rx,0,8,42,27,42,16,A1,84,BF,9F,
33826000,04025B9A,true,Rx,0,8,42,27,42,16,A1,84,BF,9F,
0,0422212C,true,Rx,0,0,00,00,00,00,00,00,00,00,
0,0422212C,true,Rx,0,0,00,00,00,00,00,00,00,00,
0,0422212C,true,Rx,0,0,00,00,00,00,00,00,00,00,
34257000,1C222842,true,Rx,0,8,5D,10,84,21,7B,0A,BD,DF,
33826000,14225B8A,true,Rx,0,8,42,27,E8,D2,27,0F,BF,9F,
34257000,1C222842,true,Rx,0,8,5D,10,84,21,7B,0A,BF,9F,
33825000,14225B9A,true,Rx,0,8,42,10,84,21,7B,0A,BD,DF,
33825000,14225B9A,true,Rx,0,8,42,10,84,21,7B,0A,BD,DF,
34257000,1C222842,true,Rx,0,8,5D,10,84,21,7B,0A,BF,9F,
0,0422212C,true,Rx,0,0,00,00,00,00,00,00,00,00,
0,0422212C,true,Rx,0,0,00,00,00,00,00,00,00,00,
33825000,14225B9A,true,Rx,0,8,42,10,84,21,7B,0A,BD,DF,
33826000,14225B9A,true,Rx,0,8,42,27,84,21,7B,0A,BD,DF,
33826000,14225B9A,true,Rx,0,8,42,27,84,21,7B,0A,BD,DF,
0,0402212C,true,Rx,0,0,00,00,00,00,00,00,00,00,
33826000,14225B9A,true,Rx,0,8,42,27,84,21,7B,0A,BD,DF,
33826000,14225B8A,true,Rx,0,8,42,27,E8,D2,27,0F,BF,9F,
33826000,14225B8A,true,Rx,0,8,42,27,E8,D2,27,0F,BF,9F,
0,0402212C,true,Rx,0,0,00,00,00,00,00,00,00,00,
33826000,14225B8A,true,Rx,0,8,42,27,E8,D2,27,0F,BF,9F,
33825000,04221716,true,Rx,0,8,42,16,A1,84,68,42,55,DF,
33825000,04221716,true,Rx,0,8,42,16,A1,84,68,42,55,DF,
33826000,14225B8A,true,Rx,0,8,42,27,E8,D2,27,0F,BF,9F,
33826000,14225B8A,true,Rx,0,8,42,27,E8,D2,27,0F,BF,9F,
33826000,14225B8A,true,Rx,0,8,42,27,E8,D2,27,4F,BF,DF,
33826000,14225B8A,true,Rx,0,8,42,27,E8,D2,27,4F,BF,DF,
33825000,04221716,true,Rx,0,8,42,16,A1,84,68,42,55,9F,
33825000,04221716,true,Rx,0,8,42,16,A1,84,68,42,55,9F,
33826000,14225B9A,true,Rx,0,8,42,27,E8,D2,27,4F,BF,DF,
34257000,1C222842,true,Rx,0,8,5D,10,84,21,7B,0A,BF,DF,
33825000,04221716,true,Rx,0,8,42,16,A1,84,68,42,55,9F,
34257000,1C222842,true,Rx,0,8,5D,10,84,21,7B,0A,BF,DF,
33826000,14225B8A,true,Rx,0,8,42,27,E8,D2,27,0F,BF,DF,
34257000,1C222842,true,Rx,0,8,5D,10,84,21,7B,0A,BF,DF,
33825000,04221716,true,Rx,0,8,42,16,A1,84,68,42,BF,9F,
34257000,1C222842,true,Rx,0,8,5D,10,84,21,7B,0A,BF,DF,
33825000,04221716,true,Rx,0,8,42,16,A1,84,68,42,55,DF,
33825000,04221716,true,Rx,0,8,42,16,A1,84,68,42,55,DF,
33826000,14225B8A,true,Rx,0,8,42,27,E8,D2,27,0F,BF,DF,
34257000,1C222842,true,Rx,0,8,5D,10,84,21,7B,0A,BF,DF,
33825000,04221716,true,Rx,0,8,42,16,A1,84,68,42,BF,DF,
34257000,1C222842,true,Rx,0,8,5D,10,84,21,7B,0A,BF,DF,
33826000,14225B8A,true,Rx,0,8,42,27,E8,D2,27,0F,BF,9F,
33825000,04221716,true,Rx,0,8,42,16,A1,84,68,42,BF,DF,
33825000,04221716,true,Rx,0,8,42,16,A1,84,68,42,55,DF,
0,00000214,true,Rx,0,5,84,74,01,09,08,00,00,00,
33826000,14225B9A,true,Rx,0,8,42,27,E8,D2,27,0F,BF,9F,
0,00000214,true,Rx,0,5,84,74,01,09,08,00,00,00,
0,00000104,true,Rx,0,5,84,74,01,09,08,00,00,00,
0,00000104,true,Rx,0,5,84,74,01,09,08,00,00,00,
33826000,14225B8A,true,Rx,0,8,42,27,E8,D2,27,0F,BF,9F,
33826000,14225B8A,true,Rx,0,8,42,27,E8,D2,27,0F,BF,9F,
0,00000104,true,Rx,0,5,84,74,01,09,08,00,00,00,
33826000,14225B8A,true,Rx,0,8,42,27,E8,D2,27,0F,BF,9F,
264000,04220458,true,Rx,0,1,08,00,00,00,00,00,00,00,
264000,04220458,true,Rx,0,1,08,00,00,00,00,00,00,00,
33826000,14225B8A,true,Rx,0,8,42,27,E8,D2,27,0F,BF,9F,
33826000,14225B8A,true,Rx,0,8,42,27,E8,D2,27,0F,BF,DF,
0,00000104,true,Rx,0,5,84,74,01,09,08,00,00,00,
0,00000104,true,Rx,0,5,84,74,01,09,08,00,00,00,
33826000,14225B8A,true,Rx,0,8,42,27,E8,D2,27,0F,BF,9F,
33826000,18425B8A,true,Rx,0,8,42,27,E8,D2,27,0F,BF,9F,
33826000,14225B8A,true,Rx,0,8,42,27,E8,D2,27,0F,BF,9F,
33826000,14225B8A,true,Rx,0,8,42,27,E8,D2,27,0F,BF,9F,
33826000,14225B8A,true,Rx,0,8,42,27,E8,D2,27,0F,BF,9F,
33826000,14225B8A,true,Rx,0,8,42,27,E8,D2,27,0F,BF,9F,
33826000,14225B9A,true,Rx,0,8,42,27,E8,D2,27,0F,BF,DF,
33826000,14225B9A,true,Rx,0,8,42,27,E8,D2,27,0F,BF,DF,
33826000,14225B9A,true,Rx,0,8,42,27,E8,D2,27,0F,BF,DF,
33826000,14225B8A,true,Rx,0,8,42,27,E8,D2,27,0F,BF,9F,
34257000,1C222842,true,Rx,0,8,5D,10,84,21,7B,0A,BF,9F,
33826000,14225B9A,true,Rx,0,8,42,27,E8,D2,27,0F,BF,DF,
34257000,1C222842,true,Rx,0,8,5D,10,84,21,7B,0A,BF,9F,
264000,04220458,true,Rx,0,1,08,00,00,00,00,00,00,00,
264000,04220458,true,Rx,0,1,08,00,00,00,00,00,00,00,
154000,1C222842,true,Rx,0,8,5D,10,84,21,7B,0A,BF,9F,
33826000,14225B8A,true,Rx,0,8,42,27,E8,D2,27,0F,BF,DF,
34257000,1C222842,true,Rx,0,8,5D,10,84,21,7B,0A,BF,DF,
33826000,14225B9A,true,Rx,0,8,42,27,E8,D2,27,0F,BF,DF,
34257000,1C222842,true,Rx,0,8,5D,10,84,21,7B,0A,BF,DF,
33826000,14225B8A,true,Rx,0,8,42,27,E8,D2,27,0F,BF,9F,
33826000,14225B9A,true,Rx,0,8,42,27,E8,D2,27,0F,BF,DF,
264000,04220458,true,Rx,0,1,08,00,00,00,00,00,00,00,
264000,0C020458,true,Rx,0,1,08,00,00,00,00,00,00,00,
33826000,14225B8A,true,Rx,0,8,42,27,E8,D2,27,0F,BF,9F,
33826000,14225B9A,true,Rx,0,8,42,27,E8,D2,27,0F,BF,9F,
33826000,14225B9A,true,Rx,0,8,42,27,E8,D2,27,0F,BF,9F,
0,00000442,true,Rx,0,6,42,27,E8,D2,27,0F,00,00,
182000,14225B9A,true,Rx,0,8,42,27,E8,D2,27,0F,BF,9F,
33826000,14225B8A,true,Rx,0,8,42,27,E8,D2,27,0F,BF,DF,
33826000,14225B8A,true,Rx,0,8,42,27,E8,D2,27,0F,BF,DF,
0,00000442,true,Rx,0,6,42,27,E8,D2,27,0F,00,00,
33826000,14225B8A,true,Rx,0,8,42,27,E8,D2,27,0F,BF,DF,
0,0422222C,true,Rx,0,0,00,00,00,00,00,00,00,00,
33826000,14225B8A,true,Rx,0,8,42,27,E8,D2,27,0F,BF,DF,
0,0422222C,true,Rx,0,0,00,00,00,00,00,00,00,00,
0,00000510,true,Rx,0,8,42,27,E8,D2,27,0F,BF,DF,
33826000,14225B8A,true,Rx,0,8,42,27,E8,D2,27,0F,BF,DF,
34257000,1C222842,true,Rx,0,8,5D,10,84,21,7B,0A,BF,DF,
0,0422222C,true,Rx,0,0,00,00,00,00,00,00,00,00,
33826000,14225B9A,true,Rx,0,8,42,27,E8,D2,27,0F,BF,DF,
33826000,14225B9A,true,Rx,0,8,42,27,E8,D2,27,0F,BF,DF,
0,00000510,true,Rx,0,8,5D,10,84,21,7B,0A,BF,DF,
33826000,14225B9A,true,Rx,0,8,42,27,E8,D2,27,0F,BF,DF,
34257000,1C222842,true,Rx,0,8,5D,10,84,21,7B,0A,BF,DF,
0,0402222C,true,Rx,0,0,00,00,00,00,00,00,00,00,
34257000,1C222842,true,Rx,0,8,5D,10,84,21,7B,0A,BF,DF,
0,00000420,false,Rx,0,8,8B,08,42,16,A1,84,F0,8F,
0,00000420,false,Rx,0,8,8B,08,42,16,A1,84,F0,8F,
33826000,14225B8A,true,Rx,0,8,42,27,E8,D2,27,0F,BF,DF,
0,00000420,true,Rx,0,8,8B,08,42,16,A1,84,BF,8F,
0,00000100,false,Rx,0,8,8B,08,42,16,A1,84,BF,8F,
0,0402222C,true,Rx,0,0,00,00,00,00,00,00,00,00,
33826000,14225B8A,true,Rx,0,8,42,27,E8,D2,27,0F,BF,8F,
33826000,14225B8A,true,Rx,0,8,42,27,E8,D2,27,0F,BF,8F,
0,0422222C,true,Rx,0,0,00,00,00,00,00,00,00,00,
33826000,14225B9A,true,Rx,0,8,42,27,84,21,7B,0A,BF,DF,
33826000,14225B9A,true,Rx,0,8,42,27,84,21,7B,0A,BF,DF,
0,0422222C,true,Rx,0,0,00,00,00,00,00,00,00,00,
33826000,14225B9A,true,Rx,0,8,42,27,84,21,7B,0A,BF,DF,
33826000,14225B9A,true,Rx,0,8,42,27,E8,D2,27,0F,BF,8F,
33826000,14225B9A,true,Rx,0,8,42,27,E8,D2,27,0F,BF,8F,
33826000,14225B9A,true,Rx,0,8,42,27,84,21,7B,0A,BF,DF,
33826000,14225B9A,true,Rx,0,8,42,27,E8,D2,27,0F,BF,8F,
33826000,14225B9A,true,Rx,0,8,42,27,E8,D2,27,0F,BF,8F,
33826000,14225B8A,true,Rx,0,8,42,27,E8,D2,27,0F,BF,9F,
33826000,14225B9A,true,Rx,0,8,42,27,E8,D2,27,0F,BF,8F,
33826000,04025B9A,true,Rx,0,8,42,27,E8,D2,27,0F,BF,8F,
33826000,14225B8A,true,Rx,0,8,42,27,E8,D2,27,0F,BD,DF,
34257000,1C222842,true,Rx,0,8,5D,10,84,21,7B,0A,BD,DF,
34257000,1C222842,true,Rx,0,8,5D,10,84,21,7B,0A,BD,DF,
34257000,1C222842,true,Rx,0,8,5D,10,84,21,7B,0A,BD,DF,
33826000,14225B8A,true,Rx,0,8,42,27,E8,D2,27,0F,BF,9F,
33826000,14225B8A,true,Rx,0,8,42,27,E8,D2,27,0F,BF,9F,
33826000,14225B9A,true,Rx,0,8,42,27,84,21,7B,0A,BD,DF,
33826000,14225B9A,true,Rx,0,8,42,27,84,21,7B,0A,BD,DF,
33826000,14225B9A,true,Rx,0,8,42,27,84,21,7B,0A,BD,DF,
33826000,14225B9A,true,Rx,0,8,42,27,84,21,7B,0A,BD,DF,
33826000,14225B8A,true,Rx,0,8,42,27,E8,D2,27,0F,BD,DF,
34257000,1C222842,true,Rx,0,8,5D,10,84,21,7B,0A,BD,DF,
34257000,1C222842,true,Rx,0,8,5D,10,84,21,7B,0A,BF,DF,
34257000,1C222842,true,Rx,0,8,5D,10,84,21,7B,0A,BF,DF,
0,0422212C,true,Rx,0,0,00,00,00,00,00,00,00,00,
0,0422212C,true,Rx,0,0,00,00,00,00,00,00,00,00,
0,0422212C,true,Rx,0,0,00,00,00,00,00,00,00,00,
34257000,1C222842,true,Rx,0,8,5D,10,84,21,7B,0A,BF,DF,
33826000,14225B8A,true,Rx,0,8,42,27,E8,D2,27,0F,BF,DF,
0,0422212C,true,Rx,0,0,00,00,00,00,00,00,00,00,
33826000,14225B9A,true,Rx,0,8,42,27,E8,D2,27,0F,BF,8F,
33826000,14225B9A,true,Rx,0,8,42,27,E8,D2,27,0F,BF,8F,
34257000,1C222842,true,Rx,0,8,5D,10,84,21,7B,0A,BF,DF,
0,00000420,true,Rx,0,3,8B,08,42,00,00,00,00,00,
0,00000420,true,Rx,0,3,8B,08,42,00,00,00,00,00,
33826000,14225B9A,true,Rx,0,8,42,27,E8,D2,27,0F,BF,8F,
33826000,14225B8A,true,Rx,0,8,42,27,E8,D2,27,0F,BF,8F,
0,00000103,true,Rx,0,5,42,27,E8,D2,27,00,00,00,
33826000,14225B8A,true,Rx,0,8,42,27,E8,D2,27,0F,BF,8F,
0,00000420,true,Rx,0,3,8B,08,42,00,00,00,00,00,
33826000,14225B8A,true,Rx,0,8,42,27,E8,D2,27,0F,BF,DF,
33826000,14225B8A,true,Rx,0,8,42,27,E8,D2,27,0F,BF,8F,
33826000,04025B8A,true,Rx,0,8,42,27,E8,D2,27,0F,BF,8F,
33825000,04221716,true,Rx,0,8,42,16,A1,84,68,42,55,DF,
33825000,04221716,true,Rx,0,8,42,16,A1,84,68,42,55,DF,
33826000,14225B8A,true,Rx,0,8,42,27,E8,D2,27,0F,BF,DF,
34290000,1C223842,true,Rx,0,8,5F,21,08,42,F7,1A,1D,DF,
33826000,14225B9A,true,Rx,0,8,42,27,E8,D2,27,0F,BF,8F,
33826000,14225B9A,true,Rx,0,8,42,27,E8,D2,27,0F,BF,8F,
33825000,04221716,true,Rx,0,8,42,16,A1,84,68,42,BF,DF,
33826000,14225B9A,true,Rx,0,8,42,27,E8,D2,27,0F,BF,8F,
0,00000420,false,Rx,0,3,8B,08,42,00,00,00,00,00,
0,00000420,false,Rx,0,3,8B,08,42,00,00,00,00,00,
33826000,14225B9A,true,Rx,0,8,42,27,E8,D2,27,0F,BF,8F,
33826000,14225B8A,true,Rx,0,8,42,27,E8,D2,27,0F,BF,8F,
34257000,1C222842,true,Rx,0,8,5D,10,84,21,7B,0A,BF,8F,
33825000,04221716,true,Rx,0,8,42,16,A1,84,68,42,BF,DF,
34257000,1C222842,true,Rx,0,8,5D,10,84,21,7B,0A,BF,8F,
33826000,14225B8A,true,Rx,0,8,42,27,E8,D2,27,0F,1D,DF,
33826000,14225B8A,true,Rx,0,8,42,27,E8,D2,27,0F,1D,DF,
33825000,04221716,true,Rx,0,8,42,16,A1,84,68,42,BF,DF,
33826000,14225B8A,true,Rx,0,8,42,27,E8,D2,27,0F,1D,DF,
33825000,04221716,true,Rx,0,8,42,16,A1,84,68,42,55,8F,
33825000,04221716,true,Rx,0,8,42,16,A1,84,68,42,55,8F,
33826000,14225B8A,true,Rx,0,8,42,27,E8,D2,27,0F,1D,DF,
33826000,14225B8A,true,Rx,0,8,42,27,E8,D2,27,0F,1D,DF,
48918000,06DABF16,true,Rx,0,8,42,16,A1,84,68,42,BF,8F,
33826000,14225B9A,true,Rx,0,8,42,27,A1,84,68,42,BF,DF,
33826000,14225B9A,true,Rx,0,8,42,27,A1,84,68,42,BF,DF,
48918000,06DABF16,true,Rx,0,8,42,16,A1,84,68,42,BF,8F,
33826000,14225B9A,true,Rx,0,8,42,27,A1,84,68,42,BF,DF,
0,00000420,false,Rx,0,6,8B,08,42,16,A1,84,00,00,
33826000,14225B8A,true,Rx,0,8,42,27,E8,D2,27,0F,BF,8F,
33826000,14225B8A,true,Rx,0,8,42,27,E8,D2,27,0F,BF,8F,
0,00000420,false,Rx,0,6,8B,08,42,16,A1,84,00,00,
33826000,14225B8A,true,Rx,0,8,42,27,E8,D2,27,0F,BF,8F,
33826000,14225B8A,true,Rx,0,8,42,27,E8,D2,27,0F,BF,DF,
34257000,1C222842,true,Rx,0,8,5D,10,84,21,7B,0A,BF,DF,
0,00000420,true,Rx,0,6,8B,08,42,16,A1,84,00,00,
34257000,1C222842,true,Rx,0,8,5D,10,84,21,7B,0A,BF,DF,
264000,04220458,true,Rx,0,1,08,00,00,00,00,00,00,00,
264000,0C020458,true,Rx,0,1,08,00,00,00,00,00,00,00,
34257000,1C222842,true,Rx,0,8,5D,10,84,21,7B,0A,BF,DF,
33826000,14225B8A,true,Rx,0,8,42,27,E8,D2,27,0F,BF,DF,
33826000,14225B8A,true,Rx,0,8,42,27,E8,D2,27,0F,BF,DF,
12170000,10AD2F8A,true,Rx,0,6,8B,08,42,16,A1,84,00,00,
33826000,14225B9A,true,Rx,0,8,42,27,E8,D2,27,0F,BF,8F,
33826000,14225B9A,true,Rx,0,8,42,27,E8,D2,27,0F,BF,8F,
12170000,10AD2F8A,true,Rx,0,6,8B,08,42,16,A1,84,00,00,
33826000,14225B9A,true,Rx,0,8,42,27,E8,D2,27,0F,BF,8F,
0,00000420,true,Rx,0,6,8B,08,42,16,A1,84,00,00,
33826000,14225B8A,true,Rx,0,8,42,27,E8,D2,27,0F,BF,DF,
34257000,1C222842,true,Rx,0,8,5D,10,84,21,7B,0A,BF,DF,
0,00000420,true,Rx,0,6,8B,08,42,16,A1,84,00,00,
34257000,1C222842,true,Rx,0,8,5D,10,84,21,7B,0A,BF,DF,
33826000,14225B8A,true,Rx,0,8,42,27,E8,D2,27,0F,BF,8F,
33826000,14225B8A,true,Rx,0,8,42,27,E8,D2,27,0F,BF,8F,
0,00000420,true,Rx,0,6,8B,08,42,16,A1,84,00,00,
33826000,14225B8A,true,Rx,0,8,42,27,E8,D2,27,0F,BF,8F,
264000,04220458,true,Rx,0,1,08,00,00,00,00,00,00,00,
264000,0C020458,true,Rx,0,1,08,00,00,00,00,00,00,00,
33826000,14225B8A,true,Rx,0,8,42,27,E8,D2,27,0F,BF,8F,
33826000,14225B8A,true,Rx,0,8,42,27,E8,D2,27,0F,BF,DF,
33826000,14225B8A,true,Rx,0,8,42,27,E8,D2,27,0F,BF,DF,
33826000,14225B9A,true,Rx,0,8,42,27,E8,D2,27,0F,BF,8F,
33826000,14225B9A,true,Rx,0,8,42,27,E8,D2,27,0F,BF,8F,
0,0000014B,true,Rx,0,5,8B,08,42,16,A1,00,00,00,
33826000,14225B9A,true,Rx,0,8,42,27,E8,D2,27,0F,BF,8F,
0,0422222C,true,Rx,0,0,00,00,00,00,00,00,00,00,
0,00000214,true,Rx,0,5,84,74,01,09,08,00,00,00,
33826000,14225B9A,true,Rx,0,8,42,27,42,16,A1,84,BF,DF,
33826000,14225B9A,true,Rx,0,8,42,27,42,16,A1,84,BF,DF,
0,00000214,true,Rx,0,5,84,74,01,09,08,00,00,00,
33826000,14225B9A,true,Rx,0,8,42,27,42,16,A1,84,BF,DF,
33826000,14225B8A,true,Rx,0,8,42,27,E8,D2,27,0F,BF,8F,
0,00000214,true,Rx,0,5,84,74,01,09,08,00,00,00,
34257000,1C222842,true,Rx,0,8,5D,10,84,21,7B,0A,BF,8F,
33826000,14225B9A,true,Rx,0,8,42,27,42,16,A1,84,BF,DF,
0,0422222C,true,Rx,0,0,00,00,00,00,00,00,00,00,
33826000,14225B8A,true,Rx,0,8,42,27,E8,D2,27,0F,BF,8F,
34257000,1C222842,true,Rx,0,8,5D,10,84,21,7B,0A,BF,8F,
33826000,14225B8A,true,Rx,0,8,42,27,42,16,A1,84,BF,DF,
33826000,14225B8A,true,Rx,0,8,42,27,42,16,A1,84,BF,DF,
34257000,1C222842,true,Rx,0,8,5D,10,84,21,7B,0A,BF,8F,
0,0422222C,true,Rx,0,0,00,00,00,00,00,00,00,00,
33826000,14225B9A,true,Rx,0,8,42,27,42,16,A1,84,BF,DF,
34257000,1C222842,true,Rx,0,8,5D,10,84,21,7B,0A,BF,DF,
0,0402222C,true,Rx,0,0,00,00,00,00,00,00,00,00,
33826000,14225B8A,true,Rx,0,8,42,27,E8,D2,27,0F,BF,8F,
33826000,14225B8A,true,Rx,0,8,42,27,E8,D2,27,0F,BF,8F,
0,0402222C,true,Rx,0,0,00,00,00,00,00,00,00,00,
33826000,14225B8A,true,Rx,0,8,42,27,E8,D2,27,0F,BF,8F,
0,0422222C,true,Rx,0,0,00,00,00,00,00,00,00,00,
33826000,14225B8A,true,Rx,0,8,42,27,E8,D2,27,0F,BF,DF,
33826000,14225B8A,true,Rx,0,8,42,27,E8,D2,27,0F,BF,DF,
48940000,06DABF2C,true,Rx,0,0,00,00,00,00,00,00,00,00,
33826000,14225B8A,true,Rx,0,8,42,27,E8,D2,27,0F,BF,8F,
48940000,06DABF2C,true,Rx,0,0,00,00,00,00,00,00,00,00,
0,0422212C,true,Rx,0,0,00,00,00,00,00,00,00,00,
0,0422212C,true,Rx,0,0,00,00,00,00,00,00,00,00,
33826000,14225B8A,true,Rx,0,8,42,27,E8,D2,27,0F,BF,DF,
33826000,14225B9A,true,Rx,0,8,42,27,E8,D2,27,0F,BF,DF,
0,0422212C,true,Rx,0,0,00,00,00,00,00,00,00,00,
33826000,14225B9A,true,Rx,0,8,42,27,E8,D2,27,0F,BF,DF,
33826000,14225B9A,true,Rx,0,8,42,27,E8,D2,27,0F,BF,DF,
33826000,14225B8A,true,Rx,0,8,42,27,E8,D2,27,0F,BF,8F,
34257000,1C222842,true,Rx,0,8,5D,10,84,21,7B,0A,BF,8F,
33826000,14225B9A,true,Rx,0,8,42,27,E8,D2,27,0F,BF,DF,
612000,1C222842,true,Rx,0,8,5D,10,84,21,7B,0A,BF,8F,
0,0422212C,true,Rx,0,0,00,00,00,00,00,00,00,00,
0,0422212C,true,Rx,0,0,00,00,00,00,00,00,00,00,
34257000,1C222842,true,Rx,0,8,5D,10,84,21,7B,0A,BF,8F,
33826000,14225B8A,true,Rx,0,8,42,27,E8,D2,27,0F,BF,8F,
34257000,1C222842,true,Rx,0,8,5D,10,84,21,7B,0A,BF,8F,
33826000,14225B9A,true,Rx,0,8,42,27,E8,D2,27,0F,BF,DF,
34257000,1C222842,true,Rx,0,8,5D,10,84,21,7B,0A,BF,8F,
33826000,14225B8A,true,Rx,0,8,42,27,E8,D2,27,0F,BF,DF,
33826000,14225B8A,true,Rx,0,8,42,27,E8,D2,27,0F,BF,DF,
0,0422212C,true,Rx,0,0,00,00,00,00,00,00,00,00,
0,0422212C,true,Rx,0,0,00,00,00,00,00,00,00,00,
33826000,14225B8A,true,Rx,0,8,42,27,E8,D2,27,0F,BF,DF,
33826000,18425B8A,true,Rx,0,8,42,27,E8,D2,27,0F,BF,DF,
33826000,14225B9A,true,Rx,0,8,42,27,E8,D2,27,0F,BF,DF,
33826000,14225B9A,true,Rx,0,8,42,27,E8,D2,27,0F,BF,DF,
33826000,14225B9A,true,Rx,0,8,42,27,E8,D2,27,0F,BF,DF,
33826000,14225B8A,true,Rx,0,8,42,27,E8,D2,27,0F,BF,DF,
0,00000104,true,Rx,0,2,99,B0,00,00,00,00,00,00,
0,00000104,true,Rx,0,2,99,B0,00,00,00,00,00,00,
33826000,14225B9A,true,Rx,0,8,42,27,E8,D2,27,0F,BF,DF,
0,0422212C,true,Rx,0,0,00,00,00,00,00,00,00,00,
0,0C02212C,true,Rx,0,0,00,00,00,00,00,00,00,00,
0,0C02212C,true,Rx,0,0,00,00,00,00,00,00,00,00,
33826000,14225B8A,true,Rx,0,8,42,27,E8,D2,27,0F,BF,DF,
33826000,14225B8A,true,Rx,0,8,42,27,E8,D2,27,0F,BF,DF,
0,0C02212C,true,Rx,0,0,00,00,00,00,00,00,00,00,
33826000,14225B8A,true,Rx,0,8,42,27,E8,D2,27,0F,BF,DF,
33826000,14225B8A,true,Rx,0,8,42,27,E8,D2,27,0F,BF,8F,
33826000,14225B8A,true,Rx,0,8,42,27,E8,D2,27,0F,BF,8F,
33825000,04221716,true,Rx,0,8,42,16,A1,84,68,42,55,DF,
33825000,04221716,true,Rx,0,8,42,16,A1,84,68,42,55,DF,
33826000,14225B9A,true,Rx,0,8,42,27,E8,D2,27,0F,BF,8F,
33826000,14225B9A,true,Rx,0,8,42,27,E8,D2,27,0F,BF,8F,
0,0C02212C,true,Rx,0,0,00,00,00,00,00,00,00,00,
33826000,14225B8A,true,Rx,0,8,42,27,E8,D2,27,0F,BF,DF,
34257000,1C222842,true,Rx,0,8,5D,10,84,21,7B,0A,BF,DF,
33825000,04021716,true,Rx,0,8,42,16,A1,84,68,42,BF,DF,
34257000,1C222842,true,Rx,0,8,5D,10,84,21,7B,0A,BF,DF,
33825000,04221716,true,Rx,0,8,42,16,A1,84,68,42,55,8F,
33825000,04221716,true,Rx,0,8,42,16,A1,84,68,42,55,8F,
33826000,14225B8A,true,Rx,0,8,42,27,E8,D2,27,0F,BF,DF,
34257000,1C222842,true,Rx,0,8,5D,10,84,21,7B,0A,BF,DF,
33825000,04221716,true,Rx,0,8,42,16,A1,84,68,42,BF,8F,
34257000,1C222842,true,Rx,0,8,5D,10,84,21,7B,0A,BF,DF,
33826000,14225B8A,true,Rx,0,8,42,27,E8,D2,27,0F,BF,DF,
34257000,1C222842,true,Rx,0,8,5D,10,84,21,79,4B,05,DF,
33825000,04221716,true,Rx,0,8,42,16,A1,84,68,42,55,DF,
33825000,04221716,true,Rx,0,8,42,16,A1,84,68,42,55,DF,
33826000,14225B9A,true,Rx,0,8,42,27,84,21,79,4B,05,DF,
33826000,14225B9A,true,Rx,0,8,42,27,84,21,79,4B,05,DF,
33825000,04221716,true,Rx,0,8,42,16,A1,84,68,42,BF,8F,
33826000,14225B8A,true,Rx,0,8,42,27,E8,D2,27,0F,BF,8F,
33825000,04021716,true,Rx,0,8,42,16,A1,84,68,42,BF,DF,
33825000,04021716,true,Rx,0,8,42,16,A1,84,68,42,BF,DF,
0,00000420,true,Rx,0,1,82,00,00,00,00,00,00,00,
33825000,04021716,true,Rx,0,8,42,16,A1,84,68,42,BF,DF,
33825000,04021716,true,Rx,0,8,42,16,A1,84,68,42,BF,DF,
33826000,14225B8A,true,Rx,0,8,42,27,E8,D2,27,0F,BF,8F,
33826000,14225B8A,true,Rx,0,8,42,27,E8,D2,27,0F,BF,8F,
33825000,04021716,true,Rx,0,8,42,16,A1,84,68,42,BF,DF,
33826000,14225B8A,true,Rx,0,8,42,27,E8,D2,27,0F,BF,8F,
33826000,14225B8A,true,Rx,0,8,42,27,E8,D2,27,0F,05,DF,
33825000,04021716,true,Rx,0,8,42,16,A1,84,68,42,BF,DF,
33826000,14225B8A,true,Rx,0,8,42,27,E8,D2,27,0F,05,DF,
33826000,14225B8A,true,Rx,0,8,42,27,E8,D2,27,0F,05,DF,
33826000,14225B9A,true,Rx,0,8,42,27,E8,D2,27,0F,BF,8F,
33826000,14225B9A,true,Rx,0,8,42,27,E8,D2,27,0F,BF,8F,
33826000,14225B8A,true,Rx,0,8,42,27,E8,D2,27,0F,05,DF,
33826000,14225B9A,true,Rx,0,8,42,27,E8,D2,27,0F,BF,8F,
33826000,14225B8A,true,Rx,0,8,42,27,E8,D2,27,0F,BF,DF,
34257000,1C222842,true,Rx,0,8,5D,10,84,21,7B,0A,BF,DF,
33826000,14225B8A,true,Rx,0,8,42,27,E8,D2,27,0F,BF,DF,
34257000,1C222842,true,Rx,0,8,5D,10,84,21,7B,0A,BF,DF,
0,00000420,false,Rx,0,6,8B,08,42,16,A1,84,00,00,
33826000,14225B8A,true,Rx,0,8,42,27,E8,D2,27,0F,BF,8F,
34257000,1C222842,true,Rx,0,8,5D,10,84,21,7B,0A,BF,8F,
0,00000510,true,Rx,0,8,42,27,E8,D2,27,0F,BF,DF,
34257000,1C222842,true,Rx,0,8,5D,10,84,21,7B,0A,BF,8F,
33826000,14225B8A,true,Rx,0,8,42,27,E8,D2,27,0F,BF,DF,
33826000,14225B8A,true,Rx,0,8,42,27,E8,D2,27,0F,BF,DF,
264000,04220458,true,Rx,0,1,08,00,00,00,00,00,00,00,
0,00000510,true,Rx,0,8,42,27,E8,D2,27,0F,BF,DF,
264000,04220458,true,Rx,0,1,08,00,00,00,00,00,00,00,
33826000,14225B9A,true,Rx,0,8,42,27,E8,D2,27,0F,BF,DF,
33826000,14225B9A,true,Rx,0,8,42,27,E8,D2,27,0F,BF,DF,
33826000,14225B8A,true,Rx,0,8,42,27,E8,D2,27,0F,BF,DF,
33826000,14225B9A,true,Rx,0,8,42,27,E8,D2,27,0F,BF,DF,
33826000,14225B9A,true,Rx,0,8,42,27,84,21,7B,0A,BF,8F,
33826000,14225B9A,true,Rx,0,8,42,27,84,21,7B,0A,BF,8F,
33826000,14225B8A,true,Rx,0,8,42,27,E8,D2,27,0F,BF,DF,
33826000,14225B9A,true,Rx,0,8,42,27,84,21,7B,0A,BF,8F,
0,00000420,false,Rx,0,6,8B,08,42,16,A1,84,00,00,
0,00000300,false,Rx,0,6,8B,08,42,16,A1,84,00,00,
33826000,14225B9A,true,Rx,0,8,42,27,84,21,7B,0A,BF,8F,
33826000,14225B8A,true,Rx,0,8,42,27,E8,D2,27,0F,BF,DF,
33826000,14225B8A,true,Rx,0,8,42,27,E8,D2,27,0F,BF,DF,
0,00000510,false,Rx,0,8,42,27,E8,D2,27,0F,BF,DF,
33826000,14225B8A,true,Rx,0,8,42,27,E8,D2,27,0F,BF,DF,
33826000,14225B8A,true,Rx,0,8,42,27,E8,D2,27,0F,BF,8F,
33826000,14225B8A,true,Rx,0,8,42,27,E8,D2,27,0F,BF,8F,
0,0422222C,true,Rx,0,0,00,00,00,00,00,00,00,00,
33826000,14225B8A,true,Rx,0,8,42,27,E8,D2,27,4F,BF,8F,
33826000,14225B8A,true,Rx,0,8,42,27,E8,D2,27,4F,BF,8F,
33826000,14225B9A,true,Rx,0,8,42,27,E8,D2,27,0F,BF,DF,
34257000,1C222842,true,Rx,0,8,5D,10,84,21,7B,0A,BF,DF,
0,00000510,true,Rx,0,8,42,27,E8,D2,27,0F,BF,DF,
0,00000420,true,Rx,0,8,8B,08,42,16,A1,84,F0,9F,
0,00000420,true,Rx,0,8,8B,08,42,16,A1,84,F0,9F,
33826000,14225B8A,true,Rx,0,8,42,27,E8,D2,27,0F,BF,DF,
34257000,1C222842,true,Rx,0,8,5D,10,84,21,7B,0A,BF,DF,
0,00000420,true,Rx,0,8,8B,08,42,16,A1,84,BF,9F,
34257000,1C222842,true,Rx,0,8,5D,10,84,21,7B,0A,BF,DF,
33826000,14225B8A,true,Rx,0,8,42,27,E8,D2,27,0F,BF,DF,
34257000,1C222842,true,Rx,0,8,5D,10,84,21,7B,0A,BF,DF,
0,0422222C,true,Rx,0,0,00,00,00,00,00,00,00,00,
33826000,14225B8A,true,Rx,0,8,42,27,E8,D2,27,0F,BF,DF,
0,00000420,true,Rx,0,8,8B,08,42,16,A1,84,BF,9F,
33826000,14225B9A,true,Rx,0,8,42,27,08,42,F7,1A,1D,DF,
33826000,14225B9A,true,Rx,0,8,42,27,08,42,F7,1A,1D,DF,
0,0422222C,true,Rx,0,0,00,00,00,00,00,00,00,00,
0,00000420,true,Rx,0,8,8B,08,42,16,A1,84,F0,9F,
0,00000420,true,Rx,0,8,8B,08,42,16,A1,84,F0,9F,
33826000,14225B8A,true,Rx,0,8,42,27,E8,D2,27,0F,1D,DF,
0,00000420,true,Rx,0,8,8B,08,42,16,A1,84,BF,9F,
0,00000100,true,Rx,0,8,8B,08,42,16,A1,84,BF,9F,
0,00000102,true,Rx,0,6,8B,08,42,16,A1,84,00,00,
33826000,14225B8A,true,Rx,0,8,42,27,E8,D2,27,0F,1D,DF,
33826000,14225B8A,true,Rx,0,8,42,27,E8,D2,27,0F,1D,DF,
0,00000100,false,Rx,0,8,8B,08,42,16,A1,84,BF,9F,
33826000,14225B8A,true,Rx,0,8,42,27,E8,D2,27,0F,1D,DF,
0,0422212C,true,Rx,0,0,00,00,00,00,00,00,00,00,
0,0422212C,true,Rx,0,0,00,00,00,00,00,00,00,00,
0,0422212C,true,Rx,0,0,00,00,00,00,00,00,00,00,
33826000,14225B8A,true,Rx,0,8,42,27,E8,D2,27,0F,1D,DF,
33826000,14225B8A,true,Rx,0,8,42,27,E8,D2,27,0F,BF,9F,
0,0422212C,true,Rx,0,0,00,00,00,00,00,00,00,00,
33826000,14225B9A,true,Rx,0,8,42,27,42,16,A1,84,BF,9F,
33826000,14225B9A,true,Rx,0,8,42,27,42,16,A1,84,BF,9F,
33826000,14225B8A,true,Rx,0,8,42,27,E8,D2,27,0F,1D,DF,
33826000,14225B9A,true,Rx,0,8,42,27,42,16,A1,84,BF,9F,
33826000,14225B9A,true,Rx,0,8,42,27,42,16,A1,84,BF,9F,
33826000,14225B8A,true,Rx,0,8,42,27,E8,D2,27,0F,BF,9F,
33826000,14225B9A,true,Rx,0,8,42,27,42,16,A1,84,BF,9F,
33826000,04025B9A,true,Rx,0,8,42,27,42,16,A1,84,BF,9F,
34257000,1C222842,true,Rx,0,8,5D,10,84,21,7B,0A,BF,9F,
33826000,04025B9A,true,Rx,0,8,42,27,42,16,A1,84,BF,9F,
33826000,14225B8A,true,Rx,0,8,42,27,E8,D2,27,0F,BD,DF,
34257000,1C222842,true,Rx,0,8,5D,10,84,21,7B,0A,BD,DF,
34257000,1C222842,true,Rx,0,8,5D,10,84,21,7B,0A,BF,9F,
34257000,1C222842,true,Rx,0,8,5D,10,84,21,7B,0A,BD,DF,
0,0422212C,true,Rx,0,0,00,00,00,00,00,00,00,00,
0,0422212C,true,Rx,0,0,00,00,00,00,00,00,00,00,
0,0422212C,true,Rx,0,0,00,00,00,00,00,00,00,00,
34257000,1C222842,true,Rx,0,8,5D,10,84,21,7B,0A,BD,DF,
33826000,14225B8A,true,Rx,0,8,42,27,E8,D2,27,0F,BF,9F,
33826000,14225B8A,true,Rx,0,8,42,27,E8,D2,27,0F,BF,9F,
33826000,14225B9A,true,Rx,0,8,42,27,84,21,7B,0A,BD,DF,
33826000,14225B9A,true,Rx,0,8,42,27,84,21,7B,0A,BD,DF,
0,0422212C,true,Rx,0,0,00,00,00,00,00,00,00,00,
33826000,14225B9A,true,Rx,0,8,42,27,84,21,7B,0A,BD,DF,
33826000,14225B9A,true,Rx,0,8,42,27,84,21,7B,0A,BD,DF,
33826000,14225B9A,true,Rx,0,8,42,27,84,21,7B,0A,BD,DF,
33826000,14225B8A,true,Rx,0,8,42,27,E8,D2,27,0F,BF,9F,
33826000,14225B9A,true,Rx,0,8,42,27,84,21,7B,0A,BF,DF,
33826000,04025B9A,true,Rx,0,8,42,27,84,21,7B,0A,BF,DF,
33826000,14225B8A,true,Rx,0,8,42,27,E8,D2,27,0F,BD,DF,
33826000,04025B9A,true,Rx,0,8,42,27,84,21,7B,0A,BF,DF,
33826000,04025B9A,true,Rx,0,8,42,27,84,21,7B,0A,BF,DF,
33825000,04221716,true,Rx,0,8,42,16,A1,84,68,42,55,9F,
33825000,04221716,true,Rx,0,8,42,16,A1,84,68,42,55,9F,
33826000,14225B8A,true,Rx,0,8,42,27,E8,D2,27,0F,BD,DF,
33826000,14225B8A,true,Rx,0,8,42,27,E8,D2,27,0F,BD,DF,
33826000,14225B9A,true,Rx,0,8,42,27,84,21,7B,0A,BF,DF,
33826000,14225B9A,true,Rx,0,8,42,27,84,21,7B,0A,BF,DF,
33826000,14225B8A,true,Rx,0,8,42,27,E8,D2,27,0F,BD,DF,
0,00000684,false,Rx,0,6,50,27,E8,D2,27,0F,00,00,
0,00000420,false,Rx,0,3,8B,08,42,00,00,00,00,00,
0,00000420,false,Rx,0,3,8B,08,42,00,00,00,00,00,
33825000,04021716,true,Rx,0,8,42,16,A1,84,68,42,BF,9F,
33826000,14225B8A,true,Rx,0,8,42,27,E8,D2,27,0F,BF,9F,
33826000,14225B9A,true,Rx,0,8,42,27,84,21,7B,0A,BF,DF,
33826000,04025B9A,true,Rx,0,8,42,27,84,21,7B,0A,BF,DF,
26000,00000420,false,Rx,0,3,8B,08,42,00,00,00,00,00,
30000,00000684,false,Rx,0,2,C6,7A,00,00,00,00,00,00,
33826000,14225B8A,true,Rx,0,8,42,27,E8,D2,27,0F,BF,9F,
34257000,1C222842,true,Rx,0,8,5D,10,84,21,7B,0A,BF,9F,
0,00000684,true,Rx,0,2,C6,7A,00,00,00,00,00,00,
34257000,1C222842,true,Rx,0,8,5D,10,84,21,7B,0A,BF,9F,
33825000,04221716,true,Rx,0,8,42,16,A1,84,68,42,55,DF,
33825000,04221716,true,Rx,0,8,42,16,A1,84,68,42,55,DF,
0,00000684,false,Rx,0,2,C6,7A,00,00,00,00,00,00,
34257000,1C222842,true,Rx,0,8,5D,10,84,21,7B,0A,55,DF,
33826000,14225B9A,true,Rx,0,8,42,27,84,21,7B,0A,55,DF,
33826000,14225B9A,true,Rx,0,8,42,27,84,21,7B,0A,55,DF,
0,00000610,true,Rx,0,3,58,42,18,00,00,00,00,00,
33826000,14225B9A,true,Rx,0,8,42,27,84,21,7B,0A,55,DF,
0,00000420,true,Rx,0,3,8B,08,42,00,00,00,00,00,
0,00000420,false,Rx,0,3,8B,08,42,00,00,00,00,00,
33826000,14225B9A,true,Rx,0,8,42,27,84,21,7B,0A,55,DF,
33826000,18425B9A,true,Rx,0,8,42,27,84,21,7B,0A,55,DF,
33826000,18425B9A,true,Rx,0,8,42,27,84,21,7B,0A,55,DF,
0,00000610,true,Rx,0,3,58,42,18,00,00,00,00,00,
33826000,14225B9A,true,Rx,0,8,42,27,E8,D2,27,0F,BF,DF,
33826000,04025B9A,true,Rx,0,8,42,27,E8,D2,27,0F,BF,DF,
33826000,18425B9A,true,Rx,0,8,42,27,84,21,7B,0A,BF,DF,
0,00000610,false,Rx,0,3,58,42,18,00,00,00,00,00,
0,00000610,false,Rx,0,3,58,42,18,00,00,00,00,00,
33826000,14225B8A,true,Rx,0,8,42,27,E8,D2,27,0F,BF,DF,
33826000,14225B8A,true,Rx,0,8,42,27,E8,D2,27,0F,BF,DF,
0,00000610,true,Rx,0,3,58,42,18,00,00,00,00,00,
33826000,04025B9A,true,Rx,0,8,42,27,E8,D2,27,0F,BF,DF,
264000,04220458,true,Rx,0,1,08,00,00,00,00,00,00,00,
264000,04220458,true,Rx,0,1,08,00,00,00,00,00,00,00,
33826000,04025B9A,true,Rx,0,8,42,27,E8,D2,27,0F,BF,DF,
264000,18420458,true,Rx,0,1,08,00,00,00,00,00,00,00,
33826000,14225B8A,true,Rx,0,8,42,27,E8,D2,27,0F,BF,DF,
33826000,14225B8A,true,Rx,0,8,42,27,E8,D2,27,0F,BF,9F,
33826000,14225B8A,true,Rx,0,8,42,27,E8,D2,27,0F,BF,9F,
33826000,14225B8A,true,Rx,0,8,42,27,E8,D2,27,0F,BF,9F,
33826000,04025B9A,true,Rx,0,8,42,27,E8,D2,27,0F,BF,DF,
33826000,04025B9A,true,Rx,0,8,42,27,E8,D2,27,0F,BF,DF,
33826000,14225B8A,true,Rx,0,8,42,27,E8,D2,27,0F,BF,9F,
33826000,14225B8A,true,Rx,0,8,42,27,E8,D2,27,0F,BF,9F,
33826000,14225B8A,true,Rx,0,8,42,27,E8,D2,27,0F,BF,DF,
33826000,14225B8A,true,Rx,0,8,42,27,E8,D2,27,0F,BF,DF,
264000,04220458,true,Rx,0,1,08,00,00,00,00,00,00,00,
264000,04220458,true,Rx,0,1,08,00,00,00,00,00,00,00,
33826000,04025B8A,true,Rx,0,8,42,27,E8,D2,27,0F,BF,9F,
33826000,14225B9A,true,Rx,0,8,42,27,E8,D2,27,0F,BF,9F,
33826000,14225B9A,true,Rx,0,8,42,27,E8,D2,27,0F,BF,9F,
0,00000684,true,Rx,0,2,F1,3C,00,00,00,00,00,00,
33826000,14225B8A,true,Rx,0,8,42,27,E8,D2,27,0F,BF,DF,
34257000,1C222842,true,Rx,0,8,5D,10,84,21,7B,0A,BF,DF,
33826000,04025B8A,true,Rx,0,8,42,27,E8,D2,27,0F,BF,DF,
34257000,1C222842,true,Rx,0,8,5D,10,84,21,7B,0A,BF,DF,
264000,04220458,true,Rx,0,1,08,00,00,00,00,00,00,00,
264000,04220458,true,Rx,0,1,08,00,00,00,00,00,00,00,
34257000,1C222842,true,Rx,0,8,5D,10,84,21,7B,0A,BF,DF,
33826000,14225B8A,true,Rx,0,8,42,27,E8,D2,27,0F,BF,9F,
33826000,14225B8A,true,Rx,0,8,42,27,E8,D2,27,0F,BF,9F,
0,00000684,true,Rx,0,6,5C,21,08,A8,F7,0A,00,00,
33826000,18425B8A,true,Rx,0,8,42,27,E8,D2,27,0F,BF,DF,
33826000,14225B8A,true,Rx,0,8,42,27,E8,D2,27,0F,BF,DF,
33826000,14225B8A,true,Rx,0,8,42,27,E8,D2,27,0F,BF,DF,
33826000,18425B8A,true,Rx,0,8,42,27,E8,D2,27,0F,BF,9F,
133000,00000442,false,Rx,0,6,5C,21,08,A8,F7,0A,00,00,
264000,04220458,true,Rx,0,1,08,00,00,00,00,00,00,00,
0,00000214,true,Rx,0,5,84,74,01,09,08,00,00,00,
0,00000684,false,Rx,0,2,F5,4E,00,00,00,00,00,00,
33826000,14225B9A,true,Rx,0,8,42,27,01,09,08,0F,BF,9F,
33826000,14225B9A,true,Rx,0,8,42,27,01,09,08,0F,BF,9F,
0,00000684,true,Rx,0,2,F5,4E,00,00,00,00,00,00,
33826000,14225B9A,true,Rx,0,8,42,27,01,09,08,0F,BF,9F,
0,00000102,false,Rx,0,6,5C,21,08,A8,F7,0A,00,00,
33826000,14225B8A,true,Rx,0,8,42,27,E8,D2,27,0F,BF,DF,
33826000,14225B9A,true,Rx,0,8,42,27,01,09,08,0F,BF,9F,
33826000,04025B9A,true,Rx,0,8,42,27,01,09,08,0F,BF,9F,
0,00000684,true,Rx,0,2,F5,4E,00,00,00,00,00,00,
0,0422222C,true,Rx,0,0,00,00,00,00,00,00,00,00,
33826000,14225B8A,true,Rx,0,8,42,27,E8,D2,27,0F,BF,DF,
33826000,14225B8A,true,Rx,0,8,42,27,E8,D2,27,0F,BF,DF,
33826000,14225B8A,true,Rx,0,8,42,27,E8,D2,27,0F,BF,DF,
0,00000510,true,Rx,0,8,F5,4E,E8,D2,27,0F,BF,DF,
166000,00000510,false,Rx,0,8,F5,4E,E8,D2,27,0F,BF,DF,
33826000,14225B8A,true,Rx,0,8,42,27,E8,D2,27,0F,BF,9F,
34290000,1C223842,true,Rx,0,8,5F,21,08,42,F7,1A,1D,9F,
0,0422222C,true,Rx,0,0,00,00,00,00,00,00,00,00,
33826000,14225B9A,true,Rx,0,8,42,27,E8,D2,27,0F,BF,DF,
33826000,14225B9A,true,Rx,0,8,42,27,E8,D2,27,0F,BF,DF,
0,00000610,false,Rx,0,4,42,27,E8,D2,00,00,00,00,
33826000,14225B9A,true,Rx,0,8,42,27,E8,D2,27,0F,BF,DF,
33826000,14225B8A,true,Rx,0,8,42,27,E8,D2,27,0F,BF,DF,
34257000,1C222842,true,Rx,0,8,5D,10,84,21,7B,0A,BF,DF,
0,00000684,true,Rx,0,2,F9,9B,00,00,00,00,00,00,
34257000,1C222842,true,Rx,0,8,5D,10,84,21,7B,0A,BF,DF,
0,0422222C,true,Rx,0,0,00,00,00,00,00,00,00,00,
33826000,14225B8A,true,Rx,0,8,42,27,E8,D2,27,0F,BF,DF,
34257000,1C222842,true,Rx,0,8,5D,10,84,21,7B,0A,BF,DF,
0,00000684,true,Rx,0,2,F9,9B,00,00,00,00,00,00,
34257000,1C222842,true,Rx,0,8,5D,10,84,21,7B,0A,BF,DF,
33826000,14225B8A,true,Rx,0,8,42,27,E8,D2,27,0F,BF,DF,
0,00000684,true,Rx,0,2,F9,9B,00,00,00,00,00,00,
0,00000684,true,Rx,0,6,64,21,09,71,37,1A,00,00,
0,0422222C,true,Rx,0,0,00,00,00,00,00,00,00,00,
33826000,14225B9A,true,Rx,0,8,42,27,84,21,7B,0A,BF,DF,
33826000,14225B9A,true,Rx,0,8,42,27,84,21,7B,0A,BF,DF,
0,0422222C,true,Rx,0,0,00,00,00,00,00,00,00,00,
0,0422222C,true,Rx,0,0,00,00,00,00,00,00,00,00,
227000,00000684,false,Rx,0,2,C3,F2,00,00,00,00,00,00,
33826000,14225B8A,true,Rx,0,8,42,27,E8,D2,27,0F,BF,DF,
33826000,14225B8A,true,Rx,0,8,42,27,E8,D2,27,0F,BF,DF,
0,00000684,true,Rx,0,2,C3,F2,00,00,00,00,00,00,
33826000,14225B8A,true,Rx,0,8,42,27,E8,D2,27,0F,BF,DF,
0,0422212C,true,Rx,0,0,00,00,00,00,00,00,00,00,
0,0422212C,true,Rx,0,0,00,00,00,00,00,00,00,00,
0,0422212C,true,Rx,0,0,00,00,00,00,00,00,00,00,
33826000,14225B8A,true,Rx,0,8,42,27,E8,D2,27,0F,BF,DF,
33826000,14225B8A,true,Rx,0,8,42,27,E8,D2,27,0F,BF,DF,
0,1842212C,true,Rx,0,0,00,00,00,00,00,00,00,00,
33826000,14225B8A,true,Rx,0,8,42,27,E8,D2,27,0F,BF,9F,
33826000,14225B8A,true,Rx,0,8,42,27,E8,D2,27,0F,BF,DF,
33826000,04025B8A,true,Rx,0,8,42,27,E8,D2,27,0F,BF,DF,
33826000,14225B8A,true,Rx,0,8,42,27,E8,D2,27,0F,3F,DF,
33826000,14225B8A,true,Rx,0,8,42,27,E8,D2,27,0F,BF,9F,
0,0422212C,true,Rx,0,0,00,00,00,00,00,00,00,00,
0,0422212C,true,Rx,0,0,00,00,00,00,00,00,00,00,
0,0422212C,true,Rx,0,0,00,00,00,00,00,00,00,00,
33826000,04025B8A,true,Rx,0,8,42,27,E8,D2,27,0F,BF,DF,
33826000,1BA25B8A,true,Rx,0,8,42,27,E8,D2,27,0F,BF,DF,
33826000,14225B9A,true,Rx,0,8,42,27,84,21,79,4B,05,DF,
33826000,14225B9A,true,Rx,0,8,42,27,84,21,79,4B,05,DF,
33826000,1BA25B8A,true,Rx,0,8,42,27,E8,D2,27,0F,BF,DF,
33826000,1BA25B8A,true,Rx,0,8,42,27,E8,D2,27,0F,BF,DF,
33826000,14225B8A,true,Rx,0,8,42,27,E8,D2,27,0F,BF,DF,
0,0402212C,true,Rx,0,0,00,00,00,00,00,00,00,00,
0,0402212C,true,Rx,0,0,00,00,00,00,00,00,00,00,
33826000,14225B9A,true,Rx,0,8,42,27,84,21,79,4B,05,DF,
33826000,14225B9A,true,Rx,0,8,42,27,84,21,79,4B,05,DF,
33826000,14225B9A,true,Rx,0,8,42,27,84,21,79,4B,05,DF,
33826000,14225B8A,true,Rx,0,8,42,27,E8,D2,27,0F,BF,DF,
34257000,1C222842,true,Rx,0,8,5D,10,84,21,7B,0A,BF,DF,
33826000,14225B9A,true,Rx,0,8,42,27,84,21,79,4B,BF,DF,
284000,1C222842,true,Rx,0,8,5D,10,84,21,7B,0A,BF,DF,
33826000,14225B8A,true,Rx,0,8,42,27,E8,D2,27,0F,BF,9F,
33826000,14225B9A,true,Rx,0,8,42,27,84,21,79,4B,BF,DF,
33826000,14225B9A,true,Rx,0,8,42,27,84,21,79,4B,BF,DF,
34257000,1C222842,true,Rx,0,8,5D,10,84,21,7B,0A,BF,DF,
0,0422212C,true,Rx,0,0,00,00,00,00,00,00,00,00,
0,0422212C,true,Rx,0,0,00,00,00,00,00,00,00,00,
0,0422212C,true,Rx,0,0,00,00,00,00,00,00,00,00,
34257000,1C222842,true,Rx,0,8,5D,10,84,21,7B,0A,BF,DF,
33826000,14225B9A,true,Rx,0,8,42,27,08,16,2F,0F,BF,9F,
33826000,14225B9A,true,Rx,0,8,42,27,08,16,2F,0F,BF,9F,
0,0422212C,true,Rx,0,0,00,00,00,00,00,00,00,00,
34257000,04022842,true,Rx,0,8,5D,10,84,21,7B,0A,BF,DF,
309000,00000684,false,Rx,0,2,C6,7A,00,00,00,00,00,00,
33826000,14225B9A,true,Rx,0,8,42,27,E8,D2,27,0F,BF,9F,
33826000,14225B9A,true,Rx,0,8,42,27,E8,D2,27,0F,BF,9F,
0,00000684,true,Rx,0,2,C6,7A,00,00,00,00,00,00,
33826000,14225B9A,true,Rx,0,8,42,27,E8,D2,27,0F,BF,9F,
0,00000420,true,Rx,0,3,82,10,84,00,00,00,00,00,
33826000,14225B8A,true,Rx,0,8,42,27,E8,D2,27,0F,5F,9F,
33826000,14225B8A,true,Rx,0,8,42,27,E8,D2,27,0F,5F,9F,
0,00000420,true,Rx,0,3,82,10,84,00,00,00,00,00,
33826000,14225B8A,true,Rx,0,8,42,27,E8,D2,27,0F,5F,9F,
33826000,14225B8A,true,Rx,0,8,42,27,E8,D2,27,0F,BF,DF,
34257000,1C222842,true,Rx,0,8,5D,10,84,21,7B,0A,BF,DF,
33825000,04221716,true,Rx,0,8,42,16,A1,84,68,42,55,9F,
33825000,04221716,true,Rx,0,8,42,16,A1,84,68,42,55,9F,
33826000,14225B9A,true,Rx,0,8,42,27,84,21,7B,0A,BF,DF,
33826000,14225B9A,true,Rx,0,8,42,27,84,21,7B,0A,BF,DF,
33825000,04221716,true,Rx,0,8,42,16,A1,84,68,42,55,9F,
0,00000684,true,Rx,0,2,DE,4D,00,00,00,00,00,00,
33826000,14225B9A,true,Rx,0,8,42,27,84,21,7B,0A,BF,DF,
0,00000684,true,Rx,0,2,DE,4D,00,00,00,00,00,00,
0,00000104,true,Rx,0,2,DE,4D,00,00,00,00,00,00,
0,00000104,true,Rx,0,2,DE,4D,00,00,00,00,00,00,
0,00000420,false,Rx,0,3,8B,08,42,00,00,00,00,00,
0,00000420,false,Rx,0,3,8B,08,42,00,00,00,00,00,
33826000,14225B9A,true,Rx,0,8,42,27,84,21,7B,0A,BF,DF,
33826000,14225B8A,true,Rx,0,8,42,27,E8,D2,27,0F,BF,DF,
34257000,1C222842,true,Rx,0,8,5D,10,84,21,7B,0A,BF,DF,
0,00000104,true,Rx,0,2,DE,4D,00,00,00,00,00,00,
34257000,1C222842,true,Rx,0,8,5D,10,84,21,7B,0A,BF,DF,
33826000,14225B8A,true,Rx,0,8,42,27,E8,D2,27,0F,BF,DF,
33826000,14225B8A,true,Rx,0,8,42,27,E8,D2,27,0F,BF,DF,
0,00000684,true,Rx,0,6,74,21,0B,46,77,0A,00,00,
33825000,04221716,true,Rx,0,8,42,16,A1,84,68,42,55,9F,
33825000,04221716,true,Rx,0,8,42,16,A1,84,68,42,55,9F,
33826000,14225B8A,true,Rx,0,8,42,27,E8,D2,27,0F,BF,DF,
33826000,14225B8A,true,Rx,0,8,42,27,E8,D2,27,0F,BF,DF,
0,00000684,true,Rx,0,6,74,21,0B,46,77,0A,00,00,
391000,00000684,false,Rx,0,2,E4,A4,00,00,00,00,00,00,
33826000,14225B9A,true,Rx,0,8,42,27,0B,46,77,0A,BF,DF,
33826000,14225B9A,true,Rx,0,8,42,27,0B,46,77,0A,BF,DF,
33826000,14225B8A,true,Rx,0,8,42,27,E8,D2,27,0F,BF,DF,
0,00000420,true,Rx,0,6,8B,08,42,16,A1,84,00,00,
33826000,14225B9A,true,Rx,0,8,42,27,0B,46,77,0A,BF,DF,
0,00000510,true,Rx,0,8,E4,A4,A1,84,68,42,55,9F,
33826000,14225B9A,true,Rx,0,8,42,27,0B,46,77,0A,BF,DF,
33826000,14225B8A,true,Rx,0,8,42,27,E8,D2,27,0F,BF,DF,
33826000,14225B8A,true,Rx,0,8,42,27,E8,D2,27,0F,BF,DF,
0,00000610,false,Rx,0,8,E4,A4,A1,84,68,42,55,9F,
0,00000610,false,Rx,0,8,E4,A4,A1,84,68,42,55,9F,
33826000,14225B8A,true,Rx,0,8,42,27,E8,D2,27,0F,BF,DF,
34257000,1C222842,true,Rx,0,8,5D,10,84,21,7B,0A,BF,DF,
34257000,1C222842,true,Rx,0,8,5D,10,84,21,7B,0A,BF,DF,
34257000,1C222842,true,Rx,0,8,5D,10,84,21,7B,0A,BF,DF,
0,00000684,false,Rx,0,2,E0,27,00,00,00,00,00,00,
33826000,14225B8A,true,Rx,0,8,42,27,E8,D2,27,0F,BF,9F,
33826000,14225B8A,true,Rx,0,8,42,27,E8,D2,27,0F,BF,9F,
0,10A8AF58,true,Rx,0,2,E0,27,00,00,00,00,00,00,
33826000,14225B9A,true,Rx,0,8,42,27,84,21,7B,0A,BF,DF,
33826000,14225B9A,true,Rx,0,8,42,27,84,21,7B,0A,BF,DF,
33826000,14225B8A,true,Rx,0,8,42,27,E8,D2,27,0F,BF,9F,
0,00000420,true,Rx,0,6,8B,08,42,16,A1,84,00,00,
33826000,14225B8A,true,Rx,0,8,42,27,E8,D2,27,0F,BF,9F,
34257000,1C222842,true,Rx,0,8,5D,10,84,21,7B,0A,BF,9F,
0,00000510,true,Rx,0,8,E0,27,E8,D2,27,0F,BF,DF,
34257000,1C222842,true,Rx,0,8,5D,10,84,21,7B,0A,BF,9F,
0,00000684,false,Rx,0,6,7C,42,12,1E,A7,0A,00,00,
0,00000610,false,Rx,0,8,E0,27,E8,D2,27,0F,BF,DF,
33826000,14225B8A,true,Rx,0,8,42,27,E8,D2,27,0F,BF,DF,
34257000,1C222842,true,Rx,0,8,5D,10,84,21,7B,0A,BF,9F,
34257000,04022842,true,Rx,0,8,5D,10,84,21,7B,0A,BF,9F,
264000,04220458,true,Rx,0,1,08,00,00,00,00,00,00,00,
264000,0C020458,true,Rx,0,1,08,00,00,00,00,00,00,00,
33826000,14225B8A,true,Rx,0,8,42,27,E8,D2,27,0F,BF,DF,
33826000,18425B8A,true,Rx,0,8,42,27,E8,D2,27,0F,BF,DF,
33826000,14225B8A,true,Rx,0,8,42,27,E8,D2,27,0F,BF,DF,
264000,0C020458,true,Rx,0,1,08,00,00,00,00,00,00,00,
33826000,14225B9A,true,Rx,0,8,42,27,12,1E,A7,0A,BF,DF,
34257000,04022842,true,Rx,0,8,5D,10,84,21,7B,0A,BF,9F,
33826000,14225B9A,true,Rx,0,8,42,27,12,1E,A7,0A,BF,DF,
0,00000420,true,Rx,0,8,8B,08,42,16,A1,84,F0,9F,
0,00000103,true,Rx,0,5,42,27,E8,D2,27,00,00,00,
34257000,04022842,true,Rx,0,8,5D,10,84,21,7B,0A,BF,9F,
34257000,04022842,true,Rx,0,8,5D,10,84,21,7B,0A,BF,9F,
0,00000103,true,Rx,0,5,42,27,E8,D2,27,00,00,00,
33826000,14225B8A,true,Rx,0,8,42,27,E8,D2,27,0F,F0,9F,
34257000,04022842,true,Rx,0,8,5D,10,84,21,7B,0A,BF,9F,
34257000,04022842,true,Rx,0,8,5D,10,84,21,7B,0A,BF,9F,
33826000,14225B8A,true,Rx,0,8,42,27,E8,D2,27,0F,F0,9F,
0,00000103,true,Rx,0,5,42,27,E8,D2,27,00,00,00,
34257000,18422842,true,Rx,0,8,5D,10,84,21,7B,0A,BF,9F,
34257000,18422842,true,Rx,0,8,5D,10,84,21,7B,0A,BF,9F,
33826000,14225B8A,true,Rx,0,8,42,27,E8,D2,27,0F,BF,DF,
34257000,1C222842,true,Rx,0,8,5D,10,84,21,7B,0A,BF,DF,
34257000,18422842,true,Rx,0,8,5D,10,84,21,7B,0A,BF,9F,
34257000,1C222842,true,Rx,0,8,5D,10,84,21,7B,0A,BF,DF,
0,0422222C,true,Rx,0,0,00,00,00,00,00,00,00,00,
501000,00000684,false,Rx,0,2,FD,C8,00,00,00,00,00,00,
33826000,14225B8A,true,Rx,0,8,42,27,E8,D2,27,0F,F0,9F,
0,00000684,true,Rx,0,2,FD,C8,00,00,00,00,00,00,
33826000,14225B9A,true,Rx,0,8,42,27,84,21,7B,0A,BF,9F,
33826000,14225B9A,true,Rx,0,8,42,27,84,21,7B,0A,BF,9F,
0,00000510,true,Rx,0,8,5D,10,84,21,7B,0A,BF,DF,
0,00000420,false,Rx,0,8,8B,08,42,16,A1,84,F0,9F,
0,00000420,false,Rx,0,8,8B,08,42,16,A1,84,F0,9F,
33826000,14225B8A,true,Rx,0,8,42,27,E8,D2,27,0F,BF,9F,
34257000,1C222842,true,Rx,0,8,5D,10,84,21,7B,0A,BF,9F,
0,00000420,true,Rx,0,8,8B,08,42,16,A1,84,BF,9F,
34257000,1C222842,true,Rx,0,8,5D,10,84,21,7B,0A,BF,9F,
0,00000684,false,Rx,0,6,44,21,0B,C2,4B,1A,00,00,
0,00000610,false,Rx,0,8,8B,08,42,16,A1,84,BF,9F,
0,00000684,false,Rx,0,6,44,21,0B,C2,4B,1A,00,00,
33826000,14225B8A,true,Rx,0,8,42,27,E8,D2,27,0F,BF,9F,
33826000,14225B8A,true,Rx,0,8,42,27,E8,D2,27,0F,BF,9F,
34257000,1C222842,true,Rx,0,8,5D,10,84,21,7B,0A,BF,9F,
33826000,14225B8A,true,Rx,0,8,42,27,E8,D2,27,0F,BF,9F,
0,0422222C,true,Rx,0,0,00,00,00,00,00,00,00,00,
0,00000684,false,Rx,0,2,F9,9B,00,00,00,00,00,00,
33826000,14225B8A,true,Rx,0,8,42,27,E8,D2,27,0F,BF,9F,
33826000,14225B8A,true,Rx,0,8,42,27,E8,D2,27,0F,BF,9F,
49034000,06DABF8A,true,Rx,0,2,F9,9B,00,00,00,00,00,00,
33826000,14225B9A,true,Rx,0,8,42,27,0B,C2,4B,1A,1D,9F,
33826000,14225B9A,true,Rx,0,8,42,27,0B,C2,4B,1A,1D,9F,
49034000,06DABF8A,true,Rx,0,2,F9,9B,00,00,00,00,00,00,
33826000,14225B9A,true,Rx,0,8,42,27,0B,C2,4B,1A,BF,9F,
33826000,14225B9A,true,Rx,0,8,42,27,0B,C2,4B,1A,BF,9F,
0,00000214,true,Rx,0,5,84,74,01,09,08,00,00,00,
33826000,14225B8A,true,Rx,0,8,42,27,E8,D2,27,0F,BF,9F,
33826000,14225B8A,true,Rx,0,8,42,27,E8,D2,27,0F,BF,9F,
33826000,14225B9A,true,Rx,0,8,42,27,0B,C2,4B,1A,BF,9F,
0,00000104,true,Rx,0,5,84,74,01,09,08,00,00,00,
33826000,14225B8A,true,Rx,0,8,42,27,E8,D2,27,0F,BF,9F,
33826000,14225B8A,true,Rx,0,8,42,27,E8,D2,27,0F,BF,9F,
34257000,1C222842,true,Rx,0,8,5D,10,84,21,7B,0A,BF,9F,
0,00000104,true,Rx,0,5,84,74,01,09,08,00,00,00,
34257000,1C222842,true,Rx,0,8,5D,10,84,21,7B,0A,BF,9F,
0,0422212C,true,Rx,0,0,00,00,00,00,00,00,00,00,
0,0422212C,true,Rx,0,0,00,00,00,00,00,00,00,00,
34257000,1C222842,true,Rx,0,8,5D,10,84,21,7B,0A,BF,9F,
33826000,14225B8A,true,Rx,0,8,42,27,E8,D2,27,0F,BF,9F,
0,00000104,true,Rx,0,5,84,74,01,09,08,00,00,00,
33826000,14225B9A,true,Rx,0,8,42,27,01,09,08,84,BF,DF,
12098000,10AD2F42,true,Rx,0,8,5D,10,84,21,7B,0A,BF,9F,
12098000,040D2F42,true,Rx,0,8,5D,10,84,21,7B,0A,BF,9F,
0,0422212C,true,Rx,0,0,00,00,00,00,00,00,00,00,
0,0422212C,true,Rx,0,0,00,00,00,00,00,00,00,00,
0,0422212C,true,Rx,0,0,00,00,00,00,00,00,00,00,
33826000,14225B8A,true,Rx,0,8,42,27,E8,D2,27,0F,BF,DF,
0,0422212C,true,Rx,0,0,00,00,00,00,00,00,00,00,
0,0402212C,true,Rx,0,0,00,00,00,00,00,00,00,00,
0,0402212C,true,Rx,0,0,00,00,00,00,00,00,00,00,
33826000,14225B8A,true,Rx,0,8,42,27,E8,D2,27,0F,BF,DF,
33826000,14225B8A,true,Rx,0,8,42,27,E8,D2,27,0F,BF,DF,
0,0402212C,true,Rx,0,0,00,00,00,00,00,00,00,00,
33826000,14225B8A,true,Rx,0,8,42,27,E8,D2,27,0F,BF,DF,
0,0422212C,true,Rx,0,0,00,00,00,00,00,00,00,00,
0,0C02212C,true,Rx,0,0,00,00,00,00,00,00,00,00,
0,0C02212C,true,Rx,0,0,00,00,00,00,00,00,00,00,
33826000,14225B8A,true,Rx,0,8,42,27,E8,D2,27,0F,BF,DF,
33826000,14225B8A,true,Rx,0,8,42,27,E8,D2,27,0F,BF,9F,
33826000,14225B8A,true,Rx,0,8,42,27,E8,D2,27,0F,BF,9F,
33826000,14225B9A,true,Rx,0,8,42,27,E8,D2,27,0F,BF,DF,
33826000,14225B9A,true,Rx,0,8,42,27,E8,D2,27,0F,BF,DF,
33826000,14225B8A,true,Rx,0,8,42,27,E8,D2,27,0F,BF,9F,
33825000,04221716,true,Rx,0,8,42,16,A1,84,68,42,45,9F,
33825000,04221716,true,Rx,0,8,42,16,A1,84,68,42,45,9F,
33826000,14225B9A,true,Rx,0,8,42,27,E8,D2,27,0F,BF,DF,
33826000,14225B9A,true,Rx,0,8,42,27,E8,D2,27,0F,BF,DF,
33825000,04221716,true,Rx,0,8,42,16,A1,84,68,42,45,9F,
33826000,14225B9A,true,Rx,0,8,42,27,E8,D2,27,0F,BF,DF,
33826000,14225B8A,true,Rx,0,8,42,27,E8,D2,27,0F,BF,DF,
33825000,04221716,true,Rx,0,8,42,16,A1,84,68,42,BF,9F,
33825000,04021716,true,Rx,0,8,42,16,A1,84,68,42,BF,9F,
33825000,04221716,true,Rx,0,8,42,16,A1,84,68,42,55,DF,
33825000,04221716,true,Rx,0,8,42,16,A1,84,68,42,55,DF,
33826000,14225B8A,true,Rx,0,8,42,27,E8,D2,27,0F,BF,DF,
34257000,1C222842,true,Rx,0,8,5D,10,84,21,7B,0A,BF,DF,
33826000,14225B8A,true,Rx,0,8,42,27,E8,D2,27,0F,BF,9F,
34290000,1C223842,true,Rx,0,8,5F,21,08,42,F7,1A,1D,9F,
33825000,04221716,true,Rx,0,8,42,16,A1,84,68,42,55,DF,
33825000,04221716,true,Rx,0,8,42,16,A1,84,68,42,55,DF,
33826000,14225B9A,true,Rx,0,8,42,27,08,42,F7,1A,1D,9F,
33826000,14225B9A,true,Rx,0,8,42,27,08,42,F7,1A,1D,9F,
33825000,04221716,true,Rx,0,8,42,16,A1,84,68,42,55,DF,
686000,14225B9A,true,Rx,0,8,42,27,08,42,F7,1A,1D,9F,
33826000,14225B8A,true,Rx,0,8,42,27,E8,D2,27,0F,BF,DF,
33825000,04221716,true,Rx,0,8,42,16,A1,84,68,42,BF,DF,
33825000,04021716,true,Rx,0,8,42,16,A1,84,68,42,BF,DF,
33825000,04221716,true,Rx,0,8,42,16,A1,84,68,42,55,9F,
33825000,04221716,true,Rx,0,8,42,16,A1,84,68,42,55,9F,
33826000,14225B8A,true,Rx,0,8,42,27,E8,D2,27,0F,BF,DF,
33826000,14225B8A,true,Rx,0,8,42,27,E8,D2,27,0F,BF,DF,
33825000,04221716,true,Rx,0,8,42,16,A1,84,68,42,BF,9F,
706000,14225B8A,true,Rx,0,8,42,27,E8,D2,27,0F,BF,DF,
33826000,14225B8A,true,Rx,0,8,42,27,E8,D2,27,0F,BF,DF,
33826000,14225B8A,true,Rx,0,8,42,27,E8,D2,27,0F,BF,DF,
264000,04220458,true,Rx,0,1,08,00,00,00,00,00,00,00,
264000,04220458,true,Rx,0,1,08,00,00,00,00,00,00,00,
33826000,14225B8A,true,Rx,0,8,42,27,E8,D2,27,0F,BF,DF,
33826000,14225B9A,true,Rx,0,8,42,27,E8,D2,27,0F,BF,DF,
33826000,14225B9A,true,Rx,0,8,42,27,E8,D2,27,0F,BF,DF,
33826000,14225B8A,true,Rx,0,8,42,27,E8,D2,27,0F,BF,DF,
33826000,14225B8A,true,Rx,0,8,42,27,E8,D2,27,0F,BF,DF,
34257000,1C222842,true,Rx,0,8,5D,10,84,21,7B,0A,BF,DF,
33825000,04021716,true,Rx,0,8,42,16,A1,84,68,42,BF,9F,
34257000,1C222842,true,Rx,0,8,5D,10,84,21,7B,0A,BF,DF,
264000,04220458,true,Rx,0,1,08,00,00,00,00,00,00,00,
264000,0C020458,true,Rx,0,1,08,00,00,00,00,00,00,00,
34257000,1C222842,true,Rx,0,8,5D,10,84,21,7B,0A,BF,DF,
33826000,14225B8A,true,Rx,0,8,42,27,E8,D2,27,0F,BF,DF,
34257000,1C222842,true,Rx,0,8,5D,10,84,21,7B,0A,BF,DF,
33825000,04021716,true,Rx,0,8,42,16,A1,84,68,42,BF,9F,
34257000,1C222842,true,Rx,0,8,5D,10,84,21,7B,0A,BF,DF,
33826000,14225B8A,true,Rx,0,8,42,27,E8,D2,27,0F,BF,DF,
34290000,1C223842,true,Rx,0,8,5F,21,08,42,F7,1A,1D,DF,
264000,04220458,true,Rx,0,1,08,00,00,00,00,00,00,00,
264000,04220458,true,Rx,0,1,08,00,00,00,00,00,00,00,
34290000,1C223842,true,Rx,0,8,5F,21,08,42,F7,1A,1D,DF,
33826000,14225B9A,true,Rx,0,8,42,27,84,21,7B,0A,BF,DF,
33826000,14225B9A,true,Rx,0,8,42,27,84,21,7B,0A,BF,DF,
768000,1C223842,true,Rx,0,8,5F,21,08,42,F7,1A,1D,DF,
33826000,14225B8A,true,Rx,0,8,42,27,E8,D2,27,0F,1D,DF,
33825000,04021716,true,Rx,0,8,42,16,A1,84,68,42,BF,9F,
33825000,04021716,true,Rx,0,8,42,16,A1,84,68,42,BF,9F,
264000,04220458,true,Rx,0,1,08,00,00,00,00,00,00,00,
264000,0C020458,true,Rx,0,1,08,00,00,00,00,00,00,00,
33826000,14225B8A,true,Rx,0,8,42,27,E8,D2,27,0F,1D,DF,
33826000,14225B8A,true,Rx,0,8,42,27,E8,D2,27,0F,1D,DF,
33825000,04021716,true,Rx,0,8,42,16,A1,84,68,42,BF,9F,
33825000,04021716,true,Rx,0,8,42,16,A1,84,68,42,BF,9F,
788000,00000684,false,Rx,0,2,99,B0,00,00,00,00,00,00,
33825000,18421716,true,Rx,0,8,42,16,A1,84,68,42,BF,9F,
33826000,14225B8A,true,Rx,0,8,42,27,E8,D2,27,0F,BF,9F,
33826000,14225B8A,true,Rx,0,8,42,27,E8,D2,27,0F,BF,9F,
0,0422222C,true,Rx,0,0,00,00,00,00,00,00,00,00,
33826000,14225B9A,true,Rx,0,8,42,27,E8,D2,27,0F,BF,9F,
33826000,14225B9A,true,Rx,0,8,42,27,E8,D2,27,0F,BF,9F,
33826000,14225B8A,true,Rx,0,8,42,27,E8,D2,27,0F,BF,DF,
33826000,14225B9A,true,Rx,0,8,42,27,E8,D2,27,0F,BF,9F,
33826000,14225B8A,true,Rx,0,8,42,27,E8,D2,27,0F,BF,DF,
34257000,1C222842,true,Rx,0,8,5D,10,84,21,7B,0A,BF,DF,
33826000,14225B8A,true,Rx,0,8,42,27,E8,D2,27,0F,BF,DF,
34257000,1C222842,true,Rx,0,8,5D,10,84,21,7B,0A,BF,DF,
0,00000420,false,Rx,0,8,8B,08,42,16,A1,84,F0,8F,
0,00000420,false,Rx,0,8,8B,08,42,16,A1,84,F0,8F,
33826000,14225B8A,true,Rx,0,8,42,27,E8,D2,27,0F,BF,DF,
34257000,1C222842,true,Rx,0,8,5D,10,84,21,7B,0A,BF,DF,
0,00000420,true,Rx,0,8,8B,08,42,16,A1,84,BF,8F,
34257000,1C222842,true,Rx,0,8,5D,10,84,21,7B,0A,BF,DF,
33826000,14225B8A,true,Rx,0,8,42,27,E8,D2,27,0F,BF,DF,
34257000,1C222842,true,Rx,0,8,5D,10,84,21,7B,0A,BF,DF,
0,0422222C,true,Rx,0,0,00,00,00,00,00,00,00,00,
33826000,14225B9A,true,Rx,0,8,42,27,84,21,7B,0A,BF,DF,
33826000,14225B9A,true,Rx,0,8,42,27,84,21,7B,0A,BF,DF,
0,0422222C,true,Rx,0,0,00,00,00,00,00,00,00,00,
33826000,14225B8A,true,Rx,0,8,42,27,E8,D2,27,0F,BF,DF,
33826000,14225B8A,true,Rx,0,8,42,27,E8,D2,27,0F,BF,DF,
0,00000100,false,Rx,0,8,8B,08,42,16,A1,84,BF,8F,
33826000,14225B8A,true,Rx,0,8,42,27,E8,D2,27,0F,BF,DF,
0,00000420,true,Rx,0,8,8B,08,42,16,A1,84,F0,8F,
0,00000420,true,Rx,0,8,8B,08,42,16,A1,84,F0,8F,
33826000,14225B8A,true,Rx,0,8,42,27,E8,D2,27,0F,BF,DF,
0,00000420,true,Rx,0,8,8B,08,42,16,A1,84,BF,8F,
0,00000100,true,Rx,0,8,8B,08,42,16,A1,84,BF,8F,
0,00000100,true,Rx,0,8,8B,08,42,16,A1,84,BF,8F,
33826000,14225B8A,true,Rx,0,8,42,27,E8,D2,27,0F,BF,DF,
33826000,14225B8A,true,Rx,0,8,42,27,E8,D2,27,0F,BF,DF,
0,0422212C,true,Rx,0,0,00,00,00,00,00,00,00,00,
0,0422212C,true,Rx,0,0,00,00,00,00,00,00,00,00,
0,0422212C,true,Rx,0,0,00,00,00,00,00,00,00,00,
33826000,14225B8A,true,Rx,0,8,42,27,E8,D2,27,0F,BF,DF,
33826000,14225B9A,true,Rx,0,8,42,27,42,16,A1,84,BF,8F,
33826000,14225B9A,true,Rx,0,8,42,27,42,16,A1,84,BF,8F,
0,0422212C,true,Rx,0,0,00,00,00,00,00,00,00,00,
33826000,14225B9A,true,Rx,0,8,42,27,42,16,A1,84,BF,8F,
33826000,14225B9A,true,Rx,0,8,42,27,E8,D2,27,0F,BF,DF,
34257000,1C222842,true,Rx,0,8,5D,10,84,21,7B,0A,BF,DF,
0,0422212C,true,Rx,0,0,00,00,00,00,00,00,00,00,
34257000,1C222842,true,Rx,0,8,5D,10,84,21,7B,0A,BF,DF,
34257000,1C222842,true,Rx,0,8,5D,10,84,21,7B,0A,BF,DF,
34257000,1C222842,true,Rx,0,8,5D,10,84,21,7B,0A,BF,DF,
33826000,14225B8A,true,Rx,0,8,42,27,E8,D2,27,0F,BF,8F,
34257000,1C222842,true,Rx,0,8,5D,10,84,21,7B,0A,BF,DF,
34257000,04022842,true,Rx,0,8,5D,10,84,21,7B,0A,BF,DF,
33826000,14225B8A,true,Rx,0,8,42,27,E8,D2,27,0F,BD,DF,
34257000,1C222842,true,Rx,0,8,5D,10,84,21,7B,0A,BD,DF,
0,0422212C,true,Rx,0,0,00,00,00,00,00,00,00,00,
0,0422212C,true,Rx,0,0,00,00,00,00,00,00,00,00,
0,0422212C,true,Rx,0,0,00,00,00,00,00,00,00,00,
34257000,1C222842,true,Rx,0,8,5D,10,84,21,7B,0A,BD,DF,
33826000,14225B8A,true,Rx,0,8,42,27,E8,D2,27,4F,BF,DF,
33826000,14225B8A,true,Rx,0,8,42,27,E8,D2,27,4F,BF,DF,
33826000,14225B9A,true,Rx,0,8,42,27,84,21,7B,0A,BD,DF,
33826000,14225B9A,true,Rx,0,8,42,27,84,21,7B,0A,BD,DF,
0,0422212C,true,Rx,0,0,00,00,00,00,00,00,00,00,
33826000,14225B9A,true,Rx,0,8,42,27,84,21,7B,0A,BD,DF,
33826000,14225B9A,true,Rx,0,8,42,27,84,21,7B,0A,BD,DF,
33826000,14225B9A,true,Rx,0,8,42,27,84,21,7B,0A,BD,DF,
33826000,14225B8A,true,Rx,0,8,42,27,E8,D2,27,0F,BF,8F,
33826000,14225B8A,true,Rx,0,8,42,27,E8,D2,27,0F,BF,8F,
33826000,14225B9A,true,Rx,0,8,42,27,84,21,7B,0A,BF,DF,
33826000,14225B8A,true,Rx,0,8,42,27,E8,D2,27,0F,BF,8F,
33826000,14225B8A,true,Rx,0,8,42,27,E8,D2,27,0F,BF,8F,
33825000,04221716,true,Rx,0,8,42,16,A1,84,68,42,55,DF,
33825000,04221716,true,Rx,0,8,42,16,A1,84,68,42,55,DF,
33826000,14225B8A,true,Rx,0,8,42,27,E8,D2,27,0F,BF,8F,
34290000,1C223842,true,Rx,0,8,5F,21,08,42,F7,1A,1D,8F,
33826000,14225B9A,true,Rx,0,8,42,27,86,70,98,5A,5F,DF,
33826000,14225B9A,true,Rx,0,8,42,27,86,70,98,5A,5F,DF,
33825000,04221716,true,Rx,0,8,42,16,A1,84,68,42,BF,DF,
33826000,14225B9A,true,Rx,0,8,42,27,86,70,98,5A,5F,DF,
0,00000420,true,Rx,0,3,8B,08,42,00,00,00,00,00,
0,00000420,true,Rx,0,3,8B,08,42,00,00,00,00,00,
33826000,14225B9A,true,Rx,0,8,42,27,86,70,98,5A,5F,DF,
33826000,14225B8A,true,Rx,0,8,42,27,E8,D2,27,0F,5F,DF,
34257000,1C222842,true,Rx,0,8,5D,10,84,21,7B,0A,5F,DF,
33825000,04221716,true,Rx,0,8,42,16,A1,84,68,42,BF,DF,
34257000,1C222842,true,Rx,0,8,5D,10,84,21,7B,0A,5F,DF,
33826000,14225B8A,true,Rx,0,8,42,27,E8,D2,27,0F,1D,8F,
34257000,1C222842,true,Rx,0,8,5D,10,84,21,7B,0A,1D,8F,
33825000,04221716,true,Rx,0,8,42,16,A1,84,68,42,BF,DF,
34257000,1C222842,true,Rx,0,8,5D,10,84,21,7B,0A,1D,8F,
33825000,04221716,true,Rx,0,8,42,16,A1,84,68,42,55,DF,
33825000,04221716,true,Rx,0,8,42,16,A1,84,68,42,55,DF,
33826000,14225B8A,true,Rx,0,8,42,27,E8,D2,27,0F,1D,8F,
33826000,14225B8A,true,Rx,0,8,42,27,E8,D2,27,0F,1D,8F,
33826000,14225B9A,true,Rx,0,8,42,27,A1,84,68,42,BF,DF,
33826000,14225B9A,true,Rx,0,8,42,27,A1,84,68,42,BF,DF,
33826000,14225B8A,true,Rx,0,8,42,27,E8,D2,27,0F,1D,8F,
0,00000420,true,Rx,0,3,8B,08,42,00,00,00,00,00,
0,00000214,true,Rx,0,5,84,74,01,09,08,00,00,00,
33826000,14225B8A,true,Rx,0,8,42,27,E8,D2,27,0F,BF,DF,
0,00000214,true,Rx,0,5,84,74,01,09,08,00,00,00,
0,00000104,true,Rx,0,5,84,74,01,09,08,00,00,00,
33826000,14225B9A,true,Rx,0,8,42,27,A1,84,68,42,BF,DF,
33826000,14225B8A,true,Rx,0,8,42,27,E8,D2,27,0F,BF,8F,
33826000,14225B8A,true,Rx,0,8,42,27,E8,D2,27,0F,BF,DF,
33826000,04025B8A,true,Rx,0,8,42,27,E8,D2,27,0F,BF,DF,
264000,04220458,true,Rx,0,1,08,00,00,00,00,00,00,00,
264000,04220458,true,Rx,0,1,08,00,00,00,00,00,00,00,
33826000,14225B8A,true,Rx,0,8,42,27,E8,D2,27,0F,BF,8F,
33826000,14225B8A,true,Rx,0,8,42,27,E8,D2,27,0F,BF,DF,
33826000,04025B8A,true,Rx,0,8,42,27,E8,D2,27,0F,BF,DF,
33826000,14225B8A,true,Rx,0,8,42,27,E8,D2,27,0F,BF,DF,
33826000,14225B8A,true,Rx,0,8,42,27,E8,D2,27,0F,BF,DF,
33826000,04025B9A,true,Rx,0,8,42,27,E8,D2,27,0F,BF,8F,
0,00000420,true,Rx,0,6,8B,08,42,16,A1,84,00,00,
33826000,14225B8A,true,Rx,0,8,42,27,E8,D2,27,0F,BF,DF,
34257000,1C222842,true,Rx,0,8,5D,10,84,21,7B,0A,BF,DF,
0,00000420,true,Rx,0,6,8B,08,42,16,A1,84,00,00,
67000,1C222842,true,Rx,0,8,5D,10,84,21,7B,0A,BF,DF,
33826000,14225B8A,true,Rx,0,8,42,27,E8,D2,27,0F,BF,DF,
34257000,1C222842,true,Rx,0,8,5D,10,84,21,7B,0A,BF,DF,
0,00000420,true,Rx,0,6,8B,08,42,16,A1,84,00,00,
34257000,1C222842,true,Rx,0,8,5D,10,84,21,7B,0A,BF,DF,
264000,04220458,true,Rx,0,1,08,00,00,00,00,00,00,00,
264000,04220458,true,Rx,0,1,08,00,00,00,00,00,00,00,
34257000,1C222842,true,Rx,0,8,5D,10,84,21,7B,0A,BF,DF,
33826000,14225B8A,true,Rx,0,8,42,27,E8,D2,27,0F,BF,DF,
34257000,1C222842,true,Rx,0,8,5D,10,84,21,79,4B,05,DF,
33826000,14225B9A,true,Rx,0,8,42,27,84,21,7B,0A,BF,DF,
33826000,14225B9A,true,Rx,0,8,42,27,84,21,7B,0A,BF,DF,
0,00000420,true,Rx,0,6,8B,08,42,16,A1,84,00,00,
33826000,14225B9A,true,Rx,0,8,42,27,84,21,7B,0A,BF,DF,
0,00000420,false,Rx,0,6,8B,08,42,16,A1,84,00,00,
0,00000214,false,Rx,0,5,84,74,01,09,08,00,00,00,
33826000,14225B8A,true,Rx,0,8,42,27,E8,D2,27,0F,BF,8F,
0,00000214,false,Rx,0,5,84,74,01,09,08,00,00,00,
33826000,14225B8A,true,Rx,0,8,42,27,E8,D2,27,0F,BF,8F,
33826000,14225B9A,true,Rx,0,8,42,27,84,21,7B,0A,BF,DF,
33826000,14225B8A,true,Rx,0,8,42,27,E8,D2,27,0F,BF,DF,
33826000,14225B8A,true,Rx,0,8,42,27,E8,D2,27,0F,BF,DF,
33826000,14225B8A,true,Rx,0,8,42,27,E8,D2,27,0F,BF,8F,
33826000,14225B8A,true,Rx,0,8,42,27,E8,D2,27,0F,BF,DF,
0,0422222C,true,Rx,0,0,00,00,00,00,00,00,00,00,
33826000,14225B8A,true,Rx,0,8,42,27,E8,D2,27,0F,BF,8F,
33826000,14225B8A,true,Rx,0,8,42,27,E8,D2,27,0F,BF,8F,
33826000,14225B9A,true,Rx,0,8,42,27,E8,D2,27,0F,BF,DF,
33826000,14225B9A,true,Rx,0,8,42,27,E8,D2,27,0F,BF,DF,
33826000,14225B8A,true,Rx,0,8,42,27,E8,D2,27,0F,BF,8F,
33826000,14225B8A,true,Rx,0,8,42,27,E8,D2,27,0F,BF,8F,
33826000,14225B8A,true,Rx,0,8,42,27,E8,D2,27,0F,BF,8F,
33826000,14225B9A,true,Rx,0,8,42,27,E8,D2,27,0F,BF,DF,
33826000,14225B9A,true,Rx,0,8,42,27,E8,D2,27,0F,BF,8F,
34257000,1C222842,true,Rx,0,8,5D,10,84,21,7B,0A,BF,8F,
0,0402222C,true,Rx,0,0,00,00,00,00,00,00,00,00,
34257000,1C222842,true,Rx,0,8,5D,10,84,21,7B,0A,BF,8F,
33826000,14225B8A,true,Rx,0,8,42,27,E8,D2,27,0F,BF,DF,
0,0402222C,true,Rx,0,0,00,00,00,00,00,00,00,00,
0,0402222C,true,Rx,0,0,00,00,00,00,00,00,00,00,
34257000,1C222842,true,Rx,0,8,5D,10,84,21,7B,0A,BF,8F,
0,0422222C,true,Rx,0,0,00,00,00,00,00,00,00,00,
33826000,14225B8A,true,Rx,0,8,42,27,E8,D2,27,0F,BF,8F,
34257000,1C222842,true,Rx,0,8,5D,10,84,21,7B,0A,BF,DF,
33826000,14225B8A,true,Rx,0,8,42,27,84,21,7B,0A,BF,DF,
33826000,14225B8A,true,Rx,0,8,42,27,84,21,7B,0A,BF,DF,
0,00000442,true,Rx,0,6,5D,10,84,21,7B,0A,00,00,
33826000,14225B8A,true,Rx,0,8,42,27,84,21,7B,0A,BF,DF,
0,0422222C,true,Rx,0,0,00,00,00,00,00,00,00,00,
33826000,14225B9A,true,Rx,0,8,42,27,84,21,7B,0A,BF,8F,
33826000,14225B9A,true,Rx,0,8,42,27,84,21,7B,0A,BF,8F,
0,00000510,true,Rx,0,8,42,27,84,21,7B,0A,BF,DF,
33826000,14225B8A,true,Rx,0,8,42,27,E8,D2,27,0F,BF,DF,
33826000,14225B8A,true,Rx,0,8,42,27,E8,D2,27,0F,BF,DF,
0,00000102,true,Rx,0,6,5D,10,84,21,7B,0A,00,00,
33826000,14225B8A,true,Rx,0,8,42,27,E8,D2,27,0F,BF,DF,
0,0422212C,true,Rx,0,0,00,00,00,00,00,00,00,00,
0,0422212C,true,Rx,0,0,00,00,00,00,00,00,00,00,
0,0422212C,true,Rx,0,0,00,00,00,00,00,00,00,00,
33826000,14225B8A,true,Rx,0,8,42,27,E8,D2,27,0F,BF,DF,
33826000,14225B8A,true,Rx,0,8,42,27,E8,D2,27,0F,BF,DF,
0,0422212C,true,Rx,0,0,00,00,00,00,00,00,00,00,
33826000,14225B8A,true,Rx,0,8,42,27,E8,D2,27,4F,BF,8F,
33826000,14225B8A,true,Rx,0,8,42,27,E8,D2,27,4F,BF,8F,
0,0422212C,true,Rx,0,0,00,00,00,00,00,00,00,00,
0,0422212C,true,Rx,0,0,00,00,00,00,00,00,00,00,
33826000,14225B8A,true,Rx,0,8,42,27,E8,D2,27,4F,BF,8F,
33826000,14225B9A,true,Rx,0,8,42,27,E8,D2,27,4F,BF,8F,
33826000,14225B9A,true,Rx,0,8,42,27,E8,D2,27,4F,BF,8F,
0,0422212C,true,Rx,0,0,00,00,00,00,00,00,00,00,
33826000,14225B8A,true,Rx,0,8,42,27,E8,D2,27,0F,BF,DF,
34257000,1C222842,true,Rx,0,8,5D,10,84,21,7B,0A,BF,DF,
33826000,04025B8A,true,Rx,0,8,42,27,E8,D2,27,0F,BF,DF,
34257000,1C222842,true,Rx,0,8,5D,10,84,21,7B,0A,BF,DF,
0,0422212C,true,Rx,0,0,00,00,00,00,00,00,00,00,
0,0422212C,true,Rx,0,0,00,00,00,00,00,00,00,00,
0,0422212C,true,Rx,0,0,00,00,00,00,00,00,00,00,
33826000,14225B8A,true,Rx,0,8,42,27,E8,D2,27,0F,BF,DF,
34257000,1C222842,true,Rx,0,8,5D,10,84,21,7B,0A,BF,DF,
33826000,14225B8A,true,Rx,0,8,42,27,E8,D2,27,0F,BF,DF,
33826000,14225B8A,true,Rx,0,8,42,27,E8,D2,27,0F,BF,DF,
0,0422212C,true,Rx,0,0,00,00,00,00,00,00,00,00,
0,00000214,true,Rx,0,5,84,74,01,09,08,00,00,00,
33826000,14225B9A,true,Rx,0,8,42,27,E8,D2,27,4F,BF,8F,
33826000,14225B9A,true,Rx,0,8,42,27,E8,D2,27,4F,BF,8F,
33826000,14225B8A,true,Rx,0,8,42,27,E8,D2,27,0F,BF,DF,
33826000,14225B8A,true,Rx,0,8,42,27,E8,D2,27,0F,BF,DF,
33826000,14225B8A,true,Rx,0,8,42,27,E8,D2,27,0F,BF,DF,
0,00000104,true,Rx,0,5,84,74,01,09,08,00,00,00,
33826000,14225B8A,true,Rx,0,8,42,27,E8,D2,27,0F,BF,DF,
33825000,04221716,true,Rx,0,8,42,16,A1,84,68,42,55,8F,
33825000,04221716,true,Rx,0,8,42,16,A1,84,68,42,55,8F,
33826000,14225B8A,true,Rx,0,8,42,27,E8,D2,27,0F,BF,DF,
33826000,14225B8A,true,Rx,0,8,42,27,E8,D2,27,0F,BF,DF,
33825000,04221716,true,Rx,0,8,42,16,A1,84,68,42,BF,8F,
33826000,14225B8A,true,Rx,0,8,42,27,E8,D2,27,0F,BF,DF,
33826000,14225B8A,true,Rx,0,8,42,27,E8,D2,27,0F,BF,DF,
33825000,04221716,true,Rx,0,8,42,16,A1,84,68,42,BF,8F,
33825000,04221716,true,Rx,0,8,42,16,A1,84,68,42,55,DF,
33825000,04221716,true,Rx,0,8,42,16,A1,84,68,42,55,DF,
0,00000684,false,Rx,0,2,99,B0,00,00,00,00,00,00,
33826000,14225B9A,true,Rx,0,8,42,27,A1,84,68,42,55,DF,
33826000,14225B9A,true,Rx,0,8,42,27,A1,84,68,42,55,DF,
0,00000442,true,Rx,0,5,42,16,A1,84,68,00,00,00,
33826000,14225B9A,true,Rx,0,8,42,27,A1,84,68,42,55,DF,
33826000,14225B8A,true,Rx,0,8,42,27,E8,D2,27,0F,1D,DF,
34257000,1C222842,true,Rx,0,8,5D,10,84,21,7B,0A,1D,DF,
0,00000442,true,Rx,0,5,42,16,A1,84,68,00,00,00,
34257000,1C222842,true,Rx,0,8,5D,10,84,21,7B,0A,1D,DF,
33825000,04221716,true,Rx,0,8,42,16,A1,84,68,42,55,DF,
33825000,04221716,true,Rx,0,8,42,16,A1,84,68,42,55,DF,
33826000,14225B8A,true,Rx,0,8,42,27,E8,D2,27,0F,1D,DF,
33825000,04221716,true,Rx,0,8,42,16,A1,84,68,42,BF,DF,
33825000,04021716,true,Rx,0,8,42,16,A1,84,68,42,BF,DF,
33826000,14225B8A,true,Rx,0,8,42,27,E8,D2,27,0F,BF,8F,
33825000,04021716,true,Rx,0,8,42,16,A1,84,68,42,BF,DF,
33825000,04221716,true,Rx,0,8,42,16,A1,84,68,42,55,DF,
33825000,04221716,true,Rx,0,8,42,16,A1,84,68,42,55,DF,
33826000,14225B9A,true,Rx,0,8,42,27,E8,D2,27,0F,BF,8F,
33826000,14225B9A,true,Rx,0,8,42,27,E8,D2,27,0F,BF,8F,
33825000,04221716,true,Rx,0,8,42,16,A1,84,68,42,55,DF,
33826000,14225B9A,true,Rx,0,8,42,27,E8,D2,27,0F,BF,8F,
33826000,14225B8A,true,Rx,0,8,42,27,E8,D2,27,0F,BF,DF,
33825000,04221716,true,Rx,0,8,42,16,A1,84,68,42,BF,DF,
33825000,04021716,true,Rx,0,8,42,16,A1,84,68,42,BF,DF,
0,00000420,true,Rx,0,4,82,10,E8,D2,00,00,00,00,
33825000,04021716,true,Rx,0,8,42,16,A1,84,68,42,BF,DF,
33825000,04021716,true,Rx,0,8,42,16,A1,84,68,42,BF,DF,
33826000,14225B8A,true,Rx,0,8,42,27,E8,D2,27,0F,BF,DF,
33826000,14225B8A,true,Rx,0,8,42,27,E8,D2,27,0F,BF,DF,
33825000,04021716,true,Rx,0,8,42,16,A1,84,68,42,BF,DF,
33826000,14225B8A,true,Rx,0,8,42,27,E8,D2,27,0F,BF,DF,
33826000,14225B8A,true,Rx,0,8,42,27,E8,D2,27,0F,BF,8F,
33826000,14225B8A,true,Rx,0,8,42,27,E8,D2,27,0F,BF,8F,
33826000,14225B8A,true,Rx,0,8,42,27,E8,D2,27,0F,BF,8F,
33826000,0C025B8A,true,Rx,0,8,42,27,E8,D2,27,0F,BF,8F,
33826000,14225B9A,true,Rx,0,8,42,27,E8,D2,27,0F,BF,DF,
33826000,14225B9A,true,Rx,0,8,42,27,E8,D2,27,0F,BF,DF,
33826000,0C025B8A,true,Rx,0,8,42,27,E8,D2,27,0F,BF,8F,
33826000,14225B9A,true,Rx,0,8,42,27,E8,D2,27,0F,BF,DF,
33826000,14225B8A,true,Rx,0,8,42,27,E8,D2,27,0F,BF,DF,
33826000,0C025B8A,true,Rx,0,8,42,27,E8,D2,27,0F,BF,8F,
33826000,04025B8A,true,Rx,0,8,42,27,E8,D2,27,0F,BF,8F,
0,00000420,true,Rx,0,6,8B,08,42,16,A1,84,00,00,
33826000,14225B8A,true,Rx,0,8,42,27,E8,D2,27,0F,BF,DF,
0,00000510,true,Rx,0,8,42,27,E8,D2,27,0F,BF,8F,
0,00000100,true,Rx,0,8,42,27,E8,D2,27,0F,BF,8F,
406000,1C222842,true,Rx,0,8,5D,10,84,21,7B,0A,BF,DF,
33826000,14225B8A,true,Rx,0,8,42,27,E8,D2,27,0F,BF,DF,
33826000,14225B8A,true,Rx,0,8,42,27,E8,D2,27,0F,BF,DF,
264000,04220458,true,Rx,0,1,08,00,00,00,00,00,00,00,
264000,0C020458,true,Rx,0,1,08,00,00,00,00,00,00,00,
33826000,14225B8A,true,Rx,0,8,42,27,E8,D2,27,0F,BF,DF,
33826000,14225B9A,true,Rx,0,8,42,27,E8,D2,27,0F,BF,DF,
33826000,14225B9A,true,Rx,0,8,42,27,E8,D2,27,0F,BF,DF,
0,00000100,true,Rx,0,8,42,27,E8,D2,27,0F,BF,8F,
427000,14225B9A,true,Rx,0,8,42,27,E8,D2,27,0F,BF,DF,
33826000,14225B9A,true,Rx,0,8,42,27,84,21,7B,0A,BF,DF,
33826000,14225B9A,true,Rx,0,8,42,27,84,21,7B,0A,BF,DF,
0,00000100,true,Rx,0,8,42,27,E8,D2,27,0F,BF,8F,
33826000,14225B9A,true,Rx,0,8,42,27,84,21,7B,0A,BF,DF,
0,00000420,true,Rx,0,8,8B,08,42,16,A1,84,F0,9F,
0,00000420,true,Rx,0,8,8B,08,42,16,A1,84,F0,9F,
33826000,14225B8A,true,Rx,0,8,42,27,E8,D2,27,0F,BF,DF,
0,00000420,true,Rx,0,8,8B,08,42,16,A1,84,BF,9F,
0,00000100,true,Rx,0,8,8B,08,42,16,A1,84,BF,9F,
0,00000100,true,Rx,0,8,42,27,E8,D2,27,0F,BF,8F,
33826000,14225B8A,true,Rx,0,8,42,27,E8,D2,27,0F,BF,9F,
34257000,1C222842,true,Rx,0,8,5D,10,84,21,7B,0A,BF,9F,
0,0422222C,true,Rx,0,0,00,00,00,00,00,00,00,00,
33826000,14225B8A,true,Rx,0,8,42,27,E8,D2,27,0F,BF,DF,
33826000,14225B8A,true,Rx,0,8,42,27,E8,D2,27,0F,BF,DF,
0,00000510,true,Rx,0,8,5D,10,84,21,7B,0A,BF,9F,
33826000,14225B9A,true,Rx,0,8,42,27,84,21,7B,0A,BF,9F,
34257000,1C222842,true,Rx,0,8,5D,10,84,21,7B,0A,BF,9F,
0,00000120,true,Rx,0,5,EA,30,8E,3F,7B,00,00,00,
34257000,1C222842,true,Rx,0,8,5D,10,84,21,7B,0A,BF,9F,
0,00000420,false,Rx,0,8,8B,08,42,16,A1,84,F0,9F,
0,00000420,false,Rx,0,8,8B,08,42,16,A1,84,F0,9F,
33826000,14225B8A,true,Rx,0,8,42,27,E8,D2,27,0F,BF,9F,
0,00000420,false,Rx,0,8,8B,08,42,16,A1,84,BF,9F,
0,00000100,false,Rx,0,8,8B,08,42,16,A1,84,BF,9F,
0,00000120,false,Rx,0,5,EA,30,8E,3F,7B,00,00,00,
33826000,14225B8A,true,Rx,0,8,42,27,E8,D2,27,0F,BF,9F,
33826000,14225B8A,true,Rx,0,8,42,27,E8,D2,27,0F,BF,9F,
0,0422222C,true,Rx,0,0,00,00,00,00,00,00,00,00,
33826000,14225B8A,true,Rx,0,8,42,27,E8,D2,27,0F,BF,9F,
0,0422222C,true,Rx,0,0,00,00,00,00,00,00,00,00,
0,00000510,false,Rx,0,8,42,27,E8,D2,27,0F,BF,9F,
0,00000510,false,Rx,0,8,42,27,E8,D2,27,0F,BF,9F,
33826000,04025B9A,true,Rx,0,8,42,27,8E,3F,7B,0F,BF,8F,
0,00000510,false,Rx,0,8,42,27,E8,D2,27,0F,BF,9F,
33826000,14225B8A,true,Rx,0,8,42,27,E8,D2,27,0F,BD,DF,
33826000,14225B8A,true,Rx,0,8,42,27,E8,D2,27,0F,BD,DF,
33826000,14225B8A,true,Rx,0,8,42,27,E8,D2,27,0F,BF,DF,
33826000,14225B8A,true,Rx,0,8,42,27,E8,D2,27,0F,BF,9F,
33826000,04025B8A,true,Rx,0,8,42,27,E8,D2,27,0F,BF,DF,
0,0422212C,true,Rx,0,0,00,00,00,00,00,00,00,00,
0,0422212C,true,Rx,0,0,00,00,00,00,00,00,00,00,
0,0422212C,true,Rx,0,0,00,00,00,00,00,00,00,00,
33826000,14225B8A,true,Rx,0,8,42,27,E8,D2,27,0F,BF,9F,
33826000,14225B8A,true,Rx,0,8,42,27,E8,D2,27,0F,BF,9F,
12076000,10AD2F2C,true,Rx,0,0,00,00,00,00,00,00,00,00,
33826000,14225B9A,true,Rx,0,8,42,27,E8,D2,27,0F,BF,9F,
33826000,14225B9A,true,Rx,0,8,42,27,E8,D2,27,0F,BF,9F,
33826000,14225B8A,true,Rx,0,8,42,27,E8,D2,27,0F,BF,9F,
33826000,14225B9A,true,Rx,0,8,42,27,E8,D2,27,0F,BF,9F,
33826000,14225B9A,true,Rx,0,8,42,27,E8,D2,27,0F,BF,9F,
33826000,14225B8A,true,Rx,0,8,42,27,E8,D2,27,0F,BF,DF,
33826000,14225B9A,true,Rx,0,8,42,27,E8,D2,27,0F,BF,9F,
33826000,04025B9A,true,Rx,0,8,42,27,E8,D2,27,0F,BF,9F,
33826000,14225B8A,true,Rx,0,8,42,27,E8,D2,27,0F,BD,DF,
33826000,14225B8A,true,Rx,0,8,42,27,E8,D2,27,0F,BD,DF,
33826000,04025B9A,true,Rx,0,8,42,27,E8,D2,27,0F,BF,9F,
33826000,14225B8A,true,Rx,0,8,42,27,E8,D2,27,0F,BD,DF,
0,0422212C,true,Rx,0,0,00,00,00,00,00,00,00,00,
0,0C02212C,true,Rx,0,0,00,00,00,00,00,00,00,00,
0,0C02212C,true,Rx,0,0,00,00,00,00,00,00,00,00,
33826000,14225B8A,true,Rx,0,8,42,27,E8,D2,27,0F,BF,9F,
33826000,14225B8A,true,Rx,0,8,42,27,E8,D2,27,0F,BF,9F,
33826000,14225B9A,true,Rx,0,8,42,27,E8,D2,27,0F,BD,DF,
33826000,14225B9A,true,Rx,0,8,42,27,E8,D2,27,0F,BD,DF,
33826000,14225B8A,true,Rx,0,8,42,27,E8,D2,27,0F,BF,9F,
0,00000420,true,Rx,0,3,8B,08,42,00,00,00,00,00,
0,00000420,true,Rx,0,3,8B,08,42,00,00,00,00,00,
33826000,14225B9A,true,Rx,0,8,42,27,E8,D2,27,0F,BD,DF,
33826000,14225B8A,true,Rx,0,8,42,27,E8,D2,27,0F,BF,9F,
33826000,14225B8A,true,Rx,0,8,42,27,E8,D2,27,0F,BF,9F,
0,00000103,true,Rx,0,5,5D,10,84,21,7B,00,00,00,
33826000,14225B8A,true,Rx,0,8,42,27,E8,D2,27,0F,BF,9F,
33826000,14225B8A,true,Rx,0,8,42,27,E8,D2,27,0F,BD,DF,
0,00000103,true,Rx,0,5,5D,10,84,21,7B,00,00,00,
0,00000103,true,Rx,0,5,5D,10,84,21,7B,00,00,00,
33826000,14225B8A,true,Rx,0,8,42,27,E8,D2,27,0F,BF,9F,
33825000,04221716,true,Rx,0,8,42,16,A1,84,68,42,55,DF,
33825000,04221716,true,Rx,0,8,42,16,A1,84,68,42,55,DF,
33826000,14225B8A,true,Rx,0,8,42,27,E8,D2,27,0F,BF,9F,
34257000,1C222842,true,Rx,0,8,5D,10,84,21,79,4B,05,9F,
33826000,14225B9A,true,Rx,0,8,42,27,84,21,7B,0A,BD,DF,
33826000,14225B9A,true,Rx,0,8,42,27,84,21,7B,0A,BD,DF,
34257000,1C222842,true,Rx,0,8,5D,10,84,21,79,4B,05,9F,
0,00000420,false,Rx,0,3,8B,08,42,00,00,00,00,00,
0,00000420,false,Rx,0,3,8B,08,42,00,00,00,00,00,
33826000,14225B9A,true,Rx,0,8,42,27,84,21,7B,0A,BD,DF,
33826000,14225B8A,true,Rx,0,8,42,27,E8,D2,27,0F,05,9F,
34257000,1C222842,true,Rx,0,8,5D,10,84,21,7B,0A,05,9F,
33825000,04021716,true,Rx,0,8,42,16,A1,84,68,42,BF,DF,
648000,1C222842,true,Rx,0,8,5D,10,84,21,7B,0A,05,9F,
33826000,14225B8A,true,Rx,0,8,42,27,E8,D2,27,0F,BD,DF,
33826000,14225B8A,true,Rx,0,8,42,27,E8,D2,27,0F,BD,DF,
33825000,04221716,true,Rx,0,8,42,16,A1,84,68,42,55,9F,
33825000,04221716,true,Rx,0,8,42,16,A1,84,68,42,55,9F,
33826000,14225B8A,true,Rx,0,8,42,27,E8,D2,27,0F,BD,DF,
33826000,14225B8A,true,Rx,0,8,42,27,E8,D2,27,0F,BD,DF,
48918000,06DABF16,true,Rx,0,8,42,16,A1,84,68,42,BF,9F,
33826000,14225B9A,true,Rx,0,8,42,27,A1,84,68,42,BF,DF,
33826000,14225B9A,true,Rx,0,8,42,27,A1,84,68,42,BF,DF,
48918000,06DABF16,true,Rx,0,8,42,16,A1,84,68,42,BF,9F,
33826000,14225B9A,true,Rx,0,8,42,27,A1,84,68,42,BF,DF,
0,00000420,false,Rx,0,6,8B,08,42,16,A1,84,00,00,
33826000,14225B8A,true,Rx,0,8,42,27,E8,D2,27,0F,BF,9F,
33826000,14225B8A,true,Rx,0,8,42,27,E8,D2,27,0F,BF,9F,
0,00000420,true,Rx,0,6,8B,08,42,16,A1,84,00,00,
33826000,14225B8A,true,Rx,0,8,42,27,E8,D2,27,0F,BF,9F,
33826000,14225B8A,true,Rx,0,8,42,27,E8,D2,27,0F,BF,DF,
34257000,1C222842,true,Rx,0,8,5D,10,84,21,7B,0A,BF,DF,
0,00000420,true,Rx,0,6,8B,08,42,16,A1,84,00,00,
34257000,1C222842,true,Rx,0,8,5D,10,84,21,7B,0A,BF,DF,
264000,04220458,true,Rx,0,1,08,00,00,00,00,00,00,00,
264000,0C020458,true,Rx,0,1,08,00,00,00,00,00,00,00,
34257000,1C222842,true,Rx,0,8,5D,10,84,21,7B,0A,BF,DF,
33826000,14225B8A,true,Rx,0,8,42,27,E8,D2,27,0F,BF,DF,
0,00000420,true,Rx,0,6,8B,08,42,16,A1,84,00,00,
12120000,10AD2F58,true,Rx,0,1,08,00,00,00,00,00,00,00,
33826000,14225B9A,true,Rx,0,8,42,27,E8,D2,27,0F,BF,DF,
33826000,14225B9A,true,Rx,0,8,42,27,E8,D2,27,0F,BF,DF,
12120000,10AD2F58,true,Rx,0,1,08,00,00,00,00,00,00,00,
264000,04220458,true,Rx,0,1,08,00,00,00,00,00,00,00,
722000,00000214,false,Rx,0,5,84,74,01,09,08,00,00,00,
33826000,14225B9A,true,Rx,0,8,42,27,42,16,A1,84,BF,DF,
34257000,1C222842,true,Rx,0,8,5D,10,84,21,7B,0A,BF,DF,
0,00000214,true,Rx,0,5,84,74,01,09,08,00,00,00,
730000,1C222842,true,Rx,0,8,5D,10,84,21,7B,0A,BF,DF,
33826000,14225B8A,true,Rx,0,8,42,27,E8,D2,27,0F,BF,DF,
0,00000214,true,Rx,0,5,84,74,01,09,08,00,00,00,
264000,04220458,true,Rx,0,1,08,00,00,00,00,00,00,00,
264000,0C020458,true,Rx,0,1,08,00,00,00,00,00,00,00,
34257000,1C222842,true,Rx,0,8,5D,10,84,21,7B,0A,BF,DF,
33826000,14225B8A,true,Rx,0,8,42,27,E8,D2,27,0F,BF,DF,
33826000,14225B8A,true,Rx,0,8,42,27,E8,D2,27,0F,BF,DF,
33826000,14225B8A,true,Rx,0,8,42,27,E8,D2,27,4F,BF,9F,
33826000,14225B8A,true,Rx,0,8,42,27,E8,D2,27,4F,BF,9F,
0,0422222C,true,Rx,0,0,00,00,00,00,00,00,00,00,
0,00000214,true,Rx,0,5,84,74,01,09,08,00,00,00,
33826000,14225B9A,true,Rx,0,8,42,27,E8,D2,27,0F,BF,DF,
33826000,14225B9A,true,Rx,0,8,42,27,E8,D2,27,0F,BF,DF,
0,00000214,true,Rx,0,5,84,74,01,09,08,00,00,00,
33826000,14225B9A,true,Rx,0,8,42,27,E8,D2,27,0F,BF,DF,
33826000,14225B8A,true,Rx,0,8,42,27,E8,D2,27,0F,BF,9F,
34257000,1C222842,true,Rx,0,8,5D,10,84,21,7B,0A,BF,9F,
0,0422222C,true,Rx,0,0,00,00,00,00,00,00,00,00,
33826000,14225B8A,true,Rx,0,8,42,27,E8,D2,27,0F,BF,DF,
0,0422222C,true,Rx,0,0,00,00,00,00,00,00,00,00,
33826000,14225B8A,true,Rx,0,8,42,27,E8,D2,27,0F,BF,DF,
34290000,1C223842,true,Rx,0,8,5F,21,08,42,F7,1A,1D,DF,
0,0422222C,true,Rx,0,0,00,00,00,00,00,00,00,00,
33826000,14225B8A,true,Rx,0,8,42,27,E8,D2,27,0F,1D,DF,
34257000,1C222842,true,Rx,0,8,5D,10,84,21,7B,0A,BF,DF,
34257000,04022842,true,Rx,0,8,5D,10,84,21,7B,0A,BF,DF,
0,0422222C,true,Rx,0,0,00,00,00,00,00,00,00,00,
33826000,14225B8A,true,Rx,0,8,42,27,E8,D2,27,0F,BF,DF,
33826000,14225B8A,true,Rx,0,8,42,27,E8,D2,27,0F,BF,DF,
0,0422222C,true,Rx,0,0,00,00,00,00,00,00,00,00,
33826000,14225B8A,true,Rx,0,8,42,27,E8,D2,27,0F,BF,9F,
33826000,14225B8A,true,Rx,0,8,42,27,E8,D2,27,0F,BF,9F,
0,0422222C,true,Rx,0,0,00,00,00,00,00,00,00,00,
33826000,14225B8A,true,Rx,0,8,42,27,E8,D2,27,0F,BF,9F,
33826000,14225B9A,true,Rx,0,8,42,27,E8,D2,27,0F,BF,DF,
33826000,14225B9A,true,Rx,0,8,42,27,E8,D2,27,0F,BF,DF,
33826000,14225B8A,true,Rx,0,8,42,27,E8,D2,27,0F,BF,9F,
0,0422212C,true,Rx,0,0,00,00,00,00,00,00,00,00,
0,0422212C,true,Rx,0,0,00,00,00,00,00,00,00,00,
0,0422212C,true,Rx,0,0,00,00,00,00,00,00,00,00,
33826000,14225B9A,true,Rx,0,8,42,27,E8,D2,27,0F,BF,DF,
33826000,14225B8A,true,Rx,0,8,42,27,E8,D2,27,0F,BF,DF,
0,0422212C,true,Rx,0,0,00,00,00,00,00,00,00,00,
0,0402212C,true,Rx,0,0,00,00,00,00,00,00,00,00,
33826000,14225B8A,true,Rx,0,8,42,27,E8,D2,27,0F,BF,DF,
849000,14225B9A,true,Rx,0,8,42,27,E8,D2,27,0F,BF,DF,
33826000,14225B8A,true,Rx,0,8,42,27,E8,D2,27,0F,BF,9F,
33826000,14225B8A,true,Rx,0,8,42,27,E8,D2,27,0F,BF,9F,
33826000,14225B8A,true,Rx,0,8,42,27,E8,D2,27,0F,BF,9F,
33826000,14225B8A,true,Rx,0,8,42,27,E8,D2,27,0F,BF,9F,
33826000,14225B8A,true,Rx,0,8,42,27,E8,D2,27,0F,BF,DF,
33826000,14225B8A,true,Rx,0,8,42,27,E8,D2,27,0F,BF,DF,
33826000,14225B8A,true,Rx,0,8,42,27,E8,D2,27,0F,BF,9F,
33826000,14225B8A,true,Rx,0,8,42,27,E8,D2,27,0F,BF,DF,
33826000,14225B9A,true,Rx,0,8,42,27,E8,D2,27,0F,BF,DF,
33826000,14225B9A,true,Rx,0,8,42,27,E8,D2,27,0F,BF,DF,
33826000,14225B8A,true,Rx,0,8,42,27,E8,D2,27,0F,BF,DF,
0,0422212C,true,Rx,0,0,00,00,00,00,00,00,00,00,
0,0422212C,true,Rx,0,0,00,00,00,00,00,00,00,00,
0,0422212C,true,Rx,0,0,00,00,00,00,00,00,00,00,
33826000,14225B9A,true,Rx,0,8,42,27,E8,D2,27,0F,BF,DF,
33826000,14225B8A,true,Rx,0,8,42,27,E8,D2,27,0F,BF,9F,
34257000,1C222842,true,Rx,0,8,5D,10,84,21,7B,0A,BF,9F,
0,0422212C,true,Rx,0,0,00,00,00,00,00,00,00,00,
34257000,1C222842,true,Rx,0,8,5D,10,84,21,7B,0A,BF,9F,
33826000,14225B8A,true,Rx,0,8,42,27,E8,D2,27,0F,BF,DF,
33826000,14225B8A,true,Rx,0,8,42,27,E8,D2,27,0F,BF,DF,
0,0422212C,true,Rx,0,0,00,00,00,00,00,00,00,00,
33826000,14225B8A,true,Rx,0,8,42,27,E8,D2,27,0F,BF,DF,
33826000,14225B8A,true,Rx,0,8,42,27,E8,D2,27,0F,BF,DF,
0,0422212C,true,Rx,0,0,00,00,00,00,00,00,00,00,
33826000,14225B8A,true,Rx,0,8,42,27,E8,D2,27,0F,BF,9F,
0,0422212C,true,Rx,0,0,00,00,00,00,00,00,00,00,
0,0402212C,true,Rx,0,0,00,00,00,00,00,00,00,00,
33826000,0C025B8A,true,Rx,0,8,42,27,E8,D2,27,0F,BF,DF,
33826000,14225B9A,true,Rx,0,8,42,27,E8,D2,27,0F,BF,DF,
33826000,14225B9A,true,Rx,0,8,42,27,E8,D2,27,0F,BF,DF,
33826000,0C025B8A,true,Rx,0,8,42,27,E8,D2,27,0F,BF,DF,
33825000,04221716,true,Rx,0,8,42,16,A1,84,68,42,55,DF,
33825000,04221716,true,Rx,0,8,42,16,A1,84,68,42,55,DF,
33826000,14225B8A,true,Rx,0,8,42,27,E8,D2,27,0F,BF,DF,
33825000,04221716,true,Rx,0,8,42,16,A1,84,68,42,BF,DF,
33825000,04021716,true,Rx,0,8,42,16,A1,84,68,42,BF,DF,
33826000,14225B8A,true,Rx,0,8,42,27,E8,D2,27,0F,BF,9F,
34257000,1C222842,true,Rx,0,8,5D,10,84,21,7B,0A,BF,9F,
33825000,04021716,true,Rx,0,8,42,16,A1,84,68,42,BF,DF,
34257000,1C222842,true,Rx,0,8,5D,10,84,21,7B,0A,BF,9F,
33826000,14225B8A,true,Rx,0,8,42,27,E8,D2,27,0F,BF,DF,
0,00000510,true,Rx,0,8,5D,10,84,21,7B,0A,BF,9F,
0,00000100,true,Rx,0,8,5D,10,84,21,7B,0A,BF,9F,
0,00000420,true,Rx,0,3,82,10,84,00,00,00,00,00,
951000,02183080,true,Rx,0,0,00,00,00,00,00,00,00,00,
33826000,14225B9A,true,Rx,0,8,42,27,84,21,7B,0A,BF,DF,
33826000,14225B9A,true,Rx,0,8,42,27,84,21,7B,0A,BF,DF,
0,00000100,true,Rx,0,8,5D,10,84,21,7B,0A,BF,9F,
33825000,04221716,true,Rx,0,8,42,16,A1,84,68,42,55,9F,
33825000,04221716,true,Rx,0,8,42,16,A1,84,68,42,55,9F,
33826000,14225B8A,true,Rx,0,8,42,27,E8,D2,27,0F,BF,DF,
33825000,04221716,true,Rx,0,8,42,16,A1,84,68,42,BF,9F,
33825000,04021716,true,Rx,0,8,42,16,A1,84,68,42,BF,9F,
33826000,14225B8A,true,Rx,0,8,42,27,E8,D2,27,0F,BF,DF,
33825000,04021716,true,Rx,0,8,42,16,A1,84,68,42,BF,9F,
33825000,04021716,true,Rx,0,8,42,16,A1,84,68,42,BF,9F,
0,00000420,true,Rx,0,3,8B,08,42,00,00,00,00,00,
0,00000420,false,Rx,0,3,8B,08,42,00,00,00,00,00,
33826000,14225B8A,true,Rx,0,8,42,27,E8,D2,27,0F,BF,DF,
33826000,14225B8A,true,Rx,0,8,42,27,E8,D2,27,0F,BF,DF,
33826000,14225B8A,true,Rx,0,8,42,27,E8,D2,27,0F,BF,DF,
33825000,04021716,true,Rx,0,8,42,16,A1,84,68,42,BF,9F,
33826000,14225B8A,true,Rx,0,8,42,27,E8,D2,27,0F,BF,DF,
33826000,14225B9A,true,Rx,0,8,42,27,42,21,7B,0A,BF,DF,
33826000,14225B9A,true,Rx,0,8,42,27,42,21,7B,0A,BF,DF,
33825000,04021716,true,Rx,0,8,42,16,A1,84,68,42,BF,9F,
33826000,14225B9A,true,Rx,0,8,42,27,42,21,7B,0A,BF,DF,
33826000,14225B9A,true,Rx,0,8,42,27,42,21,7B,0A,BF,DF,
264000,04220458,true,Rx,0,1,08,00,00,00,00,00,00,00,
33826000,14225B8A,true,Rx,0,8,42,27,E8,D2,27,0F,BF,DF,
33825000,04021716,true,Rx,0,8,42,16,A1,84,68,42,BF,9F,
33825000,04021716,true,Rx,0,8,42,16,A1,84,68,42,BF,9F,
33826000,14225B8A,true,Rx,0,8,42,27,E8,D2,27,0F,BF,DF,
33825000,04021716,true,Rx,0,8,42,16,A1,84,68,42,BF,9F,
33825000,04021716,true,Rx,0,8,42,16,A1,84,68,42,BF,9F,
0,00000420,true,Rx,0,6,8B,08,42,16,A1,84,00,00,
33826000,14225B8A,true,Rx,0,8,42,27,E8,D2,27,0F,BF,DF,
34257000,1C222842,true,Rx,0,8,5D,10,84,21,7B,0A,BF,DF,
0,00000510,true,Rx,0,8,42,16,A1,84,68,42,BF,9F,
29000,1C222842,true,Rx,0,8,5D,10,84,21,7B,0A,BF,DF,
33826000,14225B9A,true,Rx,0,8,42,27,84,21,7B,0A,BF,DF,
33826000,14225B9A,true,Rx,0,8,42,27,84,21,7B,0A,BF,DF,
0,00000510,false,Rx,0,8,42,16,A1,84,68,42,BF,9F,
33826000,14225B9A,true,Rx,0,8,42,27,84,21,7B,0A,BF,DF,
33826000,14225B9A,true,Rx,0,8,42,27,84,21,7B,0A,BF,DF,
264000,04220458,true,Rx,0,1,08,00,00,00,00,00,00,00,
33826000,14225B8A,true,Rx,0,8,42,27,E8,D2,27,0F,BF,DF,
0,00000510,true,Rx,0,8,42,16,A1,84,68,42,BF,9F,
0,00000100,true,Rx,0,8,42,16,A1,84,68,42,BF,9F,
50000,14225B9A,true,Rx,0,8,42,27,84,21,7B,0A,BF,DF,
33826000,14225B8A,true,Rx,0,8,42,27,E8,D2,27,0F,BF,DF,
33826000,14225B8A,true,Rx,0,8,42,27,E8,D2,27,0F,BF,DF,
0,00000100,true,Rx,0,8,42,16,A1,84,68,42,BF,9F,
33826000,14225B8A,true,Rx,0,8,42,27,E8,D2,27,0F,BF,DF,
33826000,14225B8A,true,Rx,0,8,42,27,E8,D2,27,0F,BF,DF,
33826000,14225B8A,true,Rx,0,8,42,27,E8,D2,27,0F,BF,9F,
33826000,14225B8A,true,Rx,0,8,42,27,E8,D2,27,0F,BF,9F,
33826000,14225B8A,true,Rx,0,8,42,27,E8,D2,27,0F,BF,DF,
33826000,14225B8A,true,Rx,0,8,42,27,E8,D2,27,0F,BF,9F,
33826000,14225B8A,true,Rx,0,8,42,27,42,16,A1,84,BF,DF,
33826000,14225B8A,true,Rx,0,8,42,27,42,16,A1,84,BF,DF,
33826000,14225B8A,true,Rx,0,8,42,27,E8,D2,27,0F,BF,9F,
0,0422222C,true,Rx,0,0,00,00,00,00,00,00,00,00,
33826000,14225B9A,true,Rx,0,8,42,27,E8,D2,27,0F,BF,DF,
33826000,14225B9A,true,Rx,0,8,42,27,E8,D2,27,0F,BF,DF,
0,0422222C,true,Rx,0,0,00,00,00,00,00,00,00,00,
33826000,14225B9A,true,Rx,0,8,42,27,E8,D2,27,0F,BF,DF,
33826000,14225B8A,true,Rx,0,8,42,27,E8,D2,27,0F,BF,DF,
34257000,1C222842,true,Rx,0,8,5D,10,84,21,7B,0A,BF,DF,
0,0422222C,true,Rx,0,0,00,00,00,00,00,00,00,00,
34257000,1C222842,true,Rx,0,8,5D,10,84,21,7B,0A,BF,DF,
0,00000420,false,Rx,0,8,8B,08,42,16,A1,84,F0,9F,
0,00000420,false,Rx,0,8,8B,08,42,16,A1,84,F0,9F,
33826000,14225B8A,true,Rx,0,8,42,27,E8,D2,27,0F,BF,DF,
34257000,1C222842,true,Rx,0,8,5D,10,84,21,7B,0A,BF,DF,
0,00000420,true,Rx,0,8,8B,08,42,16,A1,84,BF,9F,
34257000,1C222842,true,Rx,0,8,5D,10,84,21,7B,0A,BF,DF,
33826000,14225B8A,true,Rx,0,8,42,27,E8,D2,27,0F,BF,9F,
0,00000420,true,Rx,0,8,8B,08,42,16,A1,84,BF,9F,
0,0422222C,true,Rx,0,0,00,00,00,00,00,00,00,00,
33826000,14225B9A,true,Rx,0,8,42,27,42,16,A1,84,BF,9F,
34257000,1C222842,true,Rx,0,8,5D,10,84,21,7B,0A,BF,9F,
0,0422222C,true,Rx,0,0,00,00,00,00,00,00,00,00,
33826000,14225B8A,true,Rx,0,8,42,27,E8,D2,27,0F,BF,DF,
0,0422222C,true,Rx,0,0,00,00,00,00,00,00,00,00,
0,0402222C,true,Rx,0,0,00,00,00,00,00,00,00,00,
34257000,1C222842,true,Rx,0,8,5D,10,84,21,7B,0A,BF,9F,
0,00000420,true,Rx,0,8,8B,08,42,16,A1,84,F0,9F,
33826000,14225B8A,true,Rx,0,8,42,27,E8,D2,27,0F,BF,DF,
33826000,14225B8A,true,Rx,0,8,42,27,E8,D2,27,0F,BF,DF,
33826000,14225B8A,true,Rx,0,8,42,27,E8,D2,27,0F,BF,DF,
33826000,14225B8A,true,Rx,0,8,42,27,E8,D2,27,0F,F0,9F,
33826000,14225B8A,true,Rx,0,8,42,27,E8,D2,27,0F,F0,9F,
0,0422212C,true,Rx,0,0,00,00,00,00,00,00,00,00,
0,0422212C,true,Rx,0,0,00,00,00,00,00,00,00,00,
0,0422212C,true,Rx,0,0,00,00,00,00,00,00,00,00,
33826000,14225B8A,true,Rx,0,8,42,27,E8,D2,27,0F,F0,9F,
33826000,14225B9A,true,Rx,0,8,42,27,84,21,7B,0A,BF,9F,
33826000,14225B9A,true,Rx,0,8,42,27,84,21,7B,0A,BF,9F,
33826000,14225B8A,true,Rx,0,8,42,27,E8,D2,27,0F,F0,9F,
33826000,14225B8A,true,Rx,0,8,42,27,E8,D2,27,0F,F0,9F,
34257000,1C222842,true,Rx,0,8,5D,10,84,21,7B,0A,F0,9F,
0,0402212C,true,Rx,0,0,00,00,00,00,00,00,00,00,
34257000,1C222842,true,Rx,0,8,5D,10,84,21,7B,0A,F0,9F,
0,0402212C,true,Rx,0,0,00,00,00,00,00,00,00,00,
0,0402212C,true,Rx,0,0,00,00,00,00,00,00,00,00,
34257000,1C222842,true,Rx,0,8,5D,10,84,21,7B,0A,F0,9F,
33826000,14225B8A,true,Rx,0,8,42,27,E8,D2,27,0F,BF,DF,
34257000,1C222842,true,Rx,0,8,5D,10,84,21,7B,0A,BF,DF,
34257000,04022842,true,Rx,0,8,5D,10,84,21,7B,0A,F0,9F,
33826000,14225B8A,true,Rx,0,8,42,27,E8,D2,27,0F,F0,9F,
34290000,1C223842,true,Rx,0,8,5F,21,08,42,F7,1A,1D,9F,
34290000,1C223842,true,Rx,0,8,5F,21,08,42,F7,1A,1D,9F,
34290000,1C223842,true,Rx,0,8,5F,21,08,42,F7,1A,1D,9F,
33826000,14225B9A,true,Rx,0,8,42,27,84,21,7B,0A,BF,DF,
33826000,14225B9A,true,Rx,0,8,42,27,84,21,7B,0A,BF,DF,
34290000,1C223842,true,Rx,0,8,5F,21,08,42,F7,1A,1D,9F,
33826000,14225B9A,true,Rx,0,8,42,27,84,21,7B,0A,BF,DF,
33826000,14225B8A,true,Rx,0,8,42,27,E8,D2,27,0F,BF,DF,
33826000,14225B8A,true,Rx,0,8,42,27,E8,D2,27,0F,BF,DF,
34290000,1C223842,true,Rx,0,8,5F,21,08,42,F7,1A,BF,9F,
33826000,14225B8A,true,Rx,0,8,42,27,E8,D2,27,0F,BF,DF,
33826000,14225B8A,true,Rx,0,8,42,27,E8,D2,27,0F,BF,DF,
222000,14225B8A,true,Rx,0,8,42,27,E8,D2,27,0F,BF,DF,
33826000,14225B8A,true,Rx,0,8,42,27,E8,D2,27,0F,BF,9F,
33826000,14225B8A,true,Rx,0,8,42,27,E8,D2,27,0F,BF,9F,
33826000,14225B8A,true,Rx,0,8,42,27,E8,D2,27,0F,BF,DF,
230000,14225B8A,true,Rx,0,8,42,27,E8,D2,27,0F,BF,9F,
33826000,14225B8A,true,Rx,0,8,42,27,E8,D2,27,0F,BD,DF,
33826000,14225B8A,true,Rx,0,8,42,27,E8,D2,27,0F,BF,DF,
33825000,04221716,true,Rx,0,8,42,16,A1,84,68,42,55,9F,
33825000,04221716,true,Rx,0,8,42,16,A1,84,68,42,55,9F,
33826000,14225B9A,true,Rx,0,8,42,27,E8,D2,27,0F,BD,DF,
33826000,14225B9A,true,Rx,0,8,42,27,E8,D2,27,0F,BD,DF,
33825000,04221716,true,Rx,0,8,42,16,A1,84,68,42,55,9F,
250000,14225B9A,true,Rx,0,8,42,27,E8,D2,27,0F,BD,DF,
33826000,14225B8A,true,Rx,0,8,42,27,E8,D2,27,0F,BF,DF,
34257000,1C222842,true,Rx,0,8,5D,10,84,21,7B,0A,BF,DF,
33825000,04221716,true,Rx,0,8,42,16,A1,84,68,42,BF,9F,
34257000,1C222842,true,Rx,0,8,5D,10,84,21,7B,0A,BF,DF,
34257000,1C222842,true,Rx,0,8,5D,10,84,21,7B,0A,BF,DF,
34257000,1C222842,true,Rx,0,8,5D,10,84,21,7B,0A,BF,DF,
33825000,04221716,true,Rx,0,8,42,16,A1,84,68,42,45,DF,
33826000,14225B8A,true,Rx,0,8,42,27,E8,D2,27,0F,BF,9F,
34257000,1C222842,true,Rx,0,8,5D,10,84,21,7B,0A,BF,DF,
34257000,04022842,true,Rx,0,8,5D,10,84,21,7B,0A,BF,DF,
33826000,14225B8A,true,Rx,0,8,42,27,E8,D2,27,0F,45,DF,
34257000,04022842,true,Rx,0,8,5D,10,84,21,7B,0A,BF,DF,
33825000,04221716,true,Rx,0,8,42,16,A1,84,68,42,55,9F,
33825000,04221716,true,Rx,0,8,42,16,A1,84,68,42,55,9F,
33826000,14225B9A,true,Rx,0,8,42,27,84,21,7B,0A,45,DF,
33826000,14225B9A,true,Rx,0,8,42,27,84,21,7B,0A,45,DF,
0,00000442,true,Rx,0,7,5D,10,84,21,7B,0A,BF,00,
33826000,14225B8A,true,Rx,0,8,42,27,E8,D2,27,0F,BF,DF,
33825000,04021716,true,Rx,0,8,42,16,A1,84,68,42,BF,9F,
33825000,04021716,true,Rx,0,8,42,16,A1,84,68,42,BF,9F,
33825000,04221716,true,Rx,0,8,42,16,A1,84,68,42,55,DF,
0,00000214,true,Rx,0,5,84,74,01,09,08,00,00,00,
33826000,14225B8A,true,Rx,0,8,42,27,E8,D2,27,0F,BF,DF,
0,00000214,true,Rx,0,5,84,74,01,09,08,00,00,00,
0,00000104,false,Rx,0,5,84,74,01,09,08,00,00,00,
33825000,04021716,true,Rx,0,8,42,16,A1,84,68,42,BF,9F,
33826000,14225B8A,true,Rx,0,8,42,27,E8,D2,27,0F,BF,DF,
33826000,14225B8A,true,Rx,0,8,42,27,E8,D2,27,0F,BF,DF,
264000,04220458,true,Rx,0,1,08,00,00,00,00,00,00,00,
264000,04220458,true,Rx,0,1,08,00,00,00,00,00,00,00,
33826000,14225B8A,true,Rx,0,8,42,27,E8,D2,27,0F,BF,DF,
33826000,14225B9A,true,Rx,0,8,42,27,A1,84,68,42,BF,9F,
33826000,14225B9A,true,Rx,0,8,42,27,A1,84,68,42,BF,9F,
33826000,14225B8A,true,Rx,0,8,42,27,E8,D2,27,0F,BF,DF,
33826000,14225B9A,true,Rx,0,8,42,27,A1,84,68,42,BF,9F,
33826000,14225B8A,true,Rx,0,8,42,27,E8,D2,27,0F,BF,DF,
33826000,14225B8A,true,Rx,0,8,42,27,E8,D2,27,0F,BF,DF,
33826000,04025B8A,true,Rx,0,8,42,27,E8,D2,27,0F,BF,DF,
264000,04220458,true,Rx,0,1,08,00,00,00,00,00,00,00,
264000,04220458,true,Rx,0,1,08,00,00,00,00,00,00,00,
34257000,1C222842,true,Rx,0,8,5D,10,84,21,7B,0A,BF,DF,
33826000,14225B8A,true,Rx,0,8,42,27,E8,D2,27,0F,BF,9F,
33826000,04025B8A,true,Rx,0,8,42,27,E8,D2,27,0F,BF,DF,
33826000,04025B8A,true,Rx,0,8,42,27,E8,D2,27,0F,BF,DF,
33826000,14225B8A,true,Rx,0,8,42,27,E8,D2,27,0F,BF,DF,
34257000,1C222842,true,Rx,0,8,5D,10,84,21,7B,0A,BF,DF,
264000,04220458,true,Rx,0,1,08,00,00,00,00,00,00,00,
264000,04220458,true,Rx,0,1,08,00,00,00,00,00,00,00,
34257000,1C222842,true,Rx,0,8,5D,10,84,21,7B,0A,BF,DF,
33826000,14225B8A,true,Rx,0,8,42,27,84,21,7B,0A,BF,9F,
34257000,1C222842,true,Rx,0,8,5D,10,84,21,79,4B,05,9F,
34257000,04022842,true,Rx,0,8,5D,10,84,21,79,4B,05,9F,
33826000,18425B8A,true,Rx,0,8,42,27,E8,D2,27,0F,BF,DF,
33826000,14225B9A,true,Rx,0,8,42,27,E8,D2,27,0F,BF,DF,
33826000,14225B9A,true,Rx,0,8,42,27,E8,D2,27,0F,BF,DF,
34257000,1C222842,true,Rx,0,8,5D,10,84,21,7B,0A,BF,DF,
33826000,14225B9A,true,Rx,0,8,42,27,E8,D2,27,0F,BF,DF,
33826000,14225B9A,true,Rx,0,8,42,27,E8,D2,27,0F,BF,DF,
264000,04220458,true,Rx,0,1,08,00,00,00,00,00,00,00,
33826000,14225B8A,true,Rx,0,8,42,27,E8,D2,27,0F,05,9F,
33826000,14225B8A,true,Rx,0,8,42,27,E8,D2,27,0F,05,9F,
0,00000214,true,Rx,0,1,84,00,00,00,00,00,00,00,
33826000,14225B8A,true,Rx,0,8,42,27,E8,D2,27,0F,05,9F,
33826000,14225B8A,true,Rx,0,8,42,27,E8,D2,27,0F,BF,DF,
0,00000214,true,Rx,0,1,84,00,00,00,00,00,00,00,
0,0422222C,true,Rx,0,0,00,00,00,00,00,00,00,00,
33826000,14225B8A,true,Rx,0,8,42,27,E8,D2,27,0F,BF,DF,
33826000,14225B8A,true,Rx,0,8,42,27,E8,D2,27,0F,BF,DF,
33826000,14225B9A,true,Rx,0,8,42,27,E8,D2,27,0F,05,9F,
34257000,1C222842,true,Rx,0,8,5D,10,84,21,7B,0A,05,9F,
0,0422222C,true,Rx,0,0,00,00,00,00,00,00,00,00,
0,0422222C,true,Rx,0,0,00,00,00,00,00,00,00,00,
33826000,14225B8A,true,Rx,0,8,42,27,E8,D2,27,0F,BF,DF,
0,0422222C,true,Rx,0,0,00,00,00,00,00,00,00,00,
0,0402222C,true,Rx,0,0,00,00,00,00,00,00,00,00,
34257000,1C222842,true,Rx,0,8,5D,10,84,21,7B,0A,BF,DF,
431000,00000510,false,Rx,0,8,5D,10,84,21,7B,0A,05,9F,
33826000,14225B8A,true,Rx,0,8,42,27,E8,D2,27,0F,BF,DF,
34257000,1C222842,true,Rx,0,8,5D,10,84,21,7B,0A,BF,DF,
34257000,1C222842,true,Rx,0,8,5D,10,84,21,7B,0A,BF,DF,
34257000,1C222842,true,Rx,0,8,5D,10,84,21,7B,0A,BF,DF,
33826000,14225B8A,true,Rx,0,8,42,27,E8,D2,27,0F,05,9F,
33826000,14225B8A,true,Rx,0,8,42,27,E8,D2,27,0F,05,9F,
33826000,14225B9A,true,Rx,0,8,42,27,84,21,7B,0A,BF,DF,
33826000,14225B9A,true,Rx,0,8,42,27,84,21,7B,0A,BF,DF,
33826000,14225B8A,true,Rx,0,8,42,27,E8,D2,27,0F,05,9F,
0,0422222C,true,Rx,0,0,00,00,00,00,00,00,00,00,
33826000,14225B8A,true,Rx,0,8,42,27,E8,D2,27,0F,BF,DF,
33826000,14225B8A,true,Rx,0,8,42,27,E8,D2,27,0F,BF,DF,
0,0422222C,true,Rx,0,0,00,00,00,00,00,00,00,00,
33826000,14225B8A,true,Rx,0,8,42,27,E8,D2,27,0F,BF,DF,
33826000,14225B8A,true,Rx,0,8,42,27,E8,D2,27,0F,BF,DF,
33826000,14225B8A,true,Rx,0,8,42,27,E8,D2,27,0F,BF,DF,
0,0422222C,true,Rx,0,0,00,00,00,00,00,00,00,00,
33826000,14225B8A,true,Rx,0,8,42,27,E8,D2,27,0F,BF,DF,
33826000,14225B8A,true,Rx,0,8,42,27,E8,D2,27,0F,BF,DF,
33826000,14225B8A,true,Rx,0,8,42,27,E8,D2,27,0F,BF,DF,
33826000,14225B8A,true,Rx,0,8,42,27,E8,D2,27,0F,BF,9F,
492000,14225B8A,true,Rx,0,8,42,27,E8,D2,27,0F,BF,DF,
33826000,14225B8A,true,Rx,0,8,42,27,E8,D2,27,0F,BF,9F,
33826000,14225B8A,true,Rx,0,8,42,27,E8,D2,27,0F,BF,9F,
33826000,04025B9A,true,Rx,0,8,42,27,E8,D2,27,0F,BF,DF,
0,0422212C,true,Rx,0,0,00,00,00,00,00,00,00,00,
0,0422212C,true,Rx,0,0,00,00,00,00,00,00,00,00,
33826000,14225B8A,true,Rx,0,8,42,27,E8,D2,27,0F,BF,9F,
33826000,14225B8A,true,Rx,0,8,42,27,E8,D2,27,0F,BF,9F,
34257000,1C222842,true,Rx,0,8,5D,10,84,21,7B,0A,BF,9F,
513000,0402212C,true,Rx,0,0,00,00,00,00,00,00,00,00,
33826000,14225B8A,true,Rx,0,8,42,27,E8,D2,27,0F,BF,DF,
34257000,1C222842,true,Rx,0,8,5D,10,84,21,7B,0A,BF,DF,
34257000,1C222842,true,Rx,0,8,5D,10,84,21,7B,0A,BF,DF,
34257000,1C222842,true,Rx,0,8,5D,10,84,21,7B,0A,BF,DF,
33826000,14225B8A,true,Rx,0,8,42,27,E8,D2,27,0F,BD,DF,
34257000,1C222842,true,Rx,0,8,5D,10,84,21,79,4B,05,DF,
33826000,14225B9A,true,Rx,0,8,42,27,E8,D2,27,0F,BF,DF,
33826000,14225B9A,true,Rx,0,8,42,27,E8,D2,27,0F,BF,DF,
34257000,1C222842,true,Rx,0,8,5D,10,84,21,7B,0A,BF,DF,
33826000,14225B9A,true,Rx,0,8,42,27,E8,D2,27,0F,BF,DF,
33826000,14225B9A,true,Rx,0,8,42,27,E8,D2,27,0F,BF,DF,
33826000,14225B9A,true,Rx,0,8,42,27,E8,D2,27,0F,BF,DF,
0,0422212C,true,Rx,0,0,00,00,00,00,00,00,00,00,
33826000,14225B8A,true,Rx,0,8,42,27,E8,D2,27,0F,BF,DF,
33826000,14225B8A,true,Rx,0,8,42,27,E8,D2,27,0F,BF,DF,
33826000,14225B9A,true,Rx,0,8,42,27,E8,D2,27,0F,BF,DF,
33826000,14225B8A,true,Rx,0,8,42,27,E8,D2,27,0F,BF,DF,
33826000,14225B8A,true,Rx,0,8,42,27,E8,D2,27,0F,05,DF,
33826000,14225B9A,true,Rx,0,8,42,27,E8,D2,27,0F,BF,DF,
33826000,04025B9A,true,Rx,0,8,42,27,E8,D2,27,0F,BF,DF,
0,00000420,true,Rx,0,3,8B,08,42,00,00,00,00,00,
0,00000420,true,Rx,0,3,8B,08,42,00,00,00,00,00,
33826000,14225B8A,true,Rx,0,8,42,27,E8,D2,27,0F,05,DF,
33826000,14225B8A,true,Rx,0,8,42,27,E8,D2,27,0F,05,DF,
33826000,04025B9A,true,Rx,0,8,42,27,E8,D2,27,0F,BF,DF,
33826000,14225B9A,true,Rx,0,8,42,27,42,D2,27,0F,BF,DF,
33826000,14225B9A,true,Rx,0,8,42,27,42,D2,27,0F,BF,DF,
33826000,14225B8A,true,Rx,0,8,42,27,E8,D2,27,0F,05,DF,
33825000,04221716,true,Rx,0,8,42,16,A1,84,68,42,55,DF,
33825000,04221716,true,Rx,0,8,42,16,A1,84,68,42,55,DF,
33826000,14225B8A,true,Rx,0,8,42,27,E8,D2,27,0F,BF,DF,
34257000,1C222842,true,Rx,0,8,5D,10,84,21,7B,0A,BF,DF,
33825000,04221716,true,Rx,0,8,42,16,A1,84,68,42,BF,DF,
590000,1C222842,true,Rx,0,8,5D,10,84,21,7B,0A,BF,DF,
33826000,14225B8A,true,Rx,0,8,42,27,E8,D2,27,0F,BF,DF,
34257000,1C222842,true,Rx,0,8,5D,10,84,21,7B,0A,BF,DF,
33825000,04221716,true,Rx,0,8,42,16,A1,84,68,42,BF,DF,
34257000,1C222842,true,Rx,0,8,5D,10,84,21,7B,0A,BF,DF,
34257000,1C222842,true,Rx,0,8,5D,10,84,21,7B,0A,BF,DF,
0,00000420,true,Rx,0,3,8B,08,42,00,00,00,00,00,
33826000,14225B8A,true,Rx,0,8,42,27,E8,D2,27,0F,BF,DF,
34257000,1C222842,true,Rx,0,8,5D,10,84,21,7B,0A,BF,DF,
33826000,14225B9A,true,Rx,0,8,42,27,84,21,7B,0A,BF,DF,
33826000,14225B9A,true,Rx,0,8,42,27,84,21,7B,0A,BF,DF,
33825000,04221716,true,Rx,0,8,42,16,A1,84,68,42,BF,DF,
33826000,14225B9A,true,Rx,0,8,42,27,84,21,7B,0A,BF,DF,
33826000,14225B9A,true,Rx,0,8,42,27,84,21,7B,0A,BF,DF,
33825000,04221716,true,Rx,0,8,42,16,A1,84,68,42,55,DF,
33826000,14225B9A,true,Rx,0,8,42,27,A1,84,68,42,55,DF,
33826000,14225B9A,true,Rx,0,8,42,27,A1,84,68,42,55,DF,
33826000,14225B9A,true,Rx,0,8,42,27,84,21,7B,0A,BF,DF,
33826000,14225B8A,true,Rx,0,8,42,27,E8,D2,27,0F,BF,DF,
33826000,14225B8A,true,Rx,0,8,42,27,E8,D2,27,0F,BF,DF,
33825000,04021716,true,Rx,0,8,42,16,A1,84,68,42,BF,DF,
33826000,14225B8A,true,Rx,0,8,42,27,E8,D2,27,0F,BF,DF,
33826000,14225B8A,true,Rx,0,8,42,27,E8,D2,27,0F,BF,DF,
33826000,14225B8A,true,Rx,0,8,42,27,E8,D2,27,0F,BF,DF,
33826000,14225B8A,true,Rx,0,8,42,27,42,16,A1,84,55,DF,
33826000,14225B8A,true,Rx,0,8,42,27,42,16,A1,84,55,DF,
33826000,14225B8A,true,Rx,0,8,42,27,E8,D2,27,0F,BF,DF,
264000,04220458,true,Rx,0,1,08,00,00,00,00,00,00,00,
264000,0C020458,true,Rx,0,1,08,00,00,00,00,00,00,00,
33826000,14225B8A,true,Rx,0,8,42,27,42,16,A1,84,55,DF,
33826000,14225B9A,true,Rx,0,8,42,27,42,16,A1,84,55,DF,
33826000,14225B9A,true,Rx,0,8,42,27,42,16,A1,84,55,DF,
264000,0C020458,true,Rx,0,1,08,00,00,00,00,00,00,00,
33826000,14225B8A,true,Rx,0,8,42,27,E8,D2,27,0F,BF,DF,
34257000,1C222842,true,Rx,0,8,5D,10,84,21,7B,0A,BF,DF,
0,00000102,true,Rx,0,3,42,27,E8,00,00,00,00,00,
34257000,1C222842,true,Rx,0,8,5D,10,84,21,7B,0A,BF,DF,
33826000,14225B8A,true,Rx,0,8,42,27,E8,D2,27,0F,BF,DF,
34257000,1C222842,true,Rx,0,8,5D,10,84,21,7B,0A,BF,DF,
33826000,14225B8A,true,Rx,0,8,42,27,E8,D2,27,0F,BF,DF,
0,00000420,true,Rx,0,6,8B,08,42,16,A1,84,00,00,
264000,04220458,true,Rx,0,1,08,00,00,00,00,00,00,00,
705000,00000214,false,Rx,0,5,84,74,01,09,08,00,00,00,
33826000,14225B9A,true,Rx,0,8,42,27,08,42,F7,1A,1D,DF,
33826000,14225B9A,true,Rx,0,8,42,27,08,42,F7,1A,1D,DF,
34257000,1C222842,true,Rx,0,8,5D,10,84,21,7B,0A,BF,DF,
33826000,14225B8A,true,Rx,0,8,42,27,E8,D2,27,0F,BF,DF,
33826000,14225B8A,true,Rx,0,8,42,27,E8,D2,27,0F,BF,DF,
0,00000104,true,Rx,0,5,84,74,01,09,08,00,00,00,
33826000,14225B8A,true,Rx,0,8,42,27,E8,D2,27,0F,BF,DF,
33826000,14225B8A,true,Rx,0,8,42,27,E8,D2,27,0F,BF,DF,
0,00000420,true,Rx,0,8,8B,08,42,16,A1,84,F0,9F,
33826000,14225B8A,true,Rx,0,8,42,27,E8,D2,27,0F,F0,9F,
33826000,14225B8A,true,Rx,0,8,42,27,E8,D2,27,0F,F0,9F,
0,00000104,true,Rx,0,5,84,74,01,09,08,00,00,00,
33826000,14225B8A,true,Rx,0,8,42,27,E8,D2,27,0F,F0,9F,
33826000,14225B8A,true,Rx,0,8,42,27,E8,D2,27,0F,BF,DF,
34290000,1C223842,true,Rx,0,8,5F,21,08,42,F7,1A,1D,DF,
0,0422222C,true,Rx,0,0,00,00,00,00,00,00,00,00,
33826000,14225B9A,true,Rx,0,8,42,27,01,09,08,84,BF,DF,
33826000,14225B9A,true,Rx,0,8,42,27,01,09,08,84,BF,DF,
0,0422222C,true,Rx,0,0,00,00,00,00,00,00,00,00,
33826000,14225B9A,true,Rx,0,8,42,27,01,09,08,84,BF,DF,
33826000,14225B8A,true,Rx,0,8,42,27,E8,D2,27,0F,1D,DF,
0,0422222C,true,Rx,0,0,00,00,00,00,00,00,00,00,
0,0402222C,true,Rx,0,0,00,00,00,00,00,00,00,00,
33826000,14225B9A,true,Rx,0,8,42,27,01,09,08,84,BF,DF,
0,00000420,true,Rx,0,8,8B,08,42,16,A1,84,F0,9F,
0,00000420,true,Rx,0,8,8B,08,42,16,A1,84,F0,9F,
33826000,14225B8A,true,Rx,0,8,42,27,E8,D2,27,0F,BF,DF,
34257000,1C222842,true,Rx,0,8,5D,10,84,21,7B,0A,BF,DF,
0,00000420,true,Rx,0,8,8B,08,42,16,A1,84,BF,9F,
770000,1C222842,true,Rx,0,8,5D,10,84,21,7B,0A,BF,DF,
33826000,14225B8A,true,Rx,0,8,42,27,E8,D2,27,0F,1D,DF,
33826000,14225B8A,true,Rx,0,8,42,27,E8,D2,27,0F,1D,DF,
0,0422222C,true,Rx,0,0,00,00,00,00,00,00,00,00,
33826000,14225B9A,true,Rx,0,8,42,27,42,16,A1,84,BF,9F,
33826000,14225B9A,true,Rx,0,8,42,27,42,16,A1,84,BF,9F,
0,0422222C,true,Rx,0,0,00,00,00,00,00,00,00,00,
33826000,14225B9A,true,Rx,0,8,42,27,42,16,A1,84,BF,9F,
33826000,14225B8A,true,Rx,0,8,42,27,E8,D2,27,0F,1D,DF,
33826000,14225B8A,true,Rx,0,8,42,27,E8,D2,27,0F,1D,DF,
0,0422222C,true,Rx,0,0,00,00,00,00,00,00,00,00,
33826000,14225B8A,true,Rx,0,8,42,27,E8,D2,27,0F,1D,DF,
33826000,14225B8A,true,Rx,0,8,42,27,E8,D2,27,0F,1D,DF,
33826000,14225B8A,true,Rx,0,8,42,27,E8,D2,27,0F,BF,DF,
33826000,14225B8A,true,Rx,0,8,42,27,E8,D2,27,0F,BF,DF,
33826000,14225B8A,true,Rx,0,8,42,27,E8,D2,27,0F,BF,DF,
812000,14225B8A,true,Rx,0,8,42,27,E8,D2,27,0F,BF,DF,
33826000,14225B8A,true,Rx,0,8,42,27,E8,D2,27,0F,BF,9F,
33826000,14225B8A,true,Rx,0,8,42,27,E8,D2,27,0F,BF,9F,
33826000,14225B8A,true,Rx,0,8,42,27,E8,D2,27,0F,BF,9F,
33826000,14225B8A,true,Rx,0,8,42,27,E8,D2,27,0F,BF,9F,
33826000,14225B9A,true,Rx,0,8,42,27,E8,D2,27,0F,BF,DF,
33826000,14225B9A,true,Rx,0,8,42,27,E8,D2,27,0F,BF,DF,
33826000,14225B8A,true,Rx,0,8,42,27,E8,D2,27,0F,BF,9F,
832000,14225B9A,true,Rx,0,8,42,27,E8,D2,27,0F,BF,DF,
33826000,14225B8A,true,Rx,0,8,42,27,E8,D2,27,0F,BF,DF,
34257000,1C222842,true,Rx,0,8,5D,10,84,21,7B,0A,BF,DF,
33826000,14225B8A,true,Rx,0,8,42,27,E8,D2,27,0F,BF,9F,
34257000,1C222842,true,Rx,0,8,5D,10,84,21,7B,0A,BF,DF,
34257000,1C222842,true,Rx,0,8,5D,10,84,21,7B,0A,BF,DF,
34257000,1C222842,true,Rx,0,8,5D,10,84,21,7B,0A,BF,DF,
33826000,14225B8A,true,Rx,0,8,42,27,E8,D2,27,0F,BF,9F,
34257000,1C222842,true,Rx,0,8,5D,10,84,21,7B,0A,BF,DF,
34257000,04022842,true,Rx,0,8,5D,10,84,21,7B,0A,BF,DF,
33826000,14225B8A,true,Rx,0,8,42,27,E8,D2,27,0F,B5,DF,
34257000,04022842,true,Rx,0,8,5D,10,84,21,7B,0A,BF,DF,
0,0422212C,true,Rx,0,0,00,00,00,00,00,00,00,00,
0,0422212C,true,Rx,0,0,00,00,00,00,00,00,00,00,
0,0422212C,true,Rx,0,0,00,00,00,00,00,00,00,00,
33826000,14225B8A,true,Rx,0,8,42,27,E8,D2,27,0F,B5,DF,
33826000,14225B9A,true,Rx,0,8,42,27,84,21,7B,0A,BF,DF,
33826000,14225B9A,true,Rx,0,8,42,27,84,21,7B,0A,BF,DF,
0,0422212C,true,Rx,0,0,00,00,00,00,00,00,00,00,
33826000,14225B9A,true,Rx,0,8,42,27,84,21,7B,0A,BF,DF,
33826000,14225B8A,true,Rx,0,8,42,27,E8,D2,27,0F,B5,DF,
0,0422212C,true,Rx,0,0,00,00,00,00,00,00,00,00,
0,0402212C,true,Rx,0,0,00,00,00,00,00,00,00,00,
33826000,14225B8A,true,Rx,0,8,42,27,E8,D2,27,0F,B5,DF,
33826000,14225B9A,true,Rx,0,8,42,27,84,21,7B,0A,BF,DF,
0,00000420,true,Rx,0,3,8B,08,42,00,00,00,00,00,
0,00000420,false,Rx,0,3,8B,08,42,00,00,00,00,00,
33826000,14225B9A,true,Rx,0,8,42,27,84,21,7B,0A,BF,DF,
33826000,14225B8A,true,Rx,0,8,42,27,E8,D2,27,0F,BF,DF,
33826000,14225B8A,true,Rx,0,8,42,27,E8,D2,27,0F,BF,DF,
33826000,14225B8A,true,Rx,0,8,42,27,E8,D2,27,0F,BF,DF,
33826000,14225B8A,true,Rx,0,8,42,27,E8,D2,27,0F,BF,DF,
33826000,14225B8A,true,Rx,0,8,42,27,E8,D2,27,0F,BF,9F,
34257000,1C222842,true,Rx,0,8,5D,10,84,21,7B,0A,BF,9F,
33825000,04221716,true,Rx,0,8,42,16,A1,84,68,42,55,DF,
33825000,04221716,true,Rx,0,8,42,16,A1,84,68,42,55,DF,
33826000,14225B8A,true,Rx,0,8,42,27,84,21,7B,0A,BF,9F,
33826000,14225B8A,true,Rx,0,8,42,27,84,21,7B,0A,BF,9F,
33826000,14225B8A,true,Rx,0,8,42,27,E8,D2,27,0F,BF,DF,
33826000,14225B9A,true,Rx,0,8,42,27,E8,D2,27,0F,BF,DF,
34257000,1C222842,true,Rx,0,8,5D,10,84,21,7B,0A,BF,DF,
33825000,04021716,true,Rx,0,8,42,16,A1,84,68,42,55,DF,
34257000,1C222842,true,Rx,0,8,5D,10,84,21,7B,0A,BF,DF,
0,00000420,true,Rx,0,3,8B,08,42,00,00,00,00,00,
0,00000420,true,Rx,0,3,8B,08,42,00,00,00,00,00,
34257000,1C222842,true,Rx,0,8,5D,10,84,21,7B,0A,BF,DF,
33826000,14225B8A,true,Rx,0,8,42,27,E8,D2,27,0F,BF,DF,
34257000,1C222842,true,Rx,0,8,5D,10,84,21,7B,0A,BF,DF,
33825000,04021716,true,Rx,0,8,42,16,A1,84,68,42,BF,DF,
931000,1C222842,true,Rx,0,8,5D,10,84,21,7B,0A,BF,DF,
0,00000684,false,Rx,0,2,99,B0,00,00,00,00,00,00,
33825000,18421716,true,Rx,0,8,42,16,A1,84,68,42,BF,DF,
0,00000684,true,Rx,0,2,99,B0,00,00,00,00,00,00,
33826000,14225B8A,true,Rx,0,8,42,27,E8,D2,27,0F,BF,DF,
34257000,1C222842,true,Rx,0,8,5D,10,84,21,7B,0A,BF,DF,
33825000,04221716,true,Rx,0,8,42,16,A1,84,68,42,55,9F,
33825000,04221716,true,Rx,0,8,42,16,A1,84,68,42,55,9F,
33826000,14225B8A,true,Rx,0,8,42,27,E8,D2,27,0F,BF,DF,
33825000,04221716,true,Rx,0,8,42,16,A1,84,68,42,BF,9F,
33794000,14225B8A,true,Rx,0,8,40,27,E8,D2,27,0F,BF,DF,
34257000,0C2221C2,true,Rx,0,8,5D,10,84,21,7B,0A,BF,DF,
33826000,14225B9A,true,Rx,0,8,42,27,A1,84,68,42,BF,9F,
33826000,14225B9A,true,Rx,0,8,42,27,A1,84,68,42,BF,9F,
34257000,0C2221C2,true,Rx,0,8,5D,10,84,21,7B,0A,BF,DF,
0,00000420,true,Rx,0,6,8B,08,42,16,A1,84,00,00,
33826000,14225B8A,true,Rx,0,8,42,27,E8,D2,27,0F,BF,DF,
33826000,14225B8A,true,Rx,0,8,42,27,E8,D2,27,0F,BF,DF,
0,00000510,true,Rx,0,8,40,27,E8,D2,27,0F,BF,DF,
971000,14225B8A,true,Rx,0,8,42,27,E8,D2,27,0F,BF,DF,
33826000,14225B8A,true,Rx,0,8,42,27,E8,D2,27,0F,BF,9F,
0,00000510,true,Rx,0,8,40,27,E8,D2,27,0F,BF,DF,
0,00000100,true,Rx,0,8,40,27,E8,D2,27,0F,BF,DF,
33826000,14225B8A,true,Rx,0,8,42,27,E8,D2,27,0F,BF,DF,
264000,04220458,true,Rx,0,1,08,00,00,00,00,00,00,00,
264000,0C020458,true,Rx,0,1,08,00,00,00,00,00,00,00,
33826000,14225B8A,true,Rx,0,8,42,27,E8,D2,27,0F,BF,DF,
33826000,14225B8A,true,Rx,0,8,42,27,E8,D2,27,0F,BF,DF,
33826000,14225B8A,true,Rx,0,8,42,27,E8,D2,27,0F,BF,DF,
12170000,10AC2F8A,true,Rx,0,8,40,27,E8,D2,27,0F,BF,DF,
33826000,14225B9A,true,Rx,0,8,42,27,84,21,7B,0A,BF,9F,
33826000,14225B9A,true,Rx,0,8,42,27,84,21,7B,0A,BF,9F,
33826000,14225B8A,true,Rx,0,8,42,27,E8,D2,27,0F,BF,DF,
0,00000420,false,Rx,0,6,8B,08,42,16,A1,84,00,00,
33826000,14225B8A,true,Rx,0,8,42,27,E8,D2,27,0F,BF,DF,
34257000,1C222842,true,Rx,0,8,5D,10,84,21,7B,0A,BF,DF,
0,00000510,true,Rx,0,8,40,27,E8,D2,27,0F,BF,DF,
12000,1C222842,true,Rx,0,8,5D,10,84,21,7B,0A,BF,DF,
33826000,14225B8A,true,Rx,0,8,42,27,E8,D2,27,0F,BF,9F,
33826000,14225B8A,true,Rx,0,8,42,27,E8,D2,27,0F,BF,9F,
0,00000510,true,Rx,0,8,40,27,E8,D2,27,0F,BF,DF,
33826000,14225B8A,true,Rx,0,8,42,27,E8,D2,27,0F,BF,9F,
264000,04220458,true,Rx,0,1,08,00,00,00,00,00,00,00,
264000,0C020458,true,Rx,0,1,08,00,00,00,00,00,00,00,
33826000,14225B8A,true,Rx,0,8,42,27,E8,D2,27,0F,BF,9F,
33826000,14225B8A,true,Rx,0,8,42,27,E8,D2,27,0F,BF,DF,
33826000,14225B8A,true,Rx,0,8,42,27,E8,D2,27,0F,BF,DF,
33826000,14225B9A,true,Rx,0,8,42,27,E8,D2,27,0F,BF,9F,
33826000,14225B9A,true,Rx,0,8,42,27,E8,D2,27,0F,BF,9F,
33826000,14225B8A,true,Rx,0,8,42,27,E8,D2,27,0F,BF,DF,
0,00000420,false,Rx,0,8,8B,08,42,16,A1,84,F0,9F,
0,00000214,false,Rx,0,5,84,74,01,09,08,00,00,00,
33826000,14225B8A,true,Rx,0,8,42,27,E8,D2,27,0F,BF,9F,
33826000,14225B8A,true,Rx,0,8,42,27,E8,D2,27,0F,BF,9F,
0,00000214,true,Rx,0,5,84,74,01,09,08,00,00,00,
33826000,14225B8A,true,Rx,0,8,42,27,E8,D2,27,0F,BF,9F,
33826000,14225B8A,true,Rx,0,8,42,27,E8,D2,27,0F,BF,DF,
34257000,1C222842,true,Rx,0,8,5D,10,84,21,7B,0A,BF,DF,
0,00000214,true,Rx,0,5,84,74,01,09,08,00,00,00,
34257000,1C222842,true,Rx,0,8,5D,10,84,21,7B,0A,BF,DF,
0,0422222C,true,Rx,0,0,00,00,00,00,00,00,00,00,
33826000,14225B8A,true,Rx,0,8,42,27,E8,D2,27,0F,BF,9F,
0,0422222C,true,Rx,0,0,00,00,00,00,00,00,00,00,
33826000,14225B9A,true,Rx,0,8,42,27,E8,D2,27,0F,BF,9F,
33826000,14225B9A,true,Rx,0,8,42,27,E8,D2,27,0F,BF,9F,
0,00000510,true,Rx,0,8,5D,10,84,21,7B,0A,BF,DF,
0,00000420,true,Rx,0,8,8B,08,42,16,A1,84,F0,9F,
83000,00000420,false,Rx,0,8,8B,08,42,16,A1,84,F0,9F,
33826000,14225B8A,true,Rx,0,8,42,27,E8,D2,27,0F,BF,9F,
34257000,1C222842,true,Rx,0,8,5D,10,84,21,7B,0A,BF,9F,
0,00000420,true,Rx,0,8,8B,08,42,16,A1,84,BF,9F,
34257000,1C222842,true,Rx,0,8,5D,10,84,21,7B,0A,BF,9F,
33826000,14225B8A,true,Rx,0,8,42,27,E8,D2,27,0F,05,9F,
0,00000420,true,Rx,0,8,8B,08,42,16,A1,84,BF,9F,
33826000,14225B8A,true,Rx,0,8,42,27,E8,D2,27,0F,05,9F,
34257000,1C222842,true,Rx,0,8,5D,10,84,21,7B,0A,BF,9F,
0,0422222C,true,Rx,0,0,00,00,00,00,00,00,00,00,
33826000,14225B8A,true,Rx,0,8,42,27,E8,D2,27,0F,05,9F,
0,0422222C,true,Rx,0,0,00,00,00,00,00,00,00,00,
49034000,06DABF8A,true,Rx,0,8,42,27,E8,D2,27,0F,05,9F,
33826000,14225B9A,true,Rx,0,8,42,27,42,16,A1,84,BF,9F,
33826000,14225B9A,true,Rx,0,8,42,27,42,16,A1,84,BF,9F,
49034000,06DABF8A,true,Rx,0,8,42,27,E8,D2,27,0F,05,9F,
33826000,14225B9A,true,Rx,0,8,42,27,42,16,A1,84,BF,9F,
33826000,14225B9A,true,Rx,0,8,42,27,42,16,A1,84,BF,9F,
33826000,14225B9A,true,Rx,0,8,42,27,42,16,A1,84,BF,9F,
33826000,14225B8A,true,Rx,0,8,42,27,E8,D2,27,0F,05,9F,
33826000,14225B8A,true,Rx,0,8,42,27,E8,D2,27,0F,05,9F,
33826000,14225B9A,true,Rx,0,8,42,27,42,16,A1,84,BF,9F,
33826000,14225B8A,true,Rx,0,8,42,27,E8,D2,27,0F,05,9F,
33826000,14225B8A,true,Rx,0,8,42,27,E8,D2,27,0F,BD,DF,
33826000,14225B9A,true,Rx,0,8,42,27,42,16,A1,84,BF,9F,
33826000,04025B9A,true,Rx,0,8,42,27,42,16,A1,84,BF,9F,
0,0422212C,true,Rx,0,0,00,00,00,00,00,00,00,00,
0,0422212C,true,Rx,0,0,00,00,00,00,00,00,00,00,
0,0422212C,true,Rx,0,0,00,00,00,00,00,00,00,00,
34257000,1C222842,true,Rx,0,8,5D,10,84,21,7B,0A,BD,DF,
33826000,14225B8A,true,Rx,0,8,42,27,E8,D2,27,0F,BF,9F,
33826000,14225B8A,true,Rx,0,8,42,27,E8,D2,27,0F,BF,9F,
12076000,10AD2F2C,true,Rx,0,0,00,00,00,00,00,00,00,00,
33826000,14225B9A,true,Rx,0,8,42,27,84,21,7B,0A,BD,DF,
33826000,14225B9A,true,Rx,0,8,42,27,84,21,7B,0A,BD,DF,
12076000,10AD2F2C,true,Rx,0,0,00,00,00,00,00,00,00,00,
33826000,14225B9A,true,Rx,0,8,42,27,84,21,7B,0A,BD,DF,
0,0422212C,true,Rx,0,0,00,00,00,00,00,00,00,00,
0,0422212C,true,Rx,0,0,00,00,00,00,00,00,00,00,
0,0422212C,true,Rx,0,0,00,00,00,00,00,00,00,00,
33826000,14225B9A,true,Rx,0,8,42,27,84,21,7B,0A,BD,DF,
33826000,14225B9A,true,Rx,0,8,42,27,E8,D2,27,0F,BF,9F,
34257000,1C222842,true,Rx,0,8,5D,10,84,21,7B,0A,BF,9F,
0,0422212C,true,Rx,0,0,00,00,00,00,00,00,00,00,
34257000,1C222842,true,Rx,0,8,5D,10,84,21,7B,0A,BF,9F,
33826000,14225B8A,true,Rx,0,8,42,27,E8,D2,27,0F,BD,DF,
0,0422212C,true,Rx,0,0,00,00,00,00,00,00,00,00,
0,0402212C,true,Rx,0,0,00,00,00,00,00,00,00,00,
34257000,1C222842,true,Rx,0,8,5D,10,84,21,7B,0A,BF,9F,
0,0422212C,true,Rx,0,0,00,00,00,00,00,00,00,00,
0,0C02212C,true,Rx,0,0,00,00,00,00,00,00,00,00,
0,0C02212C,true,Rx,0,0,00,00,00,00,00,00,00,00,
33826000,14225B8A,true,Rx,0,8,42,27,E8,D2,27,0F,BD,DF,
0,0C02212C,true,Rx,0,0,00,00,00,00,00,00,00,00,
33826000,14225B8A,true,Rx,0,8,42,27,E8,D2,27,0F,BF,9F,
34257000,1C222842,true,Rx,0,8,5D,10,84,21,7B,0A,BF,9F,
33825000,04221716,true,Rx,0,8,42,16,A1,84,68,42,45,9F,
33825000,04221716,true,Rx,0,8,42,16,A1,84,68,42,45,9F,
33826000,14225B9A,true,Rx,0,8,42,27,84,21,7B,0A,BF,9F,
33826000,14225B9A,true,Rx,0,8,42,27,84,21,7B,0A,BF,9F,
33825000,04221716,true,Rx,0,8,42,16,A1,84,68,42,45,9F,
33826000,14225B9A,true,Rx,0,8,42,27,84,21,7B,0A,BF,9F,
33826000,14225B8A,true,Rx,0,8,42,27,E8,D2,27,0F,BD,DF,
34257000,1C222842,true,Rx,0,8,5D,10,84,21,7B,0A,BD,DF,
33825000,04221716,true,Rx,0,8,42,16,A1,84,68,42,BF,9F,
34257000,1C222842,true,Rx,0,8,5D,10,84,21,7B,0A,BD,DF,
33825000,04221716,true,Rx,0,8,42,16,A1,84,68,42,55,9F,
33825000,04221716,true,Rx,0,8,42,16,A1,84,68,42,55,9F,
33826000,14225B8A,true,Rx,0,8,42,27,E8,D2,27,0F,BD,DF,
34257000,1C222842,true,Rx,0,8,5D,10,84,21,7B,0A,BD,DF,
33826000,14225B8A,true,Rx,0,8,42,27,E8,D2,27,0F,BF,9F,
34290000,1C223842,true,Rx,0,8,5F,21,08,42,F7,1A,1D,9F,
33825000,04221716,true,Rx,0,8,42,16,A1,84,68,42,55,DF,
33825000,04221716,true,Rx,0,8,42,16,A1,84,68,42,55,DF,
33826000,14225B9A,true,Rx,0,8,42,27,08,42,F7,1A,1D,9F,
33826000,14225B9A,true,Rx,0,8,42,27,08,42,F7,1A,1D,9F,
33825000,04221716,true,Rx,0,8,42,16,A1,84,68,42,55,DF,
33826000,14225B9A,true,Rx,0,8,42,27,08,42,F7,1A,1D,9F,
33826000,14225B8A,true,Rx,0,8,42,27,E8,D2,27,0F,BF,9F,
33826000,14225B8A,true,Rx,0,8,42,27,E8,D2,27,0F,BF,9F,
33825000,04221716,true,Rx,0,8,42,16,A1,84,68,42,BF,DF,
33826000,14225B8A,true,Rx,0,8,42,27,E8,D2,27,0F,BF,9F,
33825000,04221716,true,Rx,0,8,42,16,A1,84,68,42,55,9F,
33825000,04221716,true,Rx,0,8,42,16,A1,84,68,42,55,9F,
33826000,14225B8A,true,Rx,0,8,42,27,E8,D2,27,0F,BF,9F,
33826000,14225B8A,true,Rx,0,8,42,27,E8,D2,27,0F,BF,9F,
33825000,04221716,true,Rx,0,8,42,16,A1,84,68,42,BF,9F,
33826000,14225B8A,true,Rx,0,8,42,27,E8,D2,27,0F,BF,9F,
33826000,14225B8A,true,Rx,0,8,42,27,E8,D2,27,0F,BF,DF,
33826000,14225B8A,true,Rx,0,8,42,27,E8,D2,27,0F,BF,DF,
264000,04220458,true,Rx,0,1,08,00,00,00,00,00,00,00,
264000,04220458,true,Rx,0,1,08,00,00,00,00,00,00,00,
33826000,14225B8A,true,Rx,0,8,42,27,E8,D2,27,0F,BF,DF,
33826000,14225B9A,true,Rx,0,8,42,27,E8,D2,27,0F,BF,9F,
33826000,14225B8A,true,Rx,0,8,42,27,E8,D2,27,0F,BF,DF,
33826000,14225B9A,true,Rx,0,8,42,27,E8,D2,27,0F,BF,9F,
33826000,14225B8A,true,Rx,0,8,42,27,E8,D2,27,0F,BF,9F,
33825000,04021716,true,Rx,0,8,42,16,A1,84,68,42,BF,9F,
33825000,04021716,true,Rx,0,8,42,16,A1,84,68,42,BF,9F,
264000,04220458,true,Rx,0,1,08,00,00,00,00,00,00,00,
264000,0C020458,true,Rx,0,1,08,00,00,00,00,00,00,00,
34257000,1C222842,true,Rx,0,8,5D,10,84,21,7B,0A,BF,9F,
33826000,14225B8A,true,Rx,0,8,42,27,E8,D2,27,0F,BF,9F,
34257000,1C222842,true,Rx,0,8,5D,10,84,21,7B,0A,BF,9F,
33825000,04021716,true,Rx,0,8,42,16,A1,84,68,42,BF,9F,
34257000,1C222842,true,Rx,0,8,5D,10,84,21,7B,0A,BF,9F,
33826000,14225B8A,true,Rx,0,8,42,27,E8,D2,27,0F,BF,DF,
33825000,04021716,true,Rx,0,8,42,16,A1,84,68,42,BF,9F,
264000,04220458,true,Rx,0,1,08,00,00,00,00,00,00,00,
0,00000442,true,Rx,0,2,42,16,00,00,00,00,00,00,
264000,04220458,true,Rx,0,1,08,00,00,00,00,00,00,00,
33826000,14225B9A,true,Rx,0,8,42,27,A1,84,68,42,BF,9F,
33826000,14225B9A,true,Rx,0,8,42,27,A1,84,68,42,BF,9F,
264000,04220458,true,Rx,0,1,08,00,00,00,00,00,00,00,
33826000,14225B8A,true,Rx,0,8,42,27,E8,D2,27,0F,BF,9F,
33826000,14225B8A,true,Rx,0,8,42,27,E8,D2,27,0F,BF,9F,
33826000,04025B8A,true,Rx,0,8,42,27,E8,D2,27,0F,BF,DF,
33826000,14225B8A,true,Rx,0,8,42,27,E8,D2,27,0F,BF,9F,
264000,04220458,true,Rx,0,1,08,00,00,00,00,00,00,00,
264000,0C020458,true,Rx,0,1,08,00,00,00,00,00,00,00,
344000,14225B8A,true,Rx,0,8,42,27,E8,D2,27,0F,BF,9F,
33826000,14225B8A,true,Rx,0,8,42,27,E8,D2,27,0F,BF,9F,
33826000,14225B8A,true,Rx,0,8,42,27,E8,D2,27,0F,BF,9F,
33826000,04025B8A,true,Rx,0,8,42,27,E8,D2,27,0F,BF,DF,
352000,14225B8A,true,Rx,0,8,42,27,E8,D2,27,0F,BF,9F,
33826000,14225B8A,true,Rx,0,8,42,27,E8,D2,27,0F,BF,9F,
33826000,14225B8A,true,Rx,0,8,42,27,E8,D2,27,0F,BF,9F,
0,0422222C,true,Rx,0,0,00,00,00,00,00,00,00,00,
33826000,14225B9A,true,Rx,0,8,42,27,E8,D2,27,0F,BF,DF,
33826000,14225B9A,true,Rx,0,8,42,27,E8,D2,27,0F,BF,DF,
0,0422222C,true,Rx,0,0,00,00,00,00,00,00,00,00,
33826000,14225B9A,true,Rx,0,8,42,27,E8,D2,27,0F,BF,DF,
33826000,14225B8A,true,Rx,0,8,42,27,E8,D2,27,0F,BF,9F,
34257000,1C222842,true,Rx,0,8,5D,10,84,21,7B,0A,BF,9F,
0,0422222C,true,Rx,0,0,00,00,00,00,00,00,00,00,
34257000,1C222842,true,Rx,0,8,5D,10,84,21,7B,0A,BF,9F,
0,00000420,true,Rx,0,8,8B,08,42,16,A1,84,F0,8F,
0,00000420,true,Rx,0,8,8B,08,42,16,A1,84,F0,8F,
33826000,14225B8A,true,Rx,0,8,42,27,E8,D2,27,0F,BF,9F,
0,00000420,true,Rx,0,8,8B,08,42,16,A1,84,BF,8F,
0,00000100,true,Rx,0,8,8B,08,42,16,A1,84,BF,8F,
0,0422222C,true,Rx,0,0,00,00,00,00,00,00,00,00,
33826000,14225B8A,true,Rx,0,8,42,27,E8,D2,27,0F,BF,8F,
34257000,1C222842,true,Rx,0,8,5D,10,84,21,7B,0A,BF,9F,
0,0422222C,true,Rx,0,0,00,00,00,00,00,00,00,00,
33826000,14225B9A,true,Rx,0,8,42,27,84,21,7B,0A,BF,8F,
33826000,14225B9A,true,Rx,0,8,42,27,84,21,7B,0A,BF,8F,
0,0422222C,true,Rx,0,0,00,00,00,00,00,00,00,00,
33826000,14225B8A,true,Rx,0,8,42,27,E8,D2,27,0F,BF,9F,
0,00000102,true,Rx,0,7,5D,10,84,21,7B,0A,BF,00,
0,00000102,true,Rx,0,7,5D,10,84,21,7B,0A,BF,00,
33826000,14225B8A,true,Rx,0,8,42,27,E8,D2,27,0F,BF,9F,
33826000,14225B9A,true,Rx,0,8,42,27,84,21,7B,0A,BF,8F,
0,00000420,false,Rx,0,8,8B,08,42,16,A1,84,F0,9F,
0,00000420,false,Rx,0,8,8B,08,42,16,A1,84,F0,9F,
33826000,14225B8A,true,Rx,0,8,42,27,E8,D2,27,0F,BF,8F,
33826000,14225B8A,true,Rx,0,8,42,27,E8,D2,27,0F,BF,8F,
0,00000420,true,Rx,0,8,8B,08,42,16,A1,84,BF,9F,
33826000,14225B8A,true,Rx,0,8,42,27,E8,D2,27,0F,BF,8F,
33826000,14225B8A,true,Rx,0,8,42,27,E8,D2,27,0F,BF,9F,
33826000,14225B8A,true,Rx,0,8,42,27,E8,D2,27,0F,BF,9F,
0,0422212C,true,Rx,0,0,00,00,00,00,00,00,00,00,
0,0422212C,true,Rx,0,0,00,00,00,00,00,00,00,00,
33826000,14225B8A,true,Rx,0,8,42,27,E8,D2,27,0F,BF,9F,
33826000,14225B8A,true,Rx,0,8,42,27,E8,D2,27,0F,BF,9F,
33826000,14225B8A,true,Rx,0,8,42,27,E8,D2,27,0F,BF,9F,
0,0422212C,true,Rx,0,0,00,00,00,00,00,00,00,00,
33826000,14225B9A,true,Rx,0,8,42,27,E8,D2,27,0F,BF,8F,
34257000,1C222842,true,Rx,0,8,5D,10,84,21,7B,0A,BF,8F,
0,00000100,true,Rx,0,8,8B,08,42,16,A1,84,BF,9F,
34257000,1C222842,true,Rx,0,8,5D,10,84,21,7B,0A,BF,8F,
34257000,1C222842,true,Rx,0,8,5D,10,84,21,7B,0A,BF,8F,
34257000,1C222842,true,Rx,0,8,5D,10,84,21,7B,0A,BF,8F,
33826000,14225B8A,true,Rx,0,8,42,27,E8,D2,27,0F,BF,9F,
34257000,1C222842,true,Rx,0,8,5D,10,84,21,7B,0A,BF,9F,
34257000,1C222842,true,Rx,0,8,5D,10,84,21,7B,0A,BF,8F,
34257000,1C222842,true,Rx,0,8,5D,10,84,21,7B,0A,BF,9F,
33826000,14225B8A,true,Rx,0,8,42,27,E8,D2,27,0F,BD,DF,
33826000,14225B8A,true,Rx,0,8,42,27,E8,D2,27,0F,BD,DF,
0,0422212C,true,Rx,0,0,00,00,00,00,00,00,00,00,
0,0422212C,true,Rx,0,0,00,00,00,00,00,00,00,00,
0,0422212C,true,Rx,0,0,00,00,00,00,00,00,00,00,
488000,14225B8A,true,Rx,0,8,42,27,E8,D2,27,0F,BD,DF,
33826000,14225B8A,true,Rx,0,8,42,27,E8,D2,27,0F,BF,8F,
33826000,14225B8A,true,Rx,0,8,42,27,E8,D2,27,0F,BF,8F,
0,00000684,false,Rx,0,2,99,B0,00,00,00,00,00,00,
0,00000684,false,Rx,0,2,99,B0,00,00,00,00,00,00,
33826000,14225B9A,true,Rx,0,8,42,27,E8,D2,27,0F,BF,8F,
33826000,14225B9A,true,Rx,0,8,42,27,E8,D2,27,0F,BF,8F,
0,1842212C,true,Rx,0,0,00,00,00,00,00,00,00,00,
33826000,14225B9A,true,Rx,0,8,42,27,E8,D2,27,0F,BF,8F,
33826000,14225B9A,true,Rx,0,8,42,27,E8,D2,27,0F,BF,8F,
33826000,14225B8A,true,Rx,0,8,42,27,E8,D2,27,0F,BD,DF,
33826000,14225B8A,true,Rx,0,8,42,27,E8,D2,27,0F,BD,DF,
33826000,14225B9A,true,Rx,0,8,42,27,E8,D2,27,0F,BF,8F,
33826000,14225B8A,true,Rx,0,8,42,27,E8,D2,27,0F,BD,DF,
33826000,14225B8A,true,Rx,0,8,42,27,E8,D2,27,0F,BD,DF,
33826000,14225B8A,true,Rx,0,8,42,27,E8,D2,27,0F,BD,DF,
33825000,04221716,true,Rx,0,8,42,16,A1,84,68,42,55,DF,
33825000,04221716,true,Rx,0,8,42,16,A1,84,68,42,55,DF,
33826000,14225B8A,true,Rx,0,8,42,27,E8,D2,27,0F,BD,DF,
33825000,04221716,true,Rx,0,8,42,16,A1,84,68,42,BF,DF,
33826000,14225B9A,true,Rx,0,8,42,27,E8,D2,27,0F,BF,8F,
33826000,14225B9A,true,Rx,0,8,42,27,E8,D2,27,0F,BF,8F,
0,00000442,false,Rx,0,5,42,16,A1,84,68,00,00,00,
33826000,14225B9A,true,Rx,0,8,42,27,E8,D2,27,0F,BF,8F,
0,00000420,true,Rx,0,3,8B,08,42,00,00,00,00,00,
0,00000420,true,Rx,0,3,8B,08,42,00,00,00,00,00,
33826000,14225B9A,true,Rx,0,8,42,27,E8,D2,27,0F,BF,8F,
33826000,14225B8A,true,Rx,0,8,42,27,E8,D2,27,0F,BF,8F,
0,00000442,true,Rx,0,5,42,16,A1,84,68,00,00,00,
0,00000102,true,Rx,0,5,42,16,A1,84,68,00,00,00,
0,00000420,true,Rx,0,3,8B,08,42,00,00,00,00,00,
33826000,14225B8A,true,Rx,0,8,42,27,E8,D2,27,0F,BF,DF,
34257000,1C222842,true,Rx,0,8,5D,10,84,21,7B,0A,BF,DF,
34257000,1C222842,true,Rx,0,8,5D,10,84,21,7B,0A,BF,8F,
34257000,1C222842,true,Rx,0,8,5D,10,84,21,7B,0A,BF,DF,
33825000,04221716,true,Rx,0,8,42,16,A1,84,68,42,55,DF,
33825000,04221716,true,Rx,0,8,42,16,A1,84,68,42,55,DF,
33826000,14225B8A,true,Rx,0,8,42,27,E8,D2,27,0F,BF,DF,
34290000,1C223842,true,Rx,0,8,5F,21,08,42,F7,1A,1D,DF,
33826000,14225B9A,true,Rx,0,8,42,27,84,21,7B,0A,BF,8F,
33826000,14225B9A,true,Rx,0,8,42,27,84,21,7B,0A,BF,8F,
33825000,04221716,true,Rx,0,8,42,16,A1,84,68,42,BF,DF,
33826000,14225B9A,true,Rx,0,8,42,27,84,21,7B,0A,BF,8F,
0,00000420,false,Rx,0,3,8B,08,42,00,00,00,00,00,
0,00000214,false,Rx,0,5,84,74,01,09,08,00,00,00,
33826000,14225B8A,true,Rx,0,8,42,27,E8,D2,27,0F,BF,DF,
33826000,14225B8A,true,Rx,0,8,42,27,E8,D2,27,0F,BF,DF,
0,00000214,true,Rx,0,5,84,74,01,09,08,00,00,00,
33826000,14225B8A,true,Rx,0,8,42,27,E8,D2,27,0F,BF,DF,
33826000,14225B8A,true,Rx,0,8,42,27,E8,D2,27,0F,BF,8F,
33826000,14225B8A,true,Rx,0,8,42,27,E8,D2,27,0F,BF,8F,
0,00000214,true,Rx,0,5,84,74,01,09,08,00,00,00,
33826000,14225B8A,true,Rx,0,8,42,27,E8,D2,27,0F,BF,8F,
264000,04220458,true,Rx,0,1,08,00,00,00,00,00,00,00,
264000,04220458,true,Rx,0,1,08,00,00,00,00,00,00,00,
0,00000214,true,Rx,0,5,84,74,01,09,08,00,00,00,
33826000,14225B8A,true,Rx,0,8,42,27,E8,D2,27,0F,BF,8F,
33826000,14225B8A,true,Rx,0,8,42,27,E8,D2,27,0F,BF,DF,
0,00000214,false,Rx,0,5,84,74,01,09,08,00,00,00,
33826000,14225B9A,true,Rx,0,8,42,27,01,09,08,1A,BF,DF,
33826000,14225B9A,true,Rx,0,8,42,27,01,09,08,1A,BF,DF,
33826000,14225B8A,true,Rx,0,8,42,27,E8,D2,27,0F,BF,DF,
33826000,14225B9A,true,Rx,0,8,42,27,01,09,08,1A,BF,DF,
0,00000420,false,Rx,0,6,8B,08,42,16,A1,84,00,00,
33826000,14225B8A,true,Rx,0,8,42,27,E8,D2,27,0F,BF,DF,
34257000,1C222842,true,Rx,0,8,5D,10,84,21,7B,0A,BF,DF,
0,00000420,false,Rx,0,6,8B,08,42,16,A1,84,00,00,
34257000,1C222842,true,Rx,0,8,5D,10,84,21,7B,0A,BF,DF,
33826000,14225B8A,true,Rx,0,8,42,27,E8,D2,27,0F,BF,DF,
34257000,1C222842,true,Rx,0,8,5D,10,84,21,7B,0A,BF,DF,
0,00000420,true,Rx,0,6,8B,08,42,16,A1,84,00,00,
34257000,1C222842,true,Rx,0,8,5D,10,84,21,7B,0A,BF,DF,
264000,04220458,true,Rx,0,1,08,00,00,00,00,00,00,00,
264000,04220458,true,Rx,0,1,08,00,00,00,00,00,00,00,
34257000,1C222842,true,Rx,0,8,5D,10,84,21,7B,0A,BF,DF,
33826000,14225B8A,true,Rx,0,8,42,27,E8,D2,27,0F,BF,DF,
33826000,14225B8A,true,Rx,0,8,42,27,E8,D2,27,0F,BF,DF,
33826000,14225B9A,true,Rx,0,8,42,27,84,21,7B,0A,BF,DF,
33826000,14225B9A,true,Rx,0,8,42,27,84,21,7B,0A,BF,DF,
0,00000420,true,Rx,0,6,8B,08,42,16,A1,84,00,00,
33826000,14225B9A,true,Rx,0,8,42,27,84,21,7B,0A,BF,DF,
0,00000420,true,Rx,0,6,8B,08,42,16,A1,84,00,00,
0,00000214,true,Rx,0,5,84,74,01,09,08,00,00,00,
33826000,14225B8A,true,Rx,0,8,42,27,E8,D2,27,0F,BF,8F,
0,00000214,true,Rx,0,5,84,74,01,09,08,00,00,00,
0,00000104,true,Rx,0,5,84,74,01,09,08,00,00,00,
33826000,14225B9A,true,Rx,0,8,42,27,84,21,7B,0A,BF,DF,
33826000,14225B8A,true,Rx,0,8,42,27,E8,D2,27,0F,BF,DF,
33826000,14225B8A,true,Rx,0,8,42,27,E8,D2,27,0F,BF,8F,
33826000,04025B8A,true,Rx,0,8,42,27,E8,D2,27,0F,BF,8F,
0,0422222C,true,Rx,0,0,00,00,00,00,00,00,00,00,
33826000,14225B8A,true,Rx,0,8,42,27,E8,D2,27,0F,BF,8F,
33826000,14225B8A,true,Rx,0,8,42,27,E8,D2,27,0F,BF,8F,
33826000,14225B9A,true,Rx,0,8,42,27,E8,D2,27,0F,BF,DF,
33826000,14225B9A,true,Rx,0,8,42,27,E8,D2,27,0F,BF,DF,
33826000,14225B8A,true,Rx,0,8,42,27,E8,D2,27,0F,BF,8F,
0,0422222C,true,Rx,0,0,00,00,00,00,00,00,00,00,
0,0422222C,true,Rx,0,0,00,00,00,00,00,00,00,00,
0,0422222C,true,Rx,0,0,00,00,00,00,00,00,00,00,
33826000,14225B9A,true,Rx,0,8,42,27,E8,D2,27,0F,BF,DF,
33826000,14225B9A,true,Rx,0,8,42,27,84,21,7B,0A,BF,DF,
34257000,1C222842,true,Rx,0,8,5D,10,84,21,7B,0A,BF,DF,
0,0422222C,true,Rx,0,0,00,00,00,00,00,00,00,00,
33826000,14225B8A,true,Rx,0,8,42,27,E8,D2,27,0F,BF,DF,
34257000,1C222842,true,Rx,0,8,5D,10,84,21,7B,0A,BF,DF,
0,0422222C,true,Rx,0,0,00,00,00,00,00,00,00,00,
34257000,1C222842,true,Rx,0,8,5D,10,84,21,7B,0A,BF,DF,
0,0422222C,true,Rx,0,0,00,00,00,00,00,00,00,00,
33826000,14225B8A,true,Rx,0,8,42,27,E8,D2,27,0F,BF,DF,
34257000,1C222842,true,Rx,0,8,5D,10,84,21,7B,0A,BF,DF,
33826000,14225B8A,true,Rx,0,8,42,27,84,21,7B,0A,BF,DF,
33826000,14225B8A,true,Rx,0,8,42,27,84,21,7B,0A,BF,DF,
34257000,1C222842,true,Rx,0,8,5D,10,84,21,7B,0A,BF,DF,
0,0422222C,true,Rx,0,0,00,00,00,00,00,00,00,00,
33826000,14225B9A,true,Rx,0,8,42,27,84,21,7B,0A,BF,DF,
33826000,14225B9A,true,Rx,0,8,42,27,84,21,7B,0A,BF,DF,
0,00000510,true,Rx,0,8,42,27,84,21,7B,0A,BF,DF,
33826000,14225B8A,true,Rx,0,8,42,27,E8,D2,27,0F,BF,DF,
33826000,14225B8A,true,Rx,0,8,42,27,E8,D2,27,0F,BF,DF,
0,00000102,true,Rx,0,2,42,27,00,00,00,00,00,00,
33826000,14225B8A,true,Rx,0,8,42,27,E8,D2,27,0F,BF,DF,
0,0422212C,true,Rx,0,0,00,00,00,00,00,00,00,00,
0,0422212C,true,Rx,0,0,00,00,00,00,00,00,00,00,
0,0422212C,true,Rx,0,0,00,00,00,00,00,00,00,00,
33826000,14225B8A,true,Rx,0,8,42,27,E8,D2,27,0F,BF,DF,
33826000,14225B8A,true,Rx,0,8,42,27,E8,D2,27,0F,BF,8F,
0,0422212C,true,Rx,0,0,00,00,00,00,00,00,00,00,
33826000,14225B8A,true,Rx,0,8,42,27,E8,D2,27,0F,BF,DF,
33826000,14225B8A,true,Rx,0,8,42,27,E8,D2,27,0F,BF,DF,
0,0422212C,true,Rx,0,0,00,00,00,00,00,00,00,00,
0,0422212C,true,Rx,0,0,00,00,00,00,00,00,00,00,
33826000,14225B9A,true,Rx,0,8,42,27,E8,D2,27,0F,BF,DF,
33826000,14225B9A,true,Rx,0,8,42,27,E8,D2,27,0F,BF,DF,
33826000,14225B9A,true,Rx,0,8,42,27,E8,D2,27,0F,BF,DF,
33826000,14225B8A,true,Rx,0,8,42,27,E8,D2,27,0F,BF,DF,
33826000,14225B9A,true,Rx,0,8,42,27,E8,D2,27,0F,BF,DF,
33826000,04025B9A,true,Rx,0,8,42,27,E8,D2,27,0F,BF,DF,
0,0422212C,true,Rx,0,0,00,00,00,00,00,00,00,00,
0,0422212C,true,Rx,0,0,00,00,00,00,00,00,00,00,
0,0422212C,true,Rx,0,0,00,00,00,00,00,00,00,00,
34257000,1C222842,true,Rx,0,8,5D,10,84,21,7B,0A,BF,DF,
33826000,14225B8A,true,Rx,0,8,42,27,E8,D2,27,0F,BF,DF,
33826000,14225B8A,true,Rx,0,8,42,27,E8,D2,27,0F,BF,DF,
0,0422212C,true,Rx,0,0,00,00,00,00,00,00,00,00,
33826000,14225B8A,true,Rx,0,8,42,27,E8,D2,27,0F,BF,DF,
33826000,14225B8A,true,Rx,0,8,42,27,E8,D2,27,0F,BF,DF,
0,0422212C,true,Rx,0,0,00,00,00,00,00,00,00,00,
0,0422212C,true,Rx,0,0,00,00,00,00,00,00,00,00,
0,0422212C,true,Rx,0,0,00,00,00,00,00,00,00,00,
33826000,14225B8A,true,Rx,0,8,42,27,E8,D2,27,0F,BF,DF,
33826000,14225B9A,true,Rx,0,8,42,27,E8,D2,27,0F,BF,DF,
33826000,14225B9A,true,Rx,0,8,42,27,E8,D2,27,0F,BF,DF,
0,0422212C,true,Rx,0,0,00,00,00,00,00,00,00,00,
33826000,14225B8A,true,Rx,0,8,42,27,E8,D2,27,0F,BF,8F,
33826000,04025B8A,true,Rx,0,8,42,27,E8,D2,27,0F,BF,DF,
33826000,04025B8A,true,Rx,0,8,42,27,E8,D2,27,0F,BF,DF,
33825000,04221716,true,Rx,0,8,42,16,A1,84,68,42,55,DF,
33825000,04221716,true,Rx,0,8,42,16,A1,84,68,42,55,DF,
33826000,14225B8A,true,Rx,0,8,42,27,E8,D2,27,0F,BF,8F,
33825000,04221716,true,Rx,0,8,42,16,A1,84,68,42,BF,DF,
33825000,04021716,true,Rx,0,8,42,16,A1,84,68,42,BF,DF,
33826000,14225B8A,true,Rx,0,8,42,27,E8,D2,27,0F,BF,DF,
34290000,1C223842,true,Rx,0,8,5F,21,08,42,F7,1A,1D,DF,
33825000,04221716,true,Rx,0,8,42,16,A1,84,68,42,55,8F,
33825000,04221716,true,Rx,0,8,42,16,A1,84,68,42,55,8F,
33826000,14225B9A,true,Rx,0,8,42,27,08,42,F7,1A,1D,DF,
33826000,14225B9A,true,Rx,0,8,42,27,08,42,F7,1A,1D,DF,
33825000,04021716,true,Rx,0,8,42,16,A1,84,68,42,BF,DF,
33826000,14225B8A,true,Rx,0,8,42,27,E8,D2,27,0F,BF,DF,
34257000,1C222842,true,Rx,0,8,5D,10,84,21,7B,0A,BF,DF,
33825000,04021716,true,Rx,0,8,42,16,A1,84,68,42,BF,8F,
34257000,1C222842,true,Rx,0,8,5D,10,84,21,7B,0A,BF,DF,
33825000,04221716,true,Rx,0,8,42,16,A1,84,68,42,55,DF,
33825000,04221716,true,Rx,0,8,42,16,A1,84,68,42,55,DF,
33826000,14225B8A,true,Rx,0,8,42,27,E8,D2,27,0F,BF,DF,
33825000,04221716,true,Rx,0,8,42,16,A1,84,68,42,BF,DF,
33825000,04021716,true,Rx,0,8,42,16,A1,84,68,42,BF,DF,
33826000,14225B8A,true,Rx,0,8,42,27,E8,D2,27,0F,BF,8F,
33826000,14225B8A,true,Rx,0,8,42,27,E8,D2,27,0F,BF,8F,
33825000,04221716,true,Rx,0,8,42,16,A1,84,68,42,55,DF,
33825000,04221716,true,Rx,0,8,42,16,A1,84,68,42,55,DF,
33826000,14225B9A,true,Rx,0,8,42,27,E8,D2,27,0F,BF,8F,
33826000,14225B9A,true,Rx,0,8,42,27,E8,D2,27,0F,BF,8F,
33825000,04221716,true,Rx,0,8,42,16,A1,84,68,42,55,DF,
33826000,14225B9A,true,Rx,0,8,42,27,E8,D2,27,0F,BF,8F,
33826000,14225B8A,true,Rx,0,8,42,27,E8,D2,27,0F,BF,DF,
33825000,04221716,true,Rx,0,8,42,16,A1,84,68,42,BF,DF,
33825000,04021716,true,Rx,0,8,42,16,A1,84,68,42,BF,DF,
0,00000420,true,Rx,0,6,8B,08,42,16,A1,84,00,00,
33826000,14225B8A,true,Rx,0,8,42,27,E8,D2,27,0F,BF,8F,
33826000,14225B8A,true,Rx,0,8,42,27,E8,D2,27,0F,BF,8F,
0,00000510,true,Rx,0,8,42,16,A1,84,68,42,BF,DF,
934000,14225B8A,true,Rx,0,8,42,27,E8,D2,27,0F,BF,8F,
33826000,14225B8A,true,Rx,0,8,42,27,E8,D2,27,0F,BF,DF,
34257000,1C222842,true,Rx,0,8,5D,10,84,21,7B,0A,BF,DF,
34257000,1C222842,true,Rx,0,8,5D,10,84,21,7B,0A,BF,DF,
34257000,1C222842,true,Rx,0,8,5D,10,84,21,7B,0A,BF,DF,
33826000,14225B9A,true,Rx,0,8,42,27,E8,D2,27,0F,BF,8F,
33826000,14225B9A,true,Rx,0,8,42,27,E8,D2,27,0F,BF,8F,
34257000,1C222842,true,Rx,0,8,5D,10,84,21,7B,0A,BF,DF,
33826000,14225B9A,true,Rx,0,8,42,27,E8,D2,27,0F,BF,8F,
33826000,14225B8A,true,Rx,0,8,42,27,E8,D2,27,0F,BF,DF,
33826000,14225B9A,true,Rx,0,8,42,27,E8,D2,27,0F,BF,8F,
33826000,04025B9A,true,Rx,0,8,42,27,E8,D2,27,0F,BF,8F,
0,00000420,false,Rx,0,6,8B,08,42,16,A1,84,00,00,
33826000,14225B8A,true,Rx,0,8,42,27,E8,D2,27,0F,BF,DF,
34257000,1C222842,true,Rx,0,8,5D,10,84,21,7B,0A,BF,DF,
0,00000510,true,Rx,0,8,42,27,E8,D2,27,0F,BF,8F,
34257000,1C222842,true,Rx,0,8,5D,10,84,21,7B,0A,BF,DF,
33826000,14225B8A,true,Rx,0,8,42,27,E8,D2,27,0F,BF,DF,
33826000,14225B8A,true,Rx,0,8,42,27,E8,D2,27,0F,BF,DF,
264000,04220458,true,Rx,0,1,08,00,00,00,00,00,00,00,
264000,0C020458,true,Rx,0,1,08,00,00,00,00,00,00,00,
33826000,14225B8A,true,Rx,0,8,42,27,E8,D2,27,0F,BF,DF,
