Time Stamp,ID,Extended,Dir,Bus,LEN,D1,D2,D3,D4,D5,D6,D7,D8
253000,00000280,false,Rx,0,8,B3,8D,00,00,23,FA,47,8C,
0,00000380,false,Rx,0,8,B0,80,00,76,20,00,00,FE,
0,00000588,false,Rx,0,8,0B,00,72,00,00,80,00,00,
0,00000380,false,Rx,0,8,B0,80,00,76,20,00,00,FE,
0,00000380,false,Rx,0,8,B0,80,00,76,20,00,00,FE,
0,00000588,false,Rx,0,8,0B,00,72,00,00,80,00,00,
0,00000380,false,Rx,0,8,B0,80,00,76,20,00,00,FE,
0,00000380,false,Rx,0,8,B0,80,00,76,20,00,00,FE,
0,00000588,false,Rx,0,8,0B,00,72,00,00,80,00,00,
0,00000380,false,Rx,0,8,B0,80,00,76,20,00,00,FE,
0,00000380,false,Rx,0,8,B0,80,00,76,20,00,00,FE,
0,00000588,false,Rx,0,8,0B,00,72,00,00,80,00,00,
0,00000380,false,Rx,0,8,B0,80,00,76,20,00,00,FE,
0,00000380,false,Rx,0,8,B0,80,00,76,20,00,00,FE,
327000,00000588,false,Rx,0,8,0B,00,72,00,00,80,00,00,
0,00000380,false,Rx,0,8,B0,80,00,76,20,00,00,FE,
0,00000380,false,Rx,0,8,B0,80,00,76,20,00,00,FE,
0,00000588,false,Rx,0,8,0B,00,72,00,00,80,00,00,
0,00000380,false,Rx,0,8,B0,80,00,76,20,00,00,FE,
0,00000380,false,Rx,0,8,B0,80,00,76,20,00,00,FE,
364000,00000588,false,Rx,0,8,0B,00,72,00,00,80,00,00,
0,00000380,false,Rx,0,8,B0,80,00,76,20,00,00,FE,
0,00000380,false,Rx,0,8,B0,80,00,76,20,00,00,FE,
0,00000588,false,Rx,0,8,0B,00,72,00,00,80,00,00,
0,00000380,false,Rx,0,8,B0,80,00,76,20,00,00,FE,
0,00000380,false,Rx,0,8,B0,80,00,76,20,00,00,FE,
0,00000588,false,Rx,0,8,0B,00,72,00,00,80,00,00,
0,00000380,false,Rx,0,8,B0,80,00,76,20,00,00,FE,
0,00000380,false,Rx,0,8,B0,80,00,76,20,00,00,FE,
0,00000588,false,Rx,0,8,0B,00,72,00,00,80,00,00,
0,00000380,false,Rx,0,8,B0,80,00,76,20,00,00,FE,
0,00000380,false,Rx,0,8,B0,80,00,76,20,00,00,FE,
0,00000588,false,Rx,0,8,0B,00,72,00,00,80,00,00,
0,00000380,false,Rx,0,8,B0,80,00,76,20,00,00,FE,
0,00000380,false,Rx,0,8,B0,80,00,76,20,00,00,FE,
0,00000588,false,Rx,0,8,0B,00,72,00,00,80,00,00,
0,00000380,false,Rx,0,8,B0,80,00,76,20,00,00,FE,
0,00000380,false,Rx,0,8,B0,80,00,76,20,00,00,FE,
0,00000588,false,Rx,0,8,0B,00,72,00,00,80,00,00,
0,00000380,false,Rx,0,8,B0,80,00,76,20,00,00,FE,
0,00000380,false,Rx,0,8,B0,80,00,76,20,00,00,FE,
508000,00000588,false,Rx,0,8,0B,00,72,00,00,80,00,00,
0,00000380,false,Rx,0,8,B0,80,00,76,20,00,00,FE,
0,00000380,false,Rx,0,8,B0,80,00,76,20,00,00,FE,
0,00000588,false,Rx,0,8,0B,00,72,00,00,80,00,00,
0,00000380,false,Rx,0,8,B0,80,00,76,20,00,00,FE,
0,00000380,false,Rx,0,8,B0,80,00,76,20,00,00,FE,
544000,00000588,false,Rx,0,8,0B,00,72,00,00,80,00,00,
0,00000380,false,Rx,0,8,B0,80,00,76,20,00,00,FE,
0,00000380,false,Rx,0,8,B0,80,00,76,20,00,00,FE,
0,00000588,false,Rx,0,8,0B,00,72,00,00,80,00,00,
0,00000380,false,Rx,0,8,B0,80,00,76,20,00,00,FE,
0,00000380,false,Rx,0,8,B0,80,00,76,20,00,00,FE,
0,00000588,false,Rx,0,8,0B,00,72,00,00,80,00,00,
0,00000380,false,Rx,0,8,B0,80,00,76,20,00,00,FE,
0,00000380,false,Rx,0,8,B0,80,00,76,20,00,00,FE,
0,00000588,false,Rx,0,8,0B,00,72,00,00,80,00,00,
0,00000380,false,Rx,0,8,B0,80,00,76,20,00,00,FE,
0,00000380,false,Rx,0,8,B0,80,00,76,20,00,00,FE,
0,00000588,false,Rx,0,8,0B,00,72,00,00,80,00,00,
0,00000380,false,Rx,0,8,B0,80,00,76,20,00,00,FE,
0,00000380,false,Rx,0,8,B0,80,00,76,20,00,00,FE,
0,00000588,false,Rx,0,8,0B,00,72,00,00,80,00,00,
0,00000380,false,Rx,0,8,B0,80,00,76,20,00,00,FE,
0,00000380,false,Rx,0,8,B0,80,00,76,20,00,00,FE,
0,00000588,false,Rx,0,8,0B,00,72,00,00,80,00,00,
0,00000380,false,Rx,0,8,B0,80,00,76,20,00,00,FE,
0,00000380,false,Rx,0,8,B0,80,00,76,20,00,00,FE,
0,00000588,false,Rx,0,8,0B,00,72,00,00,80,00,00,
0,00000380,false,Rx,0,8,B0,80,00,76,20,00,00,FE,
0,00000380,false,Rx,0,8,B0,80,00,76,20,00,00,FE,
0,00000588,false,Rx,0,8,0B,00,72,00,00,80,00,00,
0,00000380,false,Rx,0,8,B0,80,00,76,20,00,00,FE,
0,00000380,false,Rx,0,8,B0,80,00,76,20,00,00,FE,
0,00000588,false,Rx,0,8,0B,00,72,00,00,80,00,00,
0,00000380,false,Rx,0,8,B0,80,00,76,20,00,00,FE,
0,00000380,false,Rx,0,8,B0,80,00,76,20,00,00,FE,
745000,00000588,false,Rx,0,8,0B,00,72,00,00,80,00,00,
0,00000380,false,Rx,0,8,B0,80,00,76,20,00,00,FE,
0,00000300,false,Rx,0,6,A1,0F,8A,FF,4A,FF,00,00,
0,00000488,false,Rx,0,8,2F,23,00,72,FE,FF,FF,80,
765000,00000588,false,Rx,0,8,0B,00,72,00,00,80,00,00,
0,00000380,false,Rx,0,8,B0,80,00,76,20,00,00,FE,
0,00000380,false,Rx,0,8,B0,80,00,76,20,00,00,FE,
0,00000588,false,Rx,0,8,0B,00,72,00,00,80,00,00,
0,00000380,false,Rx,0,8,B0,80,00,76,20,00,00,FE,
0,00000380,false,Rx,0,8,B0,80,00,76,20,00,00,FE,
0,00000588,false,Rx,0,8,0B,00,72,00,00,80,00,00,
0,00000380,false,Rx,0,8,B0,80,00,76,20,00,00,FE,
0,00000380,false,Rx,0,8,B0,80,00,76,20,00,00,FE,
0,00000588,false,Rx,0,8,0B,00,72,00,00,80,00,00,
0,00000380,false,Rx,0,8,B0,80,00,76,20,00,00,FE,
0,00000380,false,Rx,0,8,B0,80,00,76,20,00,00,FE,
0,00000588,false,Rx,0,8,0B,00,72,00,00,80,00,00,
0,00000380,false,Rx,0,8,B0,80,00,76,20,00,00,FE,
0,00000380,false,Rx,0,8,B0,80,00,76,20,00,00,FE,
0,00000588,false,Rx,0,8,0B,00,72,00,00,80,00,00,
0,00000380,false,Rx,0,8,B0,80,00,76,20,00,00,FE,
0,00000380,false,Rx,0,8,B0,80,00,76,20,00,00,FE,
888000,00000588,false,Rx,0,8,0B,00,72,00,00,80,00,00,
0,00000380,false,Rx,0,8,B0,80,00,76,20,00,00,FE,
0,00000380,false,Rx,0,8,B0,80,00,76,20,00,00,FE,
0,00000588,false,Rx,0,8,0B,00,72,00,00,80,00,00,
0,00000380,false,Rx,0,8,B0,80,00,76,20,00,00,FE,
0,00000380,false,Rx,0,8,B0,80,00,76,20,00,00,FE,
925000,00000588,false,Rx,0,8,0B,00,72,00,00,80,00,00,
0,00000380,false,Rx,0,8,B0,80,00,76,20,00,00,FE,
0,00000380,false,Rx,0,8,B0,80,00,76,20,00,00,FE,
0,00000588,false,Rx,0,8,0B,00,72,00,00,80,00,00,
0,00000380,false,Rx,0,8,B0,80,00,76,20,00,00,FE,
0,00000380,false,Rx,0,8,B0,80,00,76,20,00,00,FE,
0,00000588,false,Rx,0,8,0B,00,72,00,00,80,00,00,
0,00000380,false,Rx,0,8,B0,80,00,76,20,00,00,FE,
0,00000380,false,Rx,0,8,B0,80,00,76,20,00,00,FE,
0,00000588,false,Rx,0,8,0B,00,72,00,00,80,00,00,
0,00000380,false,Rx,0,8,B0,80,00,76,20,00,00,FE,
0,00000380,false,Rx,0,8,B0,80,00,76,20,00,00,FE,
0,00000588,false,Rx,0,8,0B,00,72,00,00,80,00,00,
0,00000380,false,Rx,0,8,B0,80,00,76,20,00,00,FE,
0,00000380,false,Rx,0,8,B0,80,00,76,20,00,00,FE,
0,00000588,false,Rx,0,8,0B,00,72,00,00,80,00,00,
0,00000380,false,Rx,0,8,B0,80,00,76,20,00,00,FE,
0,00000380,false,Rx,0,8,B0,80,00,76,20,00,00,FE,
0,00000588,false,Rx,0,8,0B,00,72,00,00,80,00,00,
0,00000380,false,Rx,0,8,B0,80,00,76,20,00,00,FE,
0,00000380,false,Rx,0,8,B0,80,00,76,20,00,00,FE,
69000,00000588,false,Rx,0,8,0B,00,72,00,00,80,00,00,
0,00000380,false,Rx,0,8,B0,80,00,76,20,00,00,FE,
0,00000380,false,Rx,0,8,B0,80,00,76,20,00,00,FE,
0,00000588,false,Rx,0,8,0B,00,72,00,00,80,00,00,
0,00000380,false,Rx,0,8,B0,80,00,76,20,00,00,FE,
0,00000380,false,Rx,0,8,B0,80,00,76,20,00,00,FE,
0,00000588,false,Rx,0,8,0B,00,72,00,00,80,00,00,
0,00000380,false,Rx,0,8,B0,80,00,76,20,00,00,FE,
0,00000380,false,Rx,0,8,B0,80,00,76,20,00,00,FE,
126000,00000588,false,Rx,0,8,0B,00,72,00,00,80,00,00,
0,00000380,false,Rx,0,8,B0,80,00,76,20,00,00,FE,
0,00000380,false,Rx,0,8,B0,80,00,76,20,00,00,FE,
0,00000588,false,Rx,0,8,0B,00,72,00,00,80,00,00,
0,00000380,false,Rx,0,8,B0,80,00,76,20,00,00,FE,
0,00000380,false,Rx,0,8,B0,80,00,76,20,00,00,FE,
0,00000588,false,Rx,0,8,0B,00,72,00,00,80,00,00,
0,00000380,false,Rx,0,8,B0,80,00,76,20,00,00,FE,
0,00000380,false,Rx,0,8,B0,80,00,76,20,00,00,FE,
0,00000588,false,Rx,0,8,0B,00,72,00,00,80,00,00,
0,00000380,false,Rx,0,8,B0,80,00,76,20,00,00,FE,
0,00000380,false,Rx,0,8,B0,80,00,76,20,00,00,FE,
0,00000588,false,Rx,0,8,0B,00,72,00,00,80,00,00,
0,00000380,false,Rx,0,8,B0,80,00,76,20,00,00,FE,
0,00000380,false,Rx,0,8,B0,80,00,76,20,00,00,FE,
0,00000588,false,Rx,0,8,0B,00,72,00,00,80,00,00,
0,00000380,false,Rx,0,8,B0,80,00,76,20,00,00,FE,
0,00000380,false,Rx,0,8,B0,80,00,76,20,00,00,FE,
0,00000588,false,Rx,0,8,0B,00,72,00,00,80,00,00,
0,00000380,false,Rx,0,8,B0,80,00,76,20,00,00,FE,
0,00000380,false,Rx,0,8,B0,80,00,76,20,00,00,FE,
269000,00000588,false,Rx,0,8,0B,00,72,00,00,80,00,00,
0,00000380,false,Rx,0,8,B0,80,00,76,20,00,00,FE,
0,00000380,false,Rx,0,8,B0,80,00,76,20,00,00,FE,
0,00000588,false,Rx,0,8,0B,00,72,00,00,80,00,00,
0,00000380,false,Rx,0,8,B0,80,00,76,20,00,00,FE,
0,00000380,false,Rx,0,8,B0,80,00,76,20,00,00,FE,
306000,00000588,false,Rx,0,8,0B,00,72,00,00,80,00,00,
0,00000380,false,Rx,0,8,B0,80,00,76,20,00,00,FE,
0,00000380,false,Rx,0,8,B0,80,00,76,20,00,00,FE,
0,00000740,false,Rx,0,1,A3,00,00,00,00,00,00,00,
0,00000284,false,Rx,0,6,01,01,00,00,00,00,00,00,
0,00000380,false,Rx,0,8,B0,80,00,76,20,00,00,FE,
0,00000380,false,Rx,0,8,B0,80,00,76,20,00,00,FE,
0,00000588,false,Rx,0,8,0B,00,72,00,00,80,00,00,
0,00000380,false,Rx,0,8,B0,80,00,76,20,00,00,FE,
0,00000380,false,Rx,0,8,B0,80,00,76,20,00,00,FE,
0,00000588,false,Rx,0,8,0B,00,72,00,00,80,00,00,
0,00000380,false,Rx,0,8,B0,80,00,76,20,00,00,FE,
0,00000380,false,Rx,0,8,B0,80,00,76,20,00,00,FE,
0,00000588,false,Rx,0,8,0B,00,72,00,00,80,00,00,
0,00000380,false,Rx,0,8,B0,80,00,76,20,00,00,FE,
0,00000380,false,Rx,0,8,B0,80,00,76,20,00,00,FE,
0,00000588,false,Rx,0,8,0B,00,72,00,00,80,00,00,
0,00000380,false,Rx,0,8,B0,80,00,76,20,00,00,FE,
0,00000380,false,Rx,0,8,B0,80,00,76,20,00,00,FE,
0,00000588,false,Rx,0,8,0B,00,72,00,00,80,00,00,
0,00000380,false,Rx,0,8,B0,80,00,76,20,00,00,FE,
0,00000380,false,Rx,0,8,B0,80,00,76,20,00,00,FE,
450000,00000588,false,Rx,0,8,0B,00,72,00,00,80,00,00,
0,00000380,false,Rx,0,8,B0,80,00,76,20,00,00,FE,
0,00000380,false,Rx,0,8,B0,80,00,76,20,00,00,FE,
0,00000588,false,Rx,0,8,0B,00,72,00,00,80,00,00,
0,00000380,false,Rx,0,8,B0,80,00,76,20,00,00,FE,
0,00000380,false,Rx,0,8,B0,80,00,76,20,00,00,FE,
486000,00000588,false,Rx,0,8,0B,00,72,00,00,80,00,00,
0,00000380,false,Rx,0,8,B0,80,00,76,20,00,00,FE,
0,00000380,false,Rx,0,8,B0,80,00,76,20,00,00,FE,
0,00000588,false,Rx,0,8,0B,00,72,00,00,80,00,00,
0,00000380,false,Rx,0,8,B0,80,00,76,20,00,00,FE,
0,00000380,false,Rx,0,8,B0,80,00,76,20,00,00,FE,
0,00000588,false,Rx,0,8,0B,00,72,00,00,80,00,00,
0,00000380,false,Rx,0,8,B0,80,00,76,20,00,00,FE,
0,00000380,false,Rx,0,8,B0,80,00,76,20,00,00,FE,
0,00000588,false,Rx,0,8,0B,00,72,00,00,80,00,00,
0,00000380,false,Rx,0,8,B0,80,00,76,20,00,00,FE,
0,00000380,false,Rx,0,8,B0,80,00,76,20,00,00,FE,
0,00000588,false,Rx,0,8,0B,00,72,00,00,80,00,00,
0,00000380,false,Rx,0,8,B0,80,00,76,20,00,00,FE,
0,00000380,false,Rx,0,8,B0,80,00,76,20,00,00,FE,
0,00000588,false,Rx,0,8,0B,00,72,00,00,80,00,00,
0,00000380,false,Rx,0,8,B0,80,00,76,20,00,00,FE,
0,00000380,false,Rx,0,8,B0,80,00,76,20,00,00,FE,
0,00000588,false,Rx,0,8,0B,00,72,00,00,80,00,00,
0,00000380,false,Rx,0,8,B0,80,00,76,20,00,00,FE,
0,00000380,false,Rx,0,8,B0,80,00,76,20,00,00,FE,
0,00000588,false,Rx,0,8,0B,00,72,00,00,80,00,00,
0,00000380,false,Rx,0,8,B0,80,00,76,20,00,00,FE,
0,00000380,false,Rx,0,8,B0,80,00,76,20,00,00,FE,
650000,00000588,false,Rx,0,8,0B,00,72,00,00,80,00,00,
0,00000380,false,Rx,0,8,B0,80,00,76,20,00,00,FE,
0,00000380,false,Rx,0,8,B0,80,00,76,20,00,00,FE,
0,00000588,false,Rx,0,8,0B,00,72,00,00,80,00,00,
0,00000380,false,Rx,0,8,B0,80,00,76,20,00,00,FE,
0,00000380,false,Rx,0,8,B0,80,00,76,20,00,00,FE,
687000,00000588,false,Rx,0,8,0B,00,72,00,00,80,00,00,
0,00000380,false,Rx,0,8,B0,80,00,76,20,00,00,FE,
0,00000380,false,Rx,0,8,B0,80,00,76,20,00,00,FE,
0,00000588,false,Rx,0,8,0B,00,72,00,00,80,00,00,
0,00000380,false,Rx,0,8,B0,80,00,76,20,00,00,FE,
0,00000380,false,Rx,0,8,B0,80,00,76,20,00,00,FE,
0,00000588,false,Rx,0,8,0B,00,72,00,00,80,00,00,
0,00000380,false,Rx,0,8,B0,80,00,76,20,00,00,FE,
0,00000380,false,Rx,0,8,B0,80,00,76,20,00,00,FE,
0,00000588,false,Rx,0,8,0B,00,72,00,00,80,00,00,
0,00000380,false,Rx,0,8,B0,80,00,76,20,00,00,FE,
0,00000380,false,Rx,0,8,B0,80,00,76,20,00,00,FE,
0,00000588,false,Rx,0,8,0B,00,72,00,00,80,00,00,
0,00000380,false,Rx,0,8,B0,80,00,76,20,00,00,FE,
0,00000380,false,Rx,0,8,B0,80,00,76,20,00,00,FE,
0,00000588,false,Rx,0,8,0B,00,72,00,00,80,00,00,
0,00000380,false,Rx,0,8,B0,80,00,76,20,00,00,FE,
0,00000380,false,Rx,0,8,B0,80,00,76,20,00,00,FE,
0,00000588,false,Rx,0,8,0B,00,72,00,00,80,00,00,
0,00000380,false,Rx,0,8,B0,80,00,76,20,00,00,FE,
0,00000380,false,Rx,0,8,B0,80,00,76,20,00,00,FE,
831000,00000588,false,Rx,0,8,0B,00,72,00,00,80,00,00,
0,00000380,false,Rx,0,8,B0,80,00,76,20,00,00,FE,
0,00000380,false,Rx,0,8,B0,80,00,76,20,00,00,FE,
0,00000588,false,Rx,0,8,0B,00,72,00,00,80,00,00,
0,00000380,false,Rx,0,8,B0,80,00,76,20,00,00,FE,
0,00000380,false,Rx,0,8,B0,80,00,76,20,00,00,FE,
867000,00000588,false,Rx,0,8,0B,00,72,00,00,80,00,00,
0,00000380,false,Rx,0,8,B0,80,00,76,20,00,00,FE,
0,00000380,false,Rx,0,8,B0,80,00,76,20,00,00,FE,
0,00000588,false,Rx,0,8,0B,00,72,00,00,80,00,00,
0,00000300,false,Rx,0,6,A1,0F,8A,FF,4A,FF,00,00,
896000,00000488,false,Rx,0,8,3F,23,00,72,FE,FF,FF,90,
0,00000380,false,Rx,0,8,B0,80,00,76,20,00,00,FE,
0,00000588,false,Rx,0,8,0B,00,72,00,00,80,00,00,
0,00000380,false,Rx,0,8,B0,80,00,76,20,00,00,FE,
0,00000380,false,Rx,0,8,B0,80,00,76,20,00,00,FE,
0,00000588,false,Rx,0,8,0B,00,72,00,00,80,00,00,
0,00000380,false,Rx,0,8,B0,80,00,76,20,00,00,FE,
0,00000380,false,Rx,0,8,B0,80,00,76,20,00,00,FE,
0,00000588,false,Rx,0,8,0B,00,72,00,00,80,00,00,
0,00000380,false,Rx,0,8,B0,80,00,76,20,00,00,FE,
0,00000380,false,Rx,0,8,B0,80,00,76,20,00,00,FE,
0,00000588,false,Rx,0,8,0B,00,72,00,00,80,00,00,
0,00000380,false,Rx,0,8,B0,80,00,76,20,00,00,FE,
0,00000380,false,Rx,0,8,B0,80,00,76,20,00,00,FE,
0,00000588,false,Rx,0,8,0B,00,72,00,00,80,00,00,
0,00000380,false,Rx,0,8,B0,80,00,76,20,00,00,FE,
0,00000380,false,Rx,0,8,B0,80,00,76,20,00,00,FE,
11000,00000588,false,Rx,0,8,0B,00,72,00,00,80,00,00,
0,00000380,false,Rx,0,8,B0,80,00,76,20,00,00,FE,
0,00000380,false,Rx,0,8,B0,80,00,76,20,00,00,FE,
0,00000588,false,Rx,0,8,0B,00,72,00,00,80,00,00,
0,00000380,false,Rx,0,8,B0,80,00,76,20,00,00,FE,
0,00000380,false,Rx,0,8,B0,80,00,76,20,00,00,FE,
0,00000588,false,Rx,0,8,0B,00,72,00,00,80,00,00,
0,00000380,false,Rx,0,8,B0,80,00,76,20,00,00,FE,
0,00000380,false,Rx,0,8,B0,80,00,76,20,00,00,FE,
68000,00000588,false,Rx,0,8,0B,00,72,00,00,80,00,00,
0,00000380,false,Rx,0,8,B0,80,00,76,20,00,00,FE,
0,00000380,false,Rx,0,8,B0,80,00,76,20,00,00,FE,
0,00000588,false,Rx,0,8,0B,00,72,00,00,80,00,00,
0,00000380,false,Rx,0,8,B0,80,00,76,20,00,00,FE,
0,00000380,false,Rx,0,8,B0,80,00,76,20,00,00,FE,
0,00000588,false,Rx,0,8,0B,00,72,00,00,80,00,00,
0,00000380,false,Rx,0,8,B0,80,00,76,20,00,00,FE,
0,00000380,false,Rx,0,8,B0,80,00,76,20,00,00,FE,
0,00000588,false,Rx,0,8,0B,00,72,00,00,80,00,00,
0,00000380,false,Rx,0,8,B0,80,00,76,20,00,00,FE,
0,00000380,false,Rx,0,8,B0,80,00,76,20,00,00,FE,
0,00000588,false,Rx,0,8,0B,00,72,00,00,80,00,00,
0,00000380,false,Rx,0,8,B0,80,00,76,20,00,00,FE,
0,00000380,false,Rx,0,8,B0,80,00,76,20,00,00,FE,
0,00000588,false,Rx,0,8,0B,00,72,00,00,80,00,00,
0,00000380,false,Rx,0,8,B0,80,00,76,20,00,00,FE,
0,00000380,false,Rx,0,8,B0,80,00,76,20,00,00,FE,
0,00000588,false,Rx,0,8,0B,00,72,00,00,80,00,00,
0,00000380,false,Rx,0,8,B0,80,00,76,20,00,00,FE,
0,00000380,false,Rx,0,8,B0,80,00,76,20,00,00,FE,
211000,00000588,false,Rx,0,8,0B,00,72,00,00,80,00,00,
0,00000380,false,Rx,0,8,B0,80,00,76,20,00,00,FE,
0,00000380,false,Rx,0,8,B0,80,00,76,20,00,00,FE,
0,00000588,false,Rx,0,8,0B,00,72,00,00,80,00,00,
0,00000380,false,Rx,0,8,B0,80,00,76,20,00,00,FE,
0,00000380,false,Rx,0,8,B0,80,00,76,20,00,00,FE,
248000,00000588,false,Rx,0,8,0B,00,72,00,00,80,00,00,
0,00000380,false,Rx,0,8,B0,80,00,76,20,00,00,FE,
0,00000380,false,Rx,0,8,B0,80,00,76,20,00,00,FE,
0,00000588,false,Rx,0,8,0B,00,72,00,00,80,00,00,
0,00000380,false,Rx,0,8,B0,80,00,76,20,00,00,FE,
0,00000380,false,Rx,0,8,B0,80,00,76,20,00,00,FE,
0,00000588,false,Rx,0,8,0B,00,72,00,00,80,00,00,
0,00000380,false,Rx,0,8,B0,80,00,76,20,00,00,FE,
0,00000380,false,Rx,0,8,B0,80,00,76,20,00,00,FE,
0,00000588,false,Rx,0,8,0B,00,72,00,00,80,00,00,
0,00000380,false,Rx,0,8,B0,80,00,76,20,00,00,FE,
0,00000380,false,Rx,0,8,B0,80,00,76,20,00,00,FE,
0,00000588,false,Rx,0,8,0B,00,72,00,00,80,00,00,
0,00000380,false,Rx,0,8,B0,80,00,76,20,00,00,FE,
0,00000380,false,Rx,0,8,B0,80,00,76,20,00,00,FE,
0,00000588,false,Rx,0,8,0B,00,72,00,00,80,00,00,
0,00000380,false,Rx,0,8,B0,80,00,76,20,00,00,FE,
0,00000380,false,Rx,0,8,B0,80,00,76,20,00,00,FE,
0,00000588,false,Rx,0,8,0B,00,72,00,00,80,00,00,
0,00000380,false,Rx,0,8,B0,80,00,76,20,00,00,FE,
0,00000380,false,Rx,0,8,B0,80,00,76,20,00,00,FE,
392000,00000588,false,Rx,0,8,0B,00,72,00,00,80,00,00,
0,00000380,false,Rx,0,8,B0,80,00,76,20,00,00,FE,
0,00000380,false,Rx,0,8,B0,80,00,76,20,00,00,FE,
0,00000588,false,Rx,0,8,0B,00,72,00,00,80,00,00,
0,00000380,false,Rx,0,8,B0,80,00,76,20,00,00,FE,
0,00000380,false,Rx,0,8,B0,80,00,76,20,00,00,FE,
429000,00000588,false,Rx,0,8,0B,00,72,00,00,80,00,00,
0,00000380,false,Rx,0,8,B0,80,00,76,20,00,00,FE,
0,00000380,false,Rx,0,8,B0,80,00,76,20,00,00,FE,
0,00000588,false,Rx,0,8,0B,00,72,00,00,80,00,00,
0,00000380,false,Rx,0,8,B0,80,00,76,20,00,00,FE,
0,00000380,false,Rx,0,8,B0,80,00,76,20,00,00,FE,
0,00000588,false,Rx,0,8,0B,00,72,00,00,80,00,00,
0,00000380,false,Rx,0,8,B0,80,00,76,20,00,00,FE,
0,00000380,false,Rx,0,8,B0,80,00,76,20,00,00,FE,
0,00000588,false,Rx,0,8,0B,00,72,00,00,80,00,00,
0,00000380,false,Rx,0,8,B0,80,00,76,20,00,00,FE,
0,00000380,false,Rx,0,8,B0,80,00,76,20,00,00,FE,
0,00000588,false,Rx,0,8,0B,00,72,00,00,80,00,00,
0,00000380,false,Rx,0,8,B0,80,00,76,20,00,00,FE,
0,00000380,false,Rx,0,8,B0,80,00,76,20,00,00,FE,
0,00000588,false,Rx,0,8,0B,00,72,00,00,80,00,00,
0,00000380,false,Rx,0,8,B0,80,00,76,20,00,00,FE,
0,00000380,false,Rx,0,8,B0,80,00,76,20,00,00,FE,
0,00000588,false,Rx,0,8,0B,00,72,00,00,80,00,00,
0,00000380,false,Rx,0,8,B0,80,00,76,20,00,00,FE,
0,00000380,false,Rx,0,8,B0,80,00,76,20,00,00,FE,
0,00000588,false,Rx,0,8,0B,00,72,00,00,80,00,00,
0,00000380,false,Rx,0,8,B0,80,00,76,20,00,00,FE,
0,00000380,false,Rx,0,8,B0,80,00,76,20,00,00,FE,
592000,00000588,false,Rx,0,8,0B,00,72,00,00,80,00,00,
0,00000380,false,Rx,0,8,B0,80,00,76,20,00,00,FE,
0,00000380,false,Rx,0,8,B0,80,00,76,20,00,00,FE,
0,00000588,false,Rx,0,8,0B,00,72,00,00,80,00,00,
0,00000380,false,Rx,0,8,B0,80,00,76,20,00,00,FE,
0,00000380,false,Rx,0,8,B0,80,00,76,20,00,00,FE,
629000,00000588,false,Rx,0,8,0B,00,72,00,00,80,00,00,
0,00000380,false,Rx,0,8,B0,80,00,76,20,00,00,FE,
0,00000380,false,Rx,0,8,B0,80,00,76,20,00,00,FE,
0,00000588,false,Rx,0,8,0B,00,72,00,00,80,00,00,
0,00000380,false,Rx,0,8,B0,80,00,76,20,00,00,FE,
0,00000380,false,Rx,0,8,B0,80,00,76,20,00,00,FE,
0,00000588,false,Rx,0,8,0B,00,72,00,00,80,00,00,
0,00000380,false,Rx,0,8,B0,80,00,76,20,00,00,FE,
0,00000380,false,Rx,0,8,B0,80,00,76,20,00,00,FE,
0,00000588,false,Rx,0,8,0B,00,72,00,00,80,00,00,
0,00000380,false,Rx,0,8,B0,80,00,76,20,00,00,FE,
0,00000380,false,Rx,0,8,B0,80,00,76,20,00,00,FE,
0,00000588,false,Rx,0,8,0B,00,72,00,00,80,00,00,
0,00000380,false,Rx,0,8,B0,80,00,76,20,00,00,FE,
0,00000380,false,Rx,0,8,B0,80,00,76,20,00,00,FE,
0,00000588,false,Rx,0,8,0B,00,72,00,00,80,00,00,
0,00000380,false,Rx,0,8,B0,80,00,76,20,00,00,FE,
0,00000380,false,Rx,0,8,B0,80,00,76,20,00,00,FE,
0,00000588,false,Rx,0,8,0B,00,72,00,00,80,00,00,
0,00000380,false,Rx,0,8,B0,80,00,76,20,00,00,FE,
0,00000380,false,Rx,0,8,B0,80,00,76,20,00,00,FE,
773000,00000588,false,Rx,0,8,0B,00,72,00,00,80,00,00,
0,00000380,false,Rx,0,8,B0,80,00,76,20,00,00,FE,
0,00000380,false,Rx,0,8,B0,80,00,76,20,00,00,FE,
0,00000588,false,Rx,0,8,0B,00,72,00,00,80,00,00,
0,00000380,false,Rx,0,8,B0,80,00,76,20,00,00,FE,
0,00000380,false,Rx,0,8,B0,80,00,76,20,00,00,FE,
809000,00000588,false,Rx,0,8,0B,00,72,00,00,80,00,00,
0,00000380,false,Rx,0,8,B0,80,00,76,20,00,00,FE,
0,00000380,false,Rx,0,8,B0,80,00,76,20,00,00,FE,
0,00000588,false,Rx,0,8,0B,00,72,00,00,80,00,00,
0,00000380,false,Rx,0,8,B0,80,00,76,20,00,00,FE,
0,00000380,false,Rx,0,8,B0,80,00,76,20,00,00,FE,
0,00000588,false,Rx,0,8,0B,00,72,00,00,80,00,00,
0,00000380,false,Rx,0,8,B0,80,00,76,20,00,00,FE,
0,00000380,false,Rx,0,8,B0,80,00,76,20,00,00,FE,
0,00000588,false,Rx,0,8,0B,00,72,00,00,80,00,00,
0,00000380,false,Rx,0,8,B0,80,00,76,20,00,00,FE,
0,00000380,false,Rx,0,8,B0,80,00,76,20,00,00,FE,
0,00000588,false,Rx,0,8,0B,00,72,00,00,80,00,00,
0,00000380,false,Rx,0,8,B0,80,00,76,20,00,00,FE,
0,00000380,false,Rx,0,8,B0,80,00,76,20,00,00,FE,
0,00000588,false,Rx,0,8,0B,00,72,00,00,80,00,00,
0,00000380,false,Rx,0,8,B0,80,00,76,20,00,00,FE,
0,00000380,false,Rx,0,8,B0,80,00,76,20,00,00,FE,
0,00000588,false,Rx,0,8,0B,00,72,00,00,80,00,00,
0,00000380,false,Rx,0,8,B0,80,00,76,20,00,00,FE,
0,00000380,false,Rx,0,8,B0,80,00,76,20,00,00,FE,
953000,00000588,false,Rx,0,8,0B,00,72,00,00,80,00,00,
0,00000380,false,Rx,0,8,B0,80,00,76,20,00,00,FE,
0,00000380,false,Rx,0,8,B0,80,00,76,20,00,00,FE,
0,00000588,false,Rx,0,8,0B,00,72,00,00,80,00,00,
0,00000380,false,Rx,0,8,B0,80,00,76,20,00,00,FE,
0,00000380,false,Rx,0,8,B0,80,00,76,20,00,00,FE,
0,00000588,false,Rx,0,8,0B,00,72,00,00,80,00,00,
0,00000380,false,Rx,0,8,B0,80,00,76,20,00,00,FE,
0,00000380,false,Rx,0,8,B0,80,00,76,20,00,00,FE,
10000,00000588,false,Rx,0,8,0B,00,72,00,00,80,00,00,
0,00000380,false,Rx,0,8,B0,80,00,76,20,00,00,FE,
0,00000380,false,Rx,0,8,B0,80,00,76,20,00,00,FE,
0,00000588,false,Rx,0,8,0B,00,72,00,00,80,00,00,
0,00000380,false,Rx,0,8,B0,80,00,76,20,00,00,FE,
0,00000380,false,Rx,0,8,B0,80,00,76,20,00,00,FE,
0,00000588,false,Rx,0,8,0B,00,72,00,00,80,00,00,
0,00000380,false,Rx,0,8,B0,80,00,76,20,00,00,FE,
0,00000380,false,Rx,0,8,B0,80,00,76,20,00,00,FE,
0,00000588,false,Rx,0,8,0B,00,72,00,00,80,00,00,
0,00000380,false,Rx,0,8,B0,80,00,76,20,00,00,FE,
0,00000380,false,Rx,0,8,B0,80,00,76,20,00,00,FE,
0,00000588,false,Rx,0,8,0B,00,72,00,00,80,00,00,
0,00000380,false,Rx,0,8,B0,80,00,76,20,00,00,FE,
0,00000380,false,Rx,0,8,B0,80,00,76,20,00,00,FE,
0,00000588,false,Rx,0,8,0B,00,72,00,00,80,00,00,
0,00000380,false,Rx,0,8,B0,80,00,76,20,00,00,FE,
0,00000380,false,Rx,0,8,B0,80,00,76,20,00,00,FE,
0,00000588,false,Rx,0,8,0B,00,72,00,00,80,00,00,
0,00000380,false,Rx,0,8,B0,80,00,76,20,00,00,FE,
0,00000380,false,Rx,0,8,B0,80,00,76,20,00,00,FE,
153000,00000588,false,Rx,0,8,0B,00,72,00,00,80,00,00,
0,00000380,false,Rx,0,8,B0,80,00,76,20,00,00,FE,
0,00000380,false,Rx,0,8,B0,80,00,76,20,00,00,FE,
0,00000588,false,Rx,0,8,0B,00,72,00,00,80,00,00,
0,00000380,false,Rx,0,8,B0,80,00,76,20,00,00,FE,
0,00000380,false,Rx,0,8,B0,80,00,76,20,00,00,FE,
191000,00000588,false,Rx,0,8,0B,00,72,00,00,80,00,00,
0,00000380,false,Rx,0,8,B0,80,00,76,20,00,00,FE,
0,00000380,false,Rx,0,8,B0,80,00,76,20,00,00,FE,
0,00000588,false,Rx,0,8,0B,00,72,00,00,80,00,00,
0,00000380,false,Rx,0,8,B0,80,00,76,20,00,00,FE,
0,00000380,false,Rx,0,8,B0,80,00,76,20,00,00,FE,
0,00000588,false,Rx,0,8,0B,00,72,00,00,80,00,00,
0,00000380,false,Rx,0,8,B0,80,00,76,20,00,00,FE,
0,00000380,false,Rx,0,8,B0,80,00,76,20,00,00,FE,
0,00000588,false,Rx,0,8,0B,00,72,00,00,80,00,00,
0,00000380,false,Rx,0,8,B0,80,00,76,20,00,00,FE,
0,00000380,false,Rx,0,8,B0,80,00,76,20,00,00,FE,
0,00000588,false,Rx,0,8,0B,00,72,00,00,80,00,00,
0,00000380,false,Rx,0,8,B0,80,00,76,20,00,00,FE,
0,00000380,false,Rx,0,8,B0,80,00,76,20,00,00,FE,
0,00000588,false,Rx,0,8,0B,00,72,00,00,80,00,00,
0,00000380,false,Rx,0,8,B0,80,00,76,20,00,00,FE,
0,00000380,false,Rx,0,8,B0,80,00,76,20,00,00,FE,
0,00000588,false,Rx,0,8,0B,00,72,00,00,80,00,00,
0,00000380,false,Rx,0,8,B0,80,00,76,20,00,00,FE,
0,00000380,false,Rx,0,8,B0,80,00,76,20,00,00,FE,
334000,00000588,false,Rx,0,8,0B,00,72,00,00,80,00,00,
0,00000380,false,Rx,0,8,B0,80,00,76,20,00,00,FE,
0,00000380,false,Rx,0,8,B0,80,00,76,20,00,00,FE,
0,00000588,false,Rx,0,8,0B,00,72,00,00,80,00,00,
0,00000380,false,Rx,0,8,B0,80,00,76,20,00,00,FE,
0,00000380,false,Rx,0,8,B0,80,00,76,20,00,00,FE,
371000,00000588,false,Rx,0,8,0B,00,72,00,00,80,00,00,
0,00000380,false,Rx,0,8,B0,80,00,76,20,00,00,FE,
0,00000380,false,Rx,0,8,B0,80,00,76,20,00,00,FE,
391000,00000588,false,Rx,0,8,0B,00,72,00,00,80,00,00,
0,00000380,false,Rx,0,8,B0,80,00,76,20,00,00,FE,
0,00000380,false,Rx,0,8,B0,80,00,76,20,00,00,FE,
0,00000588,false,Rx,0,8,0B,00,72,00,00,80,00,00,
0,00000380,false,Rx,0,8,B0,80,00,76,20,00,00,FE,
0,00000380,false,Rx,0,8,B0,80,00,76,20,00,00,FE,
0,00000588,false,Rx,0,8,0B,00,72,00,00,80,00,00,
0,00000380,false,Rx,0,8,B0,80,00,76,20,00,00,FE,
0,00000380,false,Rx,0,8,B0,80,00,76,20,00,00,FE,
0,00000588,false,Rx,0,8,0B,00,72,00,00,80,00,00,
0,00000380,false,Rx,0,8,B0,80,00,76,20,00,00,FE,
0,00000380,false,Rx,0,8,B0,80,00,76,20,00,00,FE,
0,00000588,false,Rx,0,8,0B,00,72,00,00,80,00,00,
0,00000380,false,Rx,0,8,B0,80,00,76,20,00,00,FE,
0,00000380,false,Rx,0,8,B0,80,00,76,20,00,00,FE,
0,00000588,false,Rx,0,8,0B,00,72,00,00,80,00,00,
0,00000380,false,Rx,0,8,B0,80,00,76,20,00,00,FE,
0,00000380,false,Rx,0,8,B0,80,00,76,20,00,00,FE,
0,00000588,false,Rx,0,8,0B,00,72,00,00,80,00,00,
0,00000380,false,Rx,0,8,B0,80,00,76,20,00,00,FE,
0,00000380,false,Rx,0,8,B0,80,00,76,20,00,00,FE,
535000,00000588,false,Rx,0,8,0B,00,72,00,00,80,00,00,
0,00000380,false,Rx,0,8,B0,80,00,76,20,00,00,FE,
0,00000380,false,Rx,0,8,B0,80,00,76,20,00,00,FE,
0,00000588,false,Rx,0,8,0B,00,72,00,00,80,00,00,
0,00000380,false,Rx,0,8,B0,80,00,76,20,00,00,FE,
0,00000380,false,Rx,0,8,B0,80,00,76,20,00,00,FE,
571000,00000588,false,Rx,0,8,0B,00,72,00,00,80,00,00,
0,00000380,false,Rx,0,8,B0,80,00,76,20,00,00,FE,
0,00000380,false,Rx,0,8,B0,80,00,76,20,00,00,FE,
0,00000588,false,Rx,0,8,0B,00,72,00,00,80,00,00,
0,00000380,false,Rx,0,8,B0,80,00,76,20,00,00,FE,
0,00000380,false,Rx,0,8,B0,80,00,76,20,00,00,FE,
0,00000588,false,Rx,0,8,0B,00,72,00,00,80,00,00,
0,00000380,false,Rx,0,8,B0,80,00,76,20,00,00,FE,
0,00000380,false,Rx,0,8,B0,80,00,76,20,00,00,FE,
0,00000588,false,Rx,0,8,0B,00,72,00,00,80,00,00,
0,00000380,false,Rx,0,8,B0,80,00,76,20,00,00,FE,
0,00000380,false,Rx,0,8,B0,80,00,76,20,00,00,FE,
0,00000588,false,Rx,0,8,0B,00,72,00,00,80,00,00,
0,00000380,false,Rx,0,8,B0,80,00,76,20,00,00,FE,
0,00000380,false,Rx,0,8,B0,80,00,76,20,00,00,FE,
0,00000588,false,Rx,0,8,0B,00,72,00,00,80,00,00,
0,00000380,false,Rx,0,8,B0,80,00,76,20,00,00,FE,
0,00000380,false,Rx,0,8,B0,80,00,76,20,00,00,FE,
0,00000588,false,Rx,0,8,0B,00,72,00,00,80,00,00,
0,00000380,false,Rx,0,8,B0,80,00,76,20,00,00,FE,
0,00000380,false,Rx,0,8,B0,80,00,76,20,00,00,FE,
715000,00000588,false,Rx,0,8,0B,00,72,00,00,80,00,00,
0,00000380,false,Rx,0,8,B0,80,00,76,20,00,00,FE,
0,00000380,false,Rx,0,8,B0,80,00,76,20,00,00,FE,
0,00000588,false,Rx,0,8,0B,00,72,00,00,80,00,00,
0,00000380,false,Rx,0,8,B0,80,00,76,20,00,00,FE,
0,00000380,false,Rx,0,8,B0,80,00,76,20,00,00,FE,
751000,00000588,false,Rx,0,8,0B,00,72,00,00,80,00,00,
0,00000380,false,Rx,0,8,B0,80,00,76,20,00,00,FE,
0,00000380,false,Rx,0,8,B0,80,00,76,20,00,00,FE,
0,00000284,false,Rx,0,6,0B,0B,00,00,00,00,00,00,
0,00000380,false,Rx,0,8,B0,80,00,76,20,00,00,FE,
0,00000380,false,Rx,0,8,B0,80,00,76,20,00,00,FE,
0,00000588,false,Rx,0,8,0B,00,72,00,00,80,00,00,
0,00000380,false,Rx,0,8,B0,80,00,76,20,00,00,FE,
0,00000380,false,Rx,0,8,B0,80,00,76,20,00,00,FE,
0,00000284,false,Rx,0,6,0D,0D,00,00,00,00,00,00,
0,00000380,false,Rx,0,8,B0,80,00,76,20,00,00,FE,
0,00000380,false,Rx,0,8,B0,80,00,76,20,00,00,FE,
0,00000588,false,Rx,0,8,0B,00,72,00,00,80,00,00,
0,00000380,false,Rx,0,8,B0,80,00,76,20,00,00,FE,
0,00000380,false,Rx,0,8,B0,80,00,76,20,00,00,FE,
0,00000588,false,Rx,0,8,0B,00,72,00,00,80,00,00,
0,00000380,false,Rx,0,8,B0,80,00,76,20,00,00,FE,
0,00000380,false,Rx,0,8,B0,80,00,76,20,00,00,FE,
0,00000588,false,Rx,0,8,0B,00,72,00,00,80,00,00,
0,00000380,false,Rx,0,8,B0,80,00,76,20,00,00,FE,
0,00000380,false,Rx,0,8,B0,80,00,76,20,00,00,FE,
0,00000284,false,Rx,0,6,01,01,00,00,00,00,00,00,
0,00000380,false,Rx,0,8,B0,80,00,76,20,00,00,FE,
0,00000380,false,Rx,0,8,B0,80,00,76,20,00,00,FE,
0,00000284,false,Rx,0,6,02,02,00,00,00,00,00,00,
0,00000380,false,Rx,0,8,B0,80,00,76,20,00,00,FE,
0,00000380,false,Rx,0,8,B0,80,00,76,20,00,00,FE,
0,00000588,false,Rx,0,8,0B,00,72,00,00,80,00,00,
0,00000380,false,Rx,0,8,B0,80,00,76,20,00,00,FE,
0,00000380,false,Rx,0,8,B0,80,00,76,20,00,00,FE,
0,00000284,false,Rx,0,6,04,04,00,00,00,00,00,00,
0,00000380,false,Rx,0,8,B0,80,00,76,20,00,00,FE,
0,00000380,false,Rx,0,8,B0,80,00,76,20,00,00,FE,
0,00000588,false,Rx,0,8,0B,00,72,00,00,80,00,00,
0,00000380,false,Rx,0,8,B0,80,00,76,20,00,00,FE,
0,00000380,false,Rx,0,8,B0,80,00,76,20,00,00,FE,
0,00000284,false,Rx,0,6,06,06,00,00,00,00,00,00,
0,00000380,false,Rx,0,8,B0,80,00,76,20,00,00,FE,
0,00000380,false,Rx,0,8,B0,80,00,76,20,00,00,FE,
0,00000588,false,Rx,0,8,0B,00,72,00,00,80,00,00,
0,00000380,false,Rx,0,8,B0,80,00,76,20,00,00,FE,
0,00000380,false,Rx,0,8,B0,80,00,76,20,00,00,FE,
0,00000588,false,Rx,0,8,0B,00,72,00,00,80,00,00,
0,00000380,false,Rx,0,8,B0,80,00,76,20,00,00,FE,
0,00000380,false,Rx,0,8,B0,80,00,76,20,00,00,FE,
0,00000588,false,Rx,0,8,0B,00,72,00,00,80,00,00,
0,00000380,false,Rx,0,8,B0,80,00,76,20,00,00,FE,
0,00000380,false,Rx,0,8,B0,80,00,76,20,00,00,FE,
0,00000588,false,Rx,0,8,0B,00,72,00,00,80,00,00,
0,00000380,false,Rx,0,8,B0,80,00,76,20,00,00,FE,
0,00000380,false,Rx,0,8,B0,80,00,76,20,00,00,FE,
0,00000588,false,Rx,0,8,0B,00,72,00,00,80,00,00,
0,00000380,false,Rx,0,8,B0,80,00,76,20,00,00,FE,
0,00000380,false,Rx,0,8,B0,80,00,76,20,00,00,FE,
0,00000588,false,Rx,0,8,0B,00,72,00,00,80,00,00,
0,00000380,false,Rx,0,8,B0,80,00,76,20,00,00,FE,
0,00000380,false,Rx,0,8,B0,80,00,76,20,00,00,FE,
137000,00000588,false,Rx,0,8,0B,00,72,00,00,80,00,00,
0,00000380,false,Rx,0,8,B0,80,00,76,20,00,00,FE,
0,00000380,false,Rx,0,8,B0,80,00,76,20,00,00,FE,
0,00000588,false,Rx,0,8,0B,00,72,00,00,80,00,00,
0,00000380,false,Rx,0,8,B0,80,00,76,20,00,00,FE,
0,00000380,false,Rx,0,8,B0,80,00,76,20,00,00,FE,
173000,00000588,false,Rx,0,8,0B,00,72,00,00,80,00,00,
0,00000380,false,Rx,0,8,B0,80,00,76,20,00,00,FE,
0,00000380,false,Rx,0,8,B0,80,00,76,20,00,00,FE,
194000,00000588,false,Rx,0,8,0B,00,72,00,00,80,00,00,
0,00000380,false,Rx,0,8,B0,80,00,76,20,00,00,FE,
0,00000380,false,Rx,0,8,B0,80,00,76,20,00,00,FE,
0,00000588,false,Rx,0,8,0B,00,72,00,00,80,00,00,
0,00000380,false,Rx,0,8,B0,80,00,76,20,00,00,FE,
0,00000380,false,Rx,0,8,B0,80,00,76,20,00,00,FE,
0,00000588,false,Rx,0,8,0B,00,72,00,00,80,00,00,
0,00000380,false,Rx,0,8,B0,80,00,76,20,00,00,FE,
0,00000380,false,Rx,0,8,B0,80,00,76,20,00,00,FE,
0,00000588,false,Rx,0,8,0B,00,72,00,00,80,00,00,
0,00000380,false,Rx,0,8,B0,80,00,76,20,00,00,FE,
0,00000380,false,Rx,0,8,B0,80,00,76,20,00,00,FE,
0,00000588,false,Rx,0,8,0B,00,72,00,00,80,00,00,
0,00000380,false,Rx,0,8,B0,80,00,76,20,00,00,FE,
0,00000380,false,Rx,0,8,B0,80,00,76,20,00,00,FE,
0,00000588,false,Rx,0,8,0B,00,72,00,00,80,00,00,
0,00000380,false,Rx,0,8,B0,80,00,76,20,00,00,FE,
0,00000380,false,Rx,0,8,B0,80,00,76,20,00,00,FE,
0,00000588,false,Rx,0,8,0B,00,72,00,00,80,00,00,
0,00000380,false,Rx,0,8,B0,80,00,76,20,00,00,FE,
0,00000380,false,Rx,0,8,B0,80,00,76,20,00,00,FE,
337000,00000588,false,Rx,0,8,0B,00,72,00,00,80,00,00,
0,00000380,false,Rx,0,8,B0,80,00,76,20,00,00,FE,
0,00000380,false,Rx,0,8,B0,80,00,76,20,00,00,FE,
0,00000588,false,Rx,0,8,0B,00,72,00,00,80,00,00,
0,00000380,false,Rx,0,8,B0,80,00,76,20,00,00,FE,
0,00000380,false,Rx,0,8,B0,80,00,76,20,00,00,FE,
374000,00000588,false,Rx,0,8,0B,00,72,00,00,80,00,00,
0,00000380,false,Rx,0,8,B0,80,00,76,20,00,00,FE,
0,00000380,false,Rx,0,8,B0,80,00,76,20,00,00,FE,
0,00000588,false,Rx,0,8,0B,00,72,00,00,80,00,00,
0,00000380,false,Rx,0,8,B0,80,00,76,20,00,00,FE,
0,00000380,false,Rx,0,8,B0,80,00,76,20,00,00,FE,
0,00000588,false,Rx,0,8,0B,00,72,00,00,80,00,00,
0,00000380,false,Rx,0,8,B0,80,00,76,20,00,00,FE,
0,00000380,false,Rx,0,8,B0,80,00,76,20,00,00,FE,
0,00000588,false,Rx,0,8,0B,00,72,00,00,80,00,00,
0,00000380,false,Rx,0,8,B0,80,00,76,20,00,00,FE,
0,00000380,false,Rx,0,8,B0,80,00,76,20,00,00,FE,
0,00000588,false,Rx,0,8,0B,00,72,00,00,80,00,00,
0,00000380,false,Rx,0,8,B0,80,00,76,20,00,00,FE,
0,00000380,false,Rx,0,8,B0,80,00,76,20,00,00,FE,
0,00000588,false,Rx,0,8,0B,00,72,00,00,80,00,00,
0,00000380,false,Rx,0,8,B0,80,00,76,20,00,00,FE,
0,00000380,false,Rx,0,8,B0,80,00,76,20,00,00,FE,
0,00000588,false,Rx,0,8,0B,00,72,00,00,80,00,00,
0,00000380,false,Rx,0,8,B0,80,00,76,20,00,00,FE,
0,00000380,false,Rx,0,8,B0,80,00,76,20,00,00,FE,
518000,00000588,false,Rx,0,8,0B,00,72,00,00,80,00,00,
0,00000380,false,Rx,0,8,B0,80,00,76,20,00,00,FE,
0,00000380,false,Rx,0,8,B0,80,00,76,20,00,00,FE,
0,00000588,false,Rx,0,8,0B,00,72,00,00,80,00,00,
0,00000380,false,Rx,0,8,B0,80,00,76,20,00,00,FE,
0,00000380,false,Rx,0,8,B0,80,00,76,20,00,00,FE,
554000,00000588,false,Rx,0,8,0B,00,72,00,00,80,00,00,
0,00000380,false,Rx,0,8,B0,80,00,76,20,00,00,FE,
0,00000380,false,Rx,0,8,B0,80,00,76,20,00,00,FE,
0,00000588,false,Rx,0,8,0B,00,72,00,00,80,00,00,
0,00000380,false,Rx,0,8,B0,80,00,76,20,00,00,FE,
0,00000380,false,Rx,0,8,B0,80,00,76,20,00,00,FE,
0,00000588,false,Rx,0,8,0B,00,72,00,00,80,00,00,
0,00000380,false,Rx,0,8,B0,80,00,76,20,00,00,FE,
0,00000380,false,Rx,0,8,B0,80,00,76,20,00,00,FE,
0,00000588,false,Rx,0,8,0B,00,72,00,00,80,00,00,
0,00000380,false,Rx,0,8,B0,80,00,76,20,00,00,FE,
0,00000380,false,Rx,0,8,B0,80,00,76,20,00,00,FE,
0,00000588,false,Rx,0,8,0B,00,72,00,00,80,00,00,
0,00000380,false,Rx,0,8,B0,80,00,76,20,00,00,FE,
0,00000380,false,Rx,0,8,B0,80,00,76,20,00,00,FE,
0,00000588,false,Rx,0,8,0B,00,72,00,00,80,00,00,
0,00000380,false,Rx,0,8,B0,80,00,76,20,00,00,FE,
0,00000380,false,Rx,0,8,B0,80,00,76,20,00,00,FE,
0,00000588,false,Rx,0,8,0B,00,72,00,00,80,00,00,
0,00000380,false,Rx,0,8,B0,80,00,76,20,00,00,FE,
0,00000380,false,Rx,0,8,B0,80,00,76,20,00,00,FE,
0,00000588,false,Rx,0,8,0B,00,72,00,00,80,00,00,
0,00000380,false,Rx,0,8,B0,80,00,76,20,00,00,FE,
0,00000380,false,Rx,0,8,B0,80,00,76,20,00,00,FE,
0,00000588,false,Rx,0,8,0B,00,72,00,00,80,00,00,
0,00000380,false,Rx,0,8,B0,80,00,76,20,00,00,FE,
0,00000380,false,Rx,0,8,B0,80,00,76,20,00,00,FE,
0,00000588,false,Rx,0,8,0B,00,72,00,00,80,00,00,
0,00000380,false,Rx,0,8,B0,80,00,76,20,00,00,FE,
0,00000380,false,Rx,0,8,B0,80,00,76,20,00,00,FE,
755000,00000588,false,Rx,0,8,0B,00,72,00,00,80,00,00,
0,00000380,false,Rx,0,8,B0,80,00,76,20,00,00,FE,
0,00000380,false,Rx,0,8,B0,80,00,76,20,00,00,FE,
0,00000588,false,Rx,0,8,0B,00,72,00,00,80,00,00,
0,00000380,false,Rx,0,8,B0,80,00,76,20,00,00,FE,
0,00000380,false,Rx,0,8,B0,80,00,76,20,00,00,FE,
0,00000588,false,Rx,0,8,0B,00,72,00,00,80,00,00,
0,00000380,false,Rx,0,8,B0,80,00,76,20,00,00,FE,
0,00000380,false,Rx,0,8,B0,80,00,76,20,00,00,FE,
0,00000588,false,Rx,0,8,0B,00,72,00,00,80,00,00,
0,00000380,false,Rx,0,8,B0,80,00,76,20,00,00,FE,
0,00000380,false,Rx,0,8,B0,80,00,76,20,00,00,FE,
0,00000588,false,Rx,0,8,0B,00,72,00,00,80,00,00,
0,00000380,false,Rx,0,8,B0,80,00,76,20,00,00,FE,
0,00000380,false,Rx,0,8,B0,80,00,76,20,00,00,FE,
0,00000588,false,Rx,0,8,0B,00,72,00,00,80,00,00,
0,00000380,false,Rx,0,8,B0,80,00,76,20,00,00,FE,
0,00000380,false,Rx,0,8,B0,80,00,76,20,00,00,FE,
0,00000588,false,Rx,0,8,0B,00,72,00,00,80,00,00,
0,00000380,false,Rx,0,8,B0,80,00,76,20,00,00,FE,
0,00000380,false,Rx,0,8,B0,80,00,76,20,00,00,FE,
899000,00000588,false,Rx,0,8,0B,00,72,00,00,80,00,00,
0,00000380,false,Rx,0,8,B0,80,00,76,20,00,00,FE,
0,00000380,false,Rx,0,8,B0,80,00,76,20,00,00,FE,
0,00000588,false,Rx,0,8,0B,00,72,00,00,80,00,00,
0,00000380,false,Rx,0,8,B0,80,00,76,20,00,00,FE,
0,00000380,false,Rx,0,8,B0,80,00,76,20,00,00,FE,
935000,00000588,false,Rx,0,8,0B,00,72,00,00,80,00,00,
0,00000380,false,Rx,0,8,B0,80,00,76,20,00,00,FE,
0,00000380,false,Rx,0,8,B0,80,00,76,20,00,00,FE,
0,00000588,false,Rx,0,8,0B,00,72,00,00,80,00,00,
0,00000380,false,Rx,0,8,B0,80,00,76,20,00,00,FE,
0,00000380,false,Rx,0,8,B0,80,00,76,20,00,00,FE,
0,00000588,false,Rx,0,8,0B,00,72,00,00,80,00,00,
0,00000380,false,Rx,0,8,B0,80,00,76,20,00,00,FE,
0,00000380,false,Rx,0,8,B0,80,00,76,20,00,00,FE,
0,00000588,false,Rx,0,8,0B,00,72,00,00,80,00,00,
0,00000380,false,Rx,0,8,B0,80,00,76,20,00,00,FE,
0,00000380,false,Rx,0,8,B0,80,00,76,20,00,00,FE,
0,00000588,false,Rx,0,8,0B,00,72,00,00,80,00,00,
0,00000380,false,Rx,0,8,B0,80,00,76,20,00,00,FE,
0,00000380,false,Rx,0,8,B0,80,00,76,20,00,00,FE,
0,00000588,false,Rx,0,8,0B,00,72,00,00,80,00,00,
0,00000380,false,Rx,0,8,B0,80,00,76,20,00,00,FE,
0,00000380,false,Rx,0,8,B0,80,00,76,20,00,00,FE,
0,00000588,false,Rx,0,8,0B,00,72,00,00,80,00,00,
0,00000380,false,Rx,0,8,B0,80,00,76,20,00,00,FE,
0,00000380,false,Rx,0,8,B0,80,00,76,20,00,00,FE,
79000,00000588,false,Rx,0,8,0B,00,72,00,00,80,00,00,
0,00000380,false,Rx,0,8,B0,80,00,76,20,00,00,FE,
0,00000380,false,Rx,0,8,B0,80,00,76,20,00,00,FE,
0,00000588,false,Rx,0,8,0B,00,72,00,00,80,00,00,
0,00000380,false,Rx,0,8,B0,80,00,76,20,00,00,FE,
0,00000380,false,Rx,0,8,B0,80,00,76,20,00,00,FE,
116000,00000588,false,Rx,0,8,0B,00,72,00,00,80,00,00,
0,00000380,false,Rx,0,8,B0,80,00,76,20,00,00,FE,
0,00000380,false,Rx,0,8,B0,80,00,76,20,00,00,FE,
136000,00000588,false,Rx,0,8,0B,00,72,00,00,80,00,00,
0,00000380,false,Rx,0,8,B0,80,00,76,20,00,00,FE,
0,00000380,false,Rx,0,8,B0,80,00,76,20,00,00,FE,
0,00000588,false,Rx,0,8,0B,00,72,00,00,80,00,00,
0,00000380,false,Rx,0,8,B0,80,00,76,20,00,00,FE,
0,00000380,false,Rx,0,8,B0,80,00,76,20,00,00,FE,
0,00000588,false,Rx,0,8,0B,00,72,00,00,80,00,00,
0,00000380,false,Rx,0,8,B0,80,00,76,20,00,00,FE,
0,00000380,false,Rx,0,8,B0,80,00,76,20,00,00,FE,
0,00000588,false,Rx,0,8,0B,00,72,00,00,80,00,00,
0,00000380,false,Rx,0,8,B0,80,00,76,20,00,00,FE,
0,00000380,false,Rx,0,8,B0,80,00,76,20,00,00,FE,
0,00000588,false,Rx,0,8,0B,00,72,00,00,80,00,00,
0,00000380,false,Rx,0,8,B0,80,00,76,20,00,00,FE,
0,00000380,false,Rx,0,8,B0,80,00,76,20,00,00,FE,
0,00000588,false,Rx,0,8,0B,00,72,00,00,80,00,00,
0,00000380,false,Rx,0,8,B0,80,00,76,20,00,00,FE,
0,00000380,false,Rx,0,8,B0,80,00,76,20,00,00,FE,
0,00000588,false,Rx,0,8,0B,00,72,00,00,80,00,00,
0,00000380,false,Rx,0,8,B0,80,00,76,20,00,00,FE,
0,00000380,false,Rx,0,8,B0,80,00,76,20,00,00,FE,
279000,00000588,false,Rx,0,8,0B,00,72,00,00,80,00,00,
0,00000380,false,Rx,0,8,B0,80,00,76,20,00,00,FE,
0,00000380,false,Rx,0,8,B0,80,00,76,20,00,00,FE,
0,00000588,false,Rx,0,8,0B,00,72,00,00,80,00,00,
0,00000380,false,Rx,0,8,B0,80,00,76,20,00,00,FE,
0,00000380,false,Rx,0,8,B0,80,00,76,20,00,00,FE,
316000,00000588,false,Rx,0,8,0B,00,72,00,00,80,00,00,
0,00000380,false,Rx,0,8,B0,80,00,76,20,00,00,FE,
0,00000380,false,Rx,0,8,B0,80,00,76,20,00,00,FE,
0,00000588,false,Rx,0,8,0B,00,72,00,00,80,00,00,
0,00000380,false,Rx,0,8,B0,80,00,76,20,00,00,FE,
0,00000380,false,Rx,0,8,B0,80,00,76,20,00,00,FE,
0,00000588,false,Rx,0,8,0B,00,72,00,00,80,00,00,
0,00000380,false,Rx,0,8,B0,80,00,76,20,00,00,FE,
0,00000380,false,Rx,0,8,B0,80,00,76,20,00,00,FE,
0,00000588,false,Rx,0,8,0B,00,72,00,00,80,00,00,
0,00000380,false,Rx,0,8,B0,80,00,76,20,00,00,FE,
0,00000380,false,Rx,0,8,B0,80,00,76,20,00,00,FE,
0,00000588,false,Rx,0,8,0B,00,72,00,00,80,00,00,
0,00000380,false,Rx,0,8,B0,80,00,76,20,00,00,FE,
0,00000380,false,Rx,0,8,B0,80,00,76,20,00,00,FE,
0,00000588,false,Rx,0,8,0B,00,72,00,00,80,00,00,
0,00000380,false,Rx,0,8,B0,80,00,76,20,00,00,FE,
0,00000380,false,Rx,0,8,B0,80,00,76,20,00,00,FE,
0,00000588,false,Rx,0,8,0B,00,72,00,00,80,00,00,
0,00000380,false,Rx,0,8,B0,80,00,76,20,00,00,FE,
0,00000380,false,Rx,0,8,B0,80,00,76,20,00,00,FE,
460000,00000588,false,Rx,0,8,0B,00,72,00,00,80,00,00,
0,00000380,false,Rx,0,8,B0,80,00,76,20,00,00,FE,
0,00000380,false,Rx,0,8,B0,80,00,76,20,00,00,FE,
0,00000588,false,Rx,0,8,0B,00,72,00,00,80,00,00,
0,00000380,false,Rx,0,8,B0,80,00,76,20,00,00,FE,
0,00000380,false,Rx,0,8,B0,80,00,76,20,00,00,FE,
496000,00000588,false,Rx,0,8,0B,00,72,00,00,80,00,00,
0,00000380,false,Rx,0,8,B0,80,00,76,20,00,00,FE,
0,00000380,false,Rx,0,8,B0,80,00,76,20,00,00,FE,
0,00000588,false,Rx,0,8,0B,00,72,00,00,80,00,00,
0,00000380,false,Rx,0,8,B0,80,00,76,20,00,00,FE,
0,00000380,false,Rx,0,8,B0,80,00,76,20,00,00,FE,
0,00000588,false,Rx,0,8,0B,00,72,00,00,80,00,00,
0,00000380,false,Rx,0,8,B0,80,00,76,20,00,00,FE,
0,00000380,false,Rx,0,8,B0,80,00,76,20,00,00,FE,
0,00000588,false,Rx,0,8,0B,00,72,00,00,80,00,00,
0,00000380,false,Rx,0,8,B0,80,00,76,20,00,00,FE,
0,00000380,false,Rx,0,8,B0,80,00,76,20,00,00,FE,
0,00000588,false,Rx,0,8,0B,00,72,00,00,80,00,00,
0,00000380,false,Rx,0,8,B0,80,00,76,20,00,00,FE,
0,00000380,false,Rx,0,8,B0,80,00,76,20,00,00,FE,
0,00000588,false,Rx,0,8,0B,00,72,00,00,80,00,00,
0,00000380,false,Rx,0,8,B0,80,00,76,20,00,00,FE,
0,00000380,false,Rx,0,8,B0,80,00,76,20,00,00,FE,
0,00000588,false,Rx,0,8,0B,00,72,00,00,80,00,00,
0,00000380,false,Rx,0,8,B0,80,00,76,20,00,00,FE,
0,00000380,false,Rx,0,8,B0,80,00,76,20,00,00,FE,
0,00000588,false,Rx,0,8,0B,00,72,00,00,80,00,00,
0,00000380,false,Rx,0,8,B0,80,00,76,20,00,00,FE,
0,00000380,false,Rx,0,8,B0,80,00,76,20,00,00,FE,
660000,00000588,false,Rx,0,8,0B,00,72,00,00,80,00,00,
0,00000380,false,Rx,0,8,B0,80,00,76,20,00,00,FE,
0,00000380,false,Rx,0,8,B0,80,00,76,20,00,00,FE,
0,00000588,false,Rx,0,8,0B,00,72,00,00,80,00,00,
0,00000380,false,Rx,0,8,B0,80,00,76,20,00,00,FE,
0,00000380,false,Rx,0,8,B0,80,00,76,20,00,00,FE,
697000,00000588,false,Rx,0,8,0B,00,72,00,00,80,00,00,
0,00000380,false,Rx,0,8,B0,80,00,76,20,00,00,FE,
0,00000380,false,Rx,0,8,B0,80,00,76,20,00,00,FE,
0,00000588,false,Rx,0,8,0B,00,72,00,00,80,00,00,
0,00000380,false,Rx,0,8,B0,80,00,76,20,00,00,FE,
0,00000380,false,Rx,0,8,B0,80,00,76,20,00,00,FE,
0,00000588,false,Rx,0,8,0B,00,72,00,00,80,00,00,
0,00000380,false,Rx,0,8,B0,80,00,76,20,00,00,FE,
0,00000380,false,Rx,0,8,B0,80,00,76,20,00,00,FE,
0,00000588,false,Rx,0,8,0B,00,72,00,00,80,00,00,
0,00000380,false,Rx,0,8,B0,80,00,76,20,00,00,FE,
0,00000380,false,Rx,0,8,B0,80,00,76,20,00,00,FE,
0,00000588,false,Rx,0,8,0B,00,72,00,00,80,00,00,
0,00000380,false,Rx,0,8,B0,80,00,76,20,00,00,FE,
0,00000380,false,Rx,0,8,B0,80,00,76,20,00,00,FE,
0,00000588,false,Rx,0,8,0B,00,72,00,00,80,00,00,
0,00000380,false,Rx,0,8,B0,80,00,76,20,00,00,FE,
0,00000380,false,Rx,0,8,B0,80,00,76,20,00,00,FE,
0,00000588,false,Rx,0,8,0B,00,72,00,00,80,00,00,
0,00000380,false,Rx,0,8,B0,80,00,76,20,00,00,FE,
0,00000380,false,Rx,0,8,B0,80,00,76,20,00,00,FE,
841000,00000588,false,Rx,0,8,0B,00,72,00,00,80,00,00,
0,00000380,false,Rx,0,8,B0,80,00,76,20,00,00,FE,
0,00000380,false,Rx,0,8,B0,80,00,76,20,00,00,FE,
0,00000588,false,Rx,0,8,0B,00,72,00,00,80,00,00,
0,00000380,false,Rx,0,8,B0,80,00,76,20,00,00,FE,
0,00000380,false,Rx,0,8,B0,80,00,76,20,00,00,FE,
877000,00000588,false,Rx,0,8,0B,00,72,00,00,80,00,00,
0,00000380,false,Rx,0,8,B0,80,00,76,20,00,00,FE,
0,00000380,false,Rx,0,8,B0,80,00,76,20,00,00,FE,
0,00000588,false,Rx,0,8,0B,00,72,00,00,80,00,00,
0,00000380,false,Rx,0,8,B0,80,00,76,20,00,00,FE,
0,00000380,false,Rx,0,8,B0,80,00,76,20,00,00,FE,
0,00000588,false,Rx,0,8,0B,00,72,00,00,80,00,00,
0,00000380,false,Rx,0,8,B0,80,00,76,20,00,00,FE,
0,00000380,false,Rx,0,8,B0,80,00,76,20,00,00,FE,
0,00000588,false,Rx,0,8,0B,00,72,00,00,80,00,00,
0,00000380,false,Rx,0,8,B0,80,00,76,20,00,00,FE,
0,00000380,false,Rx,0,8,B0,80,00,76,20,00,00,FE,
0,00000588,false,Rx,0,8,0B,00,72,00,00,80,00,00,
0,00000380,false,Rx,0,8,B0,80,00,76,20,00,00,FE,
0,00000380,false,Rx,0,8,B0,80,00,76,20,00,00,FE,
0,00000588,false,Rx,0,8,0B,00,72,00,00,80,00,00,
0,00000380,false,Rx,0,8,B0,80,00,76,20,00,00,FE,
0,00000380,false,Rx,0,8,B0,80,00,76,20,00,00,FE,
0,00000588,false,Rx,0,8,0B,00,72,00,00,80,00,00,
0,00000380,false,Rx,0,8,B0,80,00,76,20,00,00,FE,
0,00000380,false,Rx,0,8,B0,80,00,76,20,00,00,FE,
21000,00000588,false,Rx,0,8,0B,00,72,00,00,80,00,00,
0,00000380,false,Rx,0,8,B0,80,00,76,20,00,00,FE,
0,00000380,false,Rx,0,8,B0,80,00,76,20,00,00,FE,
0,00000588,false,Rx,0,8,0B,00,72,00,00,80,00,00,
0,00000380,false,Rx,0,8,B0,80,00,76,20,00,00,FE,
0,00000380,false,Rx,0,8,B0,80,00,76,20,00,00,FE,
0,00000588,false,Rx,0,8,0B,00,72,00,00,80,00,00,
0,00000380,false,Rx,0,8,B0,80,00,76,20,00,00,FE,
0,00000380,false,Rx,0,8,B0,80,00,76,20,00,00,FE,
78000,00000588,false,Rx,0,8,0B,00,72,00,00,80,00,00,
0,00000380,false,Rx,0,8,B0,80,00,76,20,00,00,FE,
0,00000380,false,Rx,0,8,B0,80,00,76,20,00,00,FE,
0,00000588,false,Rx,0,8,0B,00,72,00,00,80,00,00,
0,00000380,false,Rx,0,8,B0,80,00,76,20,00,00,FE,
0,00000380,false,Rx,0,8,B0,80,00,76,20,00,00,FE,
0,00000588,false,Rx,0,8,0B,00,72,00,00,80,00,00,
0,00000380,false,Rx,0,8,B0,80,00,76,20,00,00,FE,
0,00000380,false,Rx,0,8,B0,80,00,76,20,00,00,FE,
0,00000588,false,Rx,0,8,0B,00,72,00,00,80,00,00,
0,00000380,false,Rx,0,8,B0,80,00,76,20,00,00,FE,
0,00000380,false,Rx,0,8,B0,80,00,76,20,00,00,FE,
0,00000588,false,Rx,0,8,0B,00,72,00,00,80,00,00,
0,00000380,false,Rx,0,8,B0,80,00,76,20,00,00,FE,
0,00000380,false,Rx,0,8,B0,80,00,76,20,00,00,FE,
0,00000588,false,Rx,0,8,0B,00,72,00,00,80,00,00,
0,00000380,false,Rx,0,8,B0,80,00,76,20,00,00,FE,
0,00000380,false,Rx,0,8,B0,80,00,76,20,00,00,FE,
0,00000588,false,Rx,0,8,0B,00,72,00,00,80,00,00,
0,00000380,false,Rx,0,8,B0,80,00,76,20,00,00,FE,
0,00000380,false,Rx,0,8,B0,80,00,76,20,00,00,FE,
222000,00000588,false,Rx,0,8,0B,00,72,00,00,80,00,00,
0,00000380,false,Rx,0,8,B0,80,00,76,20,00,00,FE,
0,00000380,false,Rx,0,8,B0,80,00,76,20,00,00,FE,
0,00000588,false,Rx,0,8,0B,00,72,00,00,80,00,00,
0,00000380,false,Rx,0,8,B0,80,00,76,20,00,00,FE,
0,00000380,false,Rx,0,8,B0,80,00,76,20,00,00,FE,
258000,00000588,false,Rx,0,8,0B,00,72,00,00,80,00,00,
0,00000380,false,Rx,0,8,B0,80,00,76,20,00,00,FE,
0,00000380,false,Rx,0,8,B0,80,00,76,20,00,00,FE,
0,00000588,false,Rx,0,8,0B,00,72,00,00,80,00,00,
0,00000380,false,Rx,0,8,B0,80,00,76,20,00,00,FE,
0,00000380,false,Rx,0,8,B0,80,00,76,20,00,00,FE,
0,00000588,false,Rx,0,8,0B,00,72,00,00,80,00,00,
0,00000380,false,Rx,0,8,B0,80,00,76,20,00,00,FE,
0,00000380,false,Rx,0,8,B0,80,00,76,20,00,00,FE,
0,00000588,false,Rx,0,8,0B,00,72,00,00,80,00,00,
0,00000380,false,Rx,0,8,B0,80,00,76,20,00,00,FE,
0,00000380,false,Rx,0,8,B0,80,00,76,20,00,00,FE,
0,00000588,false,Rx,0,8,0B,00,72,00,00,80,00,00,
0,00000380,false,Rx,0,8,B0,80,00,76,20,00,00,FE,
0,00000380,false,Rx,0,8,B0,80,00,76,20,00,00,FE,
0,00000588,false,Rx,0,8,0B,00,72,00,00,80,00,00,
0,00000380,false,Rx,0,8,B0,80,00,76,20,00,00,FE,
0,00000380,false,Rx,0,8,B0,80,00,76,20,00,00,FE,
0,00000588,false,Rx,0,8,0B,00,72,00,00,80,00,00,
0,00000380,false,Rx,0,8,B0,80,00,76,20,00,00,FE,
0,00000380,false,Rx,0,8,B0,80,00,76,20,00,00,FE,
402000,00000588,false,Rx,0,8,0B,00,72,00,00,80,00,00,
0,00000380,false,Rx,0,8,B0,80,00,76,20,00,00,FE,
0,00000380,false,Rx,0,8,B0,80,00,76,20,00,00,FE,
0,00000588,false,Rx,0,8,0B,00,72,00,00,80,00,00,
0,00000380,false,Rx,0,8,B0,80,00,76,20,00,00,FE,
0,00000380,false,Rx,0,8,B0,80,00,76,20,00,00,FE,
439000,00000588,false,Rx,0,8,0B,00,72,00,00,80,00,00,
0,00000380,false,Rx,0,8,B0,80,00,76,20,00,00,FE,
0,00000380,false,Rx,0,8,B0,80,00,76,20,00,00,FE,
0,00000588,false,Rx,0,8,0B,00,72,00,00,80,00,00,
0,00000380,false,Rx,0,8,B0,80,00,76,20,00,00,FE,
0,00000380,false,Rx,0,8,B0,80,00,76,20,00,00,FE,
0,00000588,false,Rx,0,8,0B,00,72,00,00,80,00,00,
0,00000380,false,Rx,0,8,B0,80,00,76,20,00,00,FE,
0,00000380,false,Rx,0,8,B0,80,00,76,20,00,00,FE,
0,00000588,false,Rx,0,8,0B,00,72,00,00,80,00,00,
0,00000380,false,Rx,0,8,B0,80,00,76,20,00,00,FE,
0,00000380,false,Rx,0,8,B0,80,00,76,20,00,00,FE,
0,00000588,false,Rx,0,8,0B,00,72,00,00,80,00,00,
0,00000380,false,Rx,0,8,B0,80,00,76,20,00,00,FE,
0,00000380,false,Rx,0,8,B0,80,00,76,20,00,00,FE,
0,00000588,false,Rx,0,8,0B,00,72,00,00,80,00,00,
0,00000380,false,Rx,0,8,B0,80,00,76,20,00,00,FE,
0,00000380,false,Rx,0,8,B0,80,00,76,20,00,00,FE,
0,00000588,false,Rx,0,8,0B,00,72,00,00,80,00,00,
0,00000380,false,Rx,0,8,B0,80,00,76,20,00,00,FE,
0,00000380,false,Rx,0,8,B0,80,00,76,20,00,00,FE,
0,00000588,false,Rx,0,8,0B,00,72,00,00,80,00,00,
0,00000380,false,Rx,0,8,B0,80,00,76,20,00,00,FE,
0,00000380,false,Rx,0,8,B0,80,00,76,20,00,00,FE,
602000,00000588,false,Rx,0,8,0B,00,72,00,00,80,00,00,
0,00000380,false,Rx,0,8,B0,80,00,76,20,00,00,FE,
0,00000380,false,Rx,0,8,B0,80,00,76,20,00,00,FE,
0,00000588,false,Rx,0,8,0B,00,72,00,00,80,00,00,
0,00000380,false,Rx,0,8,B0,80,00,76,20,00,00,FE,
0,00000380,false,Rx,0,8,B0,80,00,76,20,00,00,FE,
640000,00000588,false,Rx,0,8,0B,00,72,00,00,80,00,00,
0,00000380,false,Rx,0,8,B0,80,00,76,20,00,00,FE,
0,00000380,false,Rx,0,8,B0,80,00,76,20,00,00,FE,
0,00000588,false,Rx,0,8,0B,00,72,00,00,80,00,00,
0,00000380,false,Rx,0,8,B0,80,00,76,20,00,00,FE,
0,00000380,false,Rx,0,8,B0,80,00,76,20,00,00,FE,
0,00000588,false,Rx,0,8,0B,00,72,00,00,80,00,00,
0,00000380,false,Rx,0,8,B0,80,00,76,20,00,00,FE,
0,00000380,false,Rx,0,8,B0,80,00,76,20,00,00,FE,
0,00000588,false,Rx,0,8,0B,00,72,00,00,80,00,00,
0,00000380,false,Rx,0,8,B0,80,00,76,20,00,00,FE,
0,00000380,false,Rx,0,8,B0,80,00,76,20,00,00,FE,
0,00000588,false,Rx,0,8,0B,00,72,00,00,80,00,00,
0,00000380,false,Rx,0,8,B0,80,00,76,20,00,00,FE,
0,00000380,false,Rx,0,8,B0,80,00,76,20,00,00,FE,
0,00000588,false,Rx,0,8,0B,00,72,00,00,80,00,00,
0,00000380,false,Rx,0,8,B0,80,00,76,20,00,00,FE,
0,00000380,false,Rx,0,8,B0,80,00,76,20,00,00,FE,
0,00000588,false,Rx,0,8,0B,00,72,00,00,80,00,00,
0,00000380,false,Rx,0,8,B0,80,00,76,20,00,00,FE,
0,00000380,false,Rx,0,8,B0,80,00,76,20,00,00,FE,
783000,00000588,false,Rx,0,8,0B,00,72,00,00,80,00,00,
0,00000380,false,Rx,0,8,B0,80,00,76,20,00,00,FE,
0,00000380,false,Rx,0,8,B0,80,00,76,20,00,00,FE,
0,00000588,false,Rx,0,8,0B,00,72,00,00,80,00,00,
0,00000380,false,Rx,0,8,B0,80,00,76,20,00,00,FE,
0,00000380,false,Rx,0,8,B0,80,00,76,20,00,00,FE,
820000,00000588,false,Rx,0,8,0B,00,72,00,00,80,00,00,
0,00000380,false,Rx,0,8,B0,80,00,76,20,00,00,FE,
0,00000380,false,Rx,0,8,B0,80,00,76,20,00,00,FE,
0,00000588,false,Rx,0,8,0B,00,72,00,00,80,00,00,
0,00000380,false,Rx,0,8,B0,80,00,76,20,00,00,FE,
0,00000380,false,Rx,0,8,B0,80,00,76,20,00,00,FE,
0,00000588,false,Rx,0,8,0B,00,72,00,00,80,00,00,
0,00000380,false,Rx,0,8,B0,80,00,76,20,00,00,FE,
0,00000380,false,Rx,0,8,B0,80,00,76,20,00,00,FE,
0,00000588,false,Rx,0,8,0B,00,72,00,00,80,00,00,
0,00000380,false,Rx,0,8,B0,80,00,76,20,00,00,FE,
0,00000380,false,Rx,0,8,B0,80,00,76,20,00,00,FE,
0,00000588,false,Rx,0,8,0B,00,72,00,00,80,00,00,
0,00000380,false,Rx,0,8,B0,80,00,76,20,00,00,FE,
0,00000380,false,Rx,0,8,B0,80,00,76,20,00,00,FE,
0,00000588,false,Rx,0,8,0B,00,72,00,00,80,00,00,
0,00000380,false,Rx,0,8,B0,80,00,76,20,00,00,FE,
0,00000380,false,Rx,0,8,B0,80,00,76,20,00,00,FE,
0,00000588,false,Rx,0,8,0B,00,72,00,00,80,00,00,
0,00000380,false,Rx,0,8,B0,80,00,76,20,00,00,FE,
0,00000380,false,Rx,0,8,B0,80,00,76,20,00,00,FE,
963000,00000588,false,Rx,0,8,0B,00,72,00,00,80,00,00,
0,00000380,false,Rx,0,8,B0,80,00,76,20,00,00,FE,
0,00000380,false,Rx,0,8,B0,80,00,76,20,00,00,FE,
0,00000588,false,Rx,0,8,0B,00,72,00,00,80,00,00,
0,00000380,false,Rx,0,8,B0,80,00,76,20,00,00,FE,
0,00000380,false,Rx,0,8,B0,80,00,76,20,00,00,FE,
0,00000588,false,Rx,0,8,0B,00,72,00,00,80,00,00,
0,00000380,false,Rx,0,8,B0,80,00,76,20,00,00,FE,
0,00000380,false,Rx,0,8,B0,80,00,76,20,00,00,FE,
20000,00000588,false,Rx,0,8,0B,00,72,00,00,80,00,00,
0,00000380,false,Rx,0,8,B0,80,00,76,20,00,00,FE,
0,00000380,false,Rx,0,8,B0,80,00,76,20,00,00,FE,
0,00000588,false,Rx,0,8,0B,00,72,00,00,80,00,00,
0,00000380,false,Rx,0,8,B0,80,00,76,20,00,00,FE,
0,00000380,false,Rx,0,8,B0,80,00,76,20,00,00,FE,
0,00000588,false,Rx,0,8,0B,00,72,00,00,80,00,00,
0,00000380,false,Rx,0,8,B0,80,00,76,20,00,00,FE,
0,00000380,false,Rx,0,8,B0,80,00,76,20,00,00,FE,
0,00000588,false,Rx,0,8,0B,00,72,00,00,80,00,00,
0,00000380,false,Rx,0,8,B0,80,00,76,20,00,00,FE,
0,00000380,false,Rx,0,8,B0,80,00,76,20,00,00,FE,
0,00000588,false,Rx,0,8,0B,00,72,00,00,80,00,00,
0,00000380,false,Rx,0,8,B0,80,00,76,20,00,00,FE,
0,00000380,false,Rx,0,8,B0,80,00,76,20,00,00,FE,
0,00000588,false,Rx,0,8,0B,00,72,00,00,80,00,00,
0,00000380,false,Rx,0,8,B0,80,00,76,20,00,00,FE,
0,00000380,false,Rx,0,8,B0,80,00,76,20,00,00,FE,
0,00000588,false,Rx,0,8,0B,00,72,00,00,80,00,00,
0,00000380,false,Rx,0,8,B0,80,00,76,20,00,00,FE,
0,00000380,false,Rx,0,8,B0,80,00,76,20,00,00,FE,
164000,00000588,false,Rx,0,8,0B,00,72,00,00,80,00,00,
0,00000380,false,Rx,0,8,B0,80,00,76,20,00,00,FE,
0,00000380,false,Rx,0,8,B0,80,00,76,20,00,00,FE,
0,00000588,false,Rx,0,8,0B,00,72,00,00,80,00,00,
0,00000380,false,Rx,0,8,B0,80,00,76,20,00,00,FE,
0,00000380,false,Rx,0,8,B0,80,00,76,20,00,00,FE,
200000,00000588,false,Rx,0,8,0B,00,72,00,00,80,00,00,
0,00000380,false,Rx,0,8,B0,80,00,76,20,00,00,FE,
0,00000380,false,Rx,0,8,B0,80,00,76,20,00,00,FE,
0,00000588,false,Rx,0,8,0B,00,72,00,00,80,00,00,
0,00000380,false,Rx,0,8,B0,80,00,76,20,00,00,FE,
0,00000380,false,Rx,0,8,B0,80,00,76,20,00,00,FE,
0,00000588,false,Rx,0,8,0B,00,72,00,00,80,00,00,
0,00000380,false,Rx,0,8,B0,80,00,76,20,00,00,FE,
0,00000380,false,Rx,0,8,B0,80,00,76,20,00,00,FE,
0,00000588,false,Rx,0,8,0B,00,72,00,00,80,00,00,
0,00000380,false,Rx,0,8,B0,80,00,76,20,00,00,FE,
0,00000380,false,Rx,0,8,B0,80,00,76,20,00,00,FE,
0,00000588,false,Rx,0,8,0B,00,72,00,00,80,00,00,
0,00000380,false,Rx,0,8,B0,80,00,76,20,00,00,FE,
0,00000380,false,Rx,0,8,B0,80,00,76,20,00,00,FE,
0,00000588,false,Rx,0,8,0B,00,72,00,00,80,00,00,
0,00000380,false,Rx,0,8,B0,80,00,76,20,00,00,FE,
0,00000380,false,Rx,0,8,B0,80,00,76,20,00,00,FE,
0,00000588,false,Rx,0,8,0B,00,72,00,00,80,00,00,
0,00000380,false,Rx,0,8,B0,80,00,76,20,00,00,FE,
0,00000380,false,Rx,0,8,B0,80,00,76,20,00,00,FE,
344000,00000588,false,Rx,0,8,0B,00,72,00,00,80,00,00,
0,00000380,false,Rx,0,8,B0,80,00,76,20,00,00,FE,
0,00000380,false,Rx,0,8,B0,80,00,76,20,00,00,FE,
0,00000588,false,Rx,0,8,0B,00,72,00,00,80,00,00,
0,00000380,false,Rx,0,8,B0,80,00,76,20,00,00,FE,
0,00000380,false,Rx,0,8,B0,80,00,76,20,00,00,FE,
381000,00000588,false,Rx,0,8,0B,00,72,00,00,80,00,00,
0,00000380,false,Rx,0,8,B0,80,00,76,20,00,00,FE,
0,00000380,false,Rx,0,8,B0,80,00,76,20,00,00,FE,
401000,00000588,false,Rx,0,8,0B,00,72,00,00,80,00,00,
0,00000380,false,Rx,0,8,B0,80,00,76,20,00,00,FE,
0,00000380,false,Rx,0,8,B0,80,00,76,20,00,00,FE,
0,00000588,false,Rx,0,8,0B,00,72,00,00,80,00,00,
0,00000380,false,Rx,0,8,B0,80,00,76,20,00,00,FE,
0,00000380,false,Rx,0,8,B0,80,00,76,20,00,00,FE,
0,00000588,false,Rx,0,8,0B,00,72,00,00,80,00,00,
0,00000380,false,Rx,0,8,B0,80,00,76,20,00,00,FE,
0,00000380,false,Rx,0,8,B0,80,00,76,20,00,00,FE,
0,00000588,false,Rx,0,8,0B,00,72,00,00,80,00,00,
0,00000380,false,Rx,0,8,B0,80,00,76,20,00,00,FE,
0,00000380,false,Rx,0,8,B0,80,00,76,20,00,00,FE,
0,00000588,false,Rx,0,8,0B,00,72,00,00,80,00,00,
0,00000380,false,Rx,0,8,B0,80,00,76,20,00,00,FE,
0,00000380,false,Rx,0,8,B0,80,00,76,20,00,00,FE,
0,00000588,false,Rx,0,8,0B,00,72,00,00,80,00,00,
0,00000380,false,Rx,0,8,B0,80,00,76,20,00,00,FE,
0,00000380,false,Rx,0,8,B0,80,00,76,20,00,00,FE,
0,00000588,false,Rx,0,8,0B,00,72,00,00,80,00,00,
0,00000380,false,Rx,0,8,B0,80,00,76,20,00,00,FE,
0,00000380,false,Rx,0,8,B0,80,00,76,20,00,00,FE,
545000,00000588,false,Rx,0,8,0B,00,72,00,00,80,00,00,
0,00000380,false,Rx,0,8,B0,80,00,76,20,00,00,FE,
0,00000380,false,Rx,0,8,B0,80,00,76,20,00,00,FE,
0,00000588,false,Rx,0,8,0B,00,72,00,00,80,00,00,
0,00000380,false,Rx,0,8,B0,80,00,76,20,00,00,FE,
0,00000380,false,Rx,0,8,B0,80,00,76,20,00,00,FE,
581000,00000588,false,Rx,0,8,0B,00,72,00,00,80,00,00,
0,00000380,false,Rx,0,8,B0,80,00,76,20,00,00,FE,
0,00000380,false,Rx,0,8,B0,80,00,76,20,00,00,FE,
0,00000588,false,Rx,0,8,0B,00,72,00,00,80,00,00,
0,00000380,false,Rx,0,8,B0,80,00,76,20,00,00,FE,
0,00000380,false,Rx,0,8,B0,80,00,76,20,00,00,FE,
0,00000300,false,Rx,0,6,A1,0F,8A,FF,4A,FF,00,00,
0,00000588,false,Rx,0,8,0B,00,72,00,00,80,00,00,
0,00000380,false,Rx,0,8,B0,80,00,76,20,00,00,FE,
0,00000380,false,Rx,0,8,B0,80,00,76,20,00,00,FE,
0,00000588,false,Rx,0,8,0B,00,72,00,00,80,00,00,
0,00000380,false,Rx,0,8,B0,80,00,76,20,00,00,FE,
0,00000380,false,Rx,0,8,B0,80,00,76,20,00,00,FE,
0,00000588,false,Rx,0,8,0B,00,72,00,00,80,00,00,
0,00000380,false,Rx,0,8,B0,80,00,76,20,00,00,FE,
0,00000380,false,Rx,0,8,B0,80,00,76,20,00,00,FE,
0,00000588,false,Rx,0,8,0B,00,72,00,00,80,00,00,
0,00000380,false,Rx,0,8,B0,80,00,76,20,00,00,FE,
0,00000380,false,Rx,0,8,B0,80,00,76,20,00,00,FE,
0,00000588,false,Rx,0,8,0B,00,72,00,00,80,00,00,
0,00000380,false,Rx,0,8,B0,80,00,76,20,00,00,FE,
0,00000380,false,Rx,0,8,B0,80,00,76,20,00,00,FE,
725000,00000588,false,Rx,0,8,0B,00,72,00,00,80,00,00,
0,00000380,false,Rx,0,8,B0,80,00,76,20,00,00,FE,
0,00000380,false,Rx,0,8,B0,80,00,76,20,00,00,FE,
0,00000588,false,Rx,0,8,0B,00,72,00,00,80,00,00,
0,00000380,false,Rx,0,8,B0,80,00,76,20,00,00,FE,
0,00000380,false,Rx,0,8,B0,80,00,76,20,00,00,FE,
762000,00000588,false,Rx,0,8,0B,00,72,00,00,80,00,00,
0,00000380,false,Rx,0,8,B0,80,00,76,20,00,00,FE,
0,00000380,false,Rx,0,8,B0,80,00,76,20,00,00,FE,
0,00000588,false,Rx,0,8,0B,00,72,00,00,80,00,00,
0,00000380,false,Rx,0,8,B0,80,00,76,20,00,00,FE,
0,00000380,false,Rx,0,8,B0,80,00,76,20,00,00,FE,
0,00000588,false,Rx,0,8,0B,00,72,00,00,80,00,00,
0,00000380,false,Rx,0,8,B0,80,00,76,20,00,00,FE,
0,00000380,false,Rx,0,8,B0,80,00,76,20,00,00,FE,
0,00000588,false,Rx,0,8,0B,00,72,00,00,80,00,00,
0,00000380,false,Rx,0,8,B0,80,00,76,20,00,00,FE,
0,00000380,false,Rx,0,8,B0,80,00,76,20,00,00,FE,
0,00000588,false,Rx,0,8,0B,00,72,00,00,80,00,00,
0,00000380,false,Rx,0,8,B0,80,00,76,20,00,00,FE,
0,00000380,false,Rx,0,8,B0,80,00,76,20,00,00,FE,
0,00000588,false,Rx,0,8,0B,00,72,00,00,80,00,00,
0,00000380,false,Rx,0,8,B0,80,00,76,20,00,00,FE,
0,00000380,false,Rx,0,8,B0,80,00,76,20,00,00,FE,
0,00000588,false,Rx,0,8,0B,00,72,00,00,80,00,00,
0,00000380,false,Rx,0,8,B0,80,00,76,20,00,00,FE,
0,00000380,false,Rx,0,8,B0,80,00,76,20,00,00,FE,
0,00000588,false,Rx,0,8,0B,00,72,00,00,80,00,00,
0,00000380,false,Rx,0,8,B0,80,00,76,20,00,00,FE,
0,00000380,false,Rx,0,8,B0,80,00,76,20,00,00,FE,
0,00000588,false,Rx,0,8,0B,00,72,00,00,80,00,00,
0,00000380,false,Rx,0,8,B0,80,00,76,20,00,00,FE,
0,00000380,false,Rx,0,8,B0,80,00,76,20,00,00,FE,
0,00000588,false,Rx,0,8,0B,00,72,00,00,80,00,00,
0,00000380,false,Rx,0,8,B0,80,00,76,20,00,00,FE,
0,00000380,false,Rx,0,8,B0,80,00,76,20,00,00,FE,
962000,00000588,false,Rx,0,8,0B,00,72,00,00,80,00,00,
0,00000380,false,Rx,0,8,B0,80,00,76,20,00,00,FE,
0,00000380,false,Rx,0,8,B0,80,00,76,20,00,00,FE,
0,00000588,false,Rx,0,8,0B,00,72,00,00,80,00,00,
0,00000380,false,Rx,0,8,B0,80,00,76,20,00,00,FE,
0,00000380,false,Rx,0,8,B0,80,00,76,20,00,00,FE,
0,00000588,false,Rx,0,8,0B,00,72,00,00,80,00,00,
0,00000380,false,Rx,0,8,B0,80,00,76,20,00,00,FE,
0,00000380,false,Rx,0,8,B0,80,00,76,20,00,00,FE,
0,00000588,false,Rx,0,8,0B,00,72,00,00,80,00,00,
0,00000380,false,Rx,0,8,B0,80,00,76,20,00,00,FE,
0,00000380,false,Rx,0,8,B0,80,00,76,20,00,00,FE,
0,00000588,false,Rx,0,8,0B,00,72,00,00,80,00,00,
0,00000380,false,Rx,0,8,B0,80,00,76,20,00,00,FE,
0,00000380,false,Rx,0,8,B0,80,00,76,20,00,00,FE,
0,00000588,false,Rx,0,8,0B,00,72,00,00,80,00,00,
0,00000380,false,Rx,0,8,B0,80,00,76,20,00,00,FE,
0,00000380,false,Rx,0,8,B0,80,00,76,20,00,00,FE,
0,00000588,false,Rx,0,8,0B,00,72,00,00,80,00,00,
0,00000380,false,Rx,0,8,B0,80,00,76,20,00,00,FE,
0,00000380,false,Rx,0,8,B0,80,00,76,20,00,00,FE,
106000,00000588,false,Rx,0,8,0B,00,72,00,00,80,00,00,
0,00000380,false,Rx,0,8,B0,80,00,76,20,00,00,FE,
0,00000380,false,Rx,0,8,B0,80,00,76,20,00,00,FE,
0,00000300,false,Rx,0,6,A1,0F,8A,FF,4A,FF,00,00,
0,00000588,false,Rx,0,8,0B,00,72,00,00,80,00,00,
0,00000380,false,Rx,0,8,B0,80,00,76,20,00,00,FE,
0,00000380,false,Rx,0,8,B0,80,00,76,20,00,00,FE,
143000,00000588,false,Rx,0,8,0B,00,72,00,00,80,00,00,
0,00000380,false,Rx,0,8,B0,80,00,76,20,00,00,FE,
0,00000380,false,Rx,0,8,B0,80,00,76,20,00,00,FE,
0,00000588,false,Rx,0,8,0B,00,72,00,00,80,00,00,
0,00000380,false,Rx,0,8,B0,80,00,76,20,00,00,FE,
0,00000380,false,Rx,0,8,B0,80,00,76,20,00,00,FE,
0,00000588,false,Rx,0,8,0B,00,72,00,00,80,00,00,
0,00000380,false,Rx,0,8,B0,80,00,76,20,00,00,FE,
0,00000380,false,Rx,0,8,B0,80,00,76,20,00,00,FE,
0,00000588,false,Rx,0,8,0B,00,72,00,00,80,00,00,
0,00000380,false,Rx,0,8,B0,80,00,76,20,00,00,FE,
0,00000380,false,Rx,0,8,B0,80,00,76,20,00,00,FE,
0,00000588,false,Rx,0,8,0B,00,72,00,00,80,00,00,
0,00000380,false,Rx,0,8,B0,80,00,76,20,00,00,FE,
0,00000380,false,Rx,0,8,B0,80,00,76,20,00,00,FE,
0,00000588,false,Rx,0,8,0B,00,72,00,00,80,00,00,
0,00000380,false,Rx,0,8,B0,80,00,76,20,00,00,FE,
0,00000380,false,Rx,0,8,B0,80,00,76,20,00,00,FE,
0,00000588,false,Rx,0,8,0B,00,72,00,00,80,00,00,
0,00000380,false,Rx,0,8,B0,80,00,76,20,00,00,FE,
0,00000380,false,Rx,0,8,B0,80,00,76,20,00,00,FE,
286000,00000588,false,Rx,0,8,0B,00,72,00,00,80,00,00,
0,00000380,false,Rx,0,8,B0,80,00,76,20,00,00,FE,
0,00000380,false,Rx,0,8,B0,80,00,76,20,00,00,FE,
0,00000588,false,Rx,0,8,0B,00,72,00,00,80,00,00,
0,00000380,false,Rx,0,8,B0,80,00,76,20,00,00,FE,
0,00000380,false,Rx,0,8,B0,80,00,76,20,00,00,FE,
323000,00000588,false,Rx,0,8,0B,00,72,00,00,80,00,00,
0,00000380,false,Rx,0,8,B0,80,00,76,20,00,00,FE,
0,00000380,false,Rx,0,8,B0,80,00,76,20,00,00,FE,
343000,00000588,false,Rx,0,8,0B,00,72,00,00,80,00,00,
0,00000380,false,Rx,0,8,B0,80,00,76,20,00,00,FE,
0,00000380,false,Rx,0,8,B0,80,00,76,20,00,00,FE,
0,00000588,false,Rx,0,8,0B,00,72,00,00,80,00,00,
0,00000380,false,Rx,0,8,B0,80,00,76,20,00,00,FE,
0,00000380,false,Rx,0,8,B0,80,00,76,20,00,00,FE,
0,00000588,false,Rx,0,8,0B,00,72,00,00,80,00,00,
0,00000380,false,Rx,0,8,B0,80,00,76,20,00,00,FE,
0,00000380,false,Rx,0,8,B0,80,00,76,20,00,00,FE,
0,00000588,false,Rx,0,8,0B,00,72,00,00,80,00,00,
0,00000380,false,Rx,0,8,B0,80,00,76,20,00,00,FE,
0,00000380,false,Rx,0,8,B0,80,00,76,20,00,00,FE,
0,00000588,false,Rx,0,8,0B,00,72,00,00,80,00,00,
0,00000380,false,Rx,0,8,B0,80,00,76,20,00,00,FE,
0,00000380,false,Rx,0,8,B0,80,00,76,20,00,00,FE,
0,00000588,false,Rx,0,8,0B,00,72,00,00,80,00,00,
0,00000380,false,Rx,0,8,B0,80,00,76,20,00,00,FE,
0,00000380,false,Rx,0,8,B0,80,00,76,20,00,00,FE,
0,00000588,false,Rx,0,8,0B,00,72,00,00,80,00,00,
0,00000380,false,Rx,0,8,B0,80,00,76,20,00,00,FE,
0,00000380,false,Rx,0,8,B0,80,00,76,20,00,00,FE,
487000,00000588,false,Rx,0,8,0B,00,72,00,00,80,00,00,
0,00000380,false,Rx,0,8,B0,80,00,76,20,00,00,FE,
0,00000380,false,Rx,0,8,B0,80,00,76,20,00,00,FE,
0,00000588,false,Rx,0,8,0B,00,72,00,00,80,00,00,
0,00000380,false,Rx,0,8,B0,80,00,76,20,00,00,FE,
0,00000380,false,Rx,0,8,B0,80,00,76,20,00,00,FE,
523000,00000588,false,Rx,0,8,0B,00,72,00,00,80,00,00,
0,00000380,false,Rx,0,8,B0,80,00,76,20,00,00,FE,
0,00000380,false,Rx,0,8,B0,80,00,76,20,00,00,FE,
0,00000588,false,Rx,0,8,0B,00,72,00,00,80,00,00,
0,00000380,false,Rx,0,8,B0,80,00,76,20,00,00,FE,
0,00000380,false,Rx,0,8,B0,80,00,76,20,00,00,FE,
0,00000588,false,Rx,0,8,0B,00,72,00,00,80,00,00,
0,00000380,false,Rx,0,8,B0,80,00,76,20,00,00,FE,
0,00000380,false,Rx,0,8,B0,80,00,76,20,00,00,FE,
0,00000588,false,Rx,0,8,0B,00,72,00,00,80,00,00,
0,00000380,false,Rx,0,8,B0,80,00,76,20,00,00,FE,
0,00000380,false,Rx,0,8,B0,80,00,76,20,00,00,FE,
0,00000588,false,Rx,0,8,0B,00,72,00,00,80,00,00,
0,00000380,false,Rx,0,8,B0,80,00,76,20,00,00,FE,
0,00000380,false,Rx,0,8,B0,80,00,76,20,00,00,FE,
0,00000284,false,Rx,0,6,0D,0D,00,00,00,00,00,00,
0,00000380,false,Rx,0,8,B0,80,00,76,20,00,00,FE,
0,00000380,false,Rx,0,8,B0,80,00,76,20,00,00,FE,
0,00000588,false,Rx,0,8,0B,00,72,00,00,80,00,00,
0,00000380,false,Rx,0,8,B0,80,00,76,20,00,00,FE,
0,00000380,false,Rx,0,8,B0,80,00,76,20,00,00,FE,
0,00000284,false,Rx,0,6,0F,0F,00,00,00,00,00,00,
0,00000380,false,Rx,0,8,B0,80,00,76,20,00,00,FE,
0,00000380,false,Rx,0,8,B0,80,00,76,20,00,00,FE,
0,00000588,false,Rx,0,8,0B,00,72,00,00,80,00,00,
0,00000380,false,Rx,0,8,B0,80,00,76,20,00,00,FE,
0,00000380,false,Rx,0,8,B0,80,00,76,20,00,00,FE,
704000,00000588,false,Rx,0,8,0B,00,72,00,00,80,00,00,
0,00000380,false,Rx,0,8,B0,80,00,76,20,00,00,FE,
0,00000380,false,Rx,0,8,B0,80,00,76,20,00,00,FE,
0,00000588,false,Rx,0,8,0B,00,72,00,00,80,00,00,
0,00000380,false,Rx,0,8,B0,80,00,76,20,00,00,FE,
0,00000380,false,Rx,0,8,B0,80,00,76,20,00,00,FE,
0,00000284,false,Rx,0,6,03,03,00,00,00,00,00,00,
0,00000380,false,Rx,0,8,B0,80,00,76,20,00,00,FE,
0,00000380,false,Rx,0,8,B0,80,00,76,20,00,00,FE,
0,00000588,false,Rx,0,8,0B,00,72,00,00,80,00,00,
0,00000380,false,Rx,0,8,B0,80,00,76,20,00,00,FE,
0,00000380,false,Rx,0,8,B0,80,00,76,20,00,00,FE,
0,00000284,false,Rx,0,6,05,05,00,00,00,00,00,00,
0,00000380,false,Rx,0,8,B0,80,00,76,20,00,00,FE,
0,00000380,false,Rx,0,8,B0,80,00,76,20,00,00,FE,
0,00000284,false,Rx,0,6,06,06,00,00,00,00,00,00,
0,00000380,false,Rx,0,8,B0,80,00,76,20,00,00,FE,
0,00000380,false,Rx,0,8,B0,80,00,76,20,00,00,FE,
0,00000284,false,Rx,0,6,07,07,00,00,00,00,00,00,
0,00000380,false,Rx,0,8,B0,80,00,76,20,00,00,FE,
0,00000380,false,Rx,0,8,B0,80,00,76,20,00,00,FE,
0,00000284,false,Rx,0,6,08,08,00,00,00,00,00,00,
0,00000380,false,Rx,0,8,B0,80,00,76,20,00,00,FE,
0,00000380,false,Rx,0,8,B0,80,00,76,20,00,00,FE,
0,00000284,false,Rx,0,6,09,09,00,00,00,00,00,00,
0,00000380,false,Rx,0,8,B0,80,00,76,20,00,00,FE,
0,00000380,false,Rx,0,8,B0,80,00,76,20,00,00,FE,
0,00000284,false,Rx,0,6,0A,0A,00,00,00,00,00,00,
0,00000380,false,Rx,0,8,B0,80,00,76,20,00,00,FE,
0,00000380,false,Rx,0,8,B0,80,00,76,20,00,00,FE,
0,00000284,false,Rx,0,6,0B,0B,00,00,00,00,00,00,
0,00000380,false,Rx,0,8,B0,80,00,76,20,00,00,FE,
0,00000380,false,Rx,0,8,B0,80,00,76,20,00,00,FE,
0,00000284,false,Rx,0,6,0C,0C,00,00,00,00,00,00,
0,00000380,false,Rx,0,8,B0,80,00,76,20,00,00,FE,
0,00000380,false,Rx,0,8,B0,80,00,76,20,00,00,FE,
0,00000284,false,Rx,0,6,0D,0D,00,00,00,00,00,00,
0,00000380,false,Rx,0,8,B0,80,00,76,20,00,00,FE,
0,00000380,false,Rx,0,8,B0,80,00,76,20,00,00,FE,
0,00000284,false,Rx,0,6,0E,0E,00,00,00,00,00,00,
0,00000380,false,Rx,0,8,B0,80,00,76,20,00,00,FE,
0,00000380,false,Rx,0,8,B0,80,00,76,20,00,00,FE,
0,00000284,false,Rx,0,6,0F,0F,00,00,00,00,00,00,
0,00000380,false,Rx,0,8,B0,80,00,76,20,00,00,FE,
0,00000380,false,Rx,0,8,B0,80,00,76,20,00,00,FE,
0,00000284,false,Rx,0,6,00,00,00,00,00,00,00,00,
0,00000380,false,Rx,0,8,B0,80,00,76,20,00,00,FE,
0,00000380,false,Rx,0,8,B0,80,00,76,20,00,00,FE,
0,00000284,false,Rx,0,6,01,01,00,00,00,00,00,00,
0,00000380,false,Rx,0,8,B0,80,00,76,20,00,00,FE,
0,00000380,false,Rx,0,8,B0,80,00,76,20,00,00,FE,
0,00000284,false,Rx,0,6,02,02,00,00,00,00,00,00,
0,00000380,false,Rx,0,8,B0,80,00,76,20,00,00,FE,
0,00000380,false,Rx,0,8,B0,80,00,76,20,00,00,FE,
0,00000284,false,Rx,0,6,03,03,00,00,00,00,00,00,
0,00000380,false,Rx,0,8,B0,80,00,76,20,00,00,FE,
0,00000380,false,Rx,0,8,B0,80,00,76,20,00,00,FE,
0,00000284,false,Rx,0,6,04,04,00,00,00,00,00,00,
0,00000380,false,Rx,0,8,B0,80,00,76,20,00,00,FE,
0,00000380,false,Rx,0,8,B0,80,00,76,20,00,00,FE,
0,00000284,false,Rx,0,6,05,05,00,00,00,00,00,00,
0,00000380,false,Rx,0,8,B0,80,00,76,20,00,00,FE,
0,00000380,false,Rx,0,8,B0,80,00,76,20,00,00,FE,
0,00000284,false,Rx,0,6,06,06,00,00,00,00,00,00,
0,00000380,false,Rx,0,8,B0,80,00,76,20,00,00,FE,
0,00000380,false,Rx,0,8,B0,80,00,76,20,00,00,FE,
0,00000284,false,Rx,0,6,07,07,00,00,00,00,00,00,
0,00000380,false,Rx,0,8,B0,80,00,76,20,00,00,FE,
0,00000380,false,Rx,0,8,B0,80,00,76,20,00,00,FE,
0,00000284,false,Rx,0,6,08,08,00,00,00,00,00,00,
0,00000380,false,Rx,0,8,B0,80,00,76,20,00,00,FE,
0,00000380,false,Rx,0,8,B0,80,00,76,20,00,00,FE,
0,00000284,false,Rx,0,6,09,09,00,00,00,00,00,00,
0,00000380,false,Rx,0,8,B0,80,00,76,20,00,00,FE,
0,00000380,false,Rx,0,8,B0,80,00,76,20,00,00,FE,
0,00000284,false,Rx,0,6,0A,0A,00,00,00,00,00,00,
0,00000380,false,Rx,0,8,B0,80,00,76,20,00,00,FE,
0,00000380,false,Rx,0,8,B0,80,00,76,20,00,00,FE,
0,00000284,false,Rx,0,6,0B,0B,00,00,00,00,00,00,
0,00000380,false,Rx,0,8,B0,80,00,76,20,00,00,FE,
0,00000380,false,Rx,0,8,B0,80,00,76,20,00,00,FE,
0,00000284,false,Rx,0,6,0C,0C,00,00,00,00,00,00,
0,00000380,false,Rx,0,8,B0,80,00,76,20,00,00,FE,
0,00000380,false,Rx,0,8,B0,80,00,76,20,00,00,FE,
0,00000284,false,Rx,0,6,0D,0D,00,00,00,00,00,00,
0,00000380,false,Rx,0,8,B0,80,00,76,20,00,00,FE,
0,00000380,false,Rx,0,8,B0,80,00,76,20,00,00,FE,
0,00000284,false,Rx,0,6,0E,0E,00,00,00,00,00,00,
0,00000380,false,Rx,0,8,B0,80,00,76,20,00,00,FE,
0,00000380,false,Rx,0,8,B0,80,00,76,20,00,00,FE,
0,00000284,false,Rx,0,6,0F,0F,00,00,00,00,00,00,
0,00000380,false,Rx,0,8,B0,80,00,76,20,00,00,FE,
0,00000380,false,Rx,0,8,B0,80,00,76,20,00,00,FE,
0,00000284,false,Rx,0,6,00,00,00,00,00,00,00,00,
0,00000380,false,Rx,0,8,B0,80,00,76,20,00,00,FE,
0,00000380,false,Rx,0,8,B0,80,00,76,20,00,00,FE,
0,00000284,false,Rx,0,6,01,01,00,00,00,00,00,00,
0,00000380,false,Rx,0,8,B0,80,00,76,20,00,00,FE,
0,00000380,false,Rx,0,8,B0,80,00,76,20,00,00,FE,
0,00000284,false,Rx,0,6,02,02,00,00,00,00,00,00,
0,00000380,false,Rx,0,8,B0,80,00,76,20,00,00,FE,
0,00000380,false,Rx,0,8,B0,80,00,76,20,00,00,FE,
0,00000284,false,Rx,0,6,03,03,00,00,00,00,00,00,
0,00000380,false,Rx,0,8,B0,80,00,76,20,00,00,FE,
0,00000380,false,Rx,0,8,B0,80,00,76,20,00,00,FE,
0,00000284,false,Rx,0,6,04,04,00,00,00,00,00,00,
0,00000380,false,Rx,0,8,B0,80,00,76,20,00,00,FE,
0,00000380,false,Rx,0,8,B0,80,00,76,20,00,00,FE,
0,00000284,false,Rx,0,6,05,05,00,00,00,00,00,00,
0,00000380,false,Rx,0,8,B0,80,00,76,20,00,00,FE,
0,00000380,false,Rx,0,8,B0,80,00,76,20,00,00,FE,
0,00000284,false,Rx,0,6,06,06,00,00,00,00,00,00,
0,00000380,false,Rx,0,8,B0,80,00,76,20,00,00,FE,
0,00000380,false,Rx,0,8,B0,80,00,76,20,00,00,FE,
0,00000284,false,Rx,0,6,07,07,00,00,00,00,00,00,
0,00000380,false,Rx,0,8,B0,80,00,76,20,00,00,FE,
0,00000380,false,Rx,0,8,B0,80,00,76,20,00,00,FE,
0,00000284,false,Rx,0,6,08,08,00,00,00,00,00,00,
0,00000380,false,Rx,0,8,B0,80,00,76,20,00,00,FE,
0,00000380,false,Rx,0,8,B0,80,00,76,20,00,00,FE,
0,00000284,false,Rx,0,6,09,09,00,00,00,00,00,00,
0,00000380,false,Rx,0,8,B0,80,00,76,20,00,00,FE,
0,00000380,false,Rx,0,8,B0,80,00,76,20,00,00,FE,
0,00000284,false,Rx,0,6,0A,0A,00,00,00,00,00,00,
0,00000380,false,Rx,0,8,B0,80,00,76,20,00,00,FE,
0,00000380,false,Rx,0,8,B0,80,00,76,20,00,00,FE,
0,00000284,false,Rx,0,6,0B,0B,00,00,00,00,00,00,
0,00000380,false,Rx,0,8,B0,80,00,76,20,00,00,FE,
0,00000380,false,Rx,0,8,B0,80,00,76,20,00,00,FE,
0,00000284,false,Rx,0,6,0C,0C,00,00,00,00,00,00,
0,00000380,false,Rx,0,8,B0,80,00,76,20,00,00,FE,
0,00000380,false,Rx,0,8,B0,80,00,76,20,00,00,FE,
0,00000284,false,Rx,0,6,0D,0D,00,00,00,00,00,00,
0,00000380,false,Rx,0,8,B0,80,00,76,20,00,00,FE,
0,00000380,false,Rx,0,8,B0,80,00,76,20,00,00,FE,
0,00000284,false,Rx,0,6,0E,0E,00,00,00,00,00,00,
0,00000380,false,Rx,0,8,B0,80,00,76,20,00,00,FE,
0,00000380,false,Rx,0,8,B0,80,00,76,20,00,00,FE,
0,00000588,false,Rx,0,8,0B,00,72,00,00,80,00,00,
0,00000380,false,Rx,0,8,B0,80,00,76,20,00,00,FE,
0,00000380,false,Rx,0,8,B0,80,00,76,20,00,00,FE,
0,00000284,false,Rx,0,6,00,00,00,00,00,00,00,00,
0,00000380,false,Rx,0,8,B0,80,00,76,20,00,00,FE,
0,00000380,false,Rx,0,8,B0,80,00,76,20,00,00,FE,
0,00000588,false,Rx,0,8,0B,00,72,00,00,80,00,00,
0,00000380,false,Rx,0,8,B0,80,00,76,20,00,00,FE,
0,00000300,false,Rx,0,6,A1,0F,8A,FF,4A,FF,00,00,
0,00000588,false,Rx,0,8,0B,00,72,00,00,80,00,00,
0,00000380,false,Rx,0,8,B0,80,00,76,20,00,00,FE,
0,00000380,false,Rx,0,8,B0,80,00,76,20,00,00,FE,
707000,00000588,false,Rx,0,8,0B,00,72,00,00,80,00,00,
0,00000380,false,Rx,0,8,B0,80,00,76,20,00,00,FE,
0,00000380,false,Rx,0,8,B0,80,00,76,20,00,00,FE,
0,00000588,false,Rx,0,8,0B,00,72,00,00,80,00,00,
0,00000380,false,Rx,0,8,B0,80,00,76,20,00,00,FE,
0,00000380,false,Rx,0,8,B0,80,00,76,20,00,00,FE,
0,00000588,false,Rx,0,8,0B,00,72,00,00,80,00,00,
0,00000380,false,Rx,0,8,B0,80,00,76,20,00,00,FE,
0,00000380,false,Rx,0,8,B0,80,00,76,20,00,00,FE,
0,00000284,false,Rx,0,6,06,06,00,00,00,00,00,00,
0,00000380,false,Rx,0,8,B0,80,00,76,20,00,00,FE,
0,00000380,false,Rx,0,8,B0,80,00,76,20,00,00,FE,
0,00000588,false,Rx,0,8,0B,00,72,00,00,80,00,00,
0,00000380,false,Rx,0,8,B0,80,00,76,20,00,00,FE,
0,00000380,false,Rx,0,8,B0,80,00,76,20,00,00,FE,
0,00000588,false,Rx,0,8,0B,00,72,00,00,80,00,00,
0,00000380,false,Rx,0,8,B0,80,00,76,20,00,00,FE,
0,00000380,false,Rx,0,8,B0,80,00,76,20,00,00,FE,
0,00000588,false,Rx,0,8,0B,00,72,00,00,80,00,00,
0,00000380,false,Rx,0,8,B0,80,00,76,20,00,00,FE,
0,00000380,false,Rx,0,8,B0,80,00,76,20,00,00,FE,
851000,00000588,false,Rx,0,8,0B,00,72,00,00,80,00,00,
0,00000380,false,Rx,0,8,B0,80,00,76,20,00,00,FE,
0,00000380,false,Rx,0,8,B0,80,00,76,20,00,00,FE,
0,00000588,false,Rx,0,8,0B,00,72,00,00,80,00,00,
0,00000380,false,Rx,0,8,B0,80,00,76,20,00,00,FE,
0,00000380,false,Rx,0,8,B0,80,00,76,20,00,00,FE,
888000,00000588,false,Rx,0,8,0B,00,72,00,00,80,00,00,
0,00000380,false,Rx,0,8,B0,80,00,76,20,00,00,FE,
0,00000380,false,Rx,0,8,B0,80,00,76,20,00,00,FE,
0,00000588,false,Rx,0,8,0B,00,72,00,00,80,00,00,
0,00000380,false,Rx,0,8,B0,80,00,76,20,00,00,FE,
0,00000380,false,Rx,0,8,B0,80,00,76,20,00,00,FE,
0,00000588,false,Rx,0,8,0B,00,72,00,00,80,00,00,
0,00000380,false,Rx,0,8,B0,80,00,76,20,00,00,FE,
0,00000380,false,Rx,0,8,B0,80,00,76,20,00,00,FE,
0,00000588,false,Rx,0,8,0B,00,72,00,00,80,00,00,
0,00000380,false,Rx,0,8,B0,80,00,76,20,00,00,FE,
0,00000380,false,Rx,0,8,B0,80,00,76,20,00,00,FE,
0,00000588,false,Rx,0,8,0B,00,72,00,00,80,00,00,
0,00000380,false,Rx,0,8,B0,80,00,76,20,00,00,FE,
0,00000380,false,Rx,0,8,B0,80,00,76,20,00,00,FE,
0,00000588,false,Rx,0,8,0B,00,72,00,00,80,00,00,
0,00000380,false,Rx,0,8,B0,80,00,76,20,00,00,FE,
0,00000380,false,Rx,0,8,B0,80,00,76,20,00,00,FE,
0,00000588,false,Rx,0,8,0B,00,72,00,00,80,00,00,
0,00000380,false,Rx,0,8,B0,80,00,76,20,00,00,FE,
0,00000380,false,Rx,0,8,B0,80,00,76,20,00,00,FE,
31000,00000588,false,Rx,0,8,0B,00,72,00,00,80,00,00,
0,00000380,false,Rx,0,8,B0,80,00,76,20,00,00,FE,
0,00000380,false,Rx,0,8,B0,80,00,76,20,00,00,FE,
0,00000588,false,Rx,0,8,0B,00,72,00,00,80,00,00,
0,00000380,false,Rx,0,8,B0,80,00,76,20,00,00,FE,
0,00000380,false,Rx,0,8,B0,80,00,76,20,00,00,FE,
0,00000588,false,Rx,0,8,0B,00,72,00,00,80,00,00,
0,00000380,false,Rx,0,8,B0,80,00,76,20,00,00,FE,
0,00000380,false,Rx,0,8,B0,80,00,76,20,00,00,FE,
88000,00000588,false,Rx,0,8,0B,00,72,00,00,80,00,00,
0,00000380,false,Rx,0,8,B0,80,00,76,20,00,00,FE,
0,00000380,false,Rx,0,8,B0,80,00,76,20,00,00,FE,
0,00000588,false,Rx,0,8,0B,00,72,00,00,80,00,00,
0,00000380,false,Rx,0,8,B0,80,00,76,20,00,00,FE,
0,00000380,false,Rx,0,8,B0,80,00,76,20,00,00,FE,
0,00000588,false,Rx,0,8,0B,00,72,00,00,80,00,00,
0,00000380,false,Rx,0,8,B0,80,00,76,20,00,00,FE,
0,00000380,false,Rx,0,8,B0,80,00,76,20,00,00,FE,
0,00000588,false,Rx,0,8,0B,00,72,00,00,80,00,00,
0,00000380,false,Rx,0,8,B0,80,00,76,20,00,00,FE,
0,00000380,false,Rx,0,8,B0,80,00,76,20,00,00,FE,
0,00000588,false,Rx,0,8,0B,00,72,00,00,80,00,00,
0,00000380,false,Rx,0,8,B0,80,00,76,20,00,00,FE,
0,00000380,false,Rx,0,8,B0,80,00,76,20,00,00,FE,
0,00000588,false,Rx,0,8,0B,00,72,00,00,80,00,00,
0,00000380,false,Rx,0,8,B0,80,00,76,20,00,00,FE,
0,00000380,false,Rx,0,8,B0,80,00,76,20,00,00,FE,
0,00000588,false,Rx,0,8,0B,00,72,00,00,80,00,00,
0,00000380,false,Rx,0,8,B0,80,00,76,20,00,00,FE,
0,00000380,false,Rx,0,8,B0,80,00,76,20,00,00,FE,
232000,00000588,false,Rx,0,8,0B,00,72,00,00,80,00,00,
0,00000380,false,Rx,0,8,B0,80,00,76,20,00,00,FE,
0,00000300,false,Rx,0,6,A1,0F,8A,FF,4A,FF,00,00,
0,00000488,false,Rx,0,8,0F,23,00,72,FE,FF,FF,A0,
0,00000588,false,Rx,0,8,0B,00,72,00,00,80,00,00,
0,00000380,false,Rx,0,8,B0,80,00,76,20,00,00,FE,
0,00000380,false,Rx,0,8,B0,80,00,76,20,00,00,FE,
268000,00000588,false,Rx,0,8,0B,00,72,00,00,80,00,00,
0,00000380,false,Rx,0,8,B0,80,00,76,20,00,00,FE,
0,00000380,false,Rx,0,8,B0,80,00,76,20,00,00,FE,
0,00000588,false,Rx,0,8,0B,00,72,00,00,80,00,00,
0,00000380,false,Rx,0,8,B0,80,00,76,20,00,00,FE,
0,00000380,false,Rx,0,8,B0,80,00,76,20,00,00,FE,
0,00000588,false,Rx,0,8,0B,00,72,00,00,80,00,00,
0,00000380,false,Rx,0,8,B0,80,00,76,20,00,00,FE,
0,00000380,false,Rx,0,8,B0,80,00,76,20,00,00,FE,
0,00000588,false,Rx,0,8,0B,00,72,00,00,80,00,00,
0,00000380,false,Rx,0,8,B0,80,00,76,20,00,00,FE,
0,00000380,false,Rx,0,8,B0,80,00,76,20,00,00,FE,
0,00000588,false,Rx,0,8,0B,00,72,00,00,80,00,00,
0,00000380,false,Rx,0,8,B0,80,00,76,20,00,00,FE,
0,00000380,false,Rx,0,8,B0,80,00,76,20,00,00,FE,
0,00000588,false,Rx,0,8,0B,00,72,00,00,80,00,00,
0,00000380,false,Rx,0,8,B0,80,00,76,20,00,00,FE,
0,00000380,false,Rx,0,8,B0,80,00,76,20,00,00,FE,
0,00000588,false,Rx,0,8,0B,00,72,00,00,80,00,00,
0,00000380,false,Rx,0,8,B0,80,00,76,20,00,00,FE,
0,00000380,false,Rx,0,8,B0,80,00,76,20,00,00,FE,
412000,00000588,false,Rx,0,8,0B,00,72,00,00,80,00,00,
0,00000380,false,Rx,0,8,B0,80,00,76,20,00,00,FE,
0,00000380,false,Rx,0,8,B0,80,00,76,20,00,00,FE,
0,00000588,false,Rx,0,8,0B,00,72,00,00,80,00,00,
0,00000380,false,Rx,0,8,B0,80,00,76,20,00,00,FE,
0,00000380,false,Rx,0,8,B0,80,00,76,20,00,00,FE,
449000,00000588,false,Rx,0,8,0B,00,72,00,00,80,00,00,
0,00000380,false,Rx,0,8,B0,80,00,76,20,00,00,FE,
0,00000380,false,Rx,0,8,B0,80,00,76,20,00,00,FE,
0,00000588,false,Rx,0,8,0B,00,72,00,00,80,00,00,
0,00000380,false,Rx,0,8,B0,80,00,76,20,00,00,FE,
0,00000380,false,Rx,0,8,B0,80,00,76,20,00,00,FE,
0,00000588,false,Rx,0,8,0B,00,72,00,00,80,00,00,
0,00000380,false,Rx,0,8,B0,80,00,76,20,00,00,FE,
0,00000380,false,Rx,0,8,B0,80,00,76,20,00,00,FE,
0,00000588,false,Rx,0,8,0B,00,72,00,00,80,00,00,
0,00000380,false,Rx,0,8,B0,80,00,76,20,00,00,FE,
0,00000380,false,Rx,0,8,B0,80,00,76,20,00,00,FE,
0,00000588,false,Rx,0,8,0B,00,72,00,00,80,00,00,
0,00000380,false,Rx,0,8,B0,80,00,76,20,00,00,FE,
0,00000380,false,Rx,0,8,B0,80,00,76,20,00,00,FE,
0,00000588,false,Rx,0,8,0B,00,72,00,00,80,00,00,
0,00000380,false,Rx,0,8,B0,80,00,76,20,00,00,FE,
0,00000380,false,Rx,0,8,B0,80,00,76,20,00,00,FE,
0,00000588,false,Rx,0,8,0B,00,72,00,00,80,00,00,
0,00000380,false,Rx,0,8,B0,80,00,76,20,00,00,FE,
0,00000380,false,Rx,0,8,B0,80,00,76,20,00,00,FE,
0,00000588,false,Rx,0,8,0B,00,72,00,00,80,00,00,
0,00000380,false,Rx,0,8,B0,80,00,76,20,00,00,FE,
0,00000380,false,Rx,0,8,B0,80,00,76,20,00,00,FE,
613000,00000588,false,Rx,0,8,0B,00,72,00,00,80,00,00,
0,00000380,false,Rx,0,8,B0,80,00,76,20,00,00,FE,
0,00000380,false,Rx,0,8,B0,80,00,76,20,00,00,FE,
0,00000588,false,Rx,0,8,0B,00,72,00,00,80,00,00,
0,00000380,false,Rx,0,8,B0,80,00,76,20,00,00,FE,
0,00000380,false,Rx,0,8,B0,80,00,76,20,00,00,FE,
649000,00000588,false,Rx,0,8,0B,00,72,00,00,80,00,00,
0,00000380,false,Rx,0,8,B0,80,00,76,20,00,00,FE,
0,00000380,false,Rx,0,8,B0,80,00,76,20,00,00,FE,
0,00000588,false,Rx,0,8,0B,00,72,00,00,80,00,00,
0,00000380,false,Rx,0,8,B0,80,00,76,20,00,00,FE,
0,00000380,false,Rx,0,8,B0,80,00,76,20,00,00,FE,
0,00000588,false,Rx,0,8,0B,00,72,00,00,80,00,00,
0,00000380,false,Rx,0,8,B0,80,00,76,20,00,00,FE,
0,00000380,false,Rx,0,8,B0,80,00,76,20,00,00,FE,
0,00000588,false,Rx,0,8,0B,00,72,00,00,80,00,00,
0,00000380,false,Rx,0,8,B0,80,00,76,20,00,00,FE,
0,00000380,false,Rx,0,8,B0,80,00,76,20,00,00,FE,
0,00000588,false,Rx,0,8,0B,00,72,00,00,80,00,00,
0,00000380,false,Rx,0,8,B0,80,00,76,20,00,00,FE,
0,00000380,false,Rx,0,8,B0,80,00,76,20,00,00,FE,
0,00000588,false,Rx,0,8,0B,00,72,00,00,80,00,00,
0,00000380,false,Rx,0,8,B0,80,00,76,20,00,00,FE,
0,00000380,false,Rx,0,8,B0,80,00,76,20,00,00,FE,
0,00000588,false,Rx,0,8,0B,00,72,00,00,80,00,00,
0,00000380,false,Rx,0,8,B0,80,00,76,20,00,00,FE,
0,00000380,false,Rx,0,8,B0,80,00,76,20,00,00,FE,
793000,00000588,false,Rx,0,8,0B,00,72,00,00,80,00,00,
0,00000380,false,Rx,0,8,B0,80,00,76,20,00,00,FE,
0,00000300,false,Rx,0,6,A1,0F,8A,FF,4A,FF,00,00,
0,00000588,false,Rx,0,8,0B,00,72,00,00,80,00,00,
0,00000380,false,Rx,0,8,B0,80,00,76,20,00,00,FE,
0,00000380,false,Rx,0,8,B0,80,00,76,20,00,00,FE,
830000,00000588,false,Rx,0,8,0B,00,72,00,00,80,00,00,
0,00000380,false,Rx,0,8,B0,80,00,76,20,00,00,FE,
0,00000380,false,Rx,0,8,B0,80,00,76,20,00,00,FE,
0,00000588,false,Rx,0,8,0B,00,72,00,00,80,00,00,
0,00000380,false,Rx,0,8,B0,80,00,76,20,00,00,FE,
0,00000380,false,Rx,0,8,B0,80,00,76,20,00,00,FE,
0,00000588,false,Rx,0,8,0B,00,72,00,00,80,00,00,
0,00000380,false,Rx,0,8,B0,80,00,76,20,00,00,FE,
0,00000380,false,Rx,0,8,B0,80,00,76,20,00,00,FE,
0,00000588,false,Rx,0,8,0B,00,72,00,00,80,00,00,
0,00000380,false,Rx,0,8,B0,80,00,76,20,00,00,FE,
0,00000380,false,Rx,0,8,B0,80,00,76,20,00,00,FE,
0,00000588,false,Rx,0,8,0B,00,72,00,00,80,00,00,
0,00000380,false,Rx,0,8,B0,80,00,76,20,00,00,FE,
0,00000380,false,Rx,0,8,B0,80,00,76,20,00,00,FE,
0,00000588,false,Rx,0,8,0B,00,72,00,00,80,00,00,
0,00000380,false,Rx,0,8,B0,80,00,76,20,00,00,FE,
0,00000380,false,Rx,0,8,B0,80,00,76,20,00,00,FE,
0,00000588,false,Rx,0,8,0B,00,72,00,00,80,00,00,
0,00000380,false,Rx,0,8,B0,80,00,76,20,00,00,FE,
0,00000380,false,Rx,0,8,B0,80,00,76,20,00,00,FE,
973000,00000588,false,Rx,0,8,0B,00,72,00,00,80,00,00,
0,00000380,false,Rx,0,8,B0,80,00,76,20,00,00,FE,
0,00000380,false,Rx,0,8,B0,80,00,76,20,00,00,FE,
0,00000588,false,Rx,0,8,0B,00,72,00,00,80,00,00,
0,00000380,false,Rx,0,8,B0,80,00,76,20,00,00,FE,
0,00000380,false,Rx,0,8,B0,80,00,76,20,00,00,FE,
0,00000588,false,Rx,0,8,0B,00,72,00,00,80,00,00,
0,00000380,false,Rx,0,8,B0,80,00,76,20,00,00,FE,
0,00000380,false,Rx,0,8,B0,80,00,76,20,00,00,FE,
30000,00000588,false,Rx,0,8,0B,00,72,00,00,80,00,00,
0,00000380,false,Rx,0,8,B0,80,00,76,20,00,00,FE,
0,00000380,false,Rx,0,8,B0,80,00,76,20,00,00,FE,
0,00000588,false,Rx,0,8,0B,00,72,00,00,80,00,00,
0,00000380,false,Rx,0,8,B0,80,00,76,20,00,00,FE,
0,00000380,false,Rx,0,8,B0,80,00,76,20,00,00,FE,
0,00000588,false,Rx,0,8,0B,00,72,00,00,80,00,00,
0,00000380,false,Rx,0,8,B0,80,00,76,20,00,00,FE,
0,00000380,false,Rx,0,8,B0,80,00,76,20,00,00,FE,
0,00000588,false,Rx,0,8,0B,00,72,00,00,80,00,00,
0,00000380,false,Rx,0,8,B0,80,00,76,20,00,00,FE,
0,00000380,false,Rx,0,8,B0,80,00,76,20,00,00,FE,
0,00000588,false,Rx,0,8,0B,00,72,00,00,80,00,00,
0,00000380,false,Rx,0,8,B0,80,00,76,20,00,00,FE,
0,00000380,false,Rx,0,8,B0,80,00,76,20,00,00,FE,
0,00000588,false,Rx,0,8,0B,00,72,00,00,80,00,00,
0,00000380,false,Rx,0,8,B0,80,00,76,20,00,00,FE,
0,00000380,false,Rx,0,8,B0,80,00,76,20,00,00,FE,
0,00000588,false,Rx,0,8,0B,00,72,00,00,80,00,00,
0,00000380,false,Rx,0,8,B0,80,00,76,20,00,00,FE,
0,00000380,false,Rx,0,8,B0,80,00,76,20,00,00,FE,
174000,00000588,false,Rx,0,8,0B,00,72,00,00,80,00,00,
0,00000380,false,Rx,0,8,B0,80,00,76,20,00,00,FE,
0,00000380,false,Rx,0,8,B0,80,00,76,20,00,00,FE,
0,00000588,false,Rx,0,8,0B,00,72,00,00,80,00,00,
0,00000380,false,Rx,0,8,B0,80,00,76,20,00,00,FE,
0,00000380,false,Rx,0,8,B0,80,00,76,20,00,00,FE,
211000,00000588,false,Rx,0,8,0B,00,72,00,00,80,00,00,
0,00000380,false,Rx,0,8,B0,80,00,76,20,00,00,FE,
0,00000380,false,Rx,0,8,B0,80,00,76,20,00,00,FE,
0,00000588,false,Rx,0,8,0B,00,72,00,00,80,00,00,
0,00000380,false,Rx,0,8,B0,80,00,76,20,00,00,FE,
0,00000380,false,Rx,0,8,B0,80,00,76,20,00,00,FE,
0,00000588,false,Rx,0,8,0B,00,72,00,00,80,00,00,
0,00000380,false,Rx,0,8,B0,80,00,76,20,00,00,FE,
0,00000380,false,Rx,0,8,B0,80,00,76,20,00,00,FE,
0,00000588,false,Rx,0,8,0B,00,72,00,00,80,00,00,
0,00000380,false,Rx,0,8,B0,80,00,76,20,00,00,FE,
0,00000380,false,Rx,0,8,B0,80,00,76,20,00,00,FE,
0,00000588,false,Rx,0,8,0B,00,72,00,00,80,00,00,
0,00000380,false,Rx,0,8,B0,80,00,76,20,00,00,FE,
0,00000380,false,Rx,0,8,B0,80,00,76,20,00,00,FE,
0,00000588,false,Rx,0,8,0B,00,72,00,00,80,00,00,
0,00000380,false,Rx,0,8,B0,80,00,76,20,00,00,FE,
0,00000380,false,Rx,0,8,B0,80,00,76,20,00,00,FE,
0,00000588,false,Rx,0,8,0B,00,72,00,00,80,00,00,
0,00000380,false,Rx,0,8,B0,80,00,76,20,00,00,FE,
0,00000380,false,Rx,0,8,B0,80,00,76,20,00,00,FE,
354000,00000588,false,Rx,0,8,0B,00,72,00,00,80,00,00,
0,00000380,false,Rx,0,8,B0,80,00,76,20,00,00,FE,
0,00000380,false,Rx,0,8,B0,80,00,76,20,00,00,FE,
0,00000588,false,Rx,0,8,0B,00,72,00,00,80,00,00,
0,00000380,false,Rx,0,8,B0,80,00,76,20,00,00,FE,
0,00000380,false,Rx,0,8,B0,80,00,76,20,00,00,FE,
391000,00000588,false,Rx,0,8,0B,00,72,00,00,80,00,00,
0,00000380,false,Rx,0,8,B0,80,00,76,20,00,00,FE,
0,00000380,false,Rx,0,8,B0,80,00,76,20,00,00,FE,
411000,00000588,false,Rx,0,8,0B,00,72,00,00,80,00,00,
0,00000380,false,Rx,0,8,B0,80,00,76,20,00,00,FE,
0,00000380,false,Rx,0,8,B0,80,00,76,20,00,00,FE,
0,00000588,false,Rx,0,8,0B,00,72,00,00,80,00,00,
0,00000380,false,Rx,0,8,B0,80,00,76,20,00,00,FE,
0,00000380,false,Rx,0,8,B0,80,00,76,20,00,00,FE,
0,00000588,false,Rx,0,8,0B,00,72,00,00,80,00,00,
0,00000380,false,Rx,0,8,B0,80,00,76,20,00,00,FE,
0,00000380,false,Rx,0,8,B0,80,00,76,20,00,00,FE,
0,00000588,false,Rx,0,8,0B,00,72,00,00,80,00,00,
0,00000380,false,Rx,0,8,B0,80,00,76,20,00,00,FE,
0,00000380,false,Rx,0,8,B0,80,00,76,20,00,00,FE,
0,00000588,false,Rx,0,8,0B,00,72,00,00,80,00,00,
0,00000380,false,Rx,0,8,B0,80,00,76,20,00,00,FE,
0,00000380,false,Rx,0,8,B0,80,00,76,20,00,00,FE,
0,00000588,false,Rx,0,8,0B,00,72,00,00,80,00,00,
0,00000380,false,Rx,0,8,B0,80,00,76,20,00,00,FE,
0,00000380,false,Rx,0,8,B0,80,00,76,20,00,00,FE,
0,00000588,false,Rx,0,8,0B,00,72,00,00,80,00,00,
0,00000380,false,Rx,0,8,B0,80,00,76,20,00,00,FE,
0,00000380,false,Rx,0,8,B0,80,00,76,20,00,00,FE,
555000,00000588,false,Rx,0,8,0B,00,72,00,00,80,00,00,
0,00000380,false,Rx,0,8,B0,80,00,76,20,00,00,FE,
0,00000380,false,Rx,0,8,B0,80,00,76,20,00,00,FE,
0,00000588,false,Rx,0,8,0B,00,72,00,00,80,00,00,
0,00000380,false,Rx,0,8,B0,80,00,76,20,00,00,FE,
0,00000380,false,Rx,0,8,B0,80,00,76,20,00,00,FE,
591000,00000588,false,Rx,0,8,0B,00,72,00,00,80,00,00,
0,00000380,false,Rx,0,8,B0,80,00,76,20,00,00,FE,
0,00000380,false,Rx,0,8,B0,80,00,76,20,00,00,FE,
0,00000588,false,Rx,0,8,0B,00,72,00,00,80,00,00,
0,00000380,false,Rx,0,8,B0,80,00,76,20,00,00,FE,
0,00000380,false,Rx,0,8,B0,80,00,76,20,00,00,FE,
0,00000588,false,Rx,0,8,0B,00,72,00,00,80,00,00,
0,00000380,false,Rx,0,8,B0,80,00,76,20,00,00,FE,
0,00000380,false,Rx,0,8,B0,80,00,76,20,00,00,FE,
0,00000588,false,Rx,0,8,0B,00,72,00,00,80,00,00,
0,00000380,false,Rx,0,8,B0,80,00,76,20,00,00,FE,
0,00000380,false,Rx,0,8,B0,80,00,76,20,00,00,FE,
0,00000588,false,Rx,0,8,0B,00,72,00,00,80,00,00,
0,00000380,false,Rx,0,8,B0,80,00,76,20,00,00,FE,
0,00000380,false,Rx,0,8,B0,80,00,76,20,00,00,FE,
0,00000588,false,Rx,0,8,0B,00,72,00,00,80,00,00,
0,00000380,false,Rx,0,8,B0,80,00,76,20,00,00,FE,
0,00000380,false,Rx,0,8,B0,80,00,76,20,00,00,FE,
0,00000588,false,Rx,0,8,0B,00,72,00,00,80,00,00,
0,00000380,false,Rx,0,8,B0,80,00,76,20,00,00,FE,
0,00000380,false,Rx,0,8,B0,80,00,76,20,00,00,FE,
735000,00000588,false,Rx,0,8,0B,00,72,00,00,80,00,00,
0,00000380,false,Rx,0,8,B0,80,00,76,20,00,00,FE,
0,00000380,false,Rx,0,8,B0,80,00,76,20,00,00,FE,
0,00000588,false,Rx,0,8,0B,00,72,00,00,80,00,00,
0,00000380,false,Rx,0,8,B0,80,00,76,20,00,00,FE,
0,00000380,false,Rx,0,8,B0,80,00,76,20,00,00,FE,
772000,00000588,false,Rx,0,8,0B,00,72,00,00,80,00,00,
0,00000380,false,Rx,0,8,B0,80,00,76,20,00,00,FE,
0,00000380,false,Rx,0,8,B0,80,00,76,20,00,00,FE,
0,00000588,false,Rx,0,8,0B,00,72,00,00,80,00,00,
0,00000380,false,Rx,0,8,B0,80,00,76,20,00,00,FE,
0,00000380,false,Rx,0,8,B0,80,00,76,20,00,00,FE,
0,00000588,false,Rx,0,8,0B,00,72,00,00,80,00,00,
0,00000380,false,Rx,0,8,B0,80,00,76,20,00,00,FE,
0,00000380,false,Rx,0,8,B0,80,00,76,20,00,00,FE,
0,00000588,false,Rx,0,8,0B,00,72,00,00,80,00,00,
0,00000380,false,Rx,0,8,B0,80,00,76,20,00,00,FE,
0,00000380,false,Rx,0,8,B0,80,00,76,20,00,00,FE,
0,00000588,false,Rx,0,8,0B,00,72,00,00,80,00,00,
0,00000380,false,Rx,0,8,B0,80,00,76,20,00,00,FE,
0,00000380,false,Rx,0,8,B0,80,00,76,20,00,00,FE,
0,00000588,false,Rx,0,8,0B,00,72,00,00,80,00,00,
0,00000380,false,Rx,0,8,B0,80,00,76,20,00,00,FE,
0,00000380,false,Rx,0,8,B0,80,00,76,20,00,00,FE,
0,00000588,false,Rx,0,8,0B,00,72,00,00,80,00,00,
0,00000380,false,Rx,0,8,B0,80,00,76,20,00,00,FE,
0,00000380,false,Rx,0,8,B0,80,00,76,20,00,00,FE,
0,00000588,false,Rx,0,8,0B,00,72,00,00,80,00,00,
0,00000380,false,Rx,0,8,B0,80,00,76,20,00,00,FE,
0,00000380,false,Rx,0,8,B0,80,00,76,20,00,00,FE,
0,00000588,false,Rx,0,8,0B,00,72,00,00,80,00,00,
0,00000380,false,Rx,0,8,B0,80,00,76,20,00,00,FE,
0,00000380,false,Rx,0,8,B0,80,00,76,20,00,00,FE,
0,00000588,false,Rx,0,8,0B,00,72,00,00,80,00,00,
0,00000380,false,Rx,0,8,B0,80,00,76,20,00,00,FE,
0,00000380,false,Rx,0,8,B0,80,00,76,20,00,00,FE,
972000,00000588,false,Rx,0,8,0B,00,72,00,00,80,00,00,
0,00000380,false,Rx,0,8,B0,80,00,76,20,00,00,FE,
0,00000380,false,Rx,0,8,B0,80,00,76,20,00,00,FE,
0,00000588,false,Rx,0,8,0B,00,72,00,00,80,00,00,
0,00000380,false,Rx,0,8,B0,80,00,76,20,00,00,FE,
0,00000380,false,Rx,0,8,B0,80,00,76,20,00,00,FE,
0,00000588,false,Rx,0,8,0B,00,72,00,00,80,00,00,
0,00000380,false,Rx,0,8,B0,80,00,76,20,00,00,FE,
0,00000380,false,Rx,0,8,B0,80,00,76,20,00,00,FE,
0,00000588,false,Rx,0,8,0B,00,72,00,00,80,00,00,
0,00000380,false,Rx,0,8,B0,80,00,76,20,00,00,FE,
0,00000380,false,Rx,0,8,B0,80,00,76,20,00,00,FE,
0,00000588,false,Rx,0,8,0B,00,72,00,00,80,00,00,
0,00000380,false,Rx,0,8,B0,80,00,76,20,00,00,FE,
0,00000380,false,Rx,0,8,B0,80,00,76,20,00,00,FE,
0,00000588,false,Rx,0,8,0B,00,72,00,00,80,00,00,
0,00000380,false,Rx,0,8,B0,80,00,76,20,00,00,FE,
0,00000380,false,Rx,0,8,B0,80,00,76,20,00,00,FE,
0,00000588,false,Rx,0,8,0B,00,72,00,00,80,00,00,
0,00000380,false,Rx,0,8,B0,80,00,76,20,00,00,FE,
0,00000380,false,Rx,0,8,B0,80,00,76,20,00,00,FE,
116000,00000588,false,Rx,0,8,0B,00,72,00,00,80,00,00,
0,00000380,false,Rx,0,8,B0,80,00,76,20,00,00,FE,
0,00000380,false,Rx,0,8,B0,80,00,76,20,00,00,FE,
0,00000588,false,Rx,0,8,0B,00,72,00,00,80,00,00,
0,00000380,false,Rx,0,8,B0,80,00,76,20,00,00,FE,
0,00000380,false,Rx,0,8,B0,80,00,76,20,00,00,FE,
153000,00000588,false,Rx,0,8,0B,00,72,00,00,80,00,00,
0,00000380,false,Rx,0,8,B0,80,00,76,20,00,00,FE,
0,00000380,false,Rx,0,8,B0,80,00,76,20,00,00,FE,
0,00000588,false,Rx,0,8,0B,00,72,00,00,80,00,00,
0,00000380,false,Rx,0,8,B0,80,00,76,20,00,00,FE,
0,00000380,false,Rx,0,8,B0,80,00,76,20,00,00,FE,
0,00000588,false,Rx,0,8,0B,00,72,00,00,80,00,00,
0,00000380,false,Rx,0,8,B0,80,00,76,20,00,00,FE,
0,00000380,false,Rx,0,8,B0,80,00,76,20,00,00,FE,
0,00000588,false,Rx,0,8,0B,00,72,00,00,80,00,00,
0,00000380,false,Rx,0,8,B0,80,00,76,20,00,00,FE,
0,00000380,false,Rx,0,8,B0,80,00,76,20,00,00,FE,
0,00000588,false,Rx,0,8,0B,00,72,00,00,80,00,00,
0,00000380,false,Rx,0,8,B0,80,00,76,20,00,00,FE,
0,00000380,false,Rx,0,8,B0,80,00,76,20,00,00,FE,
0,00000588,false,Rx,0,8,0B,00,72,00,00,80,00,00,
0,00000380,false,Rx,0,8,B0,80,00,76,20,00,00,FE,
0,00000380,false,Rx,0,8,B0,80,00,76,20,00,00,FE,
0,00000588,false,Rx,0,8,0B,00,72,00,00,80,00,00,
0,00000380,false,Rx,0,8,B0,80,00,76,20,00,00,FE,
0,00000380,false,Rx,0,8,B0,80,00,76,20,00,00,FE,
296000,00000588,false,Rx,0,8,0B,00,72,00,00,80,00,00,
0,00000380,false,Rx,0,8,B0,80,00,76,20,00,00,FE,
0,00000380,false,Rx,0,8,B0,80,00,76,20,00,00,FE,
0,00000588,false,Rx,0,8,0B,00,72,00,00,80,00,00,
0,00000380,false,Rx,0,8,B0,80,00,76,20,00,00,FE,
0,00000380,false,Rx,0,8,B0,80,00,76,20,00,00,FE,
333000,00000588,false,Rx,0,8,0B,00,72,00,00,80,00,00,
0,00000380,false,Rx,0,8,B0,80,00,76,20,00,00,FE,
0,00000380,false,Rx,0,8,B0,80,00,76,20,00,00,FE,
353000,00000588,false,Rx,0,8,0B,00,72,00,00,80,00,00,
0,00000380,false,Rx,0,8,B0,80,00,76,20,00,00,FE,
0,00000380,false,Rx,0,8,B0,80,00,76,20,00,00,FE,
0,00000588,false,Rx,0,8,0B,00,72,00,00,80,00,00,
0,00000380,false,Rx,0,8,B0,80,00,76,20,00,00,FE,
0,00000380,false,Rx,0,8,B0,80,00,76,20,00,00,FE,
0,00000588,false,Rx,0,8,0B,00,72,00,00,80,00,00,
0,00000380,false,Rx,0,8,B0,80,00,76,20,00,00,FE,
0,00000380,false,Rx,0,8,B0,80,00,76,20,00,00,FE,
0,00000588,false,Rx,0,8,0B,00,72,00,00,80,00,00,
0,00000380,false,Rx,0,8,B0,80,00,76,20,00,00,FE,
0,00000380,false,Rx,0,8,B0,80,00,76,20,00,00,FE,
0,00000588,false,Rx,0,8,0B,00,72,00,00,80,00,00,
0,00000380,false,Rx,0,8,B0,80,00,76,20,00,00,FE,
0,00000380,false,Rx,0,8,B0,80,00,76,20,00,00,FE,
0,00000588,false,Rx,0,8,0B,00,72,00,00,80,00,00,
0,00000380,false,Rx,0,8,B0,80,00,76,20,00,00,FE,
0,00000380,false,Rx,0,8,B0,80,00,76,20,00,00,FE,
0,00000588,false,Rx,0,8,0B,00,72,00,00,80,00,00,
0,00000380,false,Rx,0,8,B0,80,00,76,20,00,00,FE,
0,00000380,false,Rx,0,8,B0,80,00,76,20,00,00,FE,
497000,00000588,false,Rx,0,8,0B,00,72,00,00,80,00,00,
0,00000380,false,Rx,0,8,B0,80,00,76,20,00,00,FE,
0,00000380,false,Rx,0,8,B0,80,00,76,20,00,00,FE,
0,00000588,false,Rx,0,8,0B,00,72,00,00,80,00,00,
0,00000380,false,Rx,0,8,B0,80,00,76,20,00,00,FE,
0,00000380,false,Rx,0,8,B0,80,00,76,20,00,00,FE,
534000,00000588,false,Rx,0,8,0B,00,72,00,00,80,00,00,
0,00000380,false,Rx,0,8,B0,80,00,76,20,00,00,FE,
0,00000380,false,Rx,0,8,B0,80,00,76,20,00,00,FE,
0,00000588,false,Rx,0,8,0B,00,72,00,00,80,00,00,
0,00000380,false,Rx,0,8,B0,80,00,76,20,00,00,FE,
0,00000380,false,Rx,0,8,B0,80,00,76,20,00,00,FE,
0,00000588,false,Rx,0,8,0B,00,72,00,00,80,00,00,
0,00000380,false,Rx,0,8,B0,80,00,76,20,00,00,FE,
0,00000380,false,Rx,0,8,B0,80,00,76,20,00,00,FE,
0,00000588,false,Rx,0,8,0B,00,72,00,00,80,00,00,
0,00000380,false,Rx,0,8,B0,80,00,76,20,00,00,FE,
0,00000380,false,Rx,0,8,B0,80,00,76,20,00,00,FE,
0,00000588,false,Rx,0,8,0B,00,72,00,00,80,00,00,
0,00000380,false,Rx,0,8,B0,80,00,76,20,00,00,FE,
0,00000380,false,Rx,0,8,B0,80,00,76,20,00,00,FE,
0,00000588,false,Rx,0,8,0B,00,72,00,00,80,00,00,
0,00000380,false,Rx,0,8,B0,80,00,76,20,00,00,FE,
0,00000380,false,Rx,0,8,B0,80,00,76,20,00,00,FE,
0,00000588,false,Rx,0,8,0B,00,72,00,00,80,00,00,
0,00000380,false,Rx,0,8,B0,80,00,76,20,00,00,FE,
0,00000380,false,Rx,0,8,B0,80,00,76,20,00,00,FE,
677000,00000588,false,Rx,0,8,0B,00,72,00,00,80,00,00,
0,00000380,false,Rx,0,8,B0,80,00,76,20,00,00,FE,
0,00000380,false,Rx,0,8,B0,80,00,76,20,00,00,FE,
0,00000588,false,Rx,0,8,0B,00,72,00,00,80,00,00,
0,00000380,false,Rx,0,8,B0,80,00,76,20,00,00,FE,
0,00000380,false,Rx,0,8,B0,80,00,76,20,00,00,FE,
714000,00000588,false,Rx,0,8,0B,00,72,00,00,80,00,00,
0,00000380,false,Rx,0,8,B0,80,00,76,20,00,00,FE,
0,00000380,false,Rx,0,8,B0,80,00,76,20,00,00,FE,
0,00000588,false,Rx,0,8,0B,00,72,00,00,80,00,00,
0,00000380,false,Rx,0,8,B0,80,00,76,20,00,00,FE,
0,00000380,false,Rx,0,8,B0,80,00,76,20,00,00,FE,
0,00000588,false,Rx,0,8,0B,00,72,00,00,80,00,00,
0,00000380,false,Rx,0,8,B0,80,00,76,20,00,00,FE,
0,00000380,false,Rx,0,8,B0,80,00,76,20,00,00,FE,
0,00000588,false,Rx,0,8,0B,00,72,00,00,80,00,00,
0,00000380,false,Rx,0,8,B0,80,00,76,20,00,00,FE,
0,00000380,false,Rx,0,8,B0,80,00,76,20,00,00,FE,
0,00000588,false,Rx,0,8,0B,00,72,00,00,80,00,00,
0,00000380,false,Rx,0,8,B0,80,00,76,20,00,00,FE,
0,00000380,false,Rx,0,8,B0,80,00,76,20,00,00,FE,
0,00000588,false,Rx,0,8,0B,00,72,00,00,80,00,00,
0,00000380,false,Rx,0,8,B0,80,00,76,20,00,00,FE,
0,00000380,false,Rx,0,8,B0,80,00,76,20,00,00,FE,
0,00000588,false,Rx,0,8,0B,00,72,00,00,80,00,00,
0,00000380,false,Rx,0,8,B0,80,00,76,20,00,00,FE,
0,00000380,false,Rx,0,8,B0,80,00,76,20,00,00,FE,
0,00000588,false,Rx,0,8,0B,00,72,00,00,80,00,00,
0,00000380,false,Rx,0,8,B0,80,00,76,20,00,00,FE,
0,00000380,false,Rx,0,8,B0,80,00,76,20,00,00,FE,
0,00000588,false,Rx,0,8,0B,00,72,00,00,80,00,00,
0,00000380,false,Rx,0,8,B0,80,00,76,20,00,00,FE,
0,00000380,false,Rx,0,8,B0,80,00,76,20,00,00,FE,
0,00000588,false,Rx,0,8,0B,00,72,00,00,80,00,00,
0,00000380,false,Rx,0,8,B0,80,00,76,20,00,00,FE,
0,00000380,false,Rx,0,8,B0,80,00,76,20,00,00,FE,
915000,00000588,false,Rx,0,8,0B,00,72,00,00,80,00,00,
0,00000380,false,Rx,0,8,B0,80,00,76,20,00,00,FE,
0,00000380,false,Rx,0,8,B0,80,00,76,20,00,00,FE,
0,00000588,false,Rx,0,8,0B,00,72,00,00,80,00,00,
0,00000380,false,Rx,0,8,B0,80,00,76,20,00,00,FE,
0,00000380,false,Rx,0,8,B0,80,00,76,20,00,00,FE,
0,00000588,false,Rx,0,8,0B,00,72,00,00,80,00,00,
0,00000380,false,Rx,0,8,B0,80,00,76,20,00,00,FE,
0,00000740,false,Rx,0,1,A3,00,00,00,00,00,00,00,
0,00000380,false,Rx,0,8,B0,80,00,76,20,00,00,FE,
0,00000588,false,Rx,0,8,0B,00,72,00,00,80,00,00,
0,00000380,false,Rx,0,8,B0,80,00,76,20,00,00,FE,
0,00000380,false,Rx,0,8,B0,80,00,76,20,00,00,FE,
0,00000588,false,Rx,0,8,0B,00,72,00,00,80,00,00,
0,00000380,false,Rx,0,8,B0,80,00,76,20,00,00,FE,
0,00000380,false,Rx,0,8,B0,80,00,76,20,00,00,FE,
0,00000588,false,Rx,0,8,0B,00,72,00,00,80,00,00,
0,00000380,false,Rx,0,8,B0,80,00,76,20,00,00,FE,
0,00000380,false,Rx,0,8,B0,80,00,76,20,00,00,FE,
0,00000588,false,Rx,0,8,0B,00,72,00,00,80,00,00,
0,00000380,false,Rx,0,8,B0,80,00,76,20,00,00,FE,
0,00000380,false,Rx,0,8,B0,80,00,76,20,00,00,FE,
58000,00000588,false,Rx,0,8,0B,00,72,00,00,80,00,00,
0,00000380,false,Rx,0,8,B0,80,00,76,20,00,00,FE,
0,00000380,false,Rx,0,8,B0,80,00,76,20,00,00,FE,
0,00000588,false,Rx,0,8,0B,00,72,00,00,80,00,00,
0,00000380,false,Rx,0,8,B0,80,00,76,20,00,00,FE,
0,00000380,false,Rx,0,8,B0,80,00,76,20,00,00,FE,
95000,00000588,false,Rx,0,8,0B,00,72,00,00,80,00,00,
0,00000380,false,Rx,0,8,B0,80,00,76,20,00,00,FE,
0,00000380,false,Rx,0,8,B0,80,00,76,20,00,00,FE,
0,00000588,false,Rx,0,8,0B,00,72,00,00,80,00,00,
0,00000380,false,Rx,0,8,B0,80,00,76,20,00,00,FE,
0,00000380,false,Rx,0,8,B0,80,00,76,20,00,00,FE,
0,00000588,false,Rx,0,8,0B,00,72,00,00,80,00,00,
0,00000380,false,Rx,0,8,B0,80,00,76,20,00,00,FE,
0,00000380,false,Rx,0,8,B0,80,00,76,20,00,00,FE,
0,00000588,false,Rx,0,8,0B,00,72,00,00,80,00,00,
0,00000380,false,Rx,0,8,B0,80,00,76,20,00,00,FE,
0,00000380,false,Rx,0,8,B0,80,00,76,20,00,00,FE,
0,00000588,false,Rx,0,8,0B,00,72,00,00,80,00,00,
0,00000380,false,Rx,0,8,B0,80,00,76,20,00,00,FE,
0,00000380,false,Rx,0,8,B0,80,00,76,20,00,00,FE,
0,00000588,false,Rx,0,8,0B,00,72,00,00,80,00,00,
0,00000380,false,Rx,0,8,B0,80,00,76,20,00,00,FE,
0,00000380,false,Rx,0,8,B0,80,00,76,20,00,00,FE,
0,00000588,false,Rx,0,8,0B,00,72,00,00,80,00,00,
0,00000380,false,Rx,0,8,B0,80,00,76,20,00,00,FE,
0,00000380,false,Rx,0,8,B0,80,00,76,20,00,00,FE,
238000,00000588,false,Rx,0,8,0B,00,72,00,00,80,00,00,
0,00000380,false,Rx,0,8,B0,80,00,76,20,00,00,FE,
0,00000380,false,Rx,0,8,B0,80,00,76,20,00,00,FE,
0,00000588,false,Rx,0,8,0B,00,72,00,00,80,00,00,
0,00000380,false,Rx,0,8,B0,80,00,76,20,00,00,FE,
0,00000380,false,Rx,0,8,B0,80,00,76,20,00,00,FE,
0,00000588,false,Rx,0,8,0B,00,72,00,00,80,00,00,
0,00000380,false,Rx,0,8,B0,80,00,76,20,00,00,FE,
0,00000380,false,Rx,0,8,B0,80,00,76,20,00,00,FE,
295000,00000588,false,Rx,0,8,0B,00,72,00,00,80,00,00,
0,00000380,false,Rx,0,8,B0,80,00,76,20,00,00,FE,
0,00000380,false,Rx,0,8,B0,80,00,76,20,00,00,FE,
0,00000588,false,Rx,0,8,0B,00,72,00,00,80,00,00,
0,00000380,false,Rx,0,8,B0,80,00,76,20,00,00,FE,
0,00000380,false,Rx,0,8,B0,80,00,76,20,00,00,FE,
0,00000588,false,Rx,0,8,0B,00,72,00,00,80,00,00,
0,00000380,false,Rx,0,8,B0,80,00,76,20,00,00,FE,
0,00000380,false,Rx,0,8,B0,80,00,76,20,00,00,FE,
0,00000588,false,Rx,0,8,0B,00,72,00,00,80,00,00,
0,00000380,false,Rx,0,8,B0,80,00,76,20,00,00,FE,
0,00000380,false,Rx,0,8,B0,80,00,76,20,00,00,FE,
0,00000588,false,Rx,0,8,0B,00,72,00,00,80,00,00,
0,00000380,false,Rx,0,8,B0,80,00,76,20,00,00,FE,
0,00000380,false,Rx,0,8,B0,80,00,76,20,00,00,FE,
0,00000588,false,Rx,0,8,0B,00,72,00,00,80,00,00,
0,00000380,false,Rx,0,8,B0,80,00,76,20,00,00,FE,
0,00000380,false,Rx,0,8,B0,80,00,76,20,00,00,FE,
0,00000588,false,Rx,0,8,0B,00,72,00,00,80,00,00,
0,00000380,false,Rx,0,8,B0,80,00,76,20,00,00,FE,
0,00000380,false,Rx,0,8,B0,80,00,76,20,00,00,FE,
439000,00000588,false,Rx,0,8,0B,00,72,00,00,80,00,00,
0,00000380,false,Rx,0,8,B0,80,00,76,20,00,00,FE,
0,00000380,false,Rx,0,8,B0,80,00,76,20,00,00,FE,
0,00000588,false,Rx,0,8,0B,00,72,00,00,80,00,00,
0,00000380,false,Rx,0,8,B0,80,00,76,20,00,00,FE,
0,00000488,false,Rx,0,8,1F,23,00,72,FE,FF,FF,B0,
0,00000380,false,Rx,0,8,B0,80,00,76,20,00,00,FE,
476000,00000588,false,Rx,0,8,0B,00,72,00,00,80,00,00,
0,00000380,false,Rx,0,8,B0,80,00,76,20,00,00,FE,
0,00000380,false,Rx,0,8,B0,80,00,76,20,00,00,FE,
0,00000284,false,Rx,0,6,00,00,00,00,00,00,00,00,
0,00000380,false,Rx,0,8,B0,80,00,76,20,00,00,FE,
0,00000380,false,Rx,0,8,B0,80,00,76,20,00,00,FE,
0,00000588,false,Rx,0,8,0B,00,72,00,00,80,00,00,
0,00000380,false,Rx,0,8,B0,80,00,76,20,00,00,FE,
0,00000380,false,Rx,0,8,B0,80,00,76,20,00,00,FE,
0,00000588,false,Rx,0,8,0B,00,72,00,00,80,00,00,
0,00000380,false,Rx,0,8,B0,80,00,76,20,00,00,FE,
0,00000380,false,Rx,0,8,B0,80,00,76,20,00,00,FE,
0,00000588,false,Rx,0,8,0B,00,72,00,00,80,00,00,
0,00000380,false,Rx,0,8,B0,80,00,76,20,00,00,FE,
0,00000380,false,Rx,0,8,B0,80,00,76,20,00,00,FE,
0,00000588,false,Rx,0,8,0B,00,72,00,00,80,00,00,
0,00000380,false,Rx,0,8,B0,80,00,76,20,00,00,FE,
0,00000380,false,Rx,0,8,B0,80,00,76,20,00,00,FE,
0,00000588,false,Rx,0,8,0B,00,72,00,00,80,00,00,
0,00000380,false,Rx,0,8,B0,80,00,76,20,00,00,FE,
0,00000380,false,Rx,0,8,B0,80,00,76,20,00,00,FE,
619000,00000588,false,Rx,0,8,0B,00,72,00,00,80,00,00,
0,00000380,false,Rx,0,8,B0,80,00,76,20,00,00,FE,
0,00000380,false,Rx,0,8,B0,80,00,76,20,00,00,FE,
0,00000284,false,Rx,0,6,07,07,00,00,00,00,00,00,
0,00000380,false,Rx,0,8,B0,80,00,76,20,00,00,FE,
0,00000380,false,Rx,0,8,B0,80,00,76,20,00,00,FE,
656000,00000588,false,Rx,0,8,0B,00,72,00,00,80,00,00,
0,00000380,false,Rx,0,8,B0,80,00,76,20,00,00,FE,
0,00000380,false,Rx,0,8,B0,80,00,76,20,00,00,FE,
0,00000588,false,Rx,0,8,0B,00,72,00,00,80,00,00,
0,00000380,false,Rx,0,8,B0,80,00,76,20,00,00,FE,
0,00000380,false,Rx,0,8,B0,80,00,76,20,00,00,FE,
0,00000588,false,Rx,0,8,0B,00,72,00,00,80,00,00,
0,00000380,false,Rx,0,8,B0,80,00,76,20,00,00,FE,
0,00000380,false,Rx,0,8,B0,80,00,76,20,00,00,FE,
0,00000588,false,Rx,0,8,0B,00,72,00,00,80,00,00,
0,00000380,false,Rx,0,8,B0,80,00,76,20,00,00,FE,
0,00000380,false,Rx,0,8,B0,80,00,76,20,00,00,FE,
0,00000588,false,Rx,0,8,0B,00,72,00,00,80,00,00,
0,00000380,false,Rx,0,8,B0,80,00,76,20,00,00,FE,
0,00000380,false,Rx,0,8,B0,80,00,76,20,00,00,FE,
0,00000588,false,Rx,0,8,0B,00,72,00,00,80,00,00,
0,00000380,false,Rx,0,8,B0,80,00,76,20,00,00,FE,
0,00000380,false,Rx,0,8,B0,80,00,76,20,00,00,FE,
0,00000588,false,Rx,0,8,0B,00,72,00,00,80,00,00,
0,00000380,false,Rx,0,8,B0,80,00,76,20,00,00,FE,
0,00000380,false,Rx,0,8,B0,80,00,76,20,00,00,FE,
0,00000588,false,Rx,0,8,0B,00,72,00,00,80,00,00,
0,00000380,false,Rx,0,8,B0,80,00,76,20,00,00,FE,
0,00000380,false,Rx,0,8,B0,80,00,76,20,00,00,FE,
820000,00000588,false,Rx,0,8,0B,00,72,00,00,80,00,00,
0,00000380,false,Rx,0,8,B0,80,00,76,20,00,00,FE,
0,00000380,false,Rx,0,8,B0,80,00,76,20,00,00,FE,
0,00000284,false,Rx,0,6,01,01,00,00,00,00,00,00,
0,00000380,false,Rx,0,8,B0,80,00,76,20,00,00,FE,
0,00000380,false,Rx,0,8,B0,80,00,76,20,00,00,FE,
861000,00000588,false,Rx,0,8,0B,00,72,00,00,80,00,00,
0,00000380,false,Rx,0,8,B0,80,00,76,20,00,00,FE,
0,00000380,false,Rx,0,8,B0,80,00,76,20,00,00,FE,
0,00000588,false,Rx,0,8,0B,00,72,00,00,80,00,00,
0,00000380,false,Rx,0,8,B0,80,00,76,20,00,00,FE,
0,00000380,false,Rx,0,8,B0,80,00,76,20,00,00,FE,
0,00000588,false,Rx,0,8,0B,00,72,00,00,80,00,00,
0,00000380,false,Rx,0,8,B0,80,00,76,20,00,00,FE,
0,00000380,false,Rx,0,8,B0,80,00,76,20,00,00,FE,
0,00000588,false,Rx,0,8,0B,00,72,00,00,80,00,00,
0,00000380,false,Rx,0,8,B0,80,00,76,20,00,00,FE,
0,00000380,false,Rx,0,8,B0,80,00,76,20,00,00,FE,
0,00000588,false,Rx,0,8,0B,00,72,00,00,80,00,00,
0,00000380,false,Rx,0,8,B0,80,00,76,20,00,00,FE,
0,00000380,false,Rx,0,8,B0,80,00,76,20,00,00,FE,
0,00000588,false,Rx,0,8,0B,00,72,00,00,80,00,00,
0,00000380,false,Rx,0,8,B0,80,00,76,20,00,00,FE,
0,00000380,false,Rx,0,8,B0,80,00,76,20,00,00,FE,
0,00000588,false,Rx,0,8,0B,00,72,00,00,80,00,00,
0,00000380,false,Rx,0,8,B0,80,00,76,20,00,00,FE,
0,00000380,false,Rx,0,8,B0,80,00,76,20,00,00,FE,
0,00000588,false,Rx,0,8,0B,00,72,00,00,80,00,00,
0,00000380,false,Rx,0,8,B0,80,00,76,20,00,00,FE,
0,00000380,false,Rx,0,8,B0,80,00,76,20,00,00,FE,
0,00000284,false,Rx,0,6,0A,0A,00,00,00,00,00,00,
0,00000380,false,Rx,0,8,B0,80,00,76,20,00,00,FE,
0,00000380,false,Rx,0,8,B0,80,00,76,20,00,00,FE,
41000,00000588,false,Rx,0,8,0B,00,72,00,00,80,00,00,
0,00000380,false,Rx,0,8,B0,80,00,76,20,00,00,FE,
0,00000380,false,Rx,0,8,B0,80,00,76,20,00,00,FE,
0,00000588,false,Rx,0,8,0B,00,72,00,00,80,00,00,
0,00000380,false,Rx,0,8,B0,80,00,76,20,00,00,FE,
0,00000380,false,Rx,0,8,B0,80,00,76,20,00,00,FE,
78000,00000588,false,Rx,0,8,0B,00,72,00,00,80,00,00,
0,00000380,false,Rx,0,8,B0,80,00,76,20,00,00,FE,
0,00000380,false,Rx,0,8,B0,80,00,76,20,00,00,FE,
98000,00000588,false,Rx,0,8,0B,00,72,00,00,80,00,00,
0,00000380,false,Rx,0,8,B0,80,00,76,20,00,00,FE,
0,00000380,false,Rx,0,8,B0,80,00,76,20,00,00,FE,
0,00000588,false,Rx,0,8,0B,00,72,00,00,80,00,00,
0,00000380,false,Rx,0,8,B0,80,00,76,20,00,00,FE,
0,00000380,false,Rx,0,8,B0,80,00,76,20,00,00,FE,
0,00000588,false,Rx,0,8,0B,00,72,00,00,80,00,00,
0,00000380,false,Rx,0,8,B0,80,00,76,20,00,00,FE,
0,00000380,false,Rx,0,8,B0,80,00,76,20,00,00,FE,
0,00000588,false,Rx,0,8,0B,00,72,00,00,80,00,00,
0,00000380,false,Rx,0,8,B0,80,00,76,20,00,00,FE,
0,00000380,false,Rx,0,8,B0,80,00,76,20,00,00,FE,
0,00000588,false,Rx,0,8,0B,00,72,00,00,80,00,00,
0,00000380,false,Rx,0,8,B0,80,00,76,20,00,00,FE,
0,00000380,false,Rx,0,8,B0,80,00,76,20,00,00,FE,
0,00000588,false,Rx,0,8,0B,00,72,00,00,80,00,00,
0,00000380,false,Rx,0,8,B0,80,00,76,20,00,00,FE,
0,00000380,false,Rx,0,8,B0,80,00,76,20,00,00,FE,
0,00000588,false,Rx,0,8,0B,00,72,00,00,80,00,00,
0,00000380,false,Rx,0,8,B0,80,00,76,20,00,00,FE,
0,00000380,false,Rx,0,8,B0,80,00,76,20,00,00,FE,
242000,00000588,false,Rx,0,8,0B,00,72,00,00,80,00,00,
0,00000380,false,Rx,0,8,B0,80,00,76,20,00,00,FE,
0,00000380,false,Rx,0,8,B0,80,00,76,20,00,00,FE,
0,00000588,false,Rx,0,8,0B,00,72,00,00,80,00,00,
0,00000380,false,Rx,0,8,B0,80,00,76,20,00,00,FE,
0,00000380,false,Rx,0,8,B0,80,00,76,20,00,00,FE,
279000,00000588,false,Rx,0,8,0B,00,72,00,00,80,00,00,
0,00000380,false,Rx,0,8,B0,80,00,76,20,00,00,FE,
0,00000380,false,Rx,0,8,B0,80,00,76,20,00,00,FE,
0,00000588,false,Rx,0,8,0B,00,72,00,00,80,00,00,
0,00000380,false,Rx,0,8,B0,80,00,76,20,00,00,FE,
0,00000380,false,Rx,0,8,B0,80,00,76,20,00,00,FE,
0,00000588,false,Rx,0,8,0B,00,72,00,00,80,00,00,
0,00000380,false,Rx,0,8,B0,80,00,76,20,00,00,FE,
0,00000380,false,Rx,0,8,B0,80,00,76,20,00,00,FE,
0,00000588,false,Rx,0,8,0B,00,72,00,00,80,00,00,
0,00000380,false,Rx,0,8,B0,80,00,76,20,00,00,FE,
0,00000380,false,Rx,0,8,B0,80,00,76,20,00,00,FE,
0,00000588,false,Rx,0,8,0B,00,72,00,00,80,00,00,
0,00000380,false,Rx,0,8,B0,80,00,76,20,00,00,FE,
0,00000380,false,Rx,0,8,B0,80,00,76,20,00,00,FE,
0,00000588,false,Rx,0,8,0B,00,72,00,00,80,00,00,
0,00000380,false,Rx,0,8,B0,80,00,76,20,00,00,FE,
0,00000380,false,Rx,0,8,B0,80,00,76,20,00,00,FE,
0,00000588,false,Rx,0,8,0B,00,72,00,00,80,00,00,
0,00000380,false,Rx,0,8,B0,80,00,76,20,00,00,FE,
0,00000380,false,Rx,0,8,B0,80,00,76,20,00,00,FE,
422000,00000588,false,Rx,0,8,0B,00,72,00,00,80,00,00,
0,00000380,false,Rx,0,8,B0,80,00,76,20,00,00,FE,
0,00000380,false,Rx,0,8,B0,80,00,76,20,00,00,FE,
0,00000588,false,Rx,0,8,0B,00,72,00,00,80,00,00,
0,00000380,false,Rx,0,8,B0,80,00,76,20,00,00,FE,
0,00000380,false,Rx,0,8,B0,80,00,76,20,00,00,FE,
459000,00000588,false,Rx,0,8,0B,00,72,00,00,80,00,00,
0,00000380,false,Rx,0,8,B0,80,00,76,20,00,00,FE,
0,00000380,false,Rx,0,8,B0,80,00,76,20,00,00,FE,
0,00000588,false,Rx,0,8,0B,00,72,00,00,80,00,00,
0,00000380,false,Rx,0,8,B0,80,00,76,20,00,00,FE,
0,00000380,false,Rx,0,8,B0,80,00,76,20,00,00,FE,
0,00000588,false,Rx,0,8,0B,00,72,00,00,80,00,00,
0,00000380,false,Rx,0,8,B0,80,00,76,20,00,00,FE,
0,00000380,false,Rx,0,8,B0,80,00,76,20,00,00,FE,
0,00000588,false,Rx,0,8,0B,00,72,00,00,80,00,00,
0,00000380,false,Rx,0,8,B0,80,00,76,20,00,00,FE,
0,00000380,false,Rx,0,8,B0,80,00,76,20,00,00,FE,
0,00000588,false,Rx,0,8,0B,00,72,00,00,80,00,00,
0,00000380,false,Rx,0,8,B0,80,00,76,20,00,00,FE,
0,00000380,false,Rx,0,8,B0,80,00,76,20,00,00,FE,
0,00000588,false,Rx,0,8,0B,00,72,00,00,80,00,00,
0,00000380,false,Rx,0,8,B0,80,00,76,20,00,00,FE,
0,00000380,false,Rx,0,8,B0,80,00,76,20,00,00,FE,
0,00000588,false,Rx,0,8,0B,00,72,00,00,80,00,00,
0,00000380,false,Rx,0,8,B0,80,00,76,20,00,00,FE,
0,00000380,false,Rx,0,8,B0,80,00,76,20,00,00,FE,
0,00000588,false,Rx,0,8,0B,00,72,00,00,80,00,00,
0,00000380,false,Rx,0,8,B0,80,00,76,20,00,00,FE,
0,00000380,false,Rx,0,8,B0,80,00,76,20,00,00,FE,
623000,00000588,false,Rx,0,8,0B,00,72,00,00,80,00,00,
0,00000380,false,Rx,0,8,B0,80,00,76,20,00,00,FE,
0,00000380,false,Rx,0,8,B0,80,00,76,20,00,00,FE,
0,00000588,false,Rx,0,8,0B,00,72,00,00,80,00,00,
0,00000380,false,Rx,0,8,B0,80,00,76,20,00,00,FE,
0,00000380,false,Rx,0,8,B0,80,00,76,20,00,00,FE,
659000,00000588,false,Rx,0,8,0B,00,72,00,00,80,00,00,
0,00000380,false,Rx,0,8,B0,80,00,76,20,00,00,FE,
0,00000380,false,Rx,0,8,B0,80,00,76,20,00,00,FE,
0,00000588,false,Rx,0,8,0B,00,72,00,00,80,00,00,
0,00000380,false,Rx,0,8,B0,80,00,76,20,00,00,FE,
0,00000380,false,Rx,0,8,B0,80,00,76,20,00,00,FE,
0,00000588,false,Rx,0,8,0B,00,72,00,00,80,00,00,
0,00000380,false,Rx,0,8,B0,80,00,76,20,00,00,FE,
0,00000380,false,Rx,0,8,B0,80,00,76,20,00,00,FE,
0,00000588,false,Rx,0,8,0B,00,72,00,00,80,00,00,
0,00000380,false,Rx,0,8,B0,80,00,76,20,00,00,FE,
0,00000380,false,Rx,0,8,B0,80,00,76,20,00,00,FE,
0,00000588,false,Rx,0,8,0B,00,72,00,00,80,00,00,
0,00000380,false,Rx,0,8,B0,80,00,76,20,00,00,FE,
0,00000380,false,Rx,0,8,B0,80,00,76,20,00,00,FE,
0,00000588,false,Rx,0,8,0B,00,72,00,00,80,00,00,
0,00000380,false,Rx,0,8,B0,80,00,76,20,00,00,FE,
0,00000380,false,Rx,0,8,B0,80,00,76,20,00,00,FE,
0,00000588,false,Rx,0,8,0B,00,72,00,00,80,00,00,
0,00000380,false,Rx,0,8,B0,80,00,76,20,00,00,FE,
0,00000380,false,Rx,0,8,B0,80,00,76,20,00,00,FE,
803000,00000588,false,Rx,0,8,0B,00,72,00,00,80,00,00,
0,00000380,false,Rx,0,8,B0,80,00,76,20,00,00,FE,
0,00000380,false,Rx,0,8,B0,80,00,76,20,00,00,FE,
0,00000588,false,Rx,0,8,0B,00,72,00,00,80,00,00,
0,00000380,false,Rx,0,8,B0,80,00,76,20,00,00,FE,
0,00000380,false,Rx,0,8,B0,80,00,76,20,00,00,FE,
840000,00000588,false,Rx,0,8,0B,00,72,00,00,80,00,00,
0,00000380,false,Rx,0,8,B0,80,00,76,20,00,00,FE,
0,00000380,false,Rx,0,8,B0,80,00,76,20,00,00,FE,
0,00000588,false,Rx,0,8,0B,00,72,00,00,80,00,00,
0,00000380,false,Rx,0,8,B0,80,00,76,20,00,00,FE,
0,00000380,false,Rx,0,8,B0,80,00,76,20,00,00,FE,
0,00000588,false,Rx,0,8,0B,00,72,00,00,80,00,00,
0,00000380,false,Rx,0,8,B0,80,00,76,20,00,00,FE,
0,00000380,false,Rx,0,8,B0,80,00,76,20,00,00,FE,
0,00000588,false,Rx,0,8,0B,00,72,00,00,80,00,00,
0,00000380,false,Rx,0,8,B0,80,00,76,20,00,00,FE,
0,00000380,false,Rx,0,8,B0,80,00,76,20,00,00,FE,
0,00000588,false,Rx,0,8,0B,00,72,00,00,80,00,00,
0,00000380,false,Rx,0,8,B0,80,00,76,20,00,00,FE,
0,00000380,false,Rx,0,8,B0,80,00,76,20,00,00,FE,
0,00000588,false,Rx,0,8,0B,00,72,00,00,80,00,00,
0,00000380,false,Rx,0,8,B0,80,00,76,20,00,00,FE,
0,00000380,false,Rx,0,8,B0,80,00,76,20,00,00,FE,
0,00000588,false,Rx,0,8,0B,00,72,00,00,80,00,00,
0,00000380,false,Rx,0,8,B0,80,00,76,20,00,00,FE,
0,00000380,false,Rx,0,8,B0,80,00,76,20,00,00,FE,
983000,00000588,false,Rx,0,8,0B,00,72,00,00,80,00,00,
0,00000380,false,Rx,0,8,B0,80,00,76,20,00,00,FE,
0,00000380,false,Rx,0,8,B0,80,00,76,20,00,00,FE,
0,00000588,false,Rx,0,8,0B,00,72,00,00,80,00,00,
0,00000380,false,Rx,0,8,B0,80,00,76,20,00,00,FE,
0,00000380,false,Rx,0,8,B0,80,00,76,20,00,00,FE,
0,00000588,false,Rx,0,8,0B,00,72,00,00,80,00,00,
0,00000380,false,Rx,0,8,B0,80,00,76,20,00,00,FE,
0,00000380,false,Rx,0,8,B0,80,00,76,20,00,00,FE,
40000,00000588,false,Rx,0,8,0B,00,72,00,00,80,00,00,
0,00000380,false,Rx,0,8,B0,80,00,76,20,00,00,FE,
0,00000380,false,Rx,0,8,B0,80,00,76,20,00,00,FE,
0,00000588,false,Rx,0,8,0B,00,72,00,00,80,00,00,
0,00000380,false,Rx,0,8,B0,80,00,76,20,00,00,FE,
0,00000380,false,Rx,0,8,B0,80,00,76,20,00,00,FE,
0,00000588,false,Rx,0,8,0B,00,72,00,00,80,00,00,
0,00000380,false,Rx,0,8,B0,80,00,76,20,00,00,FE,
0,00000380,false,Rx,0,8,B0,80,00,76,20,00,00,FE,
0,00000588,false,Rx,0,8,0B,00,72,00,00,80,00,00,
0,00000380,false,Rx,0,8,B0,80,00,76,20,00,00,FE,
0,00000380,false,Rx,0,8,B0,80,00,76,20,00,00,FE,
0,00000588,false,Rx,0,8,0B,00,72,00,00,80,00,00,
0,00000380,false,Rx,0,8,B0,80,00,76,20,00,00,FE,
0,00000380,false,Rx,0,8,B0,80,00,76,20,00,00,FE,
0,00000588,false,Rx,0,8,0B,00,72,00,00,80,00,00,
0,00000380,false,Rx,0,8,B0,80,00,76,20,00,00,FE,
0,00000380,false,Rx,0,8,B0,80,00,76,20,00,00,FE,
0,00000588,false,Rx,0,8,0B,00,72,00,00,80,00,00,
0,00000380,false,Rx,0,8,B0,80,00,76,20,00,00,FE,
0,00000380,false,Rx,0,8,B0,80,00,76,20,00,00,FE,
184000,00000588,false,Rx,0,8,0B,00,72,00,00,80,00,00,
0,00000380,false,Rx,0,8,B0,80,00,76,20,00,00,FE,
0,00000380,false,Rx,0,8,B0,80,00,76,20,00,00,FE,
0,00000588,false,Rx,0,8,0B,00,72,00,00,80,00,00,
0,00000380,false,Rx,0,8,B0,80,00,76,20,00,00,FE,
0,00000380,false,Rx,0,8,B0,80,00,76,20,00,00,FE,
221000,00000588,false,Rx,0,8,0B,00,72,00,00,80,00,00,
0,00000380,false,Rx,0,8,B0,80,00,76,20,00,00,FE,
0,00000380,false,Rx,0,8,B0,80,00,76,20,00,00,FE,
0,00000588,false,Rx,0,8,0B,00,72,00,00,80,00,00,
0,00000380,false,Rx,0,8,B0,80,00,76,20,00,00,FE,
0,00000380,false,Rx,0,8,B0,80,00,76,20,00,00,FE,
0,00000588,false,Rx,0,8,0B,00,72,00,00,80,00,00,
0,00000380,false,Rx,0,8,B0,80,00,76,20,00,00,FE,
0,00000380,false,Rx,0,8,B0,80,00,76,20,00,00,FE,
0,00000588,false,Rx,0,8,0B,00,72,00,00,80,00,00,
0,00000380,false,Rx,0,8,B0,80,00,76,20,00,00,FE,
0,00000380,false,Rx,0,8,B0,80,00,76,20,00,00,FE,
0,00000588,false,Rx,0,8,0B,00,72,00,00,80,00,00,
0,00000380,false,Rx,0,8,B0,80,00,76,20,00,00,FE,
0,00000380,false,Rx,0,8,B0,80,00,76,20,00,00,FE,
0,00000588,false,Rx,0,8,0B,00,72,00,00,80,00,00,
0,00000380,false,Rx,0,8,B0,80,00,76,20,00,00,FE,
0,00000380,false,Rx,0,8,B0,80,00,76,20,00,00,FE,
0,00000588,false,Rx,0,8,0B,00,72,00,00,80,00,00,
0,00000380,false,Rx,0,8,B0,80,00,76,20,00,00,FE,
0,00000380,false,Rx,0,8,B0,80,00,76,20,00,00,FE,
364000,00000588,false,Rx,0,8,0B,00,72,00,00,80,00,00,
0,00000380,false,Rx,0,8,B0,80,00,76,20,00,00,FE,
0,00000380,false,Rx,0,8,B0,80,00,76,20,00,00,FE,
0,00000588,false,Rx,0,8,0B,00,72,00,00,80,00,00,
0,00000380,false,Rx,0,8,B0,80,00,76,20,00,00,FE,
0,00000380,false,Rx,0,8,B0,80,00,76,20,00,00,FE,
401000,00000588,false,Rx,0,8,0B,00,72,00,00,80,00,00,
0,00000380,false,Rx,0,8,B0,80,00,76,20,00,00,FE,
0,00000380,false,Rx,0,8,B0,80,00,76,20,00,00,FE,
0,00000588,false,Rx,0,8,0B,00,72,00,00,80,00,00,
0,00000380,false,Rx,0,8,B0,80,00,76,20,00,00,FE,
0,00000380,false,Rx,0,8,B0,80,00,76,20,00,00,FE,
0,00000588,false,Rx,0,8,0B,00,72,00,00,80,00,00,
0,00000380,false,Rx,0,8,B0,80,00,76,20,00,00,FE,
0,00000380,false,Rx,0,8,B0,80,00,76,20,00,00,FE,
0,00000588,false,Rx,0,8,0B,00,72,00,00,80,00,00,
0,00000380,false,Rx,0,8,B0,80,00,76,20,00,00,FE,
0,00000380,false,Rx,0,8,B0,80,00,76,20,00,00,FE,
0,00000588,false,Rx,0,8,0B,00,72,00,00,80,00,00,
0,00000380,false,Rx,0,8,B0,80,00,76,20,00,00,FE,
0,00000380,false,Rx,0,8,B0,80,00,76,20,00,00,FE,
0,00000588,false,Rx,0,8,0B,00,72,00,00,80,00,00,
0,00000380,false,Rx,0,8,B0,80,00,76,20,00,00,FE,
0,00000380,false,Rx,0,8,B0,80,00,76,20,00,00,FE,
0,00000588,false,Rx,0,8,0B,00,72,00,00,80,00,00,
0,00000380,false,Rx,0,8,B0,80,00,76,20,00,00,FE,
0,00000380,false,Rx,0,8,B0,80,00,76,20,00,00,FE,
0,00000588,false,Rx,0,8,0B,00,72,00,00,80,00,00,
0,00000380,false,Rx,0,8,B0,80,00,76,20,00,00,FE,
0,00000380,false,Rx,0,8,B0,80,00,76,20,00,00,FE,
565000,00000588,false,Rx,0,8,0B,00,72,00,00,80,00,00,
0,00000380,false,Rx,0,8,B0,80,00,76,20,00,00,FE,
0,00000380,false,Rx,0,8,B0,80,00,76,20,00,00,FE,
0,00000588,false,Rx,0,8,0B,00,72,00,00,80,00,00,
0,00000380,false,Rx,0,8,B0,80,00,76,20,00,00,FE,
0,00000380,false,Rx,0,8,B0,80,00,76,20,00,00,FE,
602000,00000588,false,Rx,0,8,0B,00,72,00,00,80,00,00,
0,00000380,false,Rx,0,8,B0,80,00,76,20,00,00,FE,
0,00000380,false,Rx,0,8,B0,80,00,76,20,00,00,FE,
0,00000588,false,Rx,0,8,0B,00,72,00,00,80,00,00,
0,00000380,false,Rx,0,8,B0,80,00,76,20,00,00,FE,
0,00000380,false,Rx,0,8,B0,80,00,76,20,00,00,FE,
0,00000588,false,Rx,0,8,0B,00,72,00,00,80,00,00,
0,00000380,false,Rx,0,8,B0,80,00,76,20,00,00,FE,
0,00000380,false,Rx,0,8,B0,80,00,76,20,00,00,FE,
0,00000588,false,Rx,0,8,0B,00,72,00,00,80,00,00,
0,00000380,false,Rx,0,8,B0,80,00,76,20,00,00,FE,
0,00000380,false,Rx,0,8,B0,80,00,76,20,00,00,FE,
0,00000588,false,Rx,0,8,0B,00,72,00,00,80,00,00,
0,00000380,false,Rx,0,8,B0,80,00,76,20,00,00,FE,
0,00000380,false,Rx,0,8,B0,80,00,76,20,00,00,FE,
0,00000588,false,Rx,0,8,0B,00,72,00,00,80,00,00,
0,00000380,false,Rx,0,8,B0,80,00,76,20,00,00,FE,
0,00000380,false,Rx,0,8,B0,80,00,76,20,00,00,FE,
0,00000588,false,Rx,0,8,0B,00,72,00,00,80,00,00,
0,00000380,false,Rx,0,8,B0,80,00,76,20,00,00,FE,
0,00000380,false,Rx,0,8,B0,80,00,76,20,00,00,FE,
745000,00000588,false,Rx,0,8,0B,00,72,00,00,80,00,00,
0,00000380,false,Rx,0,8,B0,80,00,76,20,00,00,FE,
0,00000380,false,Rx,0,8,B0,80,00,76,20,00,00,FE,
0,00000588,false,Rx,0,8,0B,00,72,00,00,80,00,00,
0,00000380,false,Rx,0,8,B0,80,00,76,20,00,00,FE,
0,00000380,false,Rx,0,8,B0,80,00,76,20,00,00,FE,
782000,00000588,false,Rx,0,8,0B,00,72,00,00,80,00,00,
0,00000380,false,Rx,0,8,B0,80,00,76,20,00,00,FE,
0,00000380,false,Rx,0,8,B0,80,00,76,20,00,00,FE,
0,00000588,false,Rx,0,8,0B,00,72,00,00,80,00,00,
0,00000380,false,Rx,0,8,B0,80,00,76,20,00,00,FE,
0,00000380,false,Rx,0,8,B0,80,00,76,20,00,00,FE,
0,00000588,false,Rx,0,8,0B,00,72,00,00,80,00,00,
0,00000380,false,Rx,0,8,B0,80,00,76,20,00,00,FE,
0,00000380,false,Rx,0,8,B0,80,00,76,20,00,00,FE,
0,00000588,false,Rx,0,8,0B,00,72,00,00,80,00,00,
0,00000380,false,Rx,0,8,B0,80,00,76,20,00,00,FE,
0,00000380,false,Rx,0,8,B0,80,00,76,20,00,00,FE,
0,00000588,false,Rx,0,8,0B,00,72,00,00,80,00,00,
0,00000380,false,Rx,0,8,B0,80,00,76,20,00,00,FE,
0,00000380,false,Rx,0,8,B0,80,00,76,20,00,00,FE,
0,00000588,false,Rx,0,8,0B,00,72,00,00,80,00,00,
0,00000380,false,Rx,0,8,B0,80,00,76,20,00,00,FE,
0,00000380,false,Rx,0,8,B0,80,00,76,20,00,00,FE,
0,00000588,false,Rx,0,8,0B,00,72,00,00,80,00,00,
0,00000380,false,Rx,0,8,B0,80,00,76,20,00,00,FE,
0,00000380,false,Rx,0,8,B0,80,00,76,20,00,00,FE,
926000,00000588,false,Rx,0,8,0B,00,72,00,00,80,00,00,
0,00000380,false,Rx,0,8,B0,80,00,76,20,00,00,FE,
0,00000380,false,Rx,0,8,B0,80,00,76,20,00,00,FE,
0,00000588,false,Rx,0,8,0B,00,72,00,00,80,00,00,
0,00000380,false,Rx,0,8,B0,80,00,76,20,00,00,FE,
0,00000380,false,Rx,0,8,B0,80,00,76,20,00,00,FE,
0,00000588,false,Rx,0,8,0B,00,72,00,00,80,00,00,
0,00000380,false,Rx,0,8,B0,80,00,76,20,00,00,FE,
0,00000380,false,Rx,0,8,B0,80,00,76,20,00,00,FE,
983000,00000588,false,Rx,0,8,0B,00,72,00,00,80,00,00,
0,00000380,false,Rx,0,8,B0,80,00,76,20,00,00,FE,
0,00000380,false,Rx,0,8,B0,80,00,76,20,00,00,FE,
0,00000588,false,Rx,0,8,0B,00,72,00,00,80,00,00,
0,00000380,false,Rx,0,8,B0,80,00,76,20,00,00,FE,
0,00000380,false,Rx,0,8,B0,80,00,76,20,00,00,FE,
0,00000588,false,Rx,0,8,0B,00,72,00,00,80,00,00,
0,00000380,false,Rx,0,8,B0,80,00,76,20,00,00,FE,
0,00000380,false,Rx,0,8,B0,80,00,76,20,00,00,FE,
0,00000588,false,Rx,0,8,0B,00,72,00,00,80,00,00,
0,00000380,false,Rx,0,8,B0,80,00,76,20,00,00,FE,
0,00000380,false,Rx,0,8,B0,80,00,76,20,00,00,FE,
0,00000588,false,Rx,0,8,0B,00,72,00,00,80,00,00,
0,00000380,false,Rx,0,8,B0,80,00,76,20,00,00,FE,
0,00000380,false,Rx,0,8,B0,80,00,76,20,00,00,FE,
0,00000588,false,Rx,0,8,0B,00,72,00,00,80,00,00,
0,00000380,false,Rx,0,8,B0,80,00,76,20,00,00,FE,
0,00000380,false,Rx,0,8,B0,80,00,76,20,00,00,FE,
0,00000588,false,Rx,0,8,0B,00,72,00,00,80,00,00,
0,00000380,false,Rx,0,8,B0,80,00,76,20,00,00,FE,
0,00000380,false,Rx,0,8,B0,80,00,76,20,00,00,FE,
126000,00000588,false,Rx,0,8,0B,00,72,00,00,80,00,00,
0,00000380,false,Rx,0,8,B0,80,00,76,20,00,00,FE,
0,00000380,false,Rx,0,8,B0,80,00,76,20,00,00,FE,
0,00000588,false,Rx,0,8,0B,00,72,00,00,80,00,00,
0,00000380,false,Rx,0,8,B0,80,00,76,20,00,00,FE,
0,00000380,false,Rx,0,8,B0,80,00,76,20,00,00,FE,
163000,00000588,false,Rx,0,8,0B,00,72,00,00,80,00,00,
0,00000380,false,Rx,0,8,B0,80,00,76,20,00,00,FE,
0,00000380,false,Rx,0,8,B0,80,00,76,20,00,00,FE,
0,00000588,false,Rx,0,8,0B,00,72,00,00,80,00,00,
0,00000380,false,Rx,0,8,B0,80,00,76,20,00,00,FE,
0,00000380,false,Rx,0,8,B0,80,00,76,20,00,00,FE,
0,00000588,false,Rx,0,8,0B,00,72,00,00,80,00,00,
0,00000380,false,Rx,0,8,B0,80,00,76,20,00,00,FE,
0,00000380,false,Rx,0,8,B0,80,00,76,20,00,00,FE,
0,00000588,false,Rx,0,8,0B,00,72,00,00,80,00,00,
0,00000380,false,Rx,0,8,B0,80,00,76,20,00,00,FE,
0,00000380,false,Rx,0,8,B0,80,00,76,20,00,00,FE,
0,00000588,false,Rx,0,8,0B,00,72,00,00,80,00,00,
0,00000380,false,Rx,0,8,B0,80,00,76,20,00,00,FE,
0,00000380,false,Rx,0,8,B0,80,00,76,20,00,00,FE,
0,00000588,false,Rx,0,8,0B,00,72,00,00,80,00,00,
0,00000380,false,Rx,0,8,B0,80,00,76,20,00,00,FE,
0,00000380,false,Rx,0,8,B0,80,00,76,20,00,00,FE,
0,00000588,false,Rx,0,8,0B,00,72,00,00,80,00,00,
0,00000380,false,Rx,0,8,B0,80,00,76,20,00,00,FE,
0,00000380,false,Rx,0,8,B0,80,00,76,20,00,00,FE,
306000,00000588,false,Rx,0,8,0B,00,72,00,00,80,00,00,
0,00000380,false,Rx,0,8,B0,80,00,76,20,00,00,FE,
0,00000380,false,Rx,0,8,B0,80,00,76,20,00,00,FE,
0,00000588,false,Rx,0,8,0B,00,72,00,00,80,00,00,
0,00000380,false,Rx,0,8,B0,80,00,76,20,00,00,FE,
0,00000380,false,Rx,0,8,B0,80,00,76,20,00,00,FE,
343000,00000588,false,Rx,0,8,0B,00,72,00,00,80,00,00,
0,00000380,false,Rx,0,8,B0,80,00,76,20,00,00,FE,
0,00000380,false,Rx,0,8,B0,80,00,76,20,00,00,FE,
363000,00000588,false,Rx,0,8,0B,00,72,00,00,80,00,00,
0,00000380,false,Rx,0,8,B0,80,00,76,20,00,00,FE,
0,00000380,false,Rx,0,8,B0,80,00,76,20,00,00,FE,
0,00000588,false,Rx,0,8,0B,00,72,00,00,80,00,00,
0,00000380,false,Rx,0,8,B0,80,00,76,20,00,00,FE,
0,00000380,false,Rx,0,8,B0,80,00,76,20,00,00,FE,
0,00000588,false,Rx,0,8,0B,00,72,00,00,80,00,00,
0,00000380,false,Rx,0,8,B0,80,00,76,20,00,00,FE,
0,00000380,false,Rx,0,8,B0,80,00,76,20,00,00,FE,
0,00000588,false,Rx,0,8,0B,00,72,00,00,80,00,00,
0,00000380,false,Rx,0,8,B0,80,00,76,20,00,00,FE,
0,00000380,false,Rx,0,8,B0,80,00,76,20,00,00,FE,
0,00000588,false,Rx,0,8,0B,00,72,00,00,80,00,00,
0,00000380,false,Rx,0,8,B0,80,00,76,20,00,00,FE,
0,00000380,false,Rx,0,8,B0,80,00,76,20,00,00,FE,
0,00000588,false,Rx,0,8,0B,00,72,00,00,80,00,00,
0,00000380,false,Rx,0,8,B0,80,00,76,20,00,00,FE,
0,00000380,false,Rx,0,8,B0,80,00,76,20,00,00,FE,
0,00000588,false,Rx,0,8,0B,00,72,00,00,80,00,00,
0,00000380,false,Rx,0,8,B0,80,00,76,20,00,00,FE,
0,00000380,false,Rx,0,8,B0,80,00,76,20,00,00,FE,
507000,00000588,false,Rx,0,8,0B,00,72,00,00,80,00,00,
0,00000380,false,Rx,0,8,B0,80,00,76,20,00,00,FE,
0,00000380,false,Rx,0,8,B0,80,00,76,20,00,00,FE,
0,00000588,false,Rx,0,8,0B,00,72,00,00,80,00,00,
0,00000380,false,Rx,0,8,B0,80,00,76,20,00,00,FE,
0,00000380,false,Rx,0,8,B0,80,00,76,20,00,00,FE,
544000,00000588,false,Rx,0,8,0B,00,72,00,00,80,00,00,
0,00000380,false,Rx,0,8,B0,80,00,76,20,00,00,FE,
0,00000380,false,Rx,0,8,B0,80,00,76,20,00,00,FE,
0,00000588,false,Rx,0,8,0B,00,72,00,00,80,00,00,
0,00000380,false,Rx,0,8,B0,80,00,76,20,00,00,FE,
0,00000380,false,Rx,0,8,B0,80,00,76,20,00,00,FE,
0,00000588,false,Rx,0,8,0B,00,72,00,00,80,00,00,
0,00000380,false,Rx,0,8,B0,80,00,76,20,00,00,FE,
0,00000380,false,Rx,0,8,B0,80,00,76,20,00,00,FE,
0,00000588,false,Rx,0,8,0B,00,72,00,00,80,00,00,
0,00000380,false,Rx,0,8,B0,80,00,76,20,00,00,FE,
0,00000380,false,Rx,0,8,B0,80,00,76,20,00,00,FE,
0,00000588,false,Rx,0,8,0B,00,72,00,00,80,00,00,
0,00000380,false,Rx,0,8,B0,80,00,76,20,00,00,FE,
0,00000380,false,Rx,0,8,B0,80,00,76,20,00,00,FE,
0,00000588,false,Rx,0,8,0B,00,72,00,00,80,00,00,
0,00000380,false,Rx,0,8,B0,80,00,76,20,00,00,FE,
0,00000380,false,Rx,0,8,B0,80,00,76,20,00,00,FE,
0,00000588,false,Rx,0,8,0B,00,72,00,00,80,00,00,
0,00000380,false,Rx,0,8,B0,80,00,76,20,00,00,FE,
0,00000380,false,Rx,0,8,B0,80,00,76,20,00,00,FE,
687000,00000588,false,Rx,0,8,0B,00,72,00,00,80,00,00,
0,00000380,false,Rx,0,8,B0,80,00,76,20,00,00,FE,
0,00000380,false,Rx,0,8,B0,80,00,76,20,00,00,FE,
0,00000588,false,Rx,0,8,0B,00,72,00,00,80,00,00,
0,00000380,false,Rx,0,8,B0,80,00,76,20,00,00,FE,
0,00000380,false,Rx,0,8,B0,80,00,76,20,00,00,FE,
724000,00000588,false,Rx,0,8,0B,00,72,00,00,80,00,00,
0,00000380,false,Rx,0,8,B0,80,00,76,20,00,00,FE,
0,00000380,false,Rx,0,8,B0,80,00,76,20,00,00,FE,
0,00000588,false,Rx,0,8,0B,00,72,00,00,80,00,00,
0,00000380,false,Rx,0,8,B0,80,00,76,20,00,00,FE,
0,00000380,false,Rx,0,8,B0,80,00,76,20,00,00,FE,
0,00000588,false,Rx,0,8,0B,00,72,00,00,80,00,00,
0,00000380,false,Rx,0,8,B0,80,00,76,20,00,00,FE,
0,00000380,false,Rx,0,8,B0,80,00,76,20,00,00,FE,
0,00000588,false,Rx,0,8,0B,00,72,00,00,80,00,00,
0,00000380,false,Rx,0,8,B0,80,00,76,20,00,00,FE,
0,00000380,false,Rx,0,8,B0,80,00,76,20,00,00,FE,
0,00000588,false,Rx,0,8,0B,00,72,00,00,80,00,00,
0,00000380,false,Rx,0,8,B0,80,00,76,20,00,00,FE,
0,00000380,false,Rx,0,8,B0,80,00,76,20,00,00,FE,
0,00000588,false,Rx,0,8,0B,00,72,00,00,80,00,00,
0,00000380,false,Rx,0,8,B0,80,00,76,20,00,00,FE,
0,00000380,false,Rx,0,8,B0,80,00,76,20,00,00,FE,
0,00000588,false,Rx,0,8,0B,00,72,00,00,80,00,00,
0,00000380,false,Rx,0,8,B0,80,00,76,20,00,00,FE,
0,00000380,false,Rx,0,8,B0,80,00,76,20,00,00,FE,
0,00000588,false,Rx,0,8,0B,00,72,00,00,80,00,00,
0,00000380,false,Rx,0,8,B0,80,00,76,20,00,00,FE,
0,00000380,false,Rx,0,8,B0,80,00,76,20,00,00,FE,
0,00000588,false,Rx,0,8,0B,00,72,00,00,80,00,00,
0,00000380,false,Rx,0,8,B0,80,00,76,20,00,00,FE,
0,00000380,false,Rx,0,8,B0,80,00,76,20,00,00,FE,
0,00000588,false,Rx,0,8,0B,00,72,00,00,80,00,00,
0,00000380,false,Rx,0,8,B0,80,00,76,20,00,00,FE,
0,00000380,false,Rx,0,8,B0,80,00,76,20,00,00,FE,
925000,00000588,false,Rx,0,8,0B,00,72,00,00,80,00,00,
0,00000380,false,Rx,0,8,B0,80,00,76,20,00,00,FE,
0,00000380,false,Rx,0,8,B0,80,00,76,20,00,00,FE,
0,00000588,false,Rx,0,8,0B,00,72,00,00,80,00,00,
0,00000380,false,Rx,0,8,B0,80,00,76,20,00,00,FE,
0,00000380,false,Rx,0,8,B0,80,00,76,20,00,00,FE,
0,00000588,false,Rx,0,8,0B,00,72,00,00,80,00,00,
0,00000380,false,Rx,0,8,B0,80,00,76,20,00,00,FE,
0,00000380,false,Rx,0,8,B0,80,00,76,20,00,00,FE,
0,00000588,false,Rx,0,8,0B,00,72,00,00,80,00,00,
0,00000380,false,Rx,0,8,B0,80,00,76,20,00,00,FE,
0,00000380,false,Rx,0,8,B0,80,00,76,20,00,00,FE,
0,00000588,false,Rx,0,8,0B,00,72,00,00,80,00,00,
0,00000380,false,Rx,0,8,B0,80,00,76,20,00,00,FE,
0,00000380,false,Rx,0,8,B0,80,00,76,20,00,00,FE,
0,00000588,false,Rx,0,8,0B,00,72,00,00,80,00,00,
0,00000380,false,Rx,0,8,B0,80,00,76,20,00,00,FE,
0,00000380,false,Rx,0,8,B0,80,00,76,20,00,00,FE,
0,00000588,false,Rx,0,8,0B,00,72,00,00,80,00,00,
0,00000380,false,Rx,0,8,B0,80,00,76,20,00,00,FE,
0,00000380,false,Rx,0,8,B0,80,00,76,20,00,00,FE,
68000,00000588,false,Rx,0,8,0B,00,72,00,00,80,00,00,
0,00000380,false,Rx,0,8,B0,80,00,76,20,00,00,FE,
0,00000380,false,Rx,0,8,B0,80,00,76,20,00,00,FE,
0,00000588,false,Rx,0,8,0B,00,72,00,00,80,00,00,
0,00000380,false,Rx,0,8,B0,80,00,76,20,00,00,FE,
0,00000380,false,Rx,0,8,B0,80,00,76,20,00,00,FE,
105000,00000588,false,Rx,0,8,0B,00,72,00,00,80,00,00,
0,00000380,false,Rx,0,8,B0,80,00,76,20,00,00,FE,
0,00000380,false,Rx,0,8,B0,80,00,76,20,00,00,FE,
0,00000588,false,Rx,0,8,0B,00,72,00,00,80,00,00,
0,00000380,false,Rx,0,8,B0,80,00,76,20,00,00,FE,
0,00000380,false,Rx,0,8,B0,80,00,76,20,00,00,FE,
0,00000588,false,Rx,0,8,0B,00,72,00,00,80,00,00,
0,00000380,false,Rx,0,8,B0,80,00,76,20,00,00,FE,
0,00000380,false,Rx,0,8,B0,80,00,76,20,00,00,FE,
0,00000588,false,Rx,0,8,0B,00,72,00,00,80,00,00,
0,00000380,false,Rx,0,8,B0,80,00,76,20,00,00,FE,
0,00000380,false,Rx,0,8,B0,80,00,76,20,00,00,FE,
0,00000588,false,Rx,0,8,0B,00,72,00,00,80,00,00,
0,00000380,false,Rx,0,8,B0,80,00,76,20,00,00,FE,
0,00000380,false,Rx,0,8,B0,80,00,76,20,00,00,FE,
0,00000588,false,Rx,0,8,0B,00,72,00,00,80,00,00,
0,00000380,false,Rx,0,8,B0,80,00,76,20,00,00,FE,
0,00000380,false,Rx,0,8,B0,80,00,76,20,00,00,FE,
0,00000588,false,Rx,0,8,0B,00,72,00,00,80,00,00,
0,00000380,false,Rx,0,8,B0,80,00,76,20,00,00,FE,
0,00000380,false,Rx,0,8,B0,80,00,76,20,00,00,FE,
249000,00000588,false,Rx,0,8,0B,00,72,00,00,80,00,00,
0,00000380,false,Rx,0,8,B0,80,00,76,20,00,00,FE,
0,00000380,false,Rx,0,8,B0,80,00,76,20,00,00,FE,
0,00000588,false,Rx,0,8,0B,00,72,00,00,80,00,00,
0,00000380,false,Rx,0,8,B0,80,00,76,20,00,00,FE,
0,00000380,false,Rx,0,8,B0,80,00,76,20,00,00,FE,
285000,00000588,false,Rx,0,8,0B,00,72,00,00,80,00,00,
0,00000380,false,Rx,0,8,B0,80,00,76,20,00,00,FE,
0,00000380,false,Rx,0,8,B0,80,00,76,20,00,00,FE,
306000,00000588,false,Rx,0,8,0B,00,72,00,00,80,00,00,
0,00000380,false,Rx,0,8,B0,80,00,76,20,00,00,FE,
0,00000380,false,Rx,0,8,B0,80,00,76,20,00,00,FE,
0,00000588,false,Rx,0,8,0B,00,72,00,00,80,00,00,
0,00000380,false,Rx,0,8,B0,80,00,76,20,00,00,FE,
0,00000380,false,Rx,0,8,B0,80,00,76,20,00,00,FE,
0,00000588,false,Rx,0,8,0B,00,72,00,00,80,00,00,
0,00000380,false,Rx,0,8,B0,80,00,76,20,00,00,FE,
0,00000380,false,Rx,0,8,B0,80,00,76,20,00,00,FE,
0,00000588,false,Rx,0,8,0B,00,72,00,00,80,00,00,
0,00000380,false,Rx,0,8,B0,80,00,76,20,00,00,FE,
0,00000380,false,Rx,0,8,B0,80,00,76,20,00,00,FE,
0,00000588,false,Rx,0,8,0B,00,72,00,00,80,00,00,
0,00000380,false,Rx,0,8,B0,80,00,76,20,00,00,FE,
0,00000380,false,Rx,0,8,B0,80,00,76,20,00,00,FE,
0,00000588,false,Rx,0,8,0B,00,72,00,00,80,00,00,
0,00000380,false,Rx,0,8,B0,80,00,76,20,00,00,FE,
0,00000380,false,Rx,0,8,B0,80,00,76,20,00,00,FE,
0,00000588,false,Rx,0,8,0B,00,72,00,00,80,00,00,
0,00000380,false,Rx,0,8,B0,80,00,76,20,00,00,FE,
0,00000380,false,Rx,0,8,B0,80,00,76,20,00,00,FE,
449000,00000588,false,Rx,0,8,0B,00,72,00,00,80,00,00,
0,00000380,false,Rx,0,8,B0,80,00,76,20,00,00,FE,
0,00000380,false,Rx,0,8,B0,80,00,76,20,00,00,FE,
0,00000588,false,Rx,0,8,0B,00,72,00,00,80,00,00,
0,00000380,false,Rx,0,8,B0,80,00,76,20,00,00,FE,
0,00000380,false,Rx,0,8,B0,80,00,76,20,00,00,FE,
486000,00000588,false,Rx,0,8,0B,00,72,00,00,80,00,00,
0,00000380,false,Rx,0,8,B0,80,00,76,20,00,00,FE,
0,00000380,false,Rx,0,8,B0,80,00,76,20,00,00,FE,
0,00000588,false,Rx,0,8,0B,00,72,00,00,80,00,00,
0,00000380,false,Rx,0,8,B0,80,00,76,20,00,00,FE,
0,00000380,false,Rx,0,8,B0,80,00,76,20,00,00,FE,
0,00000588,false,Rx,0,8,0B,00,72,00,00,80,00,00,
0,00000380,false,Rx,0,8,B0,80,00,76,20,00,00,FE,
0,00000380,false,Rx,0,8,B0,80,00,76,20,00,00,FE,
0,00000588,false,Rx,0,8,0B,00,72,00,00,80,00,00,
0,00000380,false,Rx,0,8,B0,80,00,76,20,00,00,FE,
0,00000380,false,Rx,0,8,B0,80,00,76,20,00,00,FE,
0,00000588,false,Rx,0,8,0B,00,72,00,00,80,00,00,
0,00000380,false,Rx,0,8,B0,80,00,76,20,00,00,FE,
0,00000380,false,Rx,0,8,B0,80,00,76,20,00,00,FE,
0,00000588,false,Rx,0,8,0B,00,72,00,00,80,00,00,
0,00000380,false,Rx,0,8,B0,80,00,76,20,00,00,FE,
0,00000380,false,Rx,0,8,B0,80,00,76,20,00,00,FE,
0,00000588,false,Rx,0,8,0B,00,72,00,00,80,00,00,
0,00000380,false,Rx,0,8,B0,80,00,76,20,00,00,FE,
0,00000380,false,Rx,0,8,B0,80,00,76,20,00,00,FE,
629000,00000588,false,Rx,0,8,0B,00,72,00,00,80,00,00,
0,00000380,false,Rx,0,8,B0,80,00,76,20,00,00,FE,
0,00000380,false,Rx,0,8,B0,80,00,76,20,00,00,FE,
0,00000588,false,Rx,0,8,0B,00,72,00,00,80,00,00,
0,00000380,false,Rx,0,8,B0,80,00,76,20,00,00,FE,
0,00000380,false,Rx,0,8,B0,80,00,76,20,00,00,FE,
666000,00000588,false,Rx,0,8,0B,00,72,00,00,80,00,00,
0,00000380,false,Rx,0,8,B0,80,00,76,20,00,00,FE,
0,00000380,false,Rx,0,8,B0,80,00,76,20,00,00,FE,
0,00000588,false,Rx,0,8,0B,00,72,00,00,80,00,00,
0,00000380,false,Rx,0,8,B0,80,00,76,20,00,00,FE,
0,00000380,false,Rx,0,8,B0,80,00,76,20,00,00,FE,
0,00000588,false,Rx,0,8,0B,00,72,00,00,80,00,00,
0,00000380,false,Rx,0,8,B0,80,00,76,20,00,00,FE,
0,00000380,false,Rx,0,8,B0,80,00,76,20,00,00,FE,
0,00000588,false,Rx,0,8,0B,00,72,00,00,80,00,00,
0,00000380,false,Rx,0,8,B0,80,00,76,20,00,00,FE,
0,00000380,false,Rx,0,8,B0,80,00,76,20,00,00,FE,
0,00000588,false,Rx,0,8,0B,00,72,00,00,80,00,00,
0,00000380,false,Rx,0,8,B0,80,00,76,20,00,00,FE,
0,00000380,false,Rx,0,8,B0,80,00,76,20,00,00,FE,
0,00000588,false,Rx,0,8,0B,00,72,00,00,80,00,00,
0,00000380,false,Rx,0,8,B0,80,00,76,20,00,00,FE,
0,00000380,false,Rx,0,8,B0,80,00,76,20,00,00,FE,
0,00000588,false,Rx,0,8,0B,00,72,00,00,80,00,00,
0,00000380,false,Rx,0,8,B0,80,00,76,20,00,00,FE,
0,00000380,false,Rx,0,8,B0,80,00,76,20,00,00,FE,
0,00000588,false,Rx,0,8,0B,00,72,00,00,80,00,00,
0,00000380,false,Rx,0,8,B0,80,00,76,20,00,00,FE,
0,00000380,false,Rx,0,8,B0,80,00,76,20,00,00,FE,
830000,00000588,false,Rx,0,8,0B,00,72,00,00,80,00,00,
0,00000380,false,Rx,0,8,B0,80,00,76,20,00,00,FE,
0,00000380,false,Rx,0,8,B0,80,00,76,20,00,00,FE,
0,00000588,false,Rx,0,8,0B,00,72,00,00,80,00,00,
0,00000380,false,Rx,0,8,B0,80,00,76,20,00,00,FE,
0,00000380,false,Rx,0,8,B0,80,00,76,20,00,00,FE,
867000,00000588,false,Rx,0,8,0B,00,72,00,00,80,00,00,
0,00000380,false,Rx,0,8,B0,80,00,76,20,00,00,FE,
0,00000380,false,Rx,0,8,B0,80,00,76,20,00,00,FE,
0,00000588,false,Rx,0,8,0B,00,72,00,00,80,00,00,
0,00000380,false,Rx,0,8,B0,80,00,76,20,00,00,FE,
0,00000380,false,Rx,0,8,B0,80,00,76,20,00,00,FE,
0,00000588,false,Rx,0,8,0B,00,72,00,00,80,00,00,
0,00000380,false,Rx,0,8,B0,80,00,76,20,00,00,FE,
0,00000380,false,Rx,0,8,B0,80,00,76,20,00,00,FE,
0,00000588,false,Rx,0,8,0B,00,72,00,00,80,00,00,
0,00000380,false,Rx,0,8,B0,80,00,76,20,00,00,FE,
0,00000380,false,Rx,0,8,B0,80,00,76,20,00,00,FE,
0,00000588,false,Rx,0,8,0B,00,72,00,00,80,00,00,
0,00000380,false,Rx,0,8,B0,80,00,76,20,00,00,FE,
0,00000380,false,Rx,0,8,B0,80,00,76,20,00,00,FE,
0,00000588,false,Rx,0,8,0B,00,72,00,00,80,00,00,
0,00000380,false,Rx,0,8,B0,80,00,76,20,00,00,FE,
0,00000380,false,Rx,0,8,B0,80,00,76,20,00,00,FE,
0,00000588,false,Rx,0,8,0B,00,72,00,00,80,00,00,
0,00000380,false,Rx,0,8,B0,80,00,76,20,00,00,FE,
0,00000380,false,Rx,0,8,B0,80,00,76,20,00,00,FE,
10000,00000588,false,Rx,0,8,0B,00,72,00,00,80,00,00,
0,00000380,false,Rx,0,8,B0,80,00,76,20,00,00,FE,
0,00000380,false,Rx,0,8,B0,80,00,76,20,00,00,FE,
0,00000588,false,Rx,0,8,0B,00,72,00,00,80,00,00,
0,00000380,false,Rx,0,8,B0,80,00,76,20,00,00,FE,
0,00000380,false,Rx,0,8,B0,80,00,76,20,00,00,FE,
47000,00000588,false,Rx,0,8,0B,00,72,00,00,80,00,00,
0,00000380,false,Rx,0,8,B0,80,00,76,20,00,00,FE,
0,00000380,false,Rx,0,8,B0,80,00,76,20,00,00,FE,
0,00000588,false,Rx,0,8,0B,00,72,00,00,80,00,00,
0,00000380,false,Rx,0,8,B0,80,00,76,20,00,00,FE,
0,00000380,false,Rx,0,8,B0,80,00,76,20,00,00,FE,
0,00000588,false,Rx,0,8,0B,00,72,00,00,80,00,00,
0,00000380,false,Rx,0,8,B0,80,00,76,20,00,00,FE,
0,00000380,false,Rx,0,8,B0,80,00,76,20,00,00,FE,
0,00000588,false,Rx,0,8,0B,00,72,00,00,80,00,00,
0,00000380,false,Rx,0,8,B0,80,00,76,20,00,00,FE,
0,00000380,false,Rx,0,8,B0,80,00,76,20,00,00,FE,
0,00000588,false,Rx,0,8,0B,00,72,00,00,80,00,00,
0,00000380,false,Rx,0,8,B0,80,00,76,20,00,00,FE,
0,00000380,false,Rx,0,8,B0,80,00,76,20,00,00,FE,
0,00000588,false,Rx,0,8,0B,00,72,00,00,80,00,00,
0,00000380,false,Rx,0,8,B0,80,00,76,20,00,00,FE,
0,00000380,false,Rx,0,8,B0,80,00,76,20,00,00,FE,
0,00000588,false,Rx,0,8,0B,00,72,00,00,80,00,00,
0,00000380,false,Rx,0,8,B0,80,00,76,20,00,00,FE,
0,00000380,false,Rx,0,8,B0,80,00,76,20,00,00,FE,
191000,00000588,false,Rx,0,8,0B,00,72,00,00,80,00,00,
0,00000380,false,Rx,0,8,B0,80,00,76,20,00,00,FE,
0,00000380,false,Rx,0,8,B0,80,00,76,20,00,00,FE,
0,00000588,false,Rx,0,8,0B,00,72,00,00,80,00,00,
0,00000380,false,Rx,0,8,B0,80,00,76,20,00,00,FE,
0,00000380,false,Rx,0,8,B0,80,00,76,20,00,00,FE,
0,00000588,false,Rx,0,8,0B,00,72,00,00,80,00,00,
0,00000380,false,Rx,0,8,B0,80,00,76,20,00,00,FE,
0,00000380,false,Rx,0,8,B0,80,00,76,20,00,00,FE,
248000,00000588,false,Rx,0,8,0B,00,72,00,00,80,00,00,
0,00000380,false,Rx,0,8,B0,80,00,76,20,00,00,FE,
0,00000380,false,Rx,0,8,B0,80,00,76,20,00,00,FE,
0,00000588,false,Rx,0,8,0B,00,72,00,00,80,00,00,
0,00000380,false,Rx,0,8,B0,80,00,76,20,00,00,FE,
0,00000380,false,Rx,0,8,B0,80,00,76,20,00,00,FE,
0,00000284,false,Rx,0,6,0F,0F,00,00,00,00,00,00,
0,00000380,false,Rx,0,8,B0,80,00,76,20,00,00,FE,
0,00000380,false,Rx,0,8,B0,80,00,76,20,00,00,FE,
0,00000588,false,Rx,0,8,0B,00,72,00,00,80,00,00,
0,00000380,false,Rx,0,8,B0,80,00,76,20,00,00,FE,
0,00000380,false,Rx,0,8,B0,80,00,76,20,00,00,FE,
0,00000588,false,Rx,0,8,0B,00,72,00,00,80,00,00,
0,00000380,false,Rx,0,8,B0,80,00,76,20,00,00,FE,
0,00000380,false,Rx,0,8,B0,80,00,76,20,00,00,FE,
0,00000588,false,Rx,0,8,0B,00,72,00,00,80,00,00,
0,00000380,false,Rx,0,8,B0,80,00,76,20,00,00,FE,
0,00000380,false,Rx,0,8,B0,80,00,76,20,00,00,FE,
0,00000284,false,Rx,0,6,03,03,00,00,00,00,00,00,
0,00000380,false,Rx,0,8,B0,80,00,76,20,00,00,FE,
0,00000380,false,Rx,0,8,B0,80,00,76,20,00,00,FE,
391000,00000588,false,Rx,0,8,0B,00,72,00,00,80,00,00,
0,00000380,false,Rx,0,8,B0,80,00,76,20,00,00,FE,
0,00000380,false,Rx,0,8,B0,80,00,76,20,00,00,FE,
0,00000588,false,Rx,0,8,0B,00,72,00,00,80,00,00,
0,00000380,false,Rx,0,8,B0,80,00,76,20,00,00,FE,
0,00000380,false,Rx,0,8,B0,80,00,76,20,00,00,FE,
428000,00000588,false,Rx,0,8,0B,00,72,00,00,80,00,00,
0,00000380,false,Rx,0,8,B0,80,00,76,20,00,00,FE,
0,00000380,false,Rx,0,8,B0,80,00,76,20,00,00,FE,
0,00000588,false,Rx,0,8,0B,00,72,00,00,80,00,00,
0,00000380,false,Rx,0,8,B0,80,00,76,20,00,00,FE,
0,00000380,false,Rx,0,8,B0,80,00,76,20,00,00,FE,
0,00000284,false,Rx,0,6,08,08,00,00,00,00,00,00,
0,00000380,false,Rx,0,8,B0,80,00,76,20,00,00,FE,
0,00000380,false,Rx,0,8,B0,80,00,76,20,00,00,FE,
0,00000284,false,Rx,0,6,09,09,00,00,00,00,00,00,
0,00000380,false,Rx,0,8,B0,80,00,76,20,00,00,FE,
0,00000380,false,Rx,0,8,B0,80,00,76,20,00,00,FE,
0,00000588,false,Rx,0,8,0B,00,72,00,00,80,00,00,
0,00000380,false,Rx,0,8,B0,80,00,76,20,00,00,FE,
0,00000380,false,Rx,0,8,B0,80,00,76,20,00,00,FE,
0,00000588,false,Rx,0,8,0B,00,72,00,00,80,00,00,
0,00000380,false,Rx,0,8,B0,80,00,76,20,00,00,FE,
0,00000380,false,Rx,0,8,B0,80,00,76,20,00,00,FE,
0,00000284,false,Rx,0,6,0C,0C,00,00,00,00,00,00,
0,00000380,false,Rx,0,8,B0,80,00,76,20,00,00,FE,
0,00000380,false,Rx,0,8,B0,80,00,76,20,00,00,FE,
572000,00000588,false,Rx,0,8,0B,00,72,00,00,80,00,00,
0,00000380,false,Rx,0,8,B0,80,00,76,20,00,00,FE,
0,00000380,false,Rx,0,8,B0,80,00,76,20,00,00,FE,
0,00000588,false,Rx,0,8,0B,00,72,00,00,80,00,00,
0,00000380,false,Rx,0,8,B0,80,00,76,20,00,00,FE,
0,00000380,false,Rx,0,8,B0,80,00,76,20,00,00,FE,
0,00000284,false,Rx,0,6,0F,0F,00,00,00,00,00,00,
0,00000380,false,Rx,0,8,B0,80,00,76,20,00,00,FE,
0,00000380,false,Rx,0,8,B0,80,00,76,20,00,00,FE,
0,00000284,false,Rx,0,6,00,00,00,00,00,00,00,00,
0,00000380,false,Rx,0,8,B0,80,00,76,20,00,00,FE,
0,00000380,false,Rx,0,8,B0,80,00,76,20,00,00,FE,
0,00000284,false,Rx,0,6,01,01,00,00,00,00,00,00,
0,00000380,false,Rx,0,8,B0,80,00,76,20,00,00,FE,
0,00000380,false,Rx,0,8,B0,80,00,76,20,00,00,FE,
0,00000284,false,Rx,0,6,02,02,00,00,00,00,00,00,
0,00000380,false,Rx,0,8,B0,80,00,76,20,00,00,FE,
0,00000380,false,Rx,0,8,B0,80,00,76,20,00,00,FE,
0,00000284,false,Rx,0,6,03,03,00,00,00,00,00,00,
0,00000380,false,Rx,0,8,B0,80,00,76,20,00,00,FE,
0,00000380,false,Rx,0,8,B0,80,00,76,20,00,00,FE,
0,00000284,false,Rx,0,6,04,04,00,00,00,00,00,00,
0,00000380,false,Rx,0,8,B0,80,00,76,20,00,00,FE,
0,00000380,false,Rx,0,8,B0,80,00,76,20,00,00,FE,
0,00000284,false,Rx,0,6,05,05,00,00,00,00,00,00,
0,00000380,false,Rx,0,8,B0,80,00,76,20,00,00,FE,
0,00000380,false,Rx,0,8,B0,80,00,76,20,00,00,FE,
0,00000588,false,Rx,0,8,0B,00,72,00,00,80,00,00,
0,00000380,false,Rx,0,8,B0,80,00,76,20,00,00,FE,
0,00000380,false,Rx,0,8,B0,80,00,76,20,00,00,FE,
0,00000284,false,Rx,0,6,07,07,00,00,00,00,00,00,
0,00000380,false,Rx,0,8,B0,80,00,76,20,00,00,FE,
0,00000380,false,Rx,0,8,B0,80,00,76,20,00,00,FE,
0,00000284,false,Rx,0,6,08,08,00,00,00,00,00,00,
0,00000380,false,Rx,0,8,B0,80,00,76,20,00,00,FE,
0,00000380,false,Rx,0,8,B0,80,00,76,20,00,00,FE,
0,00000284,false,Rx,0,6,09,09,00,00,00,00,00,00,
0,00000380,false,Rx,0,8,B0,80,00,76,20,00,00,FE,
0,00000380,false,Rx,0,8,B0,80,00,76,20,00,00,FE,
0,00000284,false,Rx,0,6,0A,0A,00,00,00,00,00,00,
0,00000380,false,Rx,0,8,B0,80,00,76,20,00,00,FE,
0,00000380,false,Rx,0,8,B0,80,00,76,20,00,00,FE,
0,00000284,false,Rx,0,6,0B,0B,00,00,00,00,00,00,
0,00000380,false,Rx,0,8,B0,80,00,76,20,00,00,FE,
0,00000380,false,Rx,0,8,B0,80,00,76,20,00,00,FE,
0,00000284,false,Rx,0,6,0C,0C,00,00,00,00,00,00,
0,00000380,false,Rx,0,8,B0,80,00,76,20,00,00,FE,
0,00000300,false,Rx,0,6,A1,0F,8A,FF,4A,FF,00,00,
0,0000048C,false,Rx,0,6,0D,0D,00,00,00,00,00,00,
0,00000588,false,Rx,0,8,0B,00,72,00,00,80,00,00,
0,00000380,false,Rx,0,8,B0,80,00,76,20,00,00,FE,
0,00000380,false,Rx,0,8,B0,80,00,76,20,00,00,FE,
0,00000284,false,Rx,0,6,0E,0E,00,00,00,00,00,00,
0,00000380,false,Rx,0,8,B0,80,00,76,20,00,00,FE,
0,00000380,false,Rx,0,8,B0,80,00,76,20,00,00,FE,
0,00000284,false,Rx,0,6,0F,0F,00,00,00,00,00,00,
0,00000380,false,Rx,0,8,B0,80,00,76,20,00,00,FE,
0,00000380,false,Rx,0,8,B0,80,00,76,20,00,00,FE,
0,00000284,false,Rx,0,6,00,00,00,00,00,00,00,00,
0,00000380,false,Rx,0,8,B0,80,00,76,20,00,00,FE,
0,00000380,false,Rx,0,8,B0,80,00,76,20,00,00,FE,
0,00000284,false,Rx,0,6,01,01,00,00,00,00,00,00,
0,00000380,false,Rx,0,8,B0,80,00,76,20,00,00,FE,
0,00000380,false,Rx,0,8,B0,80,00,76,20,00,00,FE,
0,00000284,false,Rx,0,6,02,02,00,00,00,00,00,00,
0,00000380,false,Rx,0,8,B0,80,00,76,20,00,00,FE,
0,00000380,false,Rx,0,8,B0,80,00,76,20,00,00,FE,
0,00000284,false,Rx,0,6,03,03,00,00,00,00,00,00,
0,00000380,false,Rx,0,8,B0,80,00,76,20,00,00,FE,
0,00000380,false,Rx,0,8,B0,80,00,76,20,00,00,FE,
0,00000284,false,Rx,0,6,04,04,00,00,00,00,00,00,
0,00000380,false,Rx,0,8,B0,80,00,76,20,00,00,FE,
0,00000380,false,Rx,0,8,B0,80,00,76,20,00,00,FE,
0,00000284,false,Rx,0,6,05,05,00,00,00,00,00,00,
0,00000380,false,Rx,0,8,B0,80,00,76,20,00,00,FE,
0,00000380,false,Rx,0,8,B0,80,00,76,20,00,00,FE,
0,00000284,false,Rx,0,6,06,06,00,00,00,00,00,00,
0,00000380,false,Rx,0,8,B0,80,00,76,20,00,00,FE,
0,00000380,false,Rx,0,8,B0,80,00,76,20,00,00,FE,
0,00000284,false,Rx,0,6,07,07,00,00,00,00,00,00,
0,00000380,false,Rx,0,8,B0,80,00,76,20,00,00,FE,
0,00000380,false,Rx,0,8,B0,80,00,76,20,00,00,FE,
0,00000284,false,Rx,0,6,08,08,00,00,00,00,00,00,
0,00000380,false,Rx,0,8,B0,80,00,76,20,00,00,FE,
0,00000380,false,Rx,0,8,B0,80,00,76,20,00,00,FE,
0,00000284,false,Rx,0,6,09,09,00,00,00,00,00,00,
0,00000380,false,Rx,0,8,B0,80,00,76,20,00,00,FE,
0,00000380,false,Rx,0,8,B0,80,00,76,20,00,00,FE,
0,00000284,false,Rx,0,6,0A,0A,00,00,00,00,00,00,
0,00000380,false,Rx,0,8,B0,80,00,76,20,00,00,FE,
0,00000380,false,Rx,0,8,B0,80,00,76,20,00,00,FE,
0,00000284,false,Rx,0,6,0B,0B,00,00,00,00,00,00,
0,00000380,false,Rx,0,8,B0,80,00,76,20,00,00,FE,
0,00000380,false,Rx,0,8,B0,80,00,76,20,00,00,FE,
0,00000284,false,Rx,0,6,0C,0C,00,00,00,00,00,00,
0,00000380,false,Rx,0,8,B0,80,00,76,20,00,00,FE,
0,00000380,false,Rx,0,8,B0,80,00,76,20,00,00,FE,
0,00000284,false,Rx,0,6,0D,0D,00,00,00,00,00,00,
0,00000380,false,Rx,0,8,B0,80,00,76,20,00,00,FE,
0,00000380,false,Rx,0,8,B0,80,00,76,20,00,00,FE,
0,00000284,false,Rx,0,6,0E,0E,00,00,00,00,00,00,
0,00000380,false,Rx,0,8,B0,80,00,76,20,00,00,FE,
0,00000380,false,Rx,0,8,B0,80,00,76,20,00,00,FE,
0,00000284,false,Rx,0,6,0F,0F,00,00,00,00,00,00,
0,00000380,false,Rx,0,8,B0,80,00,76,20,00,00,FE,
0,00000380,false,Rx,0,8,B0,80,00,76,20,00,00,FE,
0,00000284,false,Rx,0,6,00,00,00,00,00,00,00,00,
0,00000380,false,Rx,0,8,B0,80,00,76,20,00,00,FE,
0,00000380,false,Rx,0,8,B0,80,00,76,20,00,00,FE,
0,00000284,false,Rx,0,6,01,01,00,00,00,00,00,00,
0,00000380,false,Rx,0,8,B0,80,00,76,20,00,00,FE,
0,00000380,false,Rx,0,8,B0,80,00,76,20,00,00,FE,
0,00000284,false,Rx,0,6,02,02,00,00,00,00,00,00,
0,00000380,false,Rx,0,8,B0,80,00,76,20,00,00,FE,
0,00000380,false,Rx,0,8,B0,80,00,76,20,00,00,FE,
0,00000284,false,Rx,0,6,03,03,00,00,00,00,00,00,
0,00000380,false,Rx,0,8,B0,80,00,76,20,00,00,FE,
0,00000380,false,Rx,0,8,B0,80,00,76,20,00,00,FE,
0,00000284,false,Rx,0,6,04,04,00,00,00,00,00,00,
0,00000380,false,Rx,0,8,B0,80,00,76,20,00,00,FE,
0,00000380,false,Rx,0,8,B0,80,00,76,20,00,00,FE,
0,00000284,false,Rx,0,6,05,05,00,00,00,00,00,00,
0,00000380,false,Rx,0,8,B0,80,00,76,20,00,00,FE,
0,00000380,false,Rx,0,8,B0,80,00,76,20,00,00,FE,
0,00000284,false,Rx,0,6,06,06,00,00,00,00,00,00,
0,00000380,false,Rx,0,8,B0,80,00,76,20,00,00,FE,
0,00000380,false,Rx,0,8,B0,80,00,76,20,00,00,FE,
0,00000284,false,Rx,0,6,07,07,00,00,00,00,00,00,
0,00000380,false,Rx,0,8,B0,80,00,76,20,00,00,FE,
0,00000380,false,Rx,0,8,B0,80,00,76,20,00,00,FE,
0,00000284,false,Rx,0,6,08,08,00,00,00,00,00,00,
0,00000380,false,Rx,0,8,B0,80,00,76,20,00,00,FE,
0,00000300,false,Rx,0,6,A1,0F,8A,FF,4A,FF,00,00,
0,00000488,false,Rx,0,8,50,23,00,72,FE,FF,00,00,
452000,00000588,false,Rx,0,8,0B,00,72,00,00,80,00,00,
0,00000380,false,Rx,0,8,B0,80,00,76,20,00,00,FE,
0,00000380,false,Rx,0,8,B0,80,00,76,20,00,00,FE,
0,00000284,false,Rx,0,6,0A,0A,00,00,00,00,00,00,
0,00000380,false,Rx,0,8,B0,80,00,76,20,00,00,FE,
0,00000380,false,Rx,0,8,B0,80,00,76,20,00,00,FE,
0,00000284,false,Rx,0,6,0B,0B,00,00,00,00,00,00,
0,00000380,false,Rx,0,8,B0,80,00,76,20,00,00,FE,
0,00000380,false,Rx,0,8,B0,80,00,76,20,00,00,FE,
0,00000588,false,Rx,0,8,0B,00,72,00,00,80,00,00,
0,00000380,false,Rx,0,8,B0,80,00,76,20,00,00,FE,
0,00000380,false,Rx,0,8,B0,80,00,76,20,00,00,FE,
0,00000284,false,Rx,0,6,0D,0D,00,00,00,00,00,00,
0,00000380,false,Rx,0,8,B0,80,00,76,20,00,00,FE,
0,00000380,false,Rx,0,8,B0,80,00,76,20,00,00,FE,
0,00000284,false,Rx,0,6,0E,0E,00,00,00,00,00,00,
0,00000380,false,Rx,0,8,B0,80,00,76,20,00,00,FE,
0,00000380,false,Rx,0,8,B0,80,00,76,20,00,00,FE,
575000,00000588,false,Rx,0,8,0B,00,72,00,00,80,00,00,
0,00000380,false,Rx,0,8,B0,80,00,76,20,00,00,FE,
0,00000380,false,Rx,0,8,B0,80,00,76,20,00,00,FE,
0,00000284,false,Rx,0,6,00,00,00,00,00,00,00,00,
0,00000380,false,Rx,0,8,B0,80,00,76,20,00,00,FE,
0,00000380,false,Rx,0,8,B0,80,00,76,20,00,00,FE,
0,00000284,false,Rx,0,6,01,01,00,00,00,00,00,00,
0,00000380,false,Rx,0,8,B0,80,00,76,20,00,00,FE,
0,00000380,false,Rx,0,8,B0,80,00,76,20,00,00,FE,
0,00000284,false,Rx,0,6,02,02,00,00,00,00,00,00,
0,00000380,false,Rx,0,8,B0,80,00,76,20,00,00,FE,
0,00000380,false,Rx,0,8,B0,80,00,76,20,00,00,FE,
0,00000588,false,Rx,0,8,0B,00,72,00,00,80,00,00,
0,00000380,false,Rx,0,8,B0,80,00,76,20,00,00,FE,
0,00000380,false,Rx,0,8,B0,80,00,76,20,00,00,FE,
0,00000284,false,Rx,0,6,04,04,00,00,00,00,00,00,
0,00000380,false,Rx,0,8,B0,80,00,76,20,00,00,FE,
0,00000380,false,Rx,0,8,B0,80,00,76,20,00,00,FE,
0,00000588,false,Rx,0,8,0B,00,72,00,00,80,00,00,
0,00000380,false,Rx,0,8,B0,80,00,76,20,00,00,FE,
0,00000380,false,Rx,0,8,B0,80,00,76,20,00,00,FE,
0,00000284,false,Rx,0,6,06,06,00,00,00,00,00,00,
0,00000380,false,Rx,0,8,B0,80,00,76,20,00,00,FE,
0,00000380,false,Rx,0,8,B0,80,00,76,20,00,00,FE,
0,00000588,false,Rx,0,8,0B,00,72,00,00,80,00,00,
0,00000380,false,Rx,0,8,B0,80,00,76,20,00,00,FE,
0,00000380,false,Rx,0,8,B0,80,00,76,20,00,00,FE,
755000,00000588,false,Rx,0,8,0B,00,72,00,00,80,00,00,
0,00000380,false,Rx,0,8,B0,80,00,76,20,00,00,FE,
0,00000380,false,Rx,0,8,B0,80,00,76,20,00,00,FE,
0,00000588,false,Rx,0,8,0B,00,72,00,00,80,00,00,
0,00000380,false,Rx,0,8,B0,80,00,76,20,00,00,FE,
0,00000380,false,Rx,0,8,B0,80,00,76,20,00,00,FE,
0,00000284,false,Rx,0,6,0A,0A,00,00,00,00,00,00,
0,00000380,false,Rx,0,8,B0,80,00,76,20,00,00,FE,
0,00000380,false,Rx,0,8,B0,80,00,76,20,00,00,FE,
0,00000588,false,Rx,0,8,0B,00,72,00,00,80,00,00,
0,00000380,false,Rx,0,8,B0,80,00,76,20,00,00,FE,
0,00000380,false,Rx,0,8,B0,80,00,76,20,00,00,FE,
0,00000588,false,Rx,0,8,0B,00,72,00,00,80,00,00,
0,00000380,false,Rx,0,8,B0,80,00,76,20,00,00,FE,
0,00000380,false,Rx,0,8,B0,80,00,76,20,00,00,FE,
0,00000588,false,Rx,0,8,0B,00,72,00,00,80,00,00,
0,00000380,false,Rx,0,8,B0,80,00,76,20,00,00,FE,
0,00000380,false,Rx,0,8,B0,80,00,76,20,00,00,FE,
0,00000588,false,Rx,0,8,0B,00,72,00,00,80,00,00,
0,00000380,false,Rx,0,8,B0,80,00,76,20,00,00,FE,
0,00000380,false,Rx,0,8,B0,80,00,76,20,00,00,FE,
0,00000588,false,Rx,0,8,0B,00,72,00,00,80,00,00,
0,00000380,false,Rx,0,8,B0,80,00,76,20,00,00,FE,
0,00000380,false,Rx,0,8,B0,80,00,76,20,00,00,FE,
0,00000588,false,Rx,0,8,0B,00,72,00,00,80,00,00,
0,00000380,false,Rx,0,8,B0,80,00,76,20,00,00,FE,
0,00000380,false,Rx,0,8,B0,80,00,76,20,00,00,FE,
936000,00000588,false,Rx,0,8,0B,00,72,00,00,80,00,00,
0,00000380,false,Rx,0,8,B0,80,00,76,20,00,00,FE,
0,00000380,false,Rx,0,8,B0,80,00,76,20,00,00,FE,
0,00000740,false,Rx,0,1,A3,00,00,00,00,00,00,00,
956000,00000284,false,Rx,0,6,02,02,00,00,00,00,00,00,
0,00000380,false,Rx,0,8,B0,80,00,76,20,00,00,FE,
0,00000380,false,Rx,0,8,B0,80,00,76,20,00,00,FE,
0,00000588,false,Rx,0,8,0B,00,72,00,00,80,00,00,
0,00000380,false,Rx,0,8,B0,80,00,76,20,00,00,FE,
0,00000380,false,Rx,0,8,B0,80,00,76,20,00,00,FE,
993000,00000588,false,Rx,0,8,0B,00,72,00,00,80,00,00,
0,00000380,false,Rx,0,8,B0,80,00,76,20,00,00,FE,
0,00000380,false,Rx,0,8,B0,80,00,76,20,00,00,FE,
0,00000588,false,Rx,0,8,0B,00,72,00,00,80,00,00,
0,00000380,false,Rx,0,8,B0,80,00,76,20,00,00,FE,
0,00000380,false,Rx,0,8,B0,80,00,76,20,00,00,FE,
0,00000588,false,Rx,0,8,0B,00,72,00,00,80,00,00,
0,00000380,false,Rx,0,8,B0,80,00,76,20,00,00,FE,
0,00000380,false,Rx,0,8,B0,80,00,76,20,00,00,FE,
0,00000588,false,Rx,0,8,0B,00,72,00,00,80,00,00,
0,00000380,false,Rx,0,8,B0,80,00,76,20,00,00,FE,
0,00000380,false,Rx,0,8,B0,80,00,76,20,00,00,FE,
0,00000588,false,Rx,0,8,0B,00,72,00,00,80,00,00,
0,00000380,false,Rx,0,8,B0,80,00,76,20,00,00,FE,
0,00000380,false,Rx,0,8,B0,80,00,76,20,00,00,FE,
0,00000588,false,Rx,0,8,0B,00,72,00,00,80,00,00,
0,00000380,false,Rx,0,8,B0,80,00,76,20,00,00,FE,
0,00000380,false,Rx,0,8,B0,80,00,76,20,00,00,FE,
0,00000588,false,Rx,0,8,0B,00,72,00,00,80,00,00,
0,00000380,false,Rx,0,8,B0,80,00,76,20,00,00,FE,
0,00000380,false,Rx,0,8,B0,80,00,76,20,00,00,FE,
136000,00000588,false,Rx,0,8,0B,00,72,00,00,80,00,00,
0,00000380,false,Rx,0,8,B0,80,00,76,20,00,00,FE,
0,00000380,false,Rx,0,8,B0,80,00,76,20,00,00,FE,
0,00000588,false,Rx,0,8,0B,00,72,00,00,80,00,00,
0,00000380,false,Rx,0,8,B0,80,00,76,20,00,00,FE,
0,00000380,false,Rx,0,8,B0,80,00,76,20,00,00,FE,
173000,00000588,false,Rx,0,8,0B,00,72,00,00,80,00,00,
0,00000380,false,Rx,0,8,B0,80,00,76,20,00,00,FE,
0,00000380,false,Rx,0,8,B0,80,00,76,20,00,00,FE,
0,00000588,false,Rx,0,8,0B,00,72,00,00,80,00,00,
0,00000380,false,Rx,0,8,B0,80,00,76,20,00,00,FE,
0,00000380,false,Rx,0,8,B0,80,00,76,20,00,00,FE,
0,00000588,false,Rx,0,8,0B,00,72,00,00,80,00,00,
0,00000380,false,Rx,0,8,B0,80,00,76,20,00,00,FE,
0,00000380,false,Rx,0,8,B0,80,00,76,20,00,00,FE,
0,00000588,false,Rx,0,8,0B,00,72,00,00,80,00,00,
0,00000380,false,Rx,0,8,B0,80,00,76,20,00,00,FE,
0,00000380,false,Rx,0,8,B0,80,00,76,20,00,00,FE,
0,00000588,false,Rx,0,8,0B,00,72,00,00,80,00,00,
0,00000380,false,Rx,0,8,B0,80,00,76,20,00,00,FE,
0,00000380,false,Rx,0,8,B0,80,00,76,20,00,00,FE,
0,00000588,false,Rx,0,8,0B,00,72,00,00,80,00,00,
0,00000380,false,Rx,0,8,B0,80,00,76,20,00,00,FE,
0,00000380,false,Rx,0,8,B0,80,00,76,20,00,00,FE,
0,00000588,false,Rx,0,8,0B,00,72,00,00,80,00,00,
0,00000380,false,Rx,0,8,B0,80,00,76,20,00,00,FE,
0,00000380,false,Rx,0,8,B0,80,00,76,20,00,00,FE,
317000,00000588,false,Rx,0,8,0B,00,72,00,00,80,00,00,
0,00000380,false,Rx,0,8,B0,80,00,76,20,00,00,FE,
0,00000380,false,Rx,0,8,B0,80,00,76,20,00,00,FE,
0,00000588,false,Rx,0,8,0B,00,72,00,00,80,00,00,
0,00000380,false,Rx,0,8,B0,80,00,76,20,00,00,FE,
0,00000380,false,Rx,0,8,B0,80,00,76,20,00,00,FE,
353000,00000588,false,Rx,0,8,0B,00,72,00,00,80,00,00,
0,00000380,false,Rx,0,8,B0,80,00,76,20,00,00,FE,
0,00000380,false,Rx,0,8,B0,80,00,76,20,00,00,FE,
374000,00000588,false,Rx,0,8,0B,00,72,00,00,80,00,00,
0,00000380,false,Rx,0,8,B0,80,00,76,20,00,00,FE,
0,00000380,false,Rx,0,8,B0,80,00,76,20,00,00,FE,
0,00000588,false,Rx,0,8,0B,00,72,00,00,80,00,00,
0,00000380,false,Rx,0,8,B0,80,00,76,20,00,00,FE,
0,00000380,false,Rx,0,8,B0,80,00,76,20,00,00,FE,
0,00000588,false,Rx,0,8,0B,00,72,00,00,80,00,00,
0,00000380,false,Rx,0,8,B0,80,00,76,20,00,00,FE,
0,00000380,false,Rx,0,8,B0,80,00,76,20,00,00,FE,
0,00000588,false,Rx,0,8,0B,00,72,00,00,80,00,00,
0,00000380,false,Rx,0,8,B0,80,00,76,20,00,00,FE,
0,00000380,false,Rx,0,8,B0,80,00,76,20,00,00,FE,
0,00000588,false,Rx,0,8,0B,00,72,00,00,80,00,00,
0,00000380,false,Rx,0,8,B0,80,00,76,20,00,00,FE,
0,00000380,false,Rx,0,8,B0,80,00,76,20,00,00,FE,
0,00000588,false,Rx,0,8,0B,00,72,00,00,80,00,00,
0,00000380,false,Rx,0,8,B0,80,00,76,20,00,00,FE,
0,00000380,false,Rx,0,8,B0,80,00,76,20,00,00,FE,
0,00000588,false,Rx,0,8,0B,00,72,00,00,80,00,00,
0,00000380,false,Rx,0,8,B0,80,00,76,20,00,00,FE,
0,00000380,false,Rx,0,8,B0,80,00,76,20,00,00,FE,
517000,00000588,false,Rx,0,8,0B,00,72,00,00,80,00,00,
0,00000380,false,Rx,0,8,B0,80,00,76,20,00,00,FE,
0,00000380,false,Rx,0,8,B0,80,00,76,20,00,00,FE,
0,00000588,false,Rx,0,8,0B,00,72,00,00,80,00,00,
0,00000380,false,Rx,0,8,B0,80,00,76,20,00,00,FE,
0,00000380,false,Rx,0,8,B0,80,00,76,20,00,00,FE,
554000,00000588,false,Rx,0,8,0B,00,72,00,00,80,00,00,
0,00000380,false,Rx,0,8,B0,80,00,76,20,00,00,FE,
0,00000380,false,Rx,0,8,B0,80,00,76,20,00,00,FE,
0,00000588,false,Rx,0,8,0B,00,72,00,00,80,00,00,
0,00000380,false,Rx,0,8,B0,80,00,76,20,00,00,FE,
0,00000380,false,Rx,0,8,B0,80,00,76,20,00,00,FE,
0,00000588,false,Rx,0,8,0B,00,72,00,00,80,00,00,
0,00000380,false,Rx,0,8,B0,80,00,76,20,00,00,FE,
0,00000380,false,Rx,0,8,B0,80,00,76,20,00,00,FE,
0,00000588,false,Rx,0,8,0B,00,72,00,00,80,00,00,
0,00000380,false,Rx,0,8,B0,80,00,76,20,00,00,FE,
0,00000380,false,Rx,0,8,B0,80,00,76,20,00,00,FE,
0,00000588,false,Rx,0,8,0B,00,72,00,00,80,00,00,
0,00000380,false,Rx,0,8,B0,80,00,76,20,00,00,FE,
0,00000380,false,Rx,0,8,B0,80,00,76,20,00,00,FE,
0,00000588,false,Rx,0,8,0B,00,72,00,00,80,00,00,
0,00000380,false,Rx,0,8,B0,80,00,76,20,00,00,FE,
0,00000380,false,Rx,0,8,B0,80,00,76,20,00,00,FE,
0,00000588,false,Rx,0,8,0B,00,72,00,00,80,00,00,
0,00000380,false,Rx,0,8,B0,80,00,76,20,00,00,FE,
0,00000380,false,Rx,0,8,B0,80,00,76,20,00,00,FE,
697000,00000588,false,Rx,0,8,0B,00,72,00,00,80,00,00,
0,00000380,false,Rx,0,8,B0,80,00,76,20,00,00,FE,
0,00000380,false,Rx,0,8,B0,80,00,76,20,00,00,FE,
0,00000588,false,Rx,0,8,0B,00,72,00,00,80,00,00,
0,00000380,false,Rx,0,8,B0,80,00,76,20,00,00,FE,
0,00000380,false,Rx,0,8,B0,80,00,76,20,00,00,FE,
734000,00000588,false,Rx,0,8,0B,00,72,00,00,80,00,00,
0,00000380,false,Rx,0,8,B0,80,00,76,20,00,00,FE,
0,00000380,false,Rx,0,8,B0,80,00,76,20,00,00,FE,
0,00000588,false,Rx,0,8,0B,00,72,00,00,80,00,00,
0,00000380,false,Rx,0,8,B0,80,00,76,20,00,00,FE,
0,00000380,false,Rx,0,8,B0,80,00,76,20,00,00,FE,
0,00000588,false,Rx,0,8,0B,00,72,00,00,80,00,00,
0,00000380,false,Rx,0,8,B0,80,00,76,20,00,00,FE,
0,00000380,false,Rx,0,8,B0,80,00,76,20,00,00,FE,
0,00000588,false,Rx,0,8,0B,00,72,00,00,80,00,00,
0,00000380,false,Rx,0,8,B0,80,00,76,20,00,00,FE,
0,00000380,false,Rx,0,8,B0,80,00,76,20,00,00,FE,
0,00000588,false,Rx,0,8,0B,00,72,00,00,80,00,00,
0,00000380,false,Rx,0,8,B0,80,00,76,20,00,00,FE,
0,00000380,false,Rx,0,8,B0,80,00,76,20,00,00,FE,
0,00000588,false,Rx,0,8,0B,00,72,00,00,80,00,00,
0,00000380,false,Rx,0,8,B0,80,00,76,20,00,00,FE,
0,00000380,false,Rx,0,8,B0,80,00,76,20,00,00,FE,
0,00000588,false,Rx,0,8,0B,00,72,00,00,80,00,00,
0,00000380,false,Rx,0,8,B0,80,00,76,20,00,00,FE,
0,00000380,false,Rx,0,8,B0,80,00,76,20,00,00,FE,
0,00000588,false,Rx,0,8,0B,00,72,00,00,80,00,00,
0,00000380,false,Rx,0,8,B0,80,00,76,20,00,00,FE,
0,00000380,false,Rx,0,8,B0,80,00,76,20,00,00,FE,
0,00000588,false,Rx,0,8,0B,00,72,00,00,80,00,00,
0,00000380,false,Rx,0,8,B0,80,00,76,20,00,00,FE,
0,00000380,false,Rx,0,8,B0,80,00,76,20,00,00,FE,
0,00000588,false,Rx,0,8,0B,00,72,00,00,80,00,00,
0,00000380,false,Rx,0,8,B0,80,00,76,20,00,00,FE,
0,00000380,false,Rx,0,8,B0,80,00,76,20,00,00,FE,
935000,00000588,false,Rx,0,8,0B,00,72,00,00,80,00,00,
0,00000380,false,Rx,0,8,B0,80,00,76,20,00,00,FE,
0,00000380,false,Rx,0,8,B0,80,00,76,20,00,00,FE,
0,00000588,false,Rx,0,8,0B,00,72,00,00,80,00,00,
0,00000380,false,Rx,0,8,B0,80,00,76,20,00,00,FE,
0,00000380,false,Rx,0,8,B0,80,00,76,20,00,00,FE,
0,00000588,false,Rx,0,8,0B,00,72,00,00,80,00,00,
0,00000380,false,Rx,0,8,B0,80,00,76,20,00,00,FE,
0,00000380,false,Rx,0,8,B0,80,00,76,20,00,00,FE,
0,00000588,false,Rx,0,8,0B,00,72,00,00,80,00,00,
0,00000380,false,Rx,0,8,B0,80,00,76,20,00,00,FE,
0,00000380,false,Rx,0,8,B0,80,00,76,20,00,00,FE,
0,00000588,false,Rx,0,8,0B,00,72,00,00,80,00,00,
0,00000380,false,Rx,0,8,B0,80,00,76,20,00,00,FE,
0,00000380,false,Rx,0,8,B0,80,00,76,20,00,00,FE,
0,00000588,false,Rx,0,8,0B,00,72,00,00,80,00,00,
0,00000380,false,Rx,0,8,B0,80,00,76,20,00,00,FE,
0,00000380,false,Rx,0,8,B0,80,00,76,20,00,00,FE,
0,00000588,false,Rx,0,8,0B,00,72,00,00,80,00,00,
0,00000380,false,Rx,0,8,B0,80,00,76,20,00,00,FE,
0,00000380,false,Rx,0,8,B0,80,00,76,20,00,00,FE,
78000,00000588,false,Rx,0,8,0B,00,72,00,00,80,00,00,
0,00000380,false,Rx,0,8,B0,80,00,76,20,00,00,FE,
0,00000380,false,Rx,0,8,B0,80,00,76,20,00,00,FE,
0,00000588,false,Rx,0,8,0B,00,72,00,00,80,00,00,
0,00000380,false,Rx,0,8,B0,80,00,76,20,00,00,FE,
0,00000380,false,Rx,0,8,B0,80,00,76,20,00,00,FE,
115000,00000588,false,Rx,0,8,0B,00,72,00,00,80,00,00,
0,00000380,false,Rx,0,8,B0,80,00,76,20,00,00,FE,
0,00000380,false,Rx,0,8,B0,80,00,76,20,00,00,FE,
0,00000588,false,Rx,0,8,0B,00,72,00,00,80,00,00,
0,00000380,false,Rx,0,8,B0,80,00,76,20,00,00,FE,
0,00000380,false,Rx,0,8,B0,80,00,76,20,00,00,FE,
0,00000588,false,Rx,0,8,0B,00,72,00,00,80,00,00,
0,00000380,false,Rx,0,8,B0,80,00,76,20,00,00,FE,
0,00000380,false,Rx,0,8,B0,80,00,76,20,00,00,FE,
0,00000588,false,Rx,0,8,0B,00,72,00,00,80,00,00,
0,00000380,false,Rx,0,8,B0,80,00,76,20,00,00,FE,
0,00000380,false,Rx,0,8,B0,80,00,76,20,00,00,FE,
0,00000588,false,Rx,0,8,0B,00,72,00,00,80,00,00,
0,00000380,false,Rx,0,8,B0,80,00,76,20,00,00,FE,
0,00000380,false,Rx,0,8,B0,80,00,76,20,00,00,FE,
0,00000588,false,Rx,0,8,0B,00,72,00,00,80,00,00,
0,00000380,false,Rx,0,8,B0,80,00,76,20,00,00,FE,
0,00000380,false,Rx,0,8,B0,80,00,76,20,00,00,FE,
0,00000588,false,Rx,0,8,0B,00,72,00,00,80,00,00,
0,00000380,false,Rx,0,8,B0,80,00,76,20,00,00,FE,
0,00000380,false,Rx,0,8,B0,80,00,76,20,00,00,FE,
259000,00000588,false,Rx,0,8,0B,00,72,00,00,80,00,00,
0,00000380,false,Rx,0,8,B0,80,00,76,20,00,00,FE,
0,00000380,false,Rx,0,8,B0,80,00,76,20,00,00,FE,
0,00000588,false,Rx,0,8,0B,00,72,00,00,80,00,00,
0,00000380,false,Rx,0,8,B0,80,00,76,20,00,00,FE,
0,00000380,false,Rx,0,8,B0,80,00,76,20,00,00,FE,
295000,00000588,false,Rx,0,8,0B,00,72,00,00,80,00,00,
0,00000380,false,Rx,0,8,B0,80,00,76,20,00,00,FE,
0,00000380,false,Rx,0,8,B0,80,00,76,20,00,00,FE,
316000,00000588,false,Rx,0,8,0B,00,72,00,00,80,00,00,
0,00000380,false,Rx,0,8,B0,80,00,76,20,00,00,FE,
0,00000380,false,Rx,0,8,B0,80,00,76,20,00,00,FE,
0,00000588,false,Rx,0,8,0B,00,72,00,00,80,00,00,
0,00000380,false,Rx,0,8,B0,80,00,76,20,00,00,FE,
0,00000380,false,Rx,0,8,B0,80,00,76,20,00,00,FE,
0,00000588,false,Rx,0,8,0B,00,72,00,00,80,00,00,
0,00000380,false,Rx,0,8,B0,80,00,76,20,00,00,FE,
0,00000380,false,Rx,0,8,B0,80,00,76,20,00,00,FE,
0,00000588,false,Rx,0,8,0B,00,72,00,00,80,00,00,
0,00000380,false,Rx,0,8,B0,80,00,76,20,00,00,FE,
0,00000380,false,Rx,0,8,B0,80,00,76,20,00,00,FE,
0,00000588,false,Rx,0,8,0B,00,72,00,00,80,00,00,
0,00000380,false,Rx,0,8,B0,80,00,76,20,00,00,FE,
0,00000380,false,Rx,0,8,B0,80,00,76,20,00,00,FE,
0,00000588,false,Rx,0,8,0B,00,72,00,00,80,00,00,
0,00000380,false,Rx,0,8,B0,80,00,76,20,00,00,FE,
0,00000380,false,Rx,0,8,B0,80,00,76,20,00,00,FE,
0,00000588,false,Rx,0,8,0B,00,72,00,00,80,00,00,
0,00000380,false,Rx,0,8,B0,80,00,76,20,00,00,FE,
0,00000380,false,Rx,0,8,B0,80,00,76,20,00,00,FE,
459000,00000588,false,Rx,0,8,0B,00,72,00,00,80,00,00,
0,00000380,false,Rx,0,8,B0,80,00,76,20,00,00,FE,
0,00000380,false,Rx,0,8,B0,80,00,76,20,00,00,FE,
0,00000588,false,Rx,0,8,0B,00,72,00,00,80,00,00,
0,00000380,false,Rx,0,8,B0,80,00,76,20,00,00,FE,
0,00000380,false,Rx,0,8,B0,80,00,76,20,00,00,FE,
496000,00000588,false,Rx,0,8,0B,00,72,00,00,80,00,00,
0,00000380,false,Rx,0,8,B0,80,00,76,20,00,00,FE,
0,00000380,false,Rx,0,8,B0,80,00,76,20,00,00,FE,
0,00000588,false,Rx,0,8,0B,00,72,00,00,80,00,00,
0,00000380,false,Rx,0,8,B0,80,00,76,20,00,00,FE,
0,00000380,false,Rx,0,8,B0,80,00,76,20,00,00,FE,
0,00000588,false,Rx,0,8,0B,00,72,00,00,80,00,00,
0,00000380,false,Rx,0,8,B0,80,00,76,20,00,00,FE,
0,00000380,false,Rx,0,8,B0,80,00,76,20,00,00,FE,
0,00000588,false,Rx,0,8,0B,00,72,00,00,80,00,00,
0,00000380,false,Rx,0,8,B0,80,00,76,20,00,00,FE,
0,00000380,false,Rx,0,8,B0,80,00,76,20,00,00,FE,
0,00000588,false,Rx,0,8,0B,00,72,00,00,80,00,00,
0,00000380,false,Rx,0,8,B0,80,00,76,20,00,00,FE,
0,00000380,false,Rx,0,8,B0,80,00,76,20,00,00,FE,
0,00000588,false,Rx,0,8,0B,00,72,00,00,80,00,00,
0,00000380,false,Rx,0,8,B0,80,00,76,20,00,00,FE,
0,00000380,false,Rx,0,8,B0,80,00,76,20,00,00,FE,
0,00000588,false,Rx,0,8,0B,00,72,00,00,80,00,00,
0,00000380,false,Rx,0,8,B0,80,00,76,20,00,00,FE,
0,00000380,false,Rx,0,8,B0,80,00,76,20,00,00,FE,
639000,00000588,false,Rx,0,8,0B,00,72,00,00,80,00,00,
0,00000380,false,Rx,0,8,B0,80,00,76,20,00,00,FE,
0,00000380,false,Rx,0,8,B0,80,00,76,20,00,00,FE,
0,00000588,false,Rx,0,8,0B,00,72,00,00,80,00,00,
0,00000380,false,Rx,0,8,B0,80,00,76,20,00,00,FE,
0,00000380,false,Rx,0,8,B0,80,00,76,20,00,00,FE,
676000,00000588,false,Rx,0,8,0B,00,72,00,00,80,00,00,
0,00000380,false,Rx,0,8,B0,80,00,76,20,00,00,FE,
0,00000380,false,Rx,0,8,B0,80,00,76,20,00,00,FE,
0,00000588,false,Rx,0,8,0B,00,72,00,00,80,00,00,
0,00000380,false,Rx,0,8,B0,80,00,76,20,00,00,FE,
0,00000380,false,Rx,0,8,B0,80,00,76,20,00,00,FE,
0,00000588,false,Rx,0,8,0B,00,72,00,00,80,00,00,
0,00000380,false,Rx,0,8,B0,80,00,76,20,00,00,FE,
0,00000380,false,Rx,0,8,B0,80,00,76,20,00,00,FE,
0,00000588,false,Rx,0,8,0B,00,72,00,00,80,00,00,
0,00000380,false,Rx,0,8,B0,80,00,76,20,00,00,FE,
0,00000380,false,Rx,0,8,B0,80,00,76,20,00,00,FE,
0,00000588,false,Rx,0,8,0B,00,72,00,00,80,00,00,
0,00000380,false,Rx,0,8,B0,80,00,76,20,00,00,FE,
0,00000380,false,Rx,0,8,B0,80,00,76,20,00,00,FE,
0,00000588,false,Rx,0,8,0B,00,72,00,00,80,00,00,
0,00000380,false,Rx,0,8,B0,80,00,76,20,00,00,FE,
0,00000380,false,Rx,0,8,B0,80,00,76,20,00,00,FE,
0,00000588,false,Rx,0,8,0B,00,72,00,00,80,00,00,
0,00000380,false,Rx,0,8,B0,80,00,76,20,00,00,FE,
0,00000380,false,Rx,0,8,B0,80,00,76,20,00,00,FE,
0,00000588,false,Rx,0,8,0B,00,72,00,00,80,00,00,
0,00000380,false,Rx,0,8,B0,80,00,76,20,00,00,FE,
0,00000380,false,Rx,0,8,B0,80,00,76,20,00,00,FE,
0,00000588,false,Rx,0,8,0B,00,72,00,00,80,00,00,
0,00000380,false,Rx,0,8,B0,80,00,76,20,00,00,FE,
0,00000380,false,Rx,0,8,B0,80,00,76,20,00,00,FE,
0,00000588,false,Rx,0,8,0B,00,72,00,00,80,00,00,
0,00000380,false,Rx,0,8,B0,80,00,76,20,00,00,FE,
0,00000380,false,Rx,0,8,B0,80,00,76,20,00,00,FE,
877000,00000588,false,Rx,0,8,0B,00,72,00,00,80,00,00,
0,00000380,false,Rx,0,8,B0,80,00,76,20,00,00,FE,
0,00000380,false,Rx,0,8,B0,80,00,76,20,00,00,FE,
0,00000588,false,Rx,0,8,0B,00,72,00,00,80,00,00,
0,00000380,false,Rx,0,8,B0,80,00,76,20,00,00,FE,
0,00000380,false,Rx,0,8,B0,80,00,76,20,00,00,FE,
0,00000588,false,Rx,0,8,0B,00,72,00,00,80,00,00,
0,00000380,false,Rx,0,8,B0,80,00,76,20,00,00,FE,
0,00000380,false,Rx,0,8,B0,80,00,76,20,00,00,FE,
0,00000588,false,Rx,0,8,0B,00,72,00,00,80,00,00,
0,00000380,false,Rx,0,8,B0,80,00,76,20,00,00,FE,
0,00000380,false,Rx,0,8,B0,80,00,76,20,00,00,FE,
0,00000588,false,Rx,0,8,0B,00,72,00,00,80,00,00,
0,00000380,false,Rx,0,8,B0,80,00,76,20,00,00,FE,
0,00000380,false,Rx,0,8,B0,80,00,76,20,00,00,FE,
0,00000588,false,Rx,0,8,0B,00,72,00,00,80,00,00,
0,00000380,false,Rx,0,8,B0,80,00,76,20,00,00,FE,
0,00000380,false,Rx,0,8,B0,80,00,76,20,00,00,FE,
0,00000588,false,Rx,0,8,0B,00,72,00,00,80,00,00,
0,00000380,false,Rx,0,8,B0,80,00,76,20,00,00,FE,
0,00000380,false,Rx,0,8,B0,80,00,76,20,00,00,FE,
20000,00000588,false,Rx,0,8,0B,00,72,00,00,80,00,00,
0,00000380,false,Rx,0,8,B0,80,00,76,20,00,00,FE,
0,00000380,false,Rx,0,8,B0,80,00,76,20,00,00,FE,
0,00000588,false,Rx,0,8,0B,00,72,00,00,80,00,00,
0,00000380,false,Rx,0,8,B0,80,00,76,20,00,00,FE,
0,00000380,false,Rx,0,8,B0,80,00,76,20,00,00,FE,
57000,00000588,false,Rx,0,8,0B,00,72,00,00,80,00,00,
0,00000380,false,Rx,0,8,B0,80,00,76,20,00,00,FE,
0,00000380,false,Rx,0,8,B0,80,00,76,20,00,00,FE,
0,00000588,false,Rx,0,8,0B,00,72,00,00,80,00,00,
0,00000380,false,Rx,0,8,B0,80,00,76,20,00,00,FE,
0,00000380,false,Rx,0,8,B0,80,00,76,20,00,00,FE,
0,00000588,false,Rx,0,8,0B,00,72,00,00,80,00,00,
0,00000380,false,Rx,0,8,B0,80,00,76,20,00,00,FE,
0,00000380,false,Rx,0,8,B0,80,00,76,20,00,00,FE,
0,00000588,false,Rx,0,8,0B,00,72,00,00,80,00,00,
0,00000380,false,Rx,0,8,B0,80,00,76,20,00,00,FE,
0,00000380,false,Rx,0,8,B0,80,00,76,20,00,00,FE,
0,00000588,false,Rx,0,8,0B,00,72,00,00,80,00,00,
0,00000380,false,Rx,0,8,B0,80,00,76,20,00,00,FE,
0,00000380,false,Rx,0,8,B0,80,00,76,20,00,00,FE,
0,00000588,false,Rx,0,8,0B,00,72,00,00,80,00,00,
0,00000380,false,Rx,0,8,B0,80,00,76,20,00,00,FE,
0,00000380,false,Rx,0,8,B0,80,00,76,20,00,00,FE,
0,00000588,false,Rx,0,8,0B,00,72,00,00,80,00,00,
0,00000380,false,Rx,0,8,B0,80,00,76,20,00,00,FE,
0,00000380,false,Rx,0,8,B0,80,00,76,20,00,00,FE,
201000,00000588,false,Rx,0,8,0B,00,72,00,00,80,00,00,
0,00000380,false,Rx,0,8,B0,80,00,76,20,00,00,FE,
0,00000380,false,Rx,0,8,B0,80,00,76,20,00,00,FE,
0,00000588,false,Rx,0,8,0B,00,72,00,00,80,00,00,
0,00000380,false,Rx,0,8,B0,80,00,76,20,00,00,FE,
0,00000380,false,Rx,0,8,B0,80,00,76,20,00,00,FE,
0,00000588,false,Rx,0,8,0B,00,72,00,00,80,00,00,
0,00000380,false,Rx,0,8,B0,80,00,76,20,00,00,FE,
0,00000380,false,Rx,0,8,B0,80,00,76,20,00,00,FE,
258000,00000588,false,Rx,0,8,0B,00,72,00,00,80,00,00,
0,00000380,false,Rx,0,8,B0,80,00,76,20,00,00,FE,
0,00000380,false,Rx,0,8,B0,80,00,76,20,00,00,FE,
0,00000588,false,Rx,0,8,0B,00,72,00,00,80,00,00,
0,00000380,false,Rx,0,8,B0,80,00,76,20,00,00,FE,
0,00000380,false,Rx,0,8,B0,80,00,76,20,00,00,FE,
0,00000588,false,Rx,0,8,0B,00,72,00,00,80,00,00,
0,00000380,false,Rx,0,8,B0,80,00,76,20,00,00,FE,
0,00000380,false,Rx,0,8,B0,80,00,76,20,00,00,FE,
0,00000588,false,Rx,0,8,0B,00,72,00,00,80,00,00,
0,00000380,false,Rx,0,8,B0,80,00,76,20,00,00,FE,
0,00000380,false,Rx,0,8,B0,80,00,76,20,00,00,FE,
0,00000588,false,Rx,0,8,0B,00,72,00,00,80,00,00,
0,00000380,false,Rx,0,8,B0,80,00,76,20,00,00,FE,
0,00000380,false,Rx,0,8,B0,80,00,76,20,00,00,FE,
0,00000588,false,Rx,0,8,0B,00,72,00,00,80,00,00,
0,00000380,false,Rx,0,8,B0,80,00,76,20,00,00,FE,
0,00000380,false,Rx,0,8,B0,80,00,76,20,00,00,FE,
0,00000588,false,Rx,0,8,0B,00,72,00,00,80,00,00,
0,00000380,false,Rx,0,8,B0,80,00,76,20,00,00,FE,
0,00000380,false,Rx,0,8,B0,80,00,76,20,00,00,FE,
401000,00000588,false,Rx,0,8,0B,00,72,00,00,80,00,00,
0,00000380,false,Rx,0,8,B0,80,00,76,20,00,00,FE,
0,00000380,false,Rx,0,8,B0,80,00,76,20,00,00,FE,
0,00000588,false,Rx,0,8,0B,00,72,00,00,80,00,00,
0,00000380,false,Rx,0,8,B0,80,00,76,20,00,00,FE,
0,00000380,false,Rx,0,8,B0,80,00,76,20,00,00,FE,
438000,00000588,false,Rx,0,8,0B,00,72,00,00,80,00,00,
0,00000380,false,Rx,0,8,B0,80,00,76,20,00,00,FE,
0,00000380,false,Rx,0,8,B0,80,00,76,20,00,00,FE,
0,00000588,false,Rx,0,8,0B,00,72,00,00,80,00,00,
0,00000380,false,Rx,0,8,B0,80,00,76,20,00,00,FE,
0,00000380,false,Rx,0,8,B0,80,00,76,20,00,00,FE,
0,00000588,false,Rx,0,8,0B,00,72,00,00,80,00,00,
0,00000380,false,Rx,0,8,B0,80,00,76,20,00,00,FE,
0,00000380,false,Rx,0,8,B0,80,00,76,20,00,00,FE,
0,00000588,false,Rx,0,8,0B,00,72,00,00,80,00,00,
0,00000380,false,Rx,0,8,B0,80,00,76,20,00,00,FE,
0,00000380,false,Rx,0,8,B0,80,00,76,20,00,00,FE,
0,00000588,false,Rx,0,8,0B,00,72,00,00,80,00,00,
0,00000380,false,Rx,0,8,B0,80,00,76,20,00,00,FE,
0,00000380,false,Rx,0,8,B0,80,00,76,20,00,00,FE,
0,00000588,false,Rx,0,8,0B,00,72,00,00,80,00,00,
0,00000380,false,Rx,0,8,B0,80,00,76,20,00,00,FE,
0,00000380,false,Rx,0,8,B0,80,00,76,20,00,00,FE,
0,00000588,false,Rx,0,8,0B,00,72,00,00,80,00,00,
0,00000380,false,Rx,0,8,B0,80,00,76,20,00,00,FE,
0,00000380,false,Rx,0,8,B0,80,00,76,20,00,00,FE,
582000,00000588,false,Rx,0,8,0B,00,72,00,00,80,00,00,
0,00000380,false,Rx,0,8,B0,80,00,76,20,00,00,FE,
0,00000380,false,Rx,0,8,B0,80,00,76,20,00,00,FE,
0,00000588,false,Rx,0,8,0B,00,72,00,00,80,00,00,
0,00000380,false,Rx,0,8,B0,80,00,76,20,00,00,FE,
0,00000380,false,Rx,0,8,B0,80,00,76,20,00,00,FE,
618000,00000588,false,Rx,0,8,0B,00,72,00,00,80,00,00,
0,00000380,false,Rx,0,8,B0,80,00,76,20,00,00,FE,
0,00000380,false,Rx,0,8,B0,80,00,76,20,00,00,FE,
0,00000588,false,Rx,0,8,0B,00,72,00,00,80,00,00,
0,00000380,false,Rx,0,8,B0,80,00,76,20,00,00,FE,
0,00000380,false,Rx,0,8,B0,80,00,76,20,00,00,FE,
0,00000588,false,Rx,0,8,0B,00,72,00,00,80,00,00,
0,00000380,false,Rx,0,8,B0,80,00,76,20,00,00,FE,
0,00000380,false,Rx,0,8,B0,80,00,76,20,00,00,FE,
0,00000588,false,Rx,0,8,0B,00,72,00,00,80,00,00,
0,00000380,false,Rx,0,8,B0,80,00,76,20,00,00,FE,
0,00000380,false,Rx,0,8,B0,80,00,76,20,00,00,FE,
0,00000588,false,Rx,0,8,0B,00,72,00,00,80,00,00,
0,00000380,false,Rx,0,8,B0,80,00,76,20,00,00,FE,
0,00000380,false,Rx,0,8,B0,80,00,76,20,00,00,FE,
0,00000588,false,Rx,0,8,0B,00,72,00,00,80,00,00,
0,00000380,false,Rx,0,8,B0,80,00,76,20,00,00,FE,
0,00000380,false,Rx,0,8,B0,80,00,76,20,00,00,FE,
0,00000588,false,Rx,0,8,0B,00,72,00,00,80,00,00,
0,00000380,false,Rx,0,8,B0,80,00,76,20,00,00,FE,
0,00000380,false,Rx,0,8,B0,80,00,76,20,00,00,FE,
0,00000588,false,Rx,0,8,0B,00,72,00,00,80,00,00,
0,00000380,false,Rx,0,8,B0,80,00,76,20,00,00,FE,
0,00000380,false,Rx,0,8,B0,80,00,76,20,00,00,FE,
782000,00000588,false,Rx,0,8,0B,00,72,00,00,80,00,00,
0,00000380,false,Rx,0,8,B0,80,00,76,20,00,00,FE,
0,00000380,false,Rx,0,8,B0,80,00,76,20,00,00,FE,
0,00000588,false,Rx,0,8,0B,00,72,00,00,80,00,00,
0,00000380,false,Rx,0,8,B0,80,00,76,20,00,00,FE,
0,00000380,false,Rx,0,8,B0,80,00,76,20,00,00,FE,
819000,00000588,false,Rx,0,8,0B,00,72,00,00,80,00,00,
0,00000380,false,Rx,0,8,B0,80,00,76,20,00,00,FE,
0,00000380,false,Rx,0,8,B0,80,00,76,20,00,00,FE,
0,00000588,false,Rx,0,8,0B,00,72,00,00,80,00,00,
0,00000380,false,Rx,0,8,B0,80,00,76,20,00,00,FE,
0,00000380,false,Rx,0,8,B0,80,00,76,20,00,00,FE,
0,00000588,false,Rx,0,8,0B,00,72,00,00,80,00,00,
0,00000380,false,Rx,0,8,B0,80,00,76,20,00,00,FE,
0,00000380,false,Rx,0,8,B0,80,00,76,20,00,00,FE,
0,00000588,false,Rx,0,8,0B,00,72,00,00,80,00,00,
0,00000380,false,Rx,0,8,B0,80,00,76,20,00,00,FE,
0,00000380,false,Rx,0,8,B0,80,00,76,20,00,00,FE,
0,00000588,false,Rx,0,8,0B,00,72,00,00,80,00,00,
0,00000380,false,Rx,0,8,B0,80,00,76,20,00,00,FE,
0,00000380,false,Rx,0,8,B0,80,00,76,20,00,00,FE,
0,00000588,false,Rx,0,8,0B,00,72,00,00,80,00,00,
0,00000380,false,Rx,0,8,B0,80,00,76,20,00,00,FE,
0,00000380,false,Rx,0,8,B0,80,00,76,20,00,00,FE,
0,00000588,false,Rx,0,8,0B,00,72,00,00,80,00,00,
0,00000380,false,Rx,0,8,B0,80,00,76,20,00,00,FE,
0,00000380,false,Rx,0,8,B0,80,00,76,20,00,00,FE,
963000,00000588,false,Rx,0,8,0B,00,72,00,00,80,00,00,
0,00000380,false,Rx,0,8,B0,80,00,76,20,00,00,FE,
0,00000380,false,Rx,0,8,B0,80,00,76,20,00,00,FE,
0,00000588,false,Rx,0,8,0B,00,72,00,00,80,00,00,
0,00000380,false,Rx,0,8,B0,80,00,76,20,00,00,FE,
0,00000380,false,Rx,0,8,B0,80,00,76,20,00,00,FE,
999000,00000588,false,Rx,0,8,0B,00,72,00,00,80,00,00,
0,00000380,false,Rx,0,8,B0,80,00,76,20,00,00,FE,
0,00000380,false,Rx,0,8,B0,80,00,76,20,00,00,FE,
0,00000588,false,Rx,0,8,0B,00,72,00,00,80,00,00,
0,00000380,false,Rx,0,8,B0,80,00,76,20,00,00,FE,
0,00000380,false,Rx,0,8,B0,80,00,76,20,00,00,FE,
0,00000588,false,Rx,0,8,0B,00,72,00,00,80,00,00,
0,00000380,false,Rx,0,8,B0,80,00,76,20,00,00,FE,
0,00000380,false,Rx,0,8,B0,80,00,76,20,00,00,FE,
0,00000588,false,Rx,0,8,0B,00,72,00,00,80,00,00,
0,00000380,false,Rx,0,8,B0,80,00,76,20,00,00,FE,
0,00000380,false,Rx,0,8,B0,80,00,76,20,00,00,FE,
0,00000588,false,Rx,0,8,0B,00,72,00,00,80,00,00,
0,00000380,false,Rx,0,8,B0,80,00,76,20,00,00,FE,
0,00000380,false,Rx,0,8,B0,80,00,76,20,00,00,FE,
0,00000588,false,Rx,0,8,0B,00,72,00,00,80,00,00,
0,00000380,false,Rx,0,8,B0,80,00,76,20,00,00,FE,
0,00000380,false,Rx,0,8,B0,80,00,76,20,00,00,FE,
0,00000588,false,Rx,0,8,0B,00,72,00,00,80,00,00,
0,00000380,false,Rx,0,8,B0,80,00,76,20,00,00,FE,
0,00000380,false,Rx,0,8,B0,80,00,76,20,00,00,FE,
143000,00000588,false,Rx,0,8,0B,00,72,00,00,80,00,00,
0,00000380,false,Rx,0,8,B0,80,00,76,20,00,00,FE,
0,00000380,false,Rx,0,8,B0,80,00,76,20,00,00,FE,
0,00000588,false,Rx,0,8,0B,00,72,00,00,80,00,00,
0,00000380,false,Rx,0,8,B0,80,00,76,20,00,00,FE,
0,00000380,false,Rx,0,8,B0,80,00,76,20,00,00,FE,
0,00000588,false,Rx,0,8,0B,00,72,00,00,80,00,00,
0,00000380,false,Rx,0,8,B0,80,00,76,20,00,00,FE,
0,00000380,false,Rx,0,8,B0,80,00,76,20,00,00,FE,
200000,00000588,false,Rx,0,8,0B,00,72,00,00,80,00,00,
0,00000380,false,Rx,0,8,B0,80,00,76,20,00,00,FE,
0,00000380,false,Rx,0,8,B0,80,00,76,20,00,00,FE,
0,00000588,false,Rx,0,8,0B,00,72,00,00,80,00,00,
0,00000380,false,Rx,0,8,B0,80,00,76,20,00,00,FE,
0,00000380,false,Rx,0,8,B0,80,00,76,20,00,00,FE,
0,00000588,false,Rx,0,8,0B,00,72,00,00,80,00,00,
0,00000380,false,Rx,0,8,B0,80,00,76,20,00,00,FE,
0,00000380,false,Rx,0,8,B0,80,00,76,20,00,00,FE,
0,00000588,false,Rx,0,8,0B,00,72,00,00,80,00,00,
0,00000380,false,Rx,0,8,B0,80,00,76,20,00,00,FE,
0,00000380,false,Rx,0,8,B0,80,00,76,20,00,00,FE,
0,00000588,false,Rx,0,8,0B,00,72,00,00,80,00,00,
0,00000380,false,Rx,0,8,B0,80,00,76,20,00,00,FE,
0,00000380,false,Rx,0,8,B0,80,00,76,20,00,00,FE,
0,00000588,false,Rx,0,8,0B,00,72,00,00,80,00,00,
0,00000380,false,Rx,0,8,B0,80,00,76,20,00,00,FE,
0,00000380,false,Rx,0,8,B0,80,00,76,20,00,00,FE,
0,00000588,false,Rx,0,8,0B,00,72,00,00,80,00,00,
0,00000380,false,Rx,0,8,B0,80,00,76,20,00,00,FE,
0,00000380,false,Rx,0,8,B0,80,00,76,20,00,00,FE,
343000,00000588,false,Rx,0,8,0B,00,72,00,00,80,00,00,
0,00000380,false,Rx,0,8,B0,80,00,76,20,00,00,FE,
0,00000380,false,Rx,0,8,B0,80,00,76,20,00,00,FE,
0,00000588,false,Rx,0,8,0B,00,72,00,00,80,00,00,
0,00000380,false,Rx,0,8,B0,80,00,76,20,00,00,FE,
0,00000380,false,Rx,0,8,B0,80,00,76,20,00,00,FE,
380000,00000588,false,Rx,0,8,0B,00,72,00,00,80,00,00,
0,00000380,false,Rx,0,8,B0,80,00,76,20,00,00,FE,
0,00000380,false,Rx,0,8,B0,80,00,76,20,00,00,FE,
0,00000588,false,Rx,0,8,0B,00,72,00,00,80,00,00,
0,00000380,false,Rx,0,8,B0,80,00,76,20,00,00,FE,
0,00000380,false,Rx,0,8,B0,80,00,76,20,00,00,FE,
0,00000284,false,Rx,0,6,0F,0F,00,00,00,00,00,00,
0,00000380,false,Rx,0,8,B0,80,00,76,20,00,00,FE,
0,00000380,false,Rx,0,8,B0,80,00,76,20,00,00,FE,
0,00000588,false,Rx,0,8,0B,00,72,00,00,80,00,00,
0,00000380,false,Rx,0,8,B0,80,00,76,20,00,00,FE,
0,00000380,false,Rx,0,8,B0,80,00,76,20,00,00,FE,
0,00000284,false,Rx,0,6,01,01,00,00,00,00,00,00,
0,00000380,false,Rx,0,8,B0,80,00,76,20,00,00,FE,
0,00000380,false,Rx,0,8,B0,80,00,76,20,00,00,FE,
0,00000588,false,Rx,0,8,0B,00,72,00,00,80,00,00,
0,00000380,false,Rx,0,8,B0,80,00,76,20,00,00,FE,
0,00000380,false,Rx,0,8,B0,80,00,76,20,00,00,FE,
0,00000284,false,Rx,0,6,03,03,00,00,00,00,00,00,
0,00000380,false,Rx,0,8,B0,80,00,76,20,00,00,FE,
0,00000380,false,Rx,0,8,B0,80,00,76,20,00,00,FE,
524000,00000588,false,Rx,0,8,0B,00,72,00,00,80,00,00,
0,00000380,false,Rx,0,8,B0,80,00,76,20,00,00,FE,
0,00000380,false,Rx,0,8,B0,80,00,76,20,00,00,FE,
0,00000284,false,Rx,0,6,05,05,00,00,00,00,00,00,
0,00000380,false,Rx,0,8,B0,80,00,76,20,00,00,FE,
0,00000380,false,Rx,0,8,B0,80,00,76,20,00,00,FE,
561000,00000588,false,Rx,0,8,0B,00,72,00,00,80,00,00,
0,00000380,false,Rx,0,8,B0,80,00,76,20,00,00,FE,
0,00000380,false,Rx,0,8,B0,80,00,76,20,00,00,FE,
581000,00000588,false,Rx,0,8,0B,00,72,00,00,80,00,00,
0,00000380,false,Rx,0,8,B0,80,00,76,20,00,00,FE,
0,00000380,false,Rx,0,8,B0,80,00,76,20,00,00,FE,
0,00000284,false,Rx,0,6,08,08,00,00,00,00,00,00,
0,00000380,false,Rx,0,8,B0,80,00,76,20,00,00,FE,
0,00000380,false,Rx,0,8,B0,80,00,76,20,00,00,FE,
0,00000588,false,Rx,0,8,0B,00,72,00,00,80,00,00,
0,00000380,false,Rx,0,8,B0,80,00,76,20,00,00,FE,
0,00000380,false,Rx,0,8,B0,80,00,76,20,00,00,FE,
0,00000588,false,Rx,0,8,0B,00,72,00,00,80,00,00,
0,00000380,false,Rx,0,8,B0,80,00,76,20,00,00,FE,
0,00000380,false,Rx,0,8,B0,80,00,76,20,00,00,FE,
0,00000284,false,Rx,0,6,0B,0B,00,00,00,00,00,00,
0,00000380,false,Rx,0,8,B0,80,00,76,20,00,00,FE,
0,00000380,false,Rx,0,8,B0,80,00,76,20,00,00,FE,
0,00000588,false,Rx,0,8,0B,00,72,00,00,80,00,00,
0,00000380,false,Rx,0,8,B0,80,00,76,20,00,00,FE,
0,00000380,false,Rx,0,8,B0,80,00,76,20,00,00,FE,
0,00000284,false,Rx,0,6,0D,0D,00,00,00,00,00,00,
0,00000380,false,Rx,0,8,B0,80,00,76,20,00,00,FE,
0,00000380,false,Rx,0,8,B0,80,00,76,20,00,00,FE,
724000,00000588,false,Rx,0,8,0B,00,72,00,00,80,00,00,
0,00000380,false,Rx,0,8,B0,80,00,76,20,00,00,FE,
0,00000380,false,Rx,0,8,B0,80,00,76,20,00,00,FE,
0,00000284,false,Rx,0,6,0F,0F,00,00,00,00,00,00,
0,00000380,false,Rx,0,8,B0,80,00,76,20,00,00,FE,
0,00000380,false,Rx,0,8,B0,80,00,76,20,00,00,FE,
761000,00000588,false,Rx,0,8,0B,00,72,00,00,80,00,00,
0,00000380,false,Rx,0,8,B0,80,00,76,20,00,00,FE,
0,00000380,false,Rx,0,8,B0,80,00,76,20,00,00,FE,
0,00000284,false,Rx,0,6,01,01,00,00,00,00,00,00,
0,00000380,false,Rx,0,8,B0,80,00,76,20,00,00,FE,
0,00000380,false,Rx,0,8,B0,80,00,76,20,00,00,FE,
0,00000284,false,Rx,0,6,02,02,00,00,00,00,00,00,
0,00000380,false,Rx,0,8,B0,80,00,76,20,00,00,FE,
0,00000380,false,Rx,0,8,B0,80,00,76,20,00,00,FE,
0,00000284,false,Rx,0,6,03,03,00,00,00,00,00,00,
0,00000380,false,Rx,0,8,B0,80,00,76,20,00,00,FE,
0,00000380,false,Rx,0,8,B0,80,00,76,20,00,00,FE,
0,00000284,false,Rx,0,6,04,04,00,00,00,00,00,00,
0,00000380,false,Rx,0,8,B0,80,00,76,20,00,00,FE,
0,00000380,false,Rx,0,8,B0,80,00,76,20,00,00,FE,
0,00000284,false,Rx,0,6,05,05,00,00,00,00,00,00,
0,00000380,false,Rx,0,8,B0,80,00,76,20,00,00,FE,
0,00000380,false,Rx,0,8,B0,80,00,76,20,00,00,FE,
0,00000284,false,Rx,0,6,06,06,00,00,00,00,00,00,
0,00000380,false,Rx,0,8,B0,80,00,76,20,00,00,FE,
0,00000380,false,Rx,0,8,B0,80,00,76,20,00,00,FE,
0,00000284,false,Rx,0,6,07,07,00,00,00,00,00,00,
0,00000380,false,Rx,0,8,B0,80,00,76,20,00,00,FE,
0,00000380,false,Rx,0,8,B0,80,00,76,20,00,00,FE,
0,00000284,false,Rx,0,6,08,08,00,00,00,00,00,00,
0,00000380,false,Rx,0,8,B0,80,00,76,20,00,00,FE,
0,00000380,false,Rx,0,8,B0,80,00,76,20,00,00,FE,
0,00000284,false,Rx,0,6,09,09,00,00,00,00,00,00,
0,00000380,false,Rx,0,8,B0,80,00,76,20,00,00,FE,
0,00000380,false,Rx,0,8,B0,80,00,76,20,00,00,FE,
0,00000284,false,Rx,0,6,0A,0A,00,00,00,00,00,00,
0,00000380,false,Rx,0,8,B0,80,00,76,20,00,00,FE,
0,00000380,false,Rx,0,8,B0,80,00,76,20,00,00,FE,
0,00000588,false,Rx,0,8,0B,00,72,00,00,80,00,00,
0,00000380,false,Rx,0,8,B0,80,00,76,20,00,00,FE,
0,00000380,false,Rx,0,8,B0,80,00,76,20,00,00,FE,
0,00000284,false,Rx,0,6,0C,0C,00,00,00,00,00,00,
0,00000380,false,Rx,0,8,B0,80,00,76,20,00,00,FE,
0,00000380,false,Rx,0,8,B0,80,00,76,20,00,00,FE,
0,00000588,false,Rx,0,8,0B,00,72,00,00,80,00,00,
0,00000380,false,Rx,0,8,B0,80,00,76,20,00,00,FE,
0,00000380,false,Rx,0,8,B0,80,00,76,20,00,00,FE,
0,00000284,false,Rx,0,6,0E,0E,00,00,00,00,00,00,
0,00000380,false,Rx,0,8,B0,80,00,76,20,00,00,FE,
0,00000380,false,Rx,0,8,B0,80,00,76,20,00,00,FE,
0,00000588,false,Rx,0,8,0B,00,72,00,00,80,00,00,
0,00000380,false,Rx,0,8,B0,80,00,76,20,00,00,FE,
0,00000380,false,Rx,0,8,B0,80,00,76,20,00,00,FE,
0,00000284,false,Rx,0,6,00,00,00,00,00,00,00,00,
0,00000380,false,Rx,0,8,B0,80,00,76,20,00,00,FE,
0,00000380,false,Rx,0,8,B0,80,00,76,20,00,00,FE,
0,00000588,false,Rx,0,8,0B,00,72,00,00,80,00,00,
0,00000380,false,Rx,0,8,B0,80,00,76,20,00,00,FE,
0,00000380,false,Rx,0,8,B0,80,00,76,20,00,00,FE,
0,00000284,false,Rx,0,6,02,02,00,00,00,00,00,00,
0,00000380,false,Rx,0,8,B0,80,00,76,20,00,00,FE,
0,00000380,false,Rx,0,8,B0,80,00,76,20,00,00,FE,
146000,00000588,false,Rx,0,8,0B,00,72,00,00,80,00,00,
0,00000380,false,Rx,0,8,B0,80,00,76,20,00,00,FE,
0,00000380,false,Rx,0,8,B0,80,00,76,20,00,00,FE,
0,00000284,false,Rx,0,6,04,04,00,00,00,00,00,00,
0,00000380,false,Rx,0,8,B0,80,00,76,20,00,00,FE,
0,00000380,false,Rx,0,8,B0,80,00,76,20,00,00,FE,
183000,00000588,false,Rx,0,8,0B,00,72,00,00,80,00,00,
0,00000380,false,Rx,0,8,B0,80,00,76,20,00,00,FE,
0,00000380,false,Rx,0,8,B0,80,00,76,20,00,00,FE,
0,00000588,false,Rx,0,8,0B,00,72,00,00,80,00,00,
0,00000380,false,Rx,0,8,B0,80,00,76,20,00,00,FE,
0,00000380,false,Rx,0,8,B0,80,00,76,20,00,00,FE,
0,00000588,false,Rx,0,8,0B,00,72,00,00,80,00,00,
0,00000380,false,Rx,0,8,B0,80,00,76,20,00,00,FE,
0,00000380,false,Rx,0,8,B0,80,00,76,20,00,00,FE,
0,00000588,false,Rx,0,8,0B,00,72,00,00,80,00,00,
0,00000380,false,Rx,0,8,B0,80,00,76,20,00,00,FE,
0,00000380,false,Rx,0,8,B0,80,00,76,20,00,00,FE,
0,00000588,false,Rx,0,8,0B,00,72,00,00,80,00,00,
0,00000380,false,Rx,0,8,B0,80,00,76,20,00,00,FE,
0,00000380,false,Rx,0,8,B0,80,00,76,20,00,00,FE,
0,00000588,false,Rx,0,8,0B,00,72,00,00,80,00,00,
0,00000380,false,Rx,0,8,B0,80,00,76,20,00,00,FE,
0,00000380,false,Rx,0,8,B0,80,00,76,20,00,00,FE,
0,00000588,false,Rx,0,8,0B,00,72,00,00,80,00,00,
0,00000380,false,Rx,0,8,B0,80,00,76,20,00,00,FE,
0,00000380,false,Rx,0,8,B0,80,00,76,20,00,00,FE,
327000,00000588,false,Rx,0,8,0B,00,72,00,00,80,00,00,
0,00000380,false,Rx,0,8,B0,80,00,76,20,00,00,FE,
0,00000380,false,Rx,0,8,B0,80,00,76,20,00,00,FE,
0,00000588,false,Rx,0,8,0B,00,72,00,00,80,00,00,
0,00000380,false,Rx,0,8,B0,80,00,76,20,00,00,FE,
0,00000380,false,Rx,0,8,B0,80,00,76,20,00,00,FE,
0,00000588,false,Rx,0,8,0B,00,72,00,00,80,00,00,
0,00000380,false,Rx,0,8,B0,80,00,76,20,00,00,FE,
0,00000380,false,Rx,0,8,B0,80,00,76,20,00,00,FE,
0,00000588,false,Rx,0,8,0B,00,72,00,00,80,00,00,
0,00000380,false,Rx,0,8,B0,80,00,76,20,00,00,FE,
0,00000380,false,Rx,0,8,B0,80,00,76,20,00,00,FE,
0,00000588,false,Rx,0,8,0B,00,72,00,00,80,00,00,
0,00000380,false,Rx,0,8,B0,80,00,76,20,00,00,FE,
0,00000380,false,Rx,0,8,B0,80,00,76,20,00,00,FE,
0,00000588,false,Rx,0,8,0B,00,72,00,00,80,00,00,
0,00000380,false,Rx,0,8,B0,80,00,76,20,00,00,FE,
0,00000380,false,Rx,0,8,B0,80,00,76,20,00,00,FE,
0,00000588,false,Rx,0,8,0B,00,72,00,00,80,00,00,
0,00000380,false,Rx,0,8,B0,80,00,76,20,00,00,FE,
0,00000380,false,Rx,0,8,B0,80,00,76,20,00,00,FE,
0,00000588,false,Rx,0,8,0B,00,72,00,00,80,00,00,
0,00000380,false,Rx,0,8,B0,80,00,76,20,00,00,FE,
0,00000380,false,Rx,0,8,B0,80,00,76,20,00,00,FE,
0,00000588,false,Rx,0,8,0B,00,72,00,00,80,00,00,
0,00000380,false,Rx,0,8,B0,80,00,76,20,00,00,FE,
0,00000380,false,Rx,0,8,B0,80,00,76,20,00,00,FE,
0,00000588,false,Rx,0,8,0B,00,72,00,00,80,00,00,
0,00000380,false,Rx,0,8,B0,80,00,76,20,00,00,FE,
0,00000380,false,Rx,0,8,B0,80,00,76,20,00,00,FE,
527000,00000588,false,Rx,0,8,0B,00,72,00,00,80,00,00,
0,00000380,false,Rx,0,8,B0,80,00,76,20,00,00,FE,
0,00000380,false,Rx,0,8,B0,80,00,76,20,00,00,FE,
0,00000588,false,Rx,0,8,0B,00,72,00,00,80,00,00,
0,00000380,false,Rx,0,8,B0,80,00,76,20,00,00,FE,
0,00000380,false,Rx,0,8,B0,80,00,76,20,00,00,FE,
564000,00000588,false,Rx,0,8,0B,00,72,00,00,80,00,00,
0,00000380,false,Rx,0,8,B0,80,00,76,20,00,00,FE,
0,00000380,false,Rx,0,8,B0,80,00,76,20,00,00,FE,
0,00000588,false,Rx,0,8,0B,00,72,00,00,80,00,00,
0,00000380,false,Rx,0,8,B0,80,00,76,20,00,00,FE,
0,00000380,false,Rx,0,8,B0,80,00,76,20,00,00,FE,
0,00000588,false,Rx,0,8,0B,00,72,00,00,80,00,00,
0,00000380,false,Rx,0,8,B0,80,00,76,20,00,00,FE,
0,00000380,false,Rx,0,8,B0,80,00,76,20,00,00,FE,
0,00000588,false,Rx,0,8,0B,00,72,00,00,80,00,00,
0,00000380,false,Rx,0,8,B0,80,00,76,20,00,00,FE,
0,00000380,false,Rx,0,8,B0,80,00,76,20,00,00,FE,
0,00000588,false,Rx,0,8,0B,00,72,00,00,80,00,00,
0,00000380,false,Rx,0,8,B0,80,00,76,20,00,00,FE,
0,00000380,false,Rx,0,8,B0,80,00,76,20,00,00,FE,
0,00000588,false,Rx,0,8,0B,00,72,00,00,80,00,00,
0,00000380,false,Rx,0,8,B0,80,00,76,20,00,00,FE,
0,00000380,false,Rx,0,8,B0,80,00,76,20,00,00,FE,
0,00000588,false,Rx,0,8,0B,00,72,00,00,80,00,00,
0,00000380,false,Rx,0,8,B0,80,00,76,20,00,00,FE,
0,00000380,false,Rx,0,8,B0,80,00,76,20,00,00,FE,
708000,00000588,false,Rx,0,8,0B,00,72,00,00,80,00,00,
0,00000380,false,Rx,0,8,B0,80,00,76,20,00,00,FE,
0,00000380,false,Rx,0,8,B0,80,00,76,20,00,00,FE,
0,00000588,false,Rx,0,8,0B,00,72,00,00,80,00,00,
0,00000380,false,Rx,0,8,B0,80,00,76,20,00,00,FE,
0,00000380,false,Rx,0,8,B0,80,00,76,20,00,00,FE,
744000,00000588,false,Rx,0,8,0B,00,72,00,00,80,00,00,
0,00000380,false,Rx,0,8,B0,80,00,76,20,00,00,FE,
0,00000380,false,Rx,0,8,B0,80,00,76,20,00,00,FE,
0,00000588,false,Rx,0,8,0B,00,72,00,00,80,00,00,
0,00000380,false,Rx,0,8,B0,80,00,76,20,00,00,FE,
0,00000380,false,Rx,0,8,B0,80,00,76,20,00,00,FE,
0,00000588,false,Rx,0,8,0B,00,72,00,00,80,00,00,
0,00000380,false,Rx,0,8,B0,80,00,76,20,00,00,FE,
0,00000380,false,Rx,0,8,B0,80,00,76,20,00,00,FE,
0,00000588,false,Rx,0,8,0B,00,72,00,00,80,00,00,
0,00000380,false,Rx,0,8,B0,80,00,76,20,00,00,FE,
0,00000380,false,Rx,0,8,B0,80,00,76,20,00,00,FE,
0,00000588,false,Rx,0,8,0B,00,72,00,00,80,00,00,
0,00000380,false,Rx,0,8,B0,80,00,76,20,00,00,FE,
0,00000380,false,Rx,0,8,B0,80,00,76,20,00,00,FE,
0,00000588,false,Rx,0,8,0B,00,72,00,00,80,00,00,
0,00000380,false,Rx,0,8,B0,80,00,76,20,00,00,FE,
0,00000380,false,Rx,0,8,B0,80,00,76,20,00,00,FE,
0,00000588,false,Rx,0,8,0B,00,72,00,00,80,00,00,
0,00000380,false,Rx,0,8,B0,80,00,76,20,00,00,FE,
0,00000380,false,Rx,0,8,B0,80,00,76,20,00,00,FE,
888000,00000588,false,Rx,0,8,0B,00,72,00,00,80,00,00,
0,00000380,false,Rx,0,8,B0,80,00,76,20,00,00,FE,
0,00000380,false,Rx,0,8,B0,80,00,76,20,00,00,FE,
0,00000588,false,Rx,0,8,0B,00,72,00,00,80,00,00,
0,00000380,false,Rx,0,8,B0,80,00,76,20,00,00,FE,
0,00000380,false,Rx,0,8,B0,80,00,76,20,00,00,FE,
0,00000588,false,Rx,0,8,0B,00,72,00,00,80,00,00,
0,00000380,false,Rx,0,8,B0,80,00,76,20,00,00,FE,
0,00000380,false,Rx,0,8,B0,80,00,76,20,00,00,FE,
945000,00000588,false,Rx,0,8,0B,00,72,00,00,80,00,00,
0,00000380,false,Rx,0,8,B0,80,00,76,20,00,00,FE,
0,00000380,false,Rx,0,8,B0,80,00,76,20,00,00,FE,
0,00000588,false,Rx,0,8,0B,00,72,00,00,80,00,00,
0,00000380,false,Rx,0,8,B0,80,00,76,20,00,00,FE,
0,00000380,false,Rx,0,8,B0,80,00,76,20,00,00,FE,
0,00000588,false,Rx,0,8,0B,00,72,00,00,80,00,00,
0,00000380,false,Rx,0,8,B0,80,00,76,20,00,00,FE,
0,00000380,false,Rx,0,8,B0,80,00,76,20,00,00,FE,
0,00000588,false,Rx,0,8,0B,00,72,00,00,80,00,00,
0,00000380,false,Rx,0,8,B0,80,00,76,20,00,00,FE,
0,00000380,false,Rx,0,8,B0,80,00,76,20,00,00,FE,
0,00000588,false,Rx,0,8,0B,00,72,00,00,80,00,00,
0,00000380,false,Rx,0,8,B0,80,00,76,20,00,00,FE,
0,00000380,false,Rx,0,8,B0,80,00,76,20,00,00,FE,
0,00000588,false,Rx,0,8,0B,00,72,00,00,80,00,00,
0,00000380,false,Rx,0,8,B0,80,00,76,20,00,00,FE,
0,00000380,false,Rx,0,8,B0,80,00,76,20,00,00,FE,
0,00000588,false,Rx,0,8,0B,00,72,00,00,80,00,00,
0,00000380,false,Rx,0,8,B0,80,00,76,20,00,00,FE,
0,00000380,false,Rx,0,8,B0,80,00,76,20,00,00,FE,
89000,00000588,false,Rx,0,8,0B,00,72,00,00,80,00,00,
0,00000380,false,Rx,0,8,B0,80,00,76,20,00,00,FE,
0,00000380,false,Rx,0,8,B0,80,00,76,20,00,00,FE,
0,00000588,false,Rx,0,8,0B,00,72,00,00,80,00,00,
0,00000380,false,Rx,0,8,B0,80,00,76,20,00,00,FE,
0,00000380,false,Rx,0,8,B0,80,00,76,20,00,00,FE,
125000,00000588,false,Rx,0,8,0B,00,72,00,00,80,00,00,
0,00000380,false,Rx,0,8,B0,80,00,76,20,00,00,FE,
0,00000380,false,Rx,0,8,B0,80,00,76,20,00,00,FE,
0,00000588,false,Rx,0,8,0B,00,72,00,00,80,00,00,
0,00000380,false,Rx,0,8,B0,80,00,76,20,00,00,FE,
0,00000380,false,Rx,0,8,B0,80,00,76,20,00,00,FE,
0,00000588,false,Rx,0,8,0B,00,72,00,00,80,00,00,
0,00000380,false,Rx,0,8,B0,80,00,76,20,00,00,FE,
0,00000380,false,Rx,0,8,B0,80,00,76,20,00,00,FE,
0,00000588,false,Rx,0,8,0B,00,72,00,00,80,00,00,
0,00000380,false,Rx,0,8,B0,80,00,76,20,00,00,FE,
0,00000380,false,Rx,0,8,B0,80,00,76,20,00,00,FE,
0,00000588,false,Rx,0,8,0B,00,72,00,00,80,00,00,
0,00000380,false,Rx,0,8,B0,80,00,76,20,00,00,FE,
0,00000380,false,Rx,0,8,B0,80,00,76,20,00,00,FE,
0,00000588,false,Rx,0,8,0B,00,72,00,00,80,00,00,
0,00000380,false,Rx,0,8,B0,80,00,76,20,00,00,FE,
0,00000380,false,Rx,0,8,B0,80,00,76,20,00,00,FE,
0,00000588,false,Rx,0,8,0B,00,72,00,00,80,00,00,
0,00000380,false,Rx,0,8,B0,80,00,76,20,00,00,FE,
0,00000380,false,Rx,0,8,B0,80,00,76,20,00,00,FE,
269000,00000588,false,Rx,0,8,0B,00,72,00,00,80,00,00,
0,00000380,false,Rx,0,8,B0,80,00,76,20,00,00,FE,
0,00000380,false,Rx,0,8,B0,80,00,76,20,00,00,FE,
0,00000588,false,Rx,0,8,0B,00,72,00,00,80,00,00,
0,00000380,false,Rx,0,8,B0,80,00,76,20,00,00,FE,
0,00000380,false,Rx,0,8,B0,80,00,76,20,00,00,FE,
305000,00000588,false,Rx,0,8,0B,00,72,00,00,80,00,00,
0,00000380,false,Rx,0,8,B0,80,00,76,20,00,00,FE,
0,00000380,false,Rx,0,8,B0,80,00,76,20,00,00,FE,
326000,00000588,false,Rx,0,8,0B,00,72,00,00,80,00,00,
0,00000380,false,Rx,0,8,B0,80,00,76,20,00,00,FE,
0,00000380,false,Rx,0,8,B0,80,00,76,20,00,00,FE,
0,00000588,false,Rx,0,8,0B,00,72,00,00,80,00,00,
0,00000380,false,Rx,0,8,B0,80,00,76,20,00,00,FE,
0,00000380,false,Rx,0,8,B0,80,00,76,20,00,00,FE,
0,00000588,false,Rx,0,8,0B,00,72,00,00,80,00,00,
0,00000380,false,Rx,0,8,B0,80,00,76,20,00,00,FE,
0,00000380,false,Rx,0,8,B0,80,00,76,20,00,00,FE,
0,00000588,false,Rx,0,8,0B,00,72,00,00,80,00,00,
0,00000380,false,Rx,0,8,B0,80,00,76,20,00,00,FE,
0,00000380,false,Rx,0,8,B0,80,00,76,20,00,00,FE,
0,00000588,false,Rx,0,8,0B,00,72,00,00,80,00,00,
0,00000380,false,Rx,0,8,B0,80,00,76,20,00,00,FE,
0,00000380,false,Rx,0,8,B0,80,00,76,20,00,00,FE,
0,00000588,false,Rx,0,8,0B,00,72,00,00,80,00,00,
0,00000380,false,Rx,0,8,B0,80,00,76,20,00,00,FE,
0,00000380,false,Rx,0,8,B0,80,00,76,20,00,00,FE,
0,00000588,false,Rx,0,8,0B,00,72,00,00,80,00,00,
0,00000380,false,Rx,0,8,B0,80,00,76,20,00,00,FE,
0,00000380,false,Rx,0,8,B0,80,00,76,20,00,00,FE,
469000,00000588,false,Rx,0,8,0B,00,72,00,00,80,00,00,
0,00000380,false,Rx,0,8,B0,80,00,76,20,00,00,FE,
0,00000380,false,Rx,0,8,B0,80,00,76,20,00,00,FE,
0,00000588,false,Rx,0,8,0B,00,72,00,00,80,00,00,
0,00000380,false,Rx,0,8,B0,80,00,76,20,00,00,FE,
0,00000380,false,Rx,0,8,B0,80,00,76,20,00,00,FE,
506000,00000588,false,Rx,0,8,0B,00,72,00,00,80,00,00,
0,00000380,false,Rx,0,8,B0,80,00,76,20,00,00,FE,
0,00000380,false,Rx,0,8,B0,80,00,76,20,00,00,FE,
0,00000588,false,Rx,0,8,0B,00,72,00,00,80,00,00,
0,00000380,false,Rx,0,8,B0,80,00,76,20,00,00,FE,
0,00000380,false,Rx,0,8,B0,80,00,76,20,00,00,FE,
0,00000588,false,Rx,0,8,0B,00,72,00,00,80,00,00,
0,00000380,false,Rx,0,8,B0,80,00,76,20,00,00,FE,
0,00000380,false,Rx,0,8,B0,80,00,76,20,00,00,FE,
0,00000588,false,Rx,0,8,0B,00,72,00,00,80,00,00,
0,00000380,false,Rx,0,8,B0,80,00,76,20,00,00,FE,
0,00000380,false,Rx,0,8,B0,80,00,76,20,00,00,FE,
0,00000588,false,Rx,0,8,0B,00,72,00,00,80,00,00,
0,00000380,false,Rx,0,8,B0,80,00,76,20,00,00,FE,
0,00000380,false,Rx,0,8,B0,80,00,76,20,00,00,FE,
0,00000588,false,Rx,0,8,0B,00,72,00,00,80,00,00,
0,00000380,false,Rx,0,8,B0,80,00,76,20,00,00,FE,
0,00000380,false,Rx,0,8,B0,80,00,76,20,00,00,FE,
0,00000588,false,Rx,0,8,0B,00,72,00,00,80,00,00,
0,00000380,false,Rx,0,8,B0,80,00,76,20,00,00,FE,
0,00000380,false,Rx,0,8,B0,80,00,76,20,00,00,FE,
650000,00000588,false,Rx,0,8,0B,00,72,00,00,80,00,00,
0,00000380,false,Rx,0,8,B0,80,00,76,20,00,00,FE,
0,00000380,false,Rx,0,8,B0,80,00,76,20,00,00,FE,
0,00000588,false,Rx,0,8,0B,00,72,00,00,80,00,00,
0,00000380,false,Rx,0,8,B0,80,00,76,20,00,00,FE,
0,00000380,false,Rx,0,8,B0,80,00,76,20,00,00,FE,
686000,00000588,false,Rx,0,8,0B,00,72,00,00,80,00,00,
0,00000380,false,Rx,0,8,B0,80,00,76,20,00,00,FE,
0,00000380,false,Rx,0,8,B0,80,00,76,20,00,00,FE,
0,00000588,false,Rx,0,8,0B,00,72,00,00,80,00,00,
0,00000380,false,Rx,0,8,B0,80,00,76,20,00,00,FE,
0,00000380,false,Rx,0,8,B0,80,00,76,20,00,00,FE,
0,00000588,false,Rx,0,8,0B,00,72,00,00,80,00,00,
0,00000380,false,Rx,0,8,B0,80,00,76,20,00,00,FE,
0,00000380,false,Rx,0,8,B0,80,00,76,20,00,00,FE,
0,00000588,false,Rx,0,8,0B,00,72,00,00,80,00,00,
0,00000380,false,Rx,0,8,B0,80,00,76,20,00,00,FE,
0,00000380,false,Rx,0,8,B0,80,00,76,20,00,00,FE,
0,00000588,false,Rx,0,8,0B,00,72,00,00,80,00,00,
0,00000380,false,Rx,0,8,B0,80,00,76,20,00,00,FE,
0,00000380,false,Rx,0,8,B0,80,00,76,20,00,00,FE,
0,00000588,false,Rx,0,8,0B,00,72,00,00,80,00,00,
0,00000380,false,Rx,0,8,B0,80,00,76,20,00,00,FE,
0,00000380,false,Rx,0,8,B0,80,00,76,20,00,00,FE,
0,00000588,false,Rx,0,8,0B,00,72,00,00,80,00,00,
0,00000380,false,Rx,0,8,B0,80,00,76,20,00,00,FE,
0,00000380,false,Rx,0,8,B0,80,00,76,20,00,00,FE,
0,00000588,false,Rx,0,8,0B,00,72,00,00,80,00,00,
0,00000380,false,Rx,0,8,B0,80,00,76,20,00,00,FE,
0,00000380,false,Rx,0,8,B0,80,00,76,20,00,00,FE,
0,00000588,false,Rx,0,8,0B,00,72,00,00,80,00,00,
0,00000380,false,Rx,0,8,B0,80,00,76,20,00,00,FE,
0,00000380,false,Rx,0,8,B0,80,00,76,20,00,00,FE,
0,00000588,false,Rx,0,8,0B,00,72,00,00,80,00,00,
0,00000380,false,Rx,0,8,B0,80,00,76,20,00,00,FE,
0,00000380,false,Rx,0,8,B0,80,00,76,20,00,00,FE,
887000,00000588,false,Rx,0,8,0B,00,72,00,00,80,00,00,
0,00000380,false,Rx,0,8,B0,80,00,76,20,00,00,FE,
0,00000380,false,Rx,0,8,B0,80,00,76,20,00,00,FE,
0,00000588,false,Rx,0,8,0B,00,72,00,00,80,00,00,
0,00000380,false,Rx,0,8,B0,80,00,76,20,00,00,FE,
0,00000380,false,Rx,0,8,B0,80,00,76,20,00,00,FE,
0,00000588,false,Rx,0,8,0B,00,72,00,00,80,00,00,
0,00000380,false,Rx,0,8,B0,80,00,76,20,00,00,FE,
0,00000380,false,Rx,0,8,B0,80,00,76,20,00,00,FE,
0,00000588,false,Rx,0,8,0B,00,72,00,00,80,00,00,
0,00000380,false,Rx,0,8,B0,80,00,76,20,00,00,FE,
0,00000380,false,Rx,0,8,B0,80,00,76,20,00,00,FE,
0,00000588,false,Rx,0,8,0B,00,72,00,00,80,00,00,
0,00000380,false,Rx,0,8,B0,80,00,76,20,00,00,FE,
0,00000380,false,Rx,0,8,B0,80,00,76,20,00,00,FE,
0,00000588,false,Rx,0,8,0B,00,72,00,00,80,00,00,
0,00000380,false,Rx,0,8,B0,80,00,76,20,00,00,FE,
0,00000380,false,Rx,0,8,B0,80,00,76,20,00,00,FE,
0,00000588,false,Rx,0,8,0B,00,72,00,00,80,00,00,
0,00000380,false,Rx,0,8,B0,80,00,76,20,00,00,FE,
0,00000380,false,Rx,0,8,B0,80,00,76,20,00,00,FE,
31000,00000588,false,Rx,0,8,0B,00,72,00,00,80,00,00,
0,00000380,false,Rx,0,8,B0,80,00,76,20,00,00,FE,
0,00000380,false,Rx,0,8,B0,80,00,76,20,00,00,FE,
0,00000588,false,Rx,0,8,0B,00,72,00,00,80,00,00,
0,00000380,false,Rx,0,8,B0,80,00,76,20,00,00,FE,
0,00000380,false,Rx,0,8,B0,80,00,76,20,00,00,FE,
67000,00000588,false,Rx,0,8,0B,00,72,00,00,80,00,00,
0,00000380,false,Rx,0,8,B0,80,00,76,20,00,00,FE,
0,00000380,false,Rx,0,8,B0,80,00,76,20,00,00,FE,
0,00000588,false,Rx,0,8,0B,00,72,00,00,80,00,00,
0,00000380,false,Rx,0,8,B0,80,00,76,20,00,00,FE,
0,00000380,false,Rx,0,8,B0,80,00,76,20,00,00,FE,
0,00000588,false,Rx,0,8,0B,00,72,00,00,80,00,00,
0,00000380,false,Rx,0,8,B0,80,00,76,20,00,00,FE,
0,00000380,false,Rx,0,8,B0,80,00,76,20,00,00,FE,
0,00000588,false,Rx,0,8,0B,00,72,00,00,80,00,00,
0,00000380,false,Rx,0,8,B0,80,00,76,20,00,00,FE,
0,00000380,false,Rx,0,8,B0,80,00,76,20,00,00,FE,
0,00000588,false,Rx,0,8,0B,00,72,00,00,80,00,00,
0,00000380,false,Rx,0,8,B0,80,00,76,20,00,00,FE,
0,00000380,false,Rx,0,8,B0,80,00,76,20,00,00,FE,
0,00000588,false,Rx,0,8,0B,00,72,00,00,80,00,00,
0,00000380,false,Rx,0,8,B0,80,00,76,20,00,00,FE,
0,00000380,false,Rx,0,8,B0,80,00,76,20,00,00,FE,
0,00000588,false,Rx,0,8,0B,00,72,00,00,80,00,00,
0,00000380,false,Rx,0,8,B0,80,00,76,20,00,00,FE,
0,00000380,false,Rx,0,8,B0,80,00,76,20,00,00,FE,
211000,00000588,false,Rx,0,8,0B,00,72,00,00,80,00,00,
0,00000380,false,Rx,0,8,B0,80,00,76,20,00,00,FE,
0,00000380,false,Rx,0,8,B0,80,00,76,20,00,00,FE,
0,00000588,false,Rx,0,8,0B,00,72,00,00,80,00,00,
0,00000380,false,Rx,0,8,B0,80,00,76,20,00,00,FE,
0,00000380,false,Rx,0,8,B0,80,00,76,20,00,00,FE,
248000,00000588,false,Rx,0,8,0B,00,72,00,00,80,00,00,
0,00000380,false,Rx,0,8,B0,80,00,76,20,00,00,FE,
0,00000380,false,Rx,0,8,B0,80,00,76,20,00,00,FE,
268000,00000588,false,Rx,0,8,0B,00,72,00,00,80,00,00,
0,00000380,false,Rx,0,8,B0,80,00,76,20,00,00,FE,
0,00000380,false,Rx,0,8,B0,80,00,76,20,00,00,FE,
0,00000588,false,Rx,0,8,0B,00,72,00,00,80,00,00,
0,00000380,false,Rx,0,8,B0,80,00,76,20,00,00,FE,
0,00000380,false,Rx,0,8,B0,80,00,76,20,00,00,FE,
0,00000588,false,Rx,0,8,0B,00,72,00,00,80,00,00,
0,00000380,false,Rx,0,8,B0,80,00,76,20,00,00,FE,
0,00000380,false,Rx,0,8,B0,80,00,76,20,00,00,FE,
0,00000588,false,Rx,0,8,0B,00,72,00,00,80,00,00,
0,00000380,false,Rx,0,8,B0,80,00,76,20,00,00,FE,
0,00000380,false,Rx,0,8,B0,80,00,76,20,00,00,FE,
0,00000588,false,Rx,0,8,0B,00,72,00,00,80,00,00,
0,00000380,false,Rx,0,8,B0,80,00,76,20,00,00,FE,
0,00000380,false,Rx,0,8,B0,80,00,76,20,00,00,FE,
0,00000588,false,Rx,0,8,0B,00,72,00,00,80,00,00,
0,00000380,false,Rx,0,8,B0,80,00,76,20,00,00,FE,
0,00000380,false,Rx,0,8,B0,80,00,76,20,00,00,FE,
0,00000588,false,Rx,0,8,0B,00,72,00,00,80,00,00,
0,00000380,false,Rx,0,8,B0,80,00,76,20,00,00,FE,
0,00000380,false,Rx,0,8,B0,80,00,76,20,00,00,FE,
412000,00000588,false,Rx,0,8,0B,00,72,00,00,80,00,00,
0,00000380,false,Rx,0,8,B0,80,00,76,20,00,00,FE,
0,00000380,false,Rx,0,8,B0,80,00,76,20,00,00,FE,
0,00000588,false,Rx,0,8,0B,00,72,00,00,80,00,00,
0,00000380,false,Rx,0,8,B0,80,00,76,20,00,00,FE,
0,00000380,false,Rx,0,8,B0,80,00,76,20,00,00,FE,
448000,00000588,false,Rx,0,8,0B,00,72,00,00,80,00,00,
0,00000380,false,Rx,0,8,B0,80,00,76,20,00,00,FE,
0,00000380,false,Rx,0,8,B0,80,00,76,20,00,00,FE,
0,00000588,false,Rx,0,8,0B,00,72,00,00,80,00,00,
0,00000380,false,Rx,0,8,B0,80,00,76,20,00,00,FE,
0,00000380,false,Rx,0,8,B0,80,00,76,20,00,00,FE,
0,00000588,false,Rx,0,8,0B,00,72,00,00,80,00,00,
0,00000380,false,Rx,0,8,B0,80,00,76,20,00,00,FE,
0,00000380,false,Rx,0,8,B0,80,00,76,20,00,00,FE,
0,00000588,false,Rx,0,8,0B,00,72,00,00,80,00,00,
0,00000380,false,Rx,0,8,B0,80,00,76,20,00,00,FE,
0,00000380,false,Rx,0,8,B0,80,00,76,20,00,00,FE,
0,00000588,false,Rx,0,8,0B,00,72,00,00,80,00,00,
0,00000380,false,Rx,0,8,B0,80,00,76,20,00,00,FE,
0,00000380,false,Rx,0,8,B0,80,00,76,20,00,00,FE,
0,00000588,false,Rx,0,8,0B,00,72,00,00,80,00,00,
0,00000380,false,Rx,0,8,B0,80,00,76,20,00,00,FE,
0,00000380,false,Rx,0,8,B0,80,00,76,20,00,00,FE,
0,00000588,false,Rx,0,8,0B,00,72,00,00,80,00,00,
0,00000380,false,Rx,0,8,B0,80,00,76,20,00,00,FE,
0,00000380,false,Rx,0,8,B0,80,00,76,20,00,00,FE,
592000,00000588,false,Rx,0,8,0B,00,72,00,00,80,00,00,
0,00000380,false,Rx,0,8,B0,80,00,76,20,00,00,FE,
0,00000380,false,Rx,0,8,B0,80,00,76,20,00,00,FE,
0,00000588,false,Rx,0,8,0B,00,72,00,00,80,00,00,
0,00000380,false,Rx,0,8,B0,80,00,76,20,00,00,FE,
0,00000380,false,Rx,0,8,B0,80,00,76,20,00,00,FE,
629000,00000588,false,Rx,0,8,0B,00,72,00,00,80,00,00,
0,00000380,false,Rx,0,8,B0,80,00,76,20,00,00,FE,
0,00000380,false,Rx,0,8,B0,80,00,76,20,00,00,FE,
0,00000588,false,Rx,0,8,0B,00,72,00,00,80,00,00,
0,00000380,false,Rx,0,8,B0,80,00,76,20,00,00,FE,
0,00000380,false,Rx,0,8,B0,80,00,76,20,00,00,FE,
0,00000588,false,Rx,0,8,0B,00,72,00,00,80,00,00,
0,00000380,false,Rx,0,8,B0,80,00,76,20,00,00,FE,
0,00000380,false,Rx,0,8,B0,80,00,76,20,00,00,FE,
0,00000588,false,Rx,0,8,0B,00,72,00,00,80,00,00,
0,00000380,false,Rx,0,8,B0,80,00,76,20,00,00,FE,
0,00000380,false,Rx,0,8,B0,80,00,76,20,00,00,FE,
0,00000588,false,Rx,0,8,0B,00,72,00,00,80,00,00,
0,00000380,false,Rx,0,8,B0,80,00,76,20,00,00,FE,
0,00000380,false,Rx,0,8,B0,80,00,76,20,00,00,FE,
0,00000588,false,Rx,0,8,0B,00,72,00,00,80,00,00,
0,00000380,false,Rx,0,8,B0,80,00,76,20,00,00,FE,
0,00000380,false,Rx,0,8,B0,80,00,76,20,00,00,FE,
0,00000588,false,Rx,0,8,0B,00,72,00,00,80,00,00,
0,00000380,false,Rx,0,8,B0,80,00,76,20,00,00,FE,
0,00000380,false,Rx,0,8,B0,80,00,76,20,00,00,FE,
0,00000588,false,Rx,0,8,0B,00,72,00,00,80,00,00,
0,00000380,false,Rx,0,8,B0,80,00,76,20,00,00,FE,
0,00000380,false,Rx,0,8,B0,80,00,76,20,00,00,FE,
792000,00000588,false,Rx,0,8,0B,00,72,00,00,80,00,00,
0,00000380,false,Rx,0,8,B0,80,00,76,20,00,00,FE,
0,00000380,false,Rx,0,8,B0,80,00,76,20,00,00,FE,
0,00000588,false,Rx,0,8,0B,00,72,00,00,80,00,00,
0,00000380,false,Rx,0,8,B0,80,00,76,20,00,00,FE,
0,00000380,false,Rx,0,8,B0,80,00,76,20,00,00,FE,
829000,00000588,false,Rx,0,8,0B,00,72,00,00,80,00,00,
0,00000380,false,Rx,0,8,B0,80,00,76,20,00,00,FE,
0,00000380,false,Rx,0,8,B0,80,00,76,20,00,00,FE,
0,00000588,false,Rx,0,8,0B,00,72,00,00,80,00,00,
0,00000380,false,Rx,0,8,B0,80,00,76,20,00,00,FE,
0,00000380,false,Rx,0,8,B0,80,00,76,20,00,00,FE,
0,00000588,false,Rx,0,8,0B,00,72,00,00,80,00,00,
0,00000380,false,Rx,0,8,B0,80,00,76,20,00,00,FE,
0,00000380,false,Rx,0,8,B0,80,00,76,20,00,00,FE,
0,00000588,false,Rx,0,8,0B,00,72,00,00,80,00,00,
0,00000380,false,Rx,0,8,B0,80,00,76,20,00,00,FE,
0,00000380,false,Rx,0,8,B0,80,00,76,20,00,00,FE,
0,00000588,false,Rx,0,8,0B,00,72,00,00,80,00,00,
0,00000380,false,Rx,0,8,B0,80,00,76,20,00,00,FE,
0,00000380,false,Rx,0,8,B0,80,00,76,20,00,00,FE,
0,00000588,false,Rx,0,8,0B,00,72,00,00,80,00,00,
0,00000380,false,Rx,0,8,B0,80,00,76,20,00,00,FE,
0,00000380,false,Rx,0,8,B0,80,00,76,20,00,00,FE,
0,00000588,false,Rx,0,8,0B,00,72,00,00,80,00,00,
0,00000380,false,Rx,0,8,B0,80,00,76,20,00,00,FE,
0,00000380,false,Rx,0,8,B0,80,00,76,20,00,00,FE,
973000,00000588,false,Rx,0,8,0B,00,72,00,00,80,00,00,
0,00000380,false,Rx,0,8,B0,80,00,76,20,00,00,FE,
0,00000380,false,Rx,0,8,B0,80,00,76,20,00,00,FE,
0,00000588,false,Rx,0,8,0B,00,72,00,00,80,00,00,
0,00000380,false,Rx,0,8,B0,80,00,76,20,00,00,FE,
0,00000380,false,Rx,0,8,B0,80,00,76,20,00,00,FE,
9000,00000588,false,Rx,0,8,0B,00,72,00,00,80,00,00,
0,00000380,false,Rx,0,8,B0,80,00,76,20,00,00,FE,
0,00000380,false,Rx,0,8,B0,80,00,76,20,00,00,FE,
0,00000588,false,Rx,0,8,0B,00,72,00,00,80,00,00,
0,00000380,false,Rx,0,8,B0,80,00,76,20,00,00,FE,
0,00000380,false,Rx,0,8,B0,80,00,76,20,00,00,FE,
0,00000588,false,Rx,0,8,0B,00,72,00,00,80,00,00,
0,00000380,false,Rx,0,8,B0,80,00,76,20,00,00,FE,
0,00000380,false,Rx,0,8,B0,80,00,76,20,00,00,FE,
0,00000588,false,Rx,0,8,0B,00,72,00,00,80,00,00,
0,00000380,false,Rx,0,8,B0,80,00,76,20,00,00,FE,
0,00000380,false,Rx,0,8,B0,80,00,76,20,00,00,FE,
0,00000588,false,Rx,0,8,0B,00,72,00,00,80,00,00,
0,00000380,false,Rx,0,8,B0,80,00,76,20,00,00,FE,
0,00000380,false,Rx,0,8,B0,80,00,76,20,00,00,FE,
0,00000588,false,Rx,0,8,0B,00,72,00,00,80,00,00,
0,00000380,false,Rx,0,8,B0,80,00,76,20,00,00,FE,
0,00000380,false,Rx,0,8,B0,80,00,76,20,00,00,FE,
0,00000588,false,Rx,0,8,0B,00,72,00,00,80,00,00,
0,00000380,false,Rx,0,8,B0,80,00,76,20,00,00,FE,
0,00000380,false,Rx,0,8,B0,80,00,76,20,00,00,FE,
153000,00000588,false,Rx,0,8,0B,00,72,00,00,80,00,00,
0,00000380,false,Rx,0,8,B0,80,00,76,20,00,00,FE,
0,00000380,false,Rx,0,8,B0,80,00,76,20,00,00,FE,
0,00000588,false,Rx,0,8,0B,00,72,00,00,80,00,00,
0,00000380,false,Rx,0,8,B0,80,00,76,20,00,00,FE,
0,00000380,false,Rx,0,8,B0,80,00,76,20,00,00,FE,
0,00000588,false,Rx,0,8,0B,00,72,00,00,80,00,00,
0,00000380,false,Rx,0,8,B0,80,00,76,20,00,00,FE,
0,00000380,false,Rx,0,8,B0,80,00,76,20,00,00,FE,
210000,00000588,false,Rx,0,8,0B,00,72,00,00,80,00,00,
0,00000380,false,Rx,0,8,B0,80,00,76,20,00,00,FE,
0,00000380,false,Rx,0,8,B0,80,00,76,20,00,00,FE,
0,00000284,false,Rx,0,6,0D,0D,00,00,00,00,00,00,
0,00000380,false,Rx,0,8,B0,80,00,76,20,00,00,FE,
0,00000380,false,Rx,0,8,B0,80,00,76,20,00,00,FE,
0,00000588,false,Rx,0,8,0B,00,72,00,00,80,00,00,
0,00000380,false,Rx,0,8,B0,80,00,76,20,00,00,FE,
0,00000380,false,Rx,0,8,B0,80,00,76,20,00,00,FE,
0,00000588,false,Rx,0,8,0B,00,72,00,00,80,00,00,
0,00000380,false,Rx,0,8,B0,80,00,76,20,00,00,FE,
0,00000380,false,Rx,0,8,B0,80,00,76,20,00,00,FE,
0,00000588,false,Rx,0,8,0B,00,72,00,00,80,00,00,
0,00000380,false,Rx,0,8,B0,80,00,76,20,00,00,FE,
0,00000380,false,Rx,0,8,B0,80,00,76,20,00,00,FE,
0,00000588,false,Rx,0,8,0B,00,72,00,00,80,00,00,
0,00000380,false,Rx,0,8,B0,80,00,76,20,00,00,FE,
0,00000380,false,Rx,0,8,B0,80,00,76,20,00,00,FE,
0,00000588,false,Rx,0,8,0B,00,72,00,00,80,00,00,
0,00000380,false,Rx,0,8,B0,80,00,76,20,00,00,FE,
0,00000380,false,Rx,0,8,B0,80,00,76,20,00,00,FE,
354000,00000588,false,Rx,0,8,0B,00,72,00,00,80,00,00,
0,00000380,false,Rx,0,8,B0,80,00,76,20,00,00,FE,
0,00000380,false,Rx,0,8,B0,80,00,76,20,00,00,FE,
0,00000588,false,Rx,0,8,0B,00,72,00,00,80,00,00,
0,00000380,false,Rx,0,8,B0,80,00,76,20,00,00,FE,
0,00000380,false,Rx,0,8,B0,80,00,76,20,00,00,FE,
390000,00000588,false,Rx,0,8,0B,00,72,00,00,80,00,00,
0,00000380,false,Rx,0,8,B0,80,00,76,20,00,00,FE,
0,00000380,false,Rx,0,8,B0,80,00,76,20,00,00,FE,
0,00000588,false,Rx,0,8,0B,00,72,00,00,80,00,00,
0,00000380,false,Rx,0,8,B0,80,00,76,20,00,00,FE,
0,00000380,false,Rx,0,8,B0,80,00,76,20,00,00,FE,
0,00000588,false,Rx,0,8,0B,00,72,00,00,80,00,00,
0,00000380,false,Rx,0,8,B0,80,00,76,20,00,00,FE,
0,00000380,false,Rx,0,8,B0,80,00,76,20,00,00,FE,
0,00000588,false,Rx,0,8,0B,00,72,00,00,80,00,00,
0,00000380,false,Rx,0,8,B0,80,00,76,20,00,00,FE,
0,00000380,false,Rx,0,8,B0,80,00,76,20,00,00,FE,
0,00000588,false,Rx,0,8,0B,00,72,00,00,80,00,00,
0,00000380,false,Rx,0,8,B0,80,00,76,20,00,00,FE,
0,00000380,false,Rx,0,8,B0,80,00,76,20,00,00,FE,
0,00000588,false,Rx,0,8,0B,00,72,00,00,80,00,00,
0,00000380,false,Rx,0,8,B0,80,00,76,20,00,00,FE,
0,00000380,false,Rx,0,8,B0,80,00,76,20,00,00,FE,
0,00000588,false,Rx,0,8,0B,00,72,00,00,80,00,00,
0,00000380,false,Rx,0,8,B0,80,00,76,20,00,00,FE,
0,00000380,false,Rx,0,8,B0,80,00,76,20,00,00,FE,
534000,00000588,false,Rx,0,8,0B,00,72,00,00,80,00,00,
0,00000380,false,Rx,0,8,B0,80,00,76,20,00,00,FE,
0,00000380,false,Rx,0,8,B0,80,00,76,20,00,00,FE,
0,00000588,false,Rx,0,8,0B,00,72,00,00,80,00,00,
0,00000380,false,Rx,0,8,B0,80,00,76,20,00,00,FE,
0,00000380,false,Rx,0,8,B0,80,00,76,20,00,00,FE,
571000,00000588,false,Rx,0,8,0B,00,72,00,00,80,00,00,
0,00000380,false,Rx,0,8,B0,80,00,76,20,00,00,FE,
0,00000380,false,Rx,0,8,B0,80,00,76,20,00,00,FE,
0,00000588,false,Rx,0,8,0B,00,72,00,00,80,00,00,
0,00000380,false,Rx,0,8,B0,80,00,76,20,00,00,FE,
0,00000380,false,Rx,0,8,B0,80,00,76,20,00,00,FE,
0,00000588,false,Rx,0,8,0B,00,72,00,00,80,00,00,
0,00000380,false,Rx,0,8,B0,80,00,76,20,00,00,FE,
0,00000380,false,Rx,0,8,B0,80,00,76,20,00,00,FE,
0,00000588,false,Rx,0,8,0B,00,72,00,00,80,00,00,
0,00000380,false,Rx,0,8,B0,80,00,76,20,00,00,FE,
0,00000380,false,Rx,0,8,B0,80,00,76,20,00,00,FE,
0,00000588,false,Rx,0,8,0B,00,72,00,00,80,00,00,
0,00000380,false,Rx,0,8,B0,80,00,76,20,00,00,FE,
0,00000380,false,Rx,0,8,B0,80,00,76,20,00,00,FE,
0,00000588,false,Rx,0,8,0B,00,72,00,00,80,00,00,
0,00000380,false,Rx,0,8,B0,80,00,76,20,00,00,FE,
0,00000380,false,Rx,0,8,B0,80,00,76,20,00,00,FE,
0,00000588,false,Rx,0,8,0B,00,72,00,00,80,00,00,
0,00000380,false,Rx,0,8,B0,80,00,76,20,00,00,FE,
0,00000380,false,Rx,0,8,B0,80,00,76,20,00,00,FE,
0,00000588,false,Rx,0,8,0B,00,72,00,00,80,00,00,
0,00000380,false,Rx,0,8,B0,80,00,76,20,00,00,FE,
0,00000380,false,Rx,0,8,B0,80,00,76,20,00,00,FE,
734000,00000588,false,Rx,0,8,0B,00,72,00,00,80,00,00,
0,00000380,false,Rx,0,8,B0,80,00,76,20,00,00,FE,
0,00000380,false,Rx,0,8,B0,80,00,76,20,00,00,FE,
0,00000588,false,Rx,0,8,0B,00,72,00,00,80,00,00,
0,00000380,false,Rx,0,8,B0,80,00,76,20,00,00,FE,
0,00000380,false,Rx,0,8,B0,80,00,76,20,00,00,FE,
771000,00000588,false,Rx,0,8,0B,00,72,00,00,80,00,00,
0,00000380,false,Rx,0,8,B0,80,00,76,20,00,00,FE,
0,00000380,false,Rx,0,8,B0,80,00,76,20,00,00,FE,
0,00000588,false,Rx,0,8,0B,00,72,00,00,80,00,00,
0,00000380,false,Rx,0,8,B0,80,00,76,20,00,00,FE,
0,00000380,false,Rx,0,8,B0,80,00,76,20,00,00,FE,
0,00000588,false,Rx,0,8,0B,00,72,00,00,80,00,00,
0,00000380,false,Rx,0,8,B0,80,00,76,20,00,00,FE,
0,00000380,false,Rx,0,8,B0,80,00,76,20,00,00,FE,
0,00000588,false,Rx,0,8,0B,00,72,00,00,80,00,00,
0,00000380,false,Rx,0,8,B0,80,00,76,20,00,00,FE,
0,00000380,false,Rx,0,8,B0,80,00,76,20,00,00,FE,
0,00000588,false,Rx,0,8,0B,00,72,00,00,80,00,00,
0,00000380,false,Rx,0,8,B0,80,00,76,20,00,00,FE,
0,00000380,false,Rx,0,8,B0,80,00,76,20,00,00,FE,
0,00000588,false,Rx,0,8,0B,00,72,00,00,80,00,00,
0,00000380,false,Rx,0,8,B0,80,00,76,20,00,00,FE,
0,00000380,false,Rx,0,8,B0,80,00,76,20,00,00,FE,
0,00000588,false,Rx,0,8,0B,00,72,00,00,80,00,00,
0,00000380,false,Rx,0,8,B0,80,00,76,20,00,00,FE,
0,00000380,false,Rx,0,8,B0,80,00,76,20,00,00,FE,
915000,00000588,false,Rx,0,8,0B,00,72,00,00,80,00,00,
0,00000380,false,Rx,0,8,B0,80,00,76,20,00,00,FE,
0,00000380,false,Rx,0,8,B0,80,00,76,20,00,00,FE,
0,00000588,false,Rx,0,8,0B,00,72,00,00,80,00,00,
0,00000380,false,Rx,0,8,B0,80,00,76,20,00,00,FE,
0,00000380,false,Rx,0,8,B0,80,00,76,20,00,00,FE,
952000,00000588,false,Rx,0,8,0B,00,72,00,00,80,00,00,
0,00000380,false,Rx,0,8,B0,80,00,76,20,00,00,FE,
0,00000380,false,Rx,0,8,B0,80,00,76,20,00,00,FE,
0,00000588,false,Rx,0,8,0B,00,72,00,00,80,00,00,
0,00000380,false,Rx,0,8,B0,80,00,76,20,00,00,FE,
0,00000380,false,Rx,0,8,B0,80,00,76,20,00,00,FE,
0,00000588,false,Rx,0,8,0B,00,72,00,00,80,00,00,
0,00000380,false,Rx,0,8,B0,80,00,76,20,00,00,FE,
0,00000380,false,Rx,0,8,B0,80,00,76,20,00,00,FE,
0,00000588,false,Rx,0,8,0B,00,72,00,00,80,00,00,
0,00000380,false,Rx,0,8,B0,80,00,76,20,00,00,FE,
0,00000380,false,Rx,0,8,B0,80,00,76,20,00,00,FE,
0,00000588,false,Rx,0,8,0B,00,72,00,00,80,00,00,
0,00000380,false,Rx,0,8,B0,80,00,76,20,00,00,FE,
0,00000380,false,Rx,0,8,B0,80,00,76,20,00,00,FE,
0,00000588,false,Rx,0,8,0B,00,72,00,00,80,00,00,
0,00000380,false,Rx,0,8,B0,80,00,76,20,00,00,FE,
0,00000380,false,Rx,0,8,B0,80,00,76,20,00,00,FE,
0,00000588,false,Rx,0,8,0B,00,72,00,00,80,00,00,
0,00000380,false,Rx,0,8,B0,80,00,76,20,00,00,FE,
0,00000380,false,Rx,0,8,B0,80,00,76,20,00,00,FE,
95000,00000588,false,Rx,0,8,0B,00,72,00,00,80,00,00,
0,00000380,false,Rx,0,8,B0,80,00,76,20,00,00,FE,
0,00000380,false,Rx,0,8,B0,80,00,76,20,00,00,FE,
0,00000588,false,Rx,0,8,0B,00,72,00,00,80,00,00,
0,00000380,false,Rx,0,8,B0,80,00,76,20,00,00,FE,
0,00000380,false,Rx,0,8,B0,80,00,76,20,00,00,FE,
0,00000588,false,Rx,0,8,0B,00,72,00,00,80,00,00,
0,00000380,false,Rx,0,8,B0,80,00,76,20,00,00,FE,
0,00000380,false,Rx,0,8,B0,80,00,76,20,00,00,FE,
152000,00000588,false,Rx,0,8,0B,00,72,00,00,80,00,00,
0,00000380,false,Rx,0,8,B0,80,00,76,20,00,00,FE,
0,00000380,false,Rx,0,8,B0,80,00,76,20,00,00,FE,
0,00000588,false,Rx,0,8,0B,00,72,00,00,80,00,00,
0,00000380,false,Rx,0,8,B0,80,00,76,20,00,00,FE,
0,00000380,false,Rx,0,8,B0,80,00,76,20,00,00,FE,
0,00000588,false,Rx,0,8,0B,00,72,00,00,80,00,00,
0,00000380,false,Rx,0,8,B0,80,00,76,20,00,00,FE,
0,00000380,false,Rx,0,8,B0,80,00,76,20,00,00,FE,
0,00000588,false,Rx,0,8,0B,00,72,00,00,80,00,00,
0,00000380,false,Rx,0,8,B0,80,00,76,20,00,00,FE,
0,00000380,false,Rx,0,8,B0,80,00,76,20,00,00,FE,
0,00000588,false,Rx,0,8,0B,00,72,00,00,80,00,00,
0,00000380,false,Rx,0,8,B0,80,00,76,20,00,00,FE,
0,00000380,false,Rx,0,8,B0,80,00,76,20,00,00,FE,
0,00000588,false,Rx,0,8,0B,00,72,00,00,80,00,00,
0,00000380,false,Rx,0,8,B0,80,00,76,20,00,00,FE,
0,00000380,false,Rx,0,8,B0,80,00,76,20,00,00,FE,
0,00000588,false,Rx,0,8,0B,00,72,00,00,80,00,00,
0,00000380,false,Rx,0,8,B0,80,00,76,20,00,00,FE,
0,00000380,false,Rx,0,8,B0,80,00,76,20,00,00,FE,
296000,00000588,false,Rx,0,8,0B,00,72,00,00,80,00,00,
0,00000380,false,Rx,0,8,B0,80,00,76,20,00,00,FE,
0,00000380,false,Rx,0,8,B0,80,00,76,20,00,00,FE,
0,00000588,false,Rx,0,8,0B,00,72,00,00,80,00,00,
0,00000380,false,Rx,0,8,B0,80,00,76,20,00,00,FE,
0,00000380,false,Rx,0,8,B0,80,00,76,20,00,00,FE,
332000,00000588,false,Rx,0,8,0B,00,72,00,00,80,00,00,
0,00000380,false,Rx,0,8,B0,80,00,76,20,00,00,FE,
0,00000380,false,Rx,0,8,B0,80,00,76,20,00,00,FE,
0,00000588,false,Rx,0,8,0B,00,72,00,00,80,00,00,
0,00000380,false,Rx,0,8,B0,80,00,76,20,00,00,FE,
0,00000380,false,Rx,0,8,B0,80,00,76,20,00,00,FE,
0,00000588,false,Rx,0,8,0B,00,72,00,00,80,00,00,
0,00000380,false,Rx,0,8,B0,80,00,76,20,00,00,FE,
0,00000380,false,Rx,0,8,B0,80,00,76,20,00,00,FE,
0,00000588,false,Rx,0,8,0B,00,72,00,00,80,00,00,
0,00000380,false,Rx,0,8,B0,80,00,76,20,00,00,FE,
0,00000380,false,Rx,0,8,B0,80,00,76,20,00,00,FE,
0,00000588,false,Rx,0,8,0B,00,72,00,00,80,00,00,
0,00000380,false,Rx,0,8,B0,80,00,76,20,00,00,FE,
0,00000380,false,Rx,0,8,B0,80,00,76,20,00,00,FE,
0,00000588,false,Rx,0,8,0B,00,72,00,00,80,00,00,
0,00000380,false,Rx,0,8,B0,80,00,76,20,00,00,FE,
0,00000380,false,Rx,0,8,B0,80,00,76,20,00,00,FE,
0,00000588,false,Rx,0,8,0B,00,72,00,00,80,00,00,
0,00000380,false,Rx,0,8,B0,80,00,76,20,00,00,FE,
0,00000380,false,Rx,0,8,B0,80,00,76,20,00,00,FE,
476000,00000588,false,Rx,0,8,0B,00,72,00,00,80,00,00,
0,00000380,false,Rx,0,8,B0,80,00,76,20,00,00,FE,
0,00000380,false,Rx,0,8,B0,80,00,76,20,00,00,FE,
0,00000588,false,Rx,0,8,0B,00,72,00,00,80,00,00,
0,00000380,false,Rx,0,8,B0,80,00,76,20,00,00,FE,
0,00000380,false,Rx,0,8,B0,80,00,76,20,00,00,FE,
513000,00000588,false,Rx,0,8,0B,00,72,00,00,80,00,00,
0,00000380,false,Rx,0,8,B0,80,00,76,20,00,00,FE,
0,00000380,false,Rx,0,8,B0,80,00,76,20,00,00,FE,
533000,00000588,false,Rx,0,8,0B,00,72,00,00,80,00,00,
0,00000380,false,Rx,0,8,B0,80,00,76,20,00,00,FE,
0,00000380,false,Rx,0,8,B0,80,00,76,20,00,00,FE,
0,00000588,false,Rx,0,8,0B,00,72,00,00,80,00,00,
0,00000380,false,Rx,0,8,B0,80,00,76,20,00,00,FE,
0,00000380,false,Rx,0,8,B0,80,00,76,20,00,00,FE,
0,00000588,false,Rx,0,8,0B,00,72,00,00,80,00,00,
0,00000380,false,Rx,0,8,B0,80,00,76,20,00,00,FE,
0,00000380,false,Rx,0,8,B0,80,00,76,20,00,00,FE,
0,00000588,false,Rx,0,8,0B,00,72,00,00,80,00,00,
0,00000380,false,Rx,0,8,B0,80,00,76,20,00,00,FE,
0,00000380,false,Rx,0,8,B0,80,00,76,20,00,00,FE,
0,00000588,false,Rx,0,8,0B,00,72,00,00,80,00,00,
0,00000380,false,Rx,0,8,B0,80,00,76,20,00,00,FE,
0,00000380,false,Rx,0,8,B0,80,00,76,20,00,00,FE,
0,00000588,false,Rx,0,8,0B,00,72,00,00,80,00,00,
0,00000380,false,Rx,0,8,B0,80,00,76,20,00,00,FE,
0,00000380,false,Rx,0,8,B0,80,00,76,20,00,00,FE,
0,00000588,false,Rx,0,8,0B,00,72,00,00,80,00,00,
0,00000380,false,Rx,0,8,B0,80,00,76,20,00,00,FE,
0,00000380,false,Rx,0,8,B0,80,00,76,20,00,00,FE,
677000,00000588,false,Rx,0,8,0B,00,72,00,00,80,00,00,
0,00000380,false,Rx,0,8,B0,80,00,76,20,00,00,FE,
0,00000380,false,Rx,0,8,B0,80,00,76,20,00,00,FE,
0,00000588,false,Rx,0,8,0B,00,72,00,00,80,00,00,
0,00000380,false,Rx,0,8,B0,80,00,76,20,00,00,FE,
0,00000380,false,Rx,0,8,B0,80,00,76,20,00,00,FE,
713000,00000588,false,Rx,0,8,0B,00,72,00,00,80,00,00,
0,00000380,false,Rx,0,8,B0,80,00,76,20,00,00,FE,
0,00000380,false,Rx,0,8,B0,80,00,76,20,00,00,FE,
0,00000588,false,Rx,0,8,0B,00,72,00,00,80,00,00,
0,00000380,false,Rx,0,8,B0,80,00,76,20,00,00,FE,
0,00000380,false,Rx,0,8,B0,80,00,76,20,00,00,FE,
0,00000588,false,Rx,0,8,0B,00,72,00,00,80,00,00,
0,00000380,false,Rx,0,8,B0,80,00,76,20,00,00,FE,
0,00000380,false,Rx,0,8,B0,80,00,76,20,00,00,FE,
0,00000588,false,Rx,0,8,0B,00,72,00,00,80,00,00,
0,00000380,false,Rx,0,8,B0,80,00,76,20,00,00,FE,
0,00000380,false,Rx,0,8,B0,80,00,76,20,00,00,FE,
0,00000588,false,Rx,0,8,0B,00,72,00,00,80,00,00,
0,00000380,false,Rx,0,8,B0,80,00,76,20,00,00,FE,
0,00000380,false,Rx,0,8,B0,80,00,76,20,00,00,FE,
0,00000588,false,Rx,0,8,0B,00,72,00,00,80,00,00,
0,00000380,false,Rx,0,8,B0,80,00,76,20,00,00,FE,
0,00000380,false,Rx,0,8,B0,80,00,76,20,00,00,FE,
0,00000284,false,Rx,0,6,0D,0D,00,00,00,00,00,00,
0,00000380,false,Rx,0,8,B0,80,00,76,20,00,00,FE,
0,00000380,false,Rx,0,8,B0,80,00,76,20,00,00,FE,
857000,00000588,false,Rx,0,8,0B,00,72,00,00,80,00,00,
0,00000380,false,Rx,0,8,B0,80,00,76,20,00,00,FE,
0,00000380,false,Rx,0,8,B0,80,00,76,20,00,00,FE,
0,00000284,false,Rx,0,6,0F,0F,00,00,00,00,00,00,
0,00000380,false,Rx,0,8,B0,80,00,76,20,00,00,FE,
0,00000380,false,Rx,0,8,B0,80,00,76,20,00,00,FE,
0,00000284,false,Rx,0,6,00,00,00,00,00,00,00,00,
0,00000380,false,Rx,0,8,B0,80,00,76,20,00,00,FE,
0,00000380,false,Rx,0,8,B0,80,00,76,20,00,00,FE,
0,00000284,false,Rx,0,6,01,01,00,00,00,00,00,00,
0,00000380,false,Rx,0,8,B0,80,00,76,20,00,00,FE,
0,00000380,false,Rx,0,8,B0,80,00,76,20,00,00,FE,
0,00000284,false,Rx,0,6,02,02,00,00,00,00,00,00,
0,00000380,false,Rx,0,8,B0,80,00,76,20,00,00,FE,
0,00000380,false,Rx,0,8,B0,80,00,76,20,00,00,FE,
0,00000284,false,Rx,0,6,03,03,00,00,00,00,00,00,
0,00000380,false,Rx,0,8,B0,80,00,76,20,00,00,FE,
0,00000380,false,Rx,0,8,B0,80,00,76,20,00,00,FE,
0,00000284,false,Rx,0,6,04,04,00,00,00,00,00,00,
0,00000380,false,Rx,0,8,B0,80,00,76,20,00,00,FE,
0,00000380,false,Rx,0,8,B0,80,00,76,20,00,00,FE,
0,00000284,false,Rx,0,6,05,05,00,00,00,00,00,00,
0,00000380,false,Rx,0,8,B0,80,00,76,20,00,00,FE,
0,00000380,false,Rx,0,8,B0,80,00,76,20,00,00,FE,
0,00000284,false,Rx,0,6,06,06,00,00,00,00,00,00,
0,00000380,false,Rx,0,8,B0,80,00,76,20,00,00,FE,
0,00000380,false,Rx,0,8,B0,80,00,76,20,00,00,FE,
0,00000284,false,Rx,0,6,07,07,00,00,00,00,00,00,
0,00000380,false,Rx,0,8,B0,80,00,76,20,00,00,FE,
0,00000380,false,Rx,0,8,B0,80,00,76,20,00,00,FE,
0,00000284,false,Rx,0,6,08,08,00,00,00,00,00,00,
0,00000380,false,Rx,0,8,B0,80,00,76,20,00,00,FE,
0,00000380,false,Rx,0,8,B0,80,00,76,20,00,00,FE,
0,00000284,false,Rx,0,6,09,09,00,00,00,00,00,00,
0,00000380,false,Rx,0,8,B0,80,00,76,20,00,00,FE,
0,00000380,false,Rx,0,8,B0,80,00,76,20,00,00,FE,
0,00000284,false,Rx,0,6,0A,0A,00,00,00,00,00,00,
0,00000380,false,Rx,0,8,B0,80,00,76,20,00,00,FE,
0,00000380,false,Rx,0,8,B0,80,00,76,20,00,00,FE,
0,00000284,false,Rx,0,6,0B,0B,00,00,00,00,00,00,
0,00000380,false,Rx,0,8,B0,80,00,76,20,00,00,FE,
0,00000380,false,Rx,0,8,B0,80,00,76,20,00,00,FE,
0,00000284,false,Rx,0,6,0C,0C,00,00,00,00,00,00,
0,00000380,false,Rx,0,8,B0,80,00,76,20,00,00,FE,
0,00000380,false,Rx,0,8,B0,80,00,76,20,00,00,FE,
0,00000284,false,Rx,0,6,0D,0D,00,00,00,00,00,00,
0,00000380,false,Rx,0,8,B0,80,00,76,20,00,00,FE,
0,00000380,false,Rx,0,8,B0,80,00,76,20,00,00,FE,
0,00000284,false,Rx,0,6,0E,0E,00,00,00,00,00,00,
0,00000380,false,Rx,0,8,B0,80,00,76,20,00,00,FE,
0,00000380,false,Rx,0,8,B0,80,00,76,20,00,00,FE,
0,00000284,false,Rx,0,6,0F,0F,00,00,00,00,00,00,
0,00000380,false,Rx,0,8,B0,80,00,76,20,00,00,FE,
0,00000380,false,Rx,0,8,B0,80,00,76,20,00,00,FE,
0,00000284,false,Rx,0,6,00,00,00,00,00,00,00,00,
0,00000380,false,Rx,0,8,B0,80,00,76,20,00,00,FE,
0,00000380,false,Rx,0,8,B0,80,00,76,20,00,00,FE,
0,00000284,false,Rx,0,6,01,01,00,00,00,00,00,00,
0,00000380,false,Rx,0,8,B0,80,00,76,20,00,00,FE,
0,00000380,false,Rx,0,8,B0,80,00,76,20,00,00,FE,
0,00000284,false,Rx,0,6,02,02,00,00,00,00,00,00,
0,00000380,false,Rx,0,8,B0,80,00,76,20,00,00,FE,
0,00000380,false,Rx,0,8,B0,80,00,76,20,00,00,FE,
0,00000284,false,Rx,0,6,03,03,00,00,00,00,00,00,
0,00000380,false,Rx,0,8,B0,80,00,76,20,00,00,FE,
0,00000380,false,Rx,0,8,B0,80,00,76,20,00,00,FE,
0,00000284,false,Rx,0,6,04,04,00,00,00,00,00,00,
0,00000380,false,Rx,0,8,B0,80,00,76,20,00,00,FE,
0,00000380,false,Rx,0,8,B0,80,00,76,20,00,00,FE,
0,00000284,false,Rx,0,6,05,05,00,00,00,00,00,00,
0,00000380,false,Rx,0,8,B0,80,00,76,20,00,00,FE,
0,00000380,false,Rx,0,8,B0,80,00,76,20,00,00,FE,
0,00000284,false,Rx,0,6,06,06,00,00,00,00,00,00,
0,00000380,false,Rx,0,8,B0,80,00,76,20,00,00,FE,
0,00000380,false,Rx,0,8,B0,80,00,76,20,00,00,FE,
0,00000284,false,Rx,0,6,07,07,00,00,00,00,00,00,
0,00000380,false,Rx,0,8,B0,80,00,76,20,00,00,FE,
0,00000380,false,Rx,0,8,B0,80,00,76,20,00,00,FE,
0,00000284,false,Rx,0,6,08,08,00,00,00,00,00,00,
0,00000380,false,Rx,0,8,B0,80,00,76,20,00,00,FE,
0,00000380,false,Rx,0,8,B0,80,00,76,20,00,00,FE,
0,00000588,false,Rx,0,8,0B,00,72,00,00,80,00,00,
0,00000380,false,Rx,0,8,B0,80,00,76,20,00,00,FE,
0,00000380,false,Rx,0,8,B0,80,00,76,20,00,00,FE,
0,00000284,false,Rx,0,6,0A,0A,00,00,00,00,00,00,
0,00000380,false,Rx,0,8,B0,80,00,76,20,00,00,FE,
0,00000380,false,Rx,0,8,B0,80,00,76,20,00,00,FE,
0,00000284,false,Rx,0,6,0B,0B,00,00,00,00,00,00,
0,00000380,false,Rx,0,8,B0,80,00,76,20,00,00,FE,
0,00000380,false,Rx,0,8,B0,80,00,76,20,00,00,FE,
0,00000284,false,Rx,0,6,0C,0C,00,00,00,00,00,00,
0,00000380,false,Rx,0,8,B0,80,00,76,20,00,00,FE,
0,00000380,false,Rx,0,8,B0,80,00,76,20,00,00,FE,
0,00000284,false,Rx,0,6,0D,0D,00,00,00,00,00,00,
0,00000380,false,Rx,0,8,B0,80,00,76,20,00,00,FE,
0,00000380,false,Rx,0,8,B0,80,00,76,20,00,00,FE,
0,00000284,false,Rx,0,6,0E,0E,00,00,00,00,00,00,
0,00000380,false,Rx,0,8,B0,80,00,76,20,00,00,FE,
0,00000380,false,Rx,0,8,B0,80,00,76,20,00,00,FE,
0,00000284,false,Rx,0,6,0F,0F,00,00,00,00,00,00,
0,00000380,false,Rx,0,8,B0,80,00,76,20,00,00,FE,
0,00000380,false,Rx,0,8,B0,80,00,76,20,00,00,FE,
0,00000284,false,Rx,0,6,00,00,00,00,00,00,00,00,
0,00000380,false,Rx,0,8,B0,80,00,76,20,00,00,FE,
0,00000380,false,Rx,0,8,B0,80,00,76,20,00,00,FE,
0,00000588,false,Rx,0,8,0B,00,72,00,00,80,00,00,
0,00000380,false,Rx,0,8,B0,80,00,76,20,00,00,FE,
0,00000380,false,Rx,0,8,B0,80,00,76,20,00,00,FE,
0,00000284,false,Rx,0,6,02,02,00,00,00,00,00,00,
0,00000380,false,Rx,0,8,B0,80,00,76,20,00,00,FE,
0,00000380,false,Rx,0,8,B0,80,00,76,20,00,00,FE,
0,00000284,false,Rx,0,6,03,03,00,00,00,00,00,00,
0,00000380,false,Rx,0,8,B0,80,00,76,20,00,00,FE,
0,00000380,false,Rx,0,8,B0,80,00,76,20,00,00,FE,
0,00000284,false,Rx,0,6,04,04,00,00,00,00,00,00,
0,00000380,false,Rx,0,8,B0,80,00,76,20,00,00,FE,
0,00000380,false,Rx,0,8,B0,80,00,76,20,00,00,FE,
0,00000588,false,Rx,0,8,0B,00,72,00,00,80,00,00,
0,00000380,false,Rx,0,8,B0,80,00,76,20,00,00,FE,
0,00000380,false,Rx,0,8,B0,80,00,76,20,00,00,FE,
0,00000284,false,Rx,0,6,06,06,00,00,00,00,00,00,
0,00000380,false,Rx,0,8,B0,80,00,76,20,00,00,FE,
0,00000380,false,Rx,0,8,B0,80,00,76,20,00,00,FE,
0,00000284,false,Rx,0,6,07,07,00,00,00,00,00,00,
0,00000380,false,Rx,0,8,B0,80,00,76,20,00,00,FE,
0,00000380,false,Rx,0,8,B0,80,00,76,20,00,00,FE,
0,00000284,false,Rx,0,6,08,08,00,00,00,00,00,00,
0,00000380,false,Rx,0,8,B0,80,00,76,20,00,00,FE,
0,00000380,false,Rx,0,8,B0,80,00,76,20,00,00,FE,
0,00000284,false,Rx,0,6,09,09,00,00,00,00,00,00,
0,00000380,false,Rx,0,8,B0,80,00,76,20,00,00,FE,
0,00000380,false,Rx,0,8,B0,80,00,76,20,00,00,FE,
0,00000284,false,Rx,0,6,0A,0A,00,00,00,00,00,00,
0,00000380,false,Rx,0,8,B0,80,00,76,20,00,00,FE,
0,00000380,false,Rx,0,8,B0,80,00,76,20,00,00,FE,
0,00000284,false,Rx,0,6,0B,0B,00,00,00,00,00,00,
0,00000380,false,Rx,0,8,B0,80,00,76,20,00,00,FE,
0,00000380,false,Rx,0,8,B0,80,00,76,20,00,00,FE,
0,00000284,false,Rx,0,6,0C,0C,00,00,00,00,00,00,
0,00000380,false,Rx,0,8,B0,80,00,76,20,00,00,FE,
0,00000380,false,Rx,0,8,B0,80,00,76,20,00,00,FE,
0,00000588,false,Rx,0,8,0B,00,72,00,00,80,00,00,
0,00000380,false,Rx,0,8,B0,80,00,76,20,00,00,FE,
0,00000380,false,Rx,0,8,B0,80,00,76,20,00,00,FE,
0,00000284,false,Rx,0,6,0E,0E,00,00,00,00,00,00,
0,00000380,false,Rx,0,8,B0,80,00,76,20,00,00,FE,
0,00000380,false,Rx,0,8,B0,80,00,76,20,00,00,FE,
840000,00000588,false,Rx,0,8,0B,00,72,00,00,80,00,00,
0,00000380,false,Rx,0,8,B0,80,00,76,20,00,00,FE,
0,00000380,false,Rx,0,8,B0,80,00,76,20,00,00,FE,
0,00000284,false,Rx,0,6,00,00,00,00,00,00,00,00,
0,00000380,false,Rx,0,8,B0,80,00,76,20,00,00,FE,
0,00000380,false,Rx,0,8,B0,80,00,76,20,00,00,FE,
0,00000588,false,Rx,0,8,0B,00,72,00,00,80,00,00,
0,00000380,false,Rx,0,8,B0,80,00,76,20,00,00,FE,
0,00000380,false,Rx,0,8,B0,80,00,76,20,00,00,FE,
0,00000284,false,Rx,0,6,02,02,00,00,00,00,00,00,
0,00000380,false,Rx,0,8,B0,80,00,76,20,00,00,FE,
0,00000380,false,Rx,0,8,B0,80,00,76,20,00,00,FE,
0,00000588,false,Rx,0,8,0B,00,72,00,00,80,00,00,
0,00000380,false,Rx,0,8,B0,80,00,76,20,00,00,FE,
0,00000380,false,Rx,0,8,B0,80,00,76,20,00,00,FE,
0,00000284,false,Rx,0,6,04,04,00,00,00,00,00,00,
0,00000380,false,Rx,0,8,B0,80,00,76,20,00,00,FE,
0,00000380,false,Rx,0,8,B0,80,00,76,20,00,00,FE,
0,00000588,false,Rx,0,8,0B,00,72,00,00,80,00,00,
0,00000380,false,Rx,0,8,B0,80,00,76,20,00,00,FE,
0,00000380,false,Rx,0,8,B0,80,00,76,20,00,00,FE,
0,00000284,false,Rx,0,6,06,06,00,00,00,00,00,00,
0,00000380,false,Rx,0,8,B0,80,00,76,20,00,00,FE,
0,00000380,false,Rx,0,8,B0,80,00,76,20,00,00,FE,
0,00000588,false,Rx,0,8,0B,00,72,00,00,80,00,00,
0,00000380,false,Rx,0,8,B0,80,00,76,20,00,00,FE,
0,00000380,false,Rx,0,8,B0,80,00,76,20,00,00,FE,
0,00000588,false,Rx,0,8,0B,00,72,00,00,80,00,00,
0,00000380,false,Rx,0,8,B0,80,00,76,20,00,00,FE,
0,00000380,false,Rx,0,8,B0,80,00,76,20,00,00,FE,
41000,00000588,false,Rx,0,8,0B,00,72,00,00,80,00,00,
0,00000380,false,Rx,0,8,B0,80,00,76,20,00,00,FE,
0,00000380,false,Rx,0,8,B0,80,00,76,20,00,00,FE,
0,00000588,false,Rx,0,8,0B,00,72,00,00,80,00,00,
0,00000380,false,Rx,0,8,B0,80,00,76,20,00,00,FE,
0,00000380,false,Rx,0,8,B0,80,00,76,20,00,00,FE,
78000,00000588,false,Rx,0,8,0B,00,72,00,00,80,00,00,
0,00000380,false,Rx,0,8,B0,80,00,76,20,00,00,FE,
0,00000380,false,Rx,0,8,B0,80,00,76,20,00,00,FE,
0,00000588,false,Rx,0,8,0B,00,72,00,00,80,00,00,
0,00000380,false,Rx,0,8,B0,80,00,76,20,00,00,FE,
0,00000380,false,Rx,0,8,B0,80,00,76,20,00,00,FE,
0,00000588,false,Rx,0,8,0B,00,72,00,00,80,00,00,
0,00000380,false,Rx,0,8,B0,80,00,76,20,00,00,FE,
0,00000380,false,Rx,0,8,B0,80,00,76,20,00,00,FE,
0,00000588,false,Rx,0,8,0B,00,72,00,00,80,00,00,
0,00000380,false,Rx,0,8,B0,80,00,76,20,00,00,FE,
0,00000380,false,Rx,0,8,B0,80,00,76,20,00,00,FE,
0,00000588,false,Rx,0,8,0B,00,72,00,00,80,00,00,
0,00000380,false,Rx,0,8,B0,80,00,76,20,00,00,FE,
0,00000380,false,Rx,0,8,B0,80,00,76,20,00,00,FE,
0,00000588,false,Rx,0,8,0B,00,72,00,00,80,00,00,
0,00000380,false,Rx,0,8,B0,80,00,76,20,00,00,FE,
0,00000380,false,Rx,0,8,B0,80,00,76,20,00,00,FE,
0,00000588,false,Rx,0,8,0B,00,72,00,00,80,00,00,
0,00000380,false,Rx,0,8,B0,80,00,76,20,00,00,FE,
0,00000380,false,Rx,0,8,B0,80,00,76,20,00,00,FE,
221000,00000588,false,Rx,0,8,0B,00,72,00,00,80,00,00,
0,00000380,false,Rx,0,8,B0,80,00,76,20,00,00,FE,
0,00000380,false,Rx,0,8,B0,80,00,76,20,00,00,FE,
0,00000588,false,Rx,0,8,0B,00,72,00,00,80,00,00,
0,00000380,false,Rx,0,8,B0,80,00,76,20,00,00,FE,
0,00000380,false,Rx,0,8,B0,80,00,76,20,00,00,FE,
258000,00000588,false,Rx,0,8,0B,00,72,00,00,80,00,00,
0,00000380,false,Rx,0,8,B0,80,00,76,20,00,00,FE,
0,00000380,false,Rx,0,8,B0,80,00,76,20,00,00,FE,
278000,00000588,false,Rx,0,8,0B,00,72,00,00,80,00,00,
0,00000380,false,Rx,0,8,B0,80,00,76,20,00,00,FE,
0,00000380,false,Rx,0,8,B0,80,00,76,20,00,00,FE,
0,00000588,false,Rx,0,8,0B,00,72,00,00,80,00,00,
0,00000380,false,Rx,0,8,B0,80,00,76,20,00,00,FE,
0,00000380,false,Rx,0,8,B0,80,00,76,20,00,00,FE,
0,00000588,false,Rx,0,8,0B,00,72,00,00,80,00,00,
0,00000380,false,Rx,0,8,B0,80,00,76,20,00,00,FE,
0,00000380,false,Rx,0,8,B0,80,00,76,20,00,00,FE,
0,00000588,false,Rx,0,8,0B,00,72,00,00,80,00,00,
0,00000380,false,Rx,0,8,B0,80,00,76,20,00,00,FE,
0,00000380,false,Rx,0,8,B0,80,00,76,20,00,00,FE,
0,00000588,false,Rx,0,8,0B,00,72,00,00,80,00,00,
0,00000380,false,Rx,0,8,B0,80,00,76,20,00,00,FE,
0,00000380,false,Rx,0,8,B0,80,00,76,20,00,00,FE,
0,00000588,false,Rx,0,8,0B,00,72,00,00,80,00,00,
0,00000380,false,Rx,0,8,B0,80,00,76,20,00,00,FE,
0,00000380,false,Rx,0,8,B0,80,00,76,20,00,00,FE,
0,00000588,false,Rx,0,8,0B,00,72,00,00,80,00,00,
0,00000380,false,Rx,0,8,B0,80,00,76,20,00,00,FE,
0,00000380,false,Rx,0,8,B0,80,00,76,20,00,00,FE,
422000,00000588,false,Rx,0,8,0B,00,72,00,00,80,00,00,
0,00000380,false,Rx,0,8,B0,80,00,76,20,00,00,FE,
0,00000380,false,Rx,0,8,B0,80,00,76,20,00,00,FE,
0,00000588,false,Rx,0,8,0B,00,72,00,00,80,00,00,
0,00000380,false,Rx,0,8,B0,80,00,76,20,00,00,FE,
0,00000380,false,Rx,0,8,B0,80,00,76,20,00,00,FE,
458000,00000588,false,Rx,0,8,0B,00,72,00,00,80,00,00,
0,00000380,false,Rx,0,8,B0,80,00,76,20,00,00,FE,
0,00000380,false,Rx,0,8,B0,80,00,76,20,00,00,FE,
0,00000588,false,Rx,0,8,0B,00,72,00,00,80,00,00,
0,00000380,false,Rx,0,8,B0,80,00,76,20,00,00,FE,
0,00000380,false,Rx,0,8,B0,80,00,76,20,00,00,FE,
0,00000588,false,Rx,0,8,0B,00,72,00,00,80,00,00,
0,00000380,false,Rx,0,8,B0,80,00,76,20,00,00,FE,
0,00000380,false,Rx,0,8,B0,80,00,76,20,00,00,FE,
0,00000588,false,Rx,0,8,0B,00,72,00,00,80,00,00,
0,00000380,false,Rx,0,8,B0,80,00,76,20,00,00,FE,
0,00000380,false,Rx,0,8,B0,80,00,76,20,00,00,FE,
0,00000588,false,Rx,0,8,0B,00,72,00,00,80,00,00,
0,00000380,false,Rx,0,8,B0,80,00,76,20,00,00,FE,
0,00000380,false,Rx,0,8,B0,80,00,76,20,00,00,FE,
0,00000588,false,Rx,0,8,0B,00,72,00,00,80,00,00,
0,00000380,false,Rx,0,8,B0,80,00,76,20,00,00,FE,
0,00000380,false,Rx,0,8,B0,80,00,76,20,00,00,FE,
0,00000588,false,Rx,0,8,0B,00,72,00,00,80,00,00,
0,00000380,false,Rx,0,8,B0,80,00,76,20,00,00,FE,
0,00000380,false,Rx,0,8,B0,80,00,76,20,00,00,FE,
602000,00000588,false,Rx,0,8,0B,00,72,00,00,80,00,00,
0,00000380,false,Rx,0,8,B0,80,00,76,20,00,00,FE,
0,00000380,false,Rx,0,8,B0,80,00,76,20,00,00,FE,
0,00000588,false,Rx,0,8,0B,00,72,00,00,80,00,00,
0,00000380,false,Rx,0,8,B0,80,00,76,20,00,00,FE,
0,00000380,false,Rx,0,8,B0,80,00,76,20,00,00,FE,
639000,00000588,false,Rx,0,8,0B,00,72,00,00,80,00,00,
0,00000380,false,Rx,0,8,B0,80,00,76,20,00,00,FE,
0,00000380,false,Rx,0,8,B0,80,00,76,20,00,00,FE,
0,00000588,false,Rx,0,8,0B,00,72,00,00,80,00,00,
0,00000380,false,Rx,0,8,B0,80,00,76,20,00,00,FE,
0,00000380,false,Rx,0,8,B0,80,00,76,20,00,00,FE,
0,00000588,false,Rx,0,8,0B,00,72,00,00,80,00,00,
0,00000380,false,Rx,0,8,B0,80,00,76,20,00,00,FE,
0,00000380,false,Rx,0,8,B0,80,00,76,20,00,00,FE,
0,00000588,false,Rx,0,8,0B,00,72,00,00,80,00,00,
0,00000380,false,Rx,0,8,B0,80,00,76,20,00,00,FE,
0,00000380,false,Rx,0,8,B0,80,00,76,20,00,00,FE,
0,00000588,false,Rx,0,8,0B,00,72,00,00,80,00,00,
0,00000380,false,Rx,0,8,B0,80,00,76,20,00,00,FE,
0,00000380,false,Rx,0,8,B0,80,00,76,20,00,00,FE,
0,00000588,false,Rx,0,8,0B,00,72,00,00,80,00,00,
0,00000380,false,Rx,0,8,B0,80,00,76,20,00,00,FE,
0,00000380,false,Rx,0,8,B0,80,00,76,20,00,00,FE,
0,00000588,false,Rx,0,8,0B,00,72,00,00,80,00,00,
0,00000380,false,Rx,0,8,B0,80,00,76,20,00,00,FE,
0,00000380,false,Rx,0,8,B0,80,00,76,20,00,00,FE,
0,00000588,false,Rx,0,8,0B,00,72,00,00,80,00,00,
0,00000380,false,Rx,0,8,B0,80,00,76,20,00,00,FE,
0,00000380,false,Rx,0,8,B0,80,00,76,20,00,00,FE,
0,00000588,false,Rx,0,8,0B,00,72,00,00,80,00,00,
0,00000380,false,Rx,0,8,B0,80,00,76,20,00,00,FE,
0,00000380,false,Rx,0,8,B0,80,00,76,20,00,00,FE,
0,00000588,false,Rx,0,8,0B,00,72,00,00,80,00,00,
0,00000380,false,Rx,0,8,B0,80,00,76,20,00,00,FE,
0,00000380,false,Rx,0,8,B0,80,00,76,20,00,00,FE,
839000,00000588,false,Rx,0,8,0B,00,72,00,00,80,00,00,
0,00000380,false,Rx,0,8,B0,80,00,76,20,00,00,FE,
0,00000380,false,Rx,0,8,B0,80,00,76,20,00,00,FE,
0,00000588,false,Rx,0,8,0B,00,72,00,00,80,00,00,
0,00000380,false,Rx,0,8,B0,80,00,76,20,00,00,FE,
0,00000380,false,Rx,0,8,B0,80,00,76,20,00,00,FE,
0,00000588,false,Rx,0,8,0B,00,72,00,00,80,00,00,
0,00000380,false,Rx,0,8,B0,80,00,76,20,00,00,FE,
0,00000380,false,Rx,0,8,B0,80,00,76,20,00,00,FE,
0,00000588,false,Rx,0,8,0B,00,72,00,00,80,00,00,
0,00000380,false,Rx,0,8,B0,80,00,76,20,00,00,FE,
0,00000380,false,Rx,0,8,B0,80,00,76,20,00,00,FE,
0,00000588,false,Rx,0,8,0B,00,72,00,00,80,00,00,
0,00000380,false,Rx,0,8,B0,80,00,76,20,00,00,FE,
0,00000380,false,Rx,0,8,B0,80,00,76,20,00,00,FE,
0,00000588,false,Rx,0,8,0B,00,72,00,00,80,00,00,
0,00000380,false,Rx,0,8,B0,80,00,76,20,00,00,FE,
0,00000380,false,Rx,0,8,B0,80,00,76,20,00,00,FE,
0,00000588,false,Rx,0,8,0B,00,72,00,00,80,00,00,
0,00000380,false,Rx,0,8,B0,80,00,76,20,00,00,FE,
0,00000380,false,Rx,0,8,B0,80,00,76,20,00,00,FE,
983000,00000588,false,Rx,0,8,0B,00,72,00,00,80,00,00,
0,00000380,false,Rx,0,8,B0,80,00,76,20,00,00,FE,
0,00000380,false,Rx,0,8,B0,80,00,76,20,00,00,FE,
0,00000588,false,Rx,0,8,0B,00,72,00,00,80,00,00,
0,00000380,false,Rx,0,8,B0,80,00,76,20,00,00,FE,
0,00000380,false,Rx,0,8,B0,80,00,76,20,00,00,FE,
20000,00000588,false,Rx,0,8,0B,00,72,00,00,80,00,00,
0,00000380,false,Rx,0,8,B0,80,00,76,20,00,00,FE,
0,00000380,false,Rx,0,8,B0,80,00,76,20,00,00,FE,
0,00000588,false,Rx,0,8,0B,00,72,00,00,80,00,00,
0,00000380,false,Rx,0,8,B0,80,00,76,20,00,00,FE,
0,00000380,false,Rx,0,8,B0,80,00,76,20,00,00,FE,
0,00000588,false,Rx,0,8,0B,00,72,00,00,80,00,00,
0,00000380,false,Rx,0,8,B0,80,00,76,20,00,00,FE,
0,00000380,false,Rx,0,8,B0,80,00,76,20,00,00,FE,
0,00000588,false,Rx,0,8,0B,00,72,00,00,80,00,00,
0,00000380,false,Rx,0,8,B0,80,00,76,20,00,00,FE,
0,00000380,false,Rx,0,8,B0,80,00,76,20,00,00,FE,
0,00000588,false,Rx,0,8,0B,00,72,00,00,80,00,00,
0,00000380,false,Rx,0,8,B0,80,00,76,20,00,00,FE,
0,00000380,false,Rx,0,8,B0,80,00,76,20,00,00,FE,
0,00000588,false,Rx,0,8,0B,00,72,00,00,80,00,00,
0,00000380,false,Rx,0,8,B0,80,00,76,20,00,00,FE,
0,00000380,false,Rx,0,8,B0,80,00,76,20,00,00,FE,
0,00000588,false,Rx,0,8,0B,00,72,00,00,80,00,00,
0,00000380,false,Rx,0,8,B0,80,00,76,20,00,00,FE,
0,00000380,false,Rx,0,8,B0,80,00,76,20,00,00,FE,
163000,00000588,false,Rx,0,8,0B,00,72,00,00,80,00,00,
0,00000380,false,Rx,0,8,B0,80,00,76,20,00,00,FE,
0,00000380,false,Rx,0,8,B0,80,00,76,20,00,00,FE,
0,00000588,false,Rx,0,8,0B,00,72,00,00,80,00,00,
0,00000380,false,Rx,0,8,B0,80,00,76,20,00,00,FE,
0,00000380,false,Rx,0,8,B0,80,00,76,20,00,00,FE,
0,00000588,false,Rx,0,8,0B,00,72,00,00,80,00,00,
0,00000380,false,Rx,0,8,B0,80,00,76,20,00,00,FE,
0,00000380,false,Rx,0,8,B0,80,00,76,20,00,00,FE,
220000,00000588,false,Rx,0,8,0B,00,72,00,00,80,00,00,
0,00000380,false,Rx,0,8,B0,80,00,76,20,00,00,FE,
0,00000380,false,Rx,0,8,B0,80,00,76,20,00,00,FE,
0,00000588,false,Rx,0,8,0B,00,72,00,00,80,00,00,
0,00000380,false,Rx,0,8,B0,80,00,76,20,00,00,FE,
0,00000380,false,Rx,0,8,B0,80,00,76,20,00,00,FE,
0,00000588,false,Rx,0,8,0B,00,72,00,00,80,00,00,
0,00000380,false,Rx,0,8,B0,80,00,76,20,00,00,FE,
0,00000380,false,Rx,0,8,B0,80,00,76,20,00,00,FE,
0,00000588,false,Rx,0,8,0B,00,72,00,00,80,00,00,
0,00000380,false,Rx,0,8,B0,80,00,76,20,00,00,FE,
0,00000380,false,Rx,0,8,B0,80,00,76,20,00,00,FE,
0,00000588,false,Rx,0,8,0B,00,72,00,00,80,00,00,
0,00000380,false,Rx,0,8,B0,80,00,76,20,00,00,FE,
0,00000380,false,Rx,0,8,B0,80,00,76,20,00,00,FE,
0,00000588,false,Rx,0,8,0B,00,72,00,00,80,00,00,
0,00000380,false,Rx,0,8,B0,80,00,76,20,00,00,FE,
0,00000380,false,Rx,0,8,B0,80,00,76,20,00,00,FE,
0,00000588,false,Rx,0,8,0B,00,72,00,00,80,00,00,
0,00000380,false,Rx,0,8,B0,80,00,76,20,00,00,FE,
0,00000380,false,Rx,0,8,B0,80,00,76,20,00,00,FE,
364000,00000588,false,Rx,0,8,0B,00,72,00,00,80,00,00,
0,00000380,false,Rx,0,8,B0,80,00,76,20,00,00,FE,
0,00000380,false,Rx,0,8,B0,80,00,76,20,00,00,FE,
0,00000588,false,Rx,0,8,0B,00,72,00,00,80,00,00,
0,00000380,false,Rx,0,8,B0,80,00,76,20,00,00,FE,
0,00000380,false,Rx,0,8,B0,80,00,76,20,00,00,FE,
400000,00000588,false,Rx,0,8,0B,00,72,00,00,80,00,00,
0,00000380,false,Rx,0,8,B0,80,00,76,20,00,00,FE,
0,00000380,false,Rx,0,8,B0,80,00,76,20,00,00,FE,
0,00000588,false,Rx,0,8,0B,00,72,00,00,80,00,00,
0,00000380,false,Rx,0,8,B0,80,00,76,20,00,00,FE,
0,00000380,false,Rx,0,8,B0,80,00,76,20,00,00,FE,
0,00000588,false,Rx,0,8,0B,00,72,00,00,80,00,00,
0,00000380,false,Rx,0,8,B0,80,00,76,20,00,00,FE,
0,00000380,false,Rx,0,8,B0,80,00,76,20,00,00,FE,
0,00000588,false,Rx,0,8,0B,00,72,00,00,80,00,00,
0,00000380,false,Rx,0,8,B0,80,00,76,20,00,00,FE,
0,00000380,false,Rx,0,8,B0,80,00,76,20,00,00,FE,
0,00000588,false,Rx,0,8,0B,00,72,00,00,80,00,00,
0,00000380,false,Rx,0,8,B0,80,00,76,20,00,00,FE,
0,00000380,false,Rx,0,8,B0,80,00,76,20,00,00,FE,
0,00000588,false,Rx,0,8,0B,00,72,00,00,80,00,00,
0,00000380,false,Rx,0,8,B0,80,00,76,20,00,00,FE,
0,00000380,false,Rx,0,8,B0,80,00,76,20,00,00,FE,
0,00000588,false,Rx,0,8,0B,00,72,00,00,80,00,00,
0,00000380,false,Rx,0,8,B0,80,00,76,20,00,00,FE,
0,00000380,false,Rx,0,8,B0,80,00,76,20,00,00,FE,
544000,00000588,false,Rx,0,8,0B,00,72,00,00,80,00,00,
0,00000380,false,Rx,0,8,B0,80,00,76,20,00,00,FE,
0,00000380,false,Rx,0,8,B0,80,00,76,20,00,00,FE,
0,00000588,false,Rx,0,8,0B,00,72,00,00,80,00,00,
0,00000380,false,Rx,0,8,B0,80,00,76,20,00,00,FE,
0,00000380,false,Rx,0,8,B0,80,00,76,20,00,00,FE,
581000,00000588,false,Rx,0,8,0B,00,72,00,00,80,00,00,
0,00000380,false,Rx,0,8,B0,80,00,76,20,00,00,FE,
0,00000380,false,Rx,0,8,B0,80,00,76,20,00,00,FE,
0,00000588,false,Rx,0,8,0B,00,72,00,00,80,00,00,
0,00000380,false,Rx,0,8,B0,80,00,76,20,00,00,FE,
0,00000380,false,Rx,0,8,B0,80,00,76,20,00,00,FE,
0,00000588,false,Rx,0,8,0B,00,72,00,00,80,00,00,
0,00000380,false,Rx,0,8,B0,80,00,76,20,00,00,FE,
0,00000380,false,Rx,0,8,B0,80,00,76,20,00,00,FE,
0,00000588,false,Rx,0,8,0B,00,72,00,00,80,00,00,
0,00000380,false,Rx,0,8,B0,80,00,76,20,00,00,FE,
0,00000380,false,Rx,0,8,B0,80,00,76,20,00,00,FE,
0,00000588,false,Rx,0,8,0B,00,72,00,00,80,00,00,
0,00000380,false,Rx,0,8,B0,80,00,76,20,00,00,FE,
0,00000380,false,Rx,0,8,B0,80,00,76,20,00,00,FE,
0,00000588,false,Rx,0,8,0B,00,72,00,00,80,00,00,
0,00000380,false,Rx,0,8,B0,80,00,76,20,00,00,FE,
0,00000380,false,Rx,0,8,B0,80,00,76,20,00,00,FE,
0,00000588,false,Rx,0,8,0B,00,72,00,00,80,00,00,
0,00000380,false,Rx,0,8,B0,80,00,76,20,00,00,FE,
0,00000380,false,Rx,0,8,B0,80,00,76,20,00,00,FE,
0,00000588,false,Rx,0,8,0B,00,72,00,00,80,00,00,
0,00000380,false,Rx,0,8,B0,80,00,76,20,00,00,FE,
0,00000380,false,Rx,0,8,B0,80,00,76,20,00,00,FE,
745000,00000588,false,Rx,0,8,0B,00,72,00,00,80,00,00,
0,00000380,false,Rx,0,8,B0,80,00,76,20,00,00,FE,
0,00000380,false,Rx,0,8,B0,80,00,76,20,00,00,FE,
0,00000588,false,Rx,0,8,0B,00,72,00,00,80,00,00,
0,00000380,false,Rx,0,8,B0,80,00,76,20,00,00,FE,
0,00000380,false,Rx,0,8,B0,80,00,76,20,00,00,FE,
781000,00000588,false,Rx,0,8,0B,00,72,00,00,80,00,00,
0,00000380,false,Rx,0,8,B0,80,00,76,20,00,00,FE,
0,00000380,false,Rx,0,8,B0,80,00,76,20,00,00,FE,
0,00000588,false,Rx,0,8,0B,00,72,00,00,80,00,00,
0,00000380,false,Rx,0,8,B0,80,00,76,20,00,00,FE,
0,00000380,false,Rx,0,8,B0,80,00,76,20,00,00,FE,
0,00000588,false,Rx,0,8,0B,00,72,00,00,80,00,00,
0,00000380,false,Rx,0,8,B0,80,00,76,20,00,00,FE,
0,00000380,false,Rx,0,8,B0,80,00,76,20,00,00,FE,
0,00000588,false,Rx,0,8,0B,00,72,00,00,80,00,00,
0,00000380,false,Rx,0,8,B0,80,00,76,20,00,00,FE,
0,00000380,false,Rx,0,8,B0,80,00,76,20,00,00,FE,
0,00000588,false,Rx,0,8,0B,00,72,00,00,80,00,00,
0,00000380,false,Rx,0,8,B0,80,00,76,20,00,00,FE,
0,00000380,false,Rx,0,8,B0,80,00,76,20,00,00,FE,
0,00000588,false,Rx,0,8,0B,00,72,00,00,80,00,00,
0,00000380,false,Rx,0,8,B0,80,00,76,20,00,00,FE,
0,00000380,false,Rx,0,8,B0,80,00,76,20,00,00,FE,
0,00000588,false,Rx,0,8,0B,00,72,00,00,80,00,00,
0,00000380,false,Rx,0,8,B0,80,00,76,20,00,00,FE,
0,00000380,false,Rx,0,8,B0,80,00,76,20,00,00,FE,
925000,00000588,false,Rx,0,8,0B,00,72,00,00,80,00,00,
0,00000380,false,Rx,0,8,B0,80,00,76,20,00,00,FE,
0,00000380,false,Rx,0,8,B0,80,00,76,20,00,00,FE,
0,00000588,false,Rx,0,8,0B,00,72,00,00,80,00,00,
0,00000380,false,Rx,0,8,B0,80,00,76,20,00,00,FE,
0,00000380,false,Rx,0,8,B0,80,00,76,20,00,00,FE,
962000,00000588,false,Rx,0,8,0B,00,72,00,00,80,00,00,
0,00000380,false,Rx,0,8,B0,80,00,76,20,00,00,FE,
0,00000380,false,Rx,0,8,B0,80,00,76,20,00,00,FE,
0,00000588,false,Rx,0,8,0B,00,72,00,00,80,00,00,
0,00000380,false,Rx,0,8,B0,80,00,76,20,00,00,FE,
0,00000380,false,Rx,0,8,B0,80,00,76,20,00,00,FE,
0,00000588,false,Rx,0,8,0B,00,72,00,00,80,00,00,
0,00000380,false,Rx,0,8,B0,80,00,76,20,00,00,FE,
0,00000380,false,Rx,0,8,B0,80,00,76,20,00,00,FE,
0,00000588,false,Rx,0,8,0B,00,72,00,00,80,00,00,
0,00000380,false,Rx,0,8,B0,80,00,76,20,00,00,FE,
0,00000380,false,Rx,0,8,B0,80,00,76,20,00,00,FE,
0,00000588,false,Rx,0,8,0B,00,72,00,00,80,00,00,
0,00000380,false,Rx,0,8,B0,80,00,76,20,00,00,FE,
0,00000380,false,Rx,0,8,B0,80,00,76,20,00,00,FE,
0,00000588,false,Rx,0,8,0B,00,72,00,00,80,00,00,
0,00000380,false,Rx,0,8,B0,80,00,76,20,00,00,FE,
0,00000380,false,Rx,0,8,B0,80,00,76,20,00,00,FE,
0,00000588,false,Rx,0,8,0B,00,72,00,00,80,00,00,
0,00000380,false,Rx,0,8,B0,80,00,76,20,00,00,FE,
0,00000380,false,Rx,0,8,B0,80,00,76,20,00,00,FE,
105000,00000588,false,Rx,0,8,0B,00,72,00,00,80,00,00,
0,00000380,false,Rx,0,8,B0,80,00,76,20,00,00,FE,
0,00000380,false,Rx,0,8,B0,80,00,76,20,00,00,FE,
0,00000588,false,Rx,0,8,0B,00,72,00,00,80,00,00,
0,00000380,false,Rx,0,8,B0,80,00,76,20,00,00,FE,
0,00000380,false,Rx,0,8,B0,80,00,76,20,00,00,FE,
0,00000588,false,Rx,0,8,0B,00,72,00,00,80,00,00,
0,00000380,false,Rx,0,8,B0,80,00,76,20,00,00,FE,
0,00000380,false,Rx,0,8,B0,80,00,76,20,00,00,FE,
162000,00000588,false,Rx,0,8,0B,00,72,00,00,80,00,00,
0,00000380,false,Rx,0,8,B0,80,00,76,20,00,00,FE,
0,00000380,false,Rx,0,8,B0,80,00,76,20,00,00,FE,
0,00000588,false,Rx,0,8,0B,00,72,00,00,80,00,00,
0,00000380,false,Rx,0,8,B0,80,00,76,20,00,00,FE,
0,00000380,false,Rx,0,8,B0,80,00,76,20,00,00,FE,
0,00000588,false,Rx,0,8,0B,00,72,00,00,80,00,00,
0,00000380,false,Rx,0,8,B0,80,00,76,20,00,00,FE,
0,00000380,false,Rx,0,8,B0,80,00,76,20,00,00,FE,
0,00000588,false,Rx,0,8,0B,00,72,00,00,80,00,00,
0,00000380,false,Rx,0,8,B0,80,00,76,20,00,00,FE,
0,00000380,false,Rx,0,8,B0,80,00,76,20,00,00,FE,
0,00000588,false,Rx,0,8,0B,00,72,00,00,80,00,00,
0,00000380,false,Rx,0,8,B0,80,00,76,20,00,00,FE,
0,00000380,false,Rx,0,8,B0,80,00,76,20,00,00,FE,
0,00000588,false,Rx,0,8,0B,00,72,00,00,80,00,00,
0,00000380,false,Rx,0,8,B0,80,00,76,20,00,00,FE,
0,00000380,false,Rx,0,8,B0,80,00,76,20,00,00,FE,
0,00000588,false,Rx,0,8,0B,00,72,00,00,80,00,00,
0,00000380,false,Rx,0,8,B0,80,00,76,20,00,00,FE,
0,00000380,false,Rx,0,8,B0,80,00,76,20,00,00,FE,
306000,00000588,false,Rx,0,8,0B,00,72,00,00,80,00,00,
0,00000380,false,Rx,0,8,B0,80,00,76,20,00,00,FE,
0,00000380,false,Rx,0,8,B0,80,00,76,20,00,00,FE,
0,00000588,false,Rx,0,8,0B,00,72,00,00,80,00,00,
0,00000380,false,Rx,0,8,B0,80,00,76,20,00,00,FE,
0,00000380,false,Rx,0,8,B0,80,00,76,20,00,00,FE,
343000,00000588,false,Rx,0,8,0B,00,72,00,00,80,00,00,
0,00000380,false,Rx,0,8,B0,80,00,76,20,00,00,FE,
0,00000380,false,Rx,0,8,B0,80,00,76,20,00,00,FE,
0,00000588,false,Rx,0,8,0B,00,72,00,00,80,00,00,
0,00000380,false,Rx,0,8,B0,80,00,76,20,00,00,FE,
0,00000380,false,Rx,0,8,B0,80,00,76,20,00,00,FE,
0,00000588,false,Rx,0,8,0B,00,72,00,00,80,00,00,
0,00000380,false,Rx,0,8,B0,80,00,76,20,00,00,FE,
0,00000380,false,Rx,0,8,B0,80,00,76,20,00,00,FE,
0,00000588,false,Rx,0,8,0B,00,72,00,00,80,00,00,
0,00000380,false,Rx,0,8,B0,80,00,76,20,00,00,FE,
0,00000380,false,Rx,0,8,B0,80,00,76,20,00,00,FE,
0,00000588,false,Rx,0,8,0B,00,72,00,00,80,00,00,
0,00000380,false,Rx,0,8,B0,80,00,76,20,00,00,FE,
0,00000380,false,Rx,0,8,B0,80,00,76,20,00,00,FE,
0,00000588,false,Rx,0,8,0B,00,72,00,00,80,00,00,
0,00000380,false,Rx,0,8,B0,80,00,76,20,00,00,FE,
0,00000380,false,Rx,0,8,B0,80,00,76,20,00,00,FE,
0,00000588,false,Rx,0,8,0B,00,72,00,00,80,00,00,
0,00000380,false,Rx,0,8,B0,80,00,76,20,00,00,FE,
0,00000380,false,Rx,0,8,B0,80,00,76,20,00,00,FE,
486000,00000588,false,Rx,0,8,0B,00,72,00,00,80,00,00,
0,00000380,false,Rx,0,8,B0,80,00,76,20,00,00,FE,
0,00000380,false,Rx,0,8,B0,80,00,76,20,00,00,FE,
0,00000588,false,Rx,0,8,0B,00,72,00,00,80,00,00,
0,00000380,false,Rx,0,8,B0,80,00,76,20,00,00,FE,
0,00000380,false,Rx,0,8,B0,80,00,76,20,00,00,FE,
523000,00000588,false,Rx,0,8,0B,00,72,00,00,80,00,00,
0,00000380,false,Rx,0,8,B0,80,00,76,20,00,00,FE,
0,00000380,false,Rx,0,8,B0,80,00,76,20,00,00,FE,
543000,00000588,false,Rx,0,8,0B,00,72,00,00,80,00,00,
0,00000380,false,Rx,0,8,B0,80,00,76,20,00,00,FE,
0,00000380,false,Rx,0,8,B0,80,00,76,20,00,00,FE,
0,00000588,false,Rx,0,8,0B,00,72,00,00,80,00,00,
0,00000380,false,Rx,0,8,B0,80,00,76,20,00,00,FE,
0,00000380,false,Rx,0,8,B0,80,00,76,20,00,00,FE,
0,00000588,false,Rx,0,8,0B,00,72,00,00,80,00,00,
0,00000380,false,Rx,0,8,B0,80,00,76,20,00,00,FE,
0,00000380,false,Rx,0,8,B0,80,00,76,20,00,00,FE,
0,00000588,false,Rx,0,8,0B,00,72,00,00,80,00,00,
0,00000380,false,Rx,0,8,B0,80,00,76,20,00,00,FE,
0,00000380,false,Rx,0,8,B0,80,00,76,20,00,00,FE,
0,00000588,false,Rx,0,8,0B,00,72,00,00,80,00,00,
0,00000380,false,Rx,0,8,B0,80,00,76,20,00,00,FE,
0,00000380,false,Rx,0,8,B0,80,00,76,20,00,00,FE,
0,00000588,false,Rx,0,8,0B,00,72,00,00,80,00,00,
0,00000380,false,Rx,0,8,B0,80,00,76,20,00,00,FE,
0,00000380,false,Rx,0,8,B0,80,00,76,20,00,00,FE,
0,00000588,false,Rx,0,8,0B,00,72,00,00,80,00,00,
0,00000380,false,Rx,0,8,B0,80,00,76,20,00,00,FE,
0,00000380,false,Rx,0,8,B0,80,00,76,20,00,00,FE,
687000,00000588,false,Rx,0,8,0B,00,72,00,00,80,00,00,
0,00000380,false,Rx,0,8,B0,80,00,76,20,00,00,FE,
0,00000380,false,Rx,0,8,B0,80,00,76,20,00,00,FE,
0,00000588,false,Rx,0,8,0B,00,72,00,00,80,00,00,
0,00000380,false,Rx,0,8,B0,80,00,76,20,00,00,FE,
0,00000380,false,Rx,0,8,B0,80,00,76,20,00,00,FE,
724000,00000588,false,Rx,0,8,0B,00,72,00,00,80,00,00,
0,00000380,false,Rx,0,8,B0,80,00,76,20,00,00,FE,
0,00000380,false,Rx,0,8,B0,80,00,76,20,00,00,FE,
0,00000588,false,Rx,0,8,0B,00,72,00,00,80,00,00,
0,00000380,false,Rx,0,8,B0,80,00,76,20,00,00,FE,
0,00000380,false,Rx,0,8,B0,80,00,76,20,00,00,FE,
0,00000588,false,Rx,0,8,0B,00,72,00,00,80,00,00,
0,00000380,false,Rx,0,8,B0,80,00,76,20,00,00,FE,
0,00000380,false,Rx,0,8,B0,80,00,76,20,00,00,FE,
0,00000588,false,Rx,0,8,0B,00,72,00,00,80,00,00,
0,00000380,false,Rx,0,8,B0,80,00,76,20,00,00,FE,
0,00000380,false,Rx,0,8,B0,80,00,76,20,00,00,FE,
0,00000588,false,Rx,0,8,0B,00,72,00,00,80,00,00,
0,00000380,false,Rx,0,8,B0,80,00,76,20,00,00,FE,
0,00000380,false,Rx,0,8,B0,80,00,76,20,00,00,FE,
0,00000588,false,Rx,0,8,0B,00,72,00,00,80,00,00,
0,00000380,false,Rx,0,8,B0,80,00,76,20,00,00,FE,
0,00000380,false,Rx,0,8,B0,80,00,76,20,00,00,FE,
0,00000588,false,Rx,0,8,0B,00,72,00,00,80,00,00,
0,00000380,false,Rx,0,8,B0,80,00,76,20,00,00,FE,
0,00000380,false,Rx,0,8,B0,80,00,76,20,00,00,FE,
867000,00000588,false,Rx,0,8,0B,00,72,00,00,80,00,00,
0,00000380,false,Rx,0,8,B0,80,00,76,20,00,00,FE,
0,00000380,false,Rx,0,8,B0,80,00,76,20,00,00,FE,
0,00000588,false,Rx,0,8,0B,00,72,00,00,80,00,00,
0,00000380,false,Rx,0,8,B0,80,00,76,20,00,00,FE,
0,00000380,false,Rx,0,8,B0,80,00,76,20,00,00,FE,
904000,00000588,false,Rx,0,8,0B,00,72,00,00,80,00,00,
0,00000380,false,Rx,0,8,B0,80,00,76,20,00,00,FE,
0,00000380,false,Rx,0,8,B0,80,00,76,20,00,00,FE,
0,00000588,false,Rx,0,8,0B,00,72,00,00,80,00,00,
0,00000380,false,Rx,0,8,B0,80,00,76,20,00,00,FE,
0,00000380,false,Rx,0,8,B0,80,00,76,20,00,00,FE,
0,00000588,false,Rx,0,8,0B,00,72,00,00,80,00,00,
0,00000380,false,Rx,0,8,B0,80,00,76,20,00,00,FE,
0,00000380,false,Rx,0,8,B0,80,00,76,20,00,00,FE,
0,00000588,false,Rx,0,8,0B,00,72,00,00,80,00,00,
0,00000380,false,Rx,0,8,B0,80,00,76,20,00,00,FE,
0,00000380,false,Rx,0,8,B0,80,00,76,20,00,00,FE,
0,00000588,false,Rx,0,8,0B,00,72,00,00,80,00,00,
0,00000380,false,Rx,0,8,B0,80,00,76,20,00,00,FE,
0,00000380,false,Rx,0,8,B0,80,00,76,20,00,00,FE,
0,00000588,false,Rx,0,8,0B,00,72,00,00,80,00,00,
0,00000380,false,Rx,0,8,B0,80,00,76,20,00,00,FE,
0,00000380,false,Rx,0,8,B0,80,00,76,20,00,00,FE,
0,00000588,false,Rx,0,8,0B,00,72,00,00,80,00,00,
0,00000380,false,Rx,0,8,B0,80,00,76,20,00,00,FE,
0,00000380,false,Rx,0,8,B0,80,00,76,20,00,00,FE,
0,00000588,false,Rx,0,8,0B,00,72,00,00,80,00,00,
0,00000380,false,Rx,0,8,B0,80,00,76,20,00,00,FE,
0,00000380,false,Rx,0,8,B0,80,00,76,20,00,00,FE,
0,00000588,false,Rx,0,8,0B,00,72,00,00,80,00,00,
0,00000380,false,Rx,0,8,B0,80,00,76,20,00,00,FE,
0,00000380,false,Rx,0,8,B0,80,00,76,20,00,00,FE,
0,00000588,false,Rx,0,8,0B,00,72,00,00,80,00,00,
0,00000380,false,Rx,0,8,B0,80,00,76,20,00,00,FE,
0,00000380,false,Rx,0,8,B0,80,00,76,20,00,00,FE,
104000,00000588,false,Rx,0,8,0B,00,72,00,00,80,00,00,
0,00000380,false,Rx,0,8,B0,80,00,76,20,00,00,FE,
0,00000380,false,Rx,0,8,B0,80,00,76,20,00,00,FE,
0,00000588,false,Rx,0,8,0B,00,72,00,00,80,00,00,
0,00000380,false,Rx,0,8,B0,80,00,76,20,00,00,FE,
0,00000380,false,Rx,0,8,B0,80,00,76,20,00,00,FE,
0,00000588,false,Rx,0,8,0B,00,72,00,00,80,00,00,
0,00000380,false,Rx,0,8,B0,80,00,76,20,00,00,FE,
0,00000380,false,Rx,0,8,B0,80,00,76,20,00,00,FE,
0,00000588,false,Rx,0,8,0B,00,72,00,00,80,00,00,
0,00000380,false,Rx,0,8,B0,80,00,76,20,00,00,FE,
0,00000380,false,Rx,0,8,B0,80,00,76,20,00,00,FE,
0,00000588,false,Rx,0,8,0B,00,72,00,00,80,00,00,
0,00000380,false,Rx,0,8,B0,80,00,76,20,00,00,FE,
0,00000380,false,Rx,0,8,B0,80,00,76,20,00,00,FE,
0,00000588,false,Rx,0,8,0B,00,72,00,00,80,00,00,
0,00000380,false,Rx,0,8,B0,80,00,76,20,00,00,FE,
0,00000380,false,Rx,0,8,B0,80,00,76,20,00,00,FE,
0,00000588,false,Rx,0,8,0B,00,72,00,00,80,00,00,
0,00000380,false,Rx,0,8,B0,80,00,76,20,00,00,FE,
0,00000380,false,Rx,0,8,B0,80,00,76,20,00,00,FE,
248000,00000588,false,Rx,0,8,0B,00,72,00,00,80,00,00,
0,00000380,false,Rx,0,8,B0,80,00,76,20,00,00,FE,
0,00000380,false,Rx,0,8,B0,80,00,76,20,00,00,FE,
0,00000588,false,Rx,0,8,0B,00,72,00,00,80,00,00,
0,00000380,false,Rx,0,8,B0,80,00,76,20,00,00,FE,
0,00000380,false,Rx,0,8,B0,80,00,76,20,00,00,FE,
285000,00000588,false,Rx,0,8,0B,00,72,00,00,80,00,00,
0,00000380,false,Rx,0,8,B0,80,00,76,20,00,00,FE,
0,00000380,false,Rx,0,8,B0,80,00,76,20,00,00,FE,
0,00000588,false,Rx,0,8,0B,00,72,00,00,80,00,00,
0,00000380,false,Rx,0,8,B0,80,00,76,20,00,00,FE,
0,00000380,false,Rx,0,8,B0,80,00,76,20,00,00,FE,
0,00000588,false,Rx,0,8,0B,00,72,00,00,80,00,00,
0,00000380,false,Rx,0,8,B0,80,00,76,20,00,00,FE,
0,00000380,false,Rx,0,8,B0,80,00,76,20,00,00,FE,
0,00000588,false,Rx,0,8,0B,00,72,00,00,80,00,00,
0,00000380,false,Rx,0,8,B0,80,00,76,20,00,00,FE,
0,00000380,false,Rx,0,8,B0,80,00,76,20,00,00,FE,
0,00000588,false,Rx,0,8,0B,00,72,00,00,80,00,00,
0,00000380,false,Rx,0,8,B0,80,00,76,20,00,00,FE,
0,00000380,false,Rx,0,8,B0,80,00,76,20,00,00,FE,
0,00000588,false,Rx,0,8,0B,00,72,00,00,80,00,00,
0,00000380,false,Rx,0,8,B0,80,00,76,20,00,00,FE,
0,00000380,false,Rx,0,8,B0,80,00,76,20,00,00,FE,
0,00000588,false,Rx,0,8,0B,00,72,00,00,80,00,00,
0,00000380,false,Rx,0,8,B0,80,00,76,20,00,00,FE,
0,00000380,false,Rx,0,8,B0,80,00,76,20,00,00,FE,
428000,00000588,false,Rx,0,8,0B,00,72,00,00,80,00,00,
0,00000380,false,Rx,0,8,B0,80,00,76,20,00,00,FE,
0,00000380,false,Rx,0,8,B0,80,00,76,20,00,00,FE,
0,00000588,false,Rx,0,8,0B,00,72,00,00,80,00,00,
0,00000380,false,Rx,0,8,B0,80,00,76,20,00,00,FE,
0,00000380,false,Rx,0,8,B0,80,00,76,20,00,00,FE,
465000,00000588,false,Rx,0,8,0B,00,72,00,00,80,00,00,
0,00000380,false,Rx,0,8,B0,80,00,76,20,00,00,FE,
0,00000380,false,Rx,0,8,B0,80,00,76,20,00,00,FE,
485000,00000588,false,Rx,0,8,0B,00,72,00,00,80,00,00,
0,00000380,false,Rx,0,8,B0,80,00,76,20,00,00,FE,
0,00000380,false,Rx,0,8,B0,80,00,76,20,00,00,FE,
0,00000588,false,Rx,0,8,0B,00,72,00,00,80,00,00,
0,00000380,false,Rx,0,8,B0,80,00,76,20,00,00,FE,
0,00000380,false,Rx,0,8,B0,80,00,76,20,00,00,FE,
0,00000588,false,Rx,0,8,0B,00,72,00,00,80,00,00,
0,00000380,false,Rx,0,8,B0,80,00,76,20,00,00,FE,
0,00000380,false,Rx,0,8,B0,80,00,76,20,00,00,FE,
0,00000588,false,Rx,0,8,0B,00,72,00,00,80,00,00,
0,00000380,false,Rx,0,8,B0,80,00,76,20,00,00,FE,
0,00000380,false,Rx,0,8,B0,80,00,76,20,00,00,FE,
0,00000588,false,Rx,0,8,0B,00,72,00,00,80,00,00,
0,00000380,false,Rx,0,8,B0,80,00,76,20,00,00,FE,
0,00000380,false,Rx,0,8,B0,80,00,76,20,00,00,FE,
0,00000588,false,Rx,0,8,0B,00,72,00,00,80,00,00,
0,00000380,false,Rx,0,8,B0,80,00,76,20,00,00,FE,
0,00000380,false,Rx,0,8,B0,80,00,76,20,00,00,FE,
0,00000588,false,Rx,0,8,0B,00,72,00,00,80,00,00,
0,00000380,false,Rx,0,8,B0,80,00,76,20,00,00,FE,
0,00000380,false,Rx,0,8,B0,80,00,76,20,00,00,FE,
629000,00000588,false,Rx,0,8,0B,00,72,00,00,80,00,00,
0,00000380,false,Rx,0,8,B0,80,00,76,20,00,00,FE,
0,00000380,false,Rx,0,8,B0,80,00,76,20,00,00,FE,
0,00000588,false,Rx,0,8,0B,00,72,00,00,80,00,00,
0,00000380,false,Rx,0,8,B0,80,00,76,20,00,00,FE,
0,00000380,false,Rx,0,8,B0,80,00,76,20,00,00,FE,
666000,00000588,false,Rx,0,8,0B,00,72,00,00,80,00,00,
0,00000380,false,Rx,0,8,B0,80,00,76,20,00,00,FE,
0,00000380,false,Rx,0,8,B0,80,00,76,20,00,00,FE,
0,00000588,false,Rx,0,8,0B,00,72,00,00,80,00,00,
0,00000380,false,Rx,0,8,B0,80,00,76,20,00,00,FE,
0,00000380,false,Rx,0,8,B0,80,00,76,20,00,00,FE,
0,00000588,false,Rx,0,8,0B,00,72,00,00,80,00,00,
0,00000380,false,Rx,0,8,B0,80,00,76,20,00,00,FE,
0,00000380,false,Rx,0,8,B0,80,00,76,20,00,00,FE,
0,00000284,false,Rx,0,6,01,01,00,00,00,00,00,00,
0,00000380,false,Rx,0,8,B0,80,00,76,20,00,00,FE,
0,00000380,false,Rx,0,8,B0,80,00,76,20,00,00,FE,
0,00000588,false,Rx,0,8,0B,00,72,00,00,80,00,00,
0,00000380,false,Rx,0,8,B0,80,00,76,20,00,00,FE,
0,00000380,false,Rx,0,8,B0,80,00,76,20,00,00,FE,
0,00000284,false,Rx,0,6,03,03,00,00,00,00,00,00,
0,00000380,false,Rx,0,8,B0,80,00,76,20,00,00,FE,
0,00000380,false,Rx,0,8,B0,80,00,76,20,00,00,FE,
0,00000588,false,Rx,0,8,0B,00,72,00,00,80,00,00,
0,00000380,false,Rx,0,8,B0,80,00,76,20,00,00,FE,
0,00000380,false,Rx,0,8,B0,80,00,76,20,00,00,FE,
809000,00000588,false,Rx,0,8,0B,00,72,00,00,80,00,00,
0,00000380,false,Rx,0,8,B0,80,00,76,20,00,00,FE,
0,00000380,false,Rx,0,8,B0,80,00,76,20,00,00,FE,
0,00000284,false,Rx,0,6,06,06,00,00,00,00,00,00,
0,00000380,false,Rx,0,8,B0,80,00,76,20,00,00,FE,
0,00000380,false,Rx,0,8,B0,80,00,76,20,00,00,FE,
0,00000284,false,Rx,0,6,07,07,00,00,00,00,00,00,
0,00000380,false,Rx,0,8,B0,80,00,76,20,00,00,FE,
0,00000380,false,Rx,0,8,B0,80,00,76,20,00,00,FE,
0,00000588,false,Rx,0,8,0B,00,72,00,00,80,00,00,
0,00000380,false,Rx,0,8,B0,80,00,76,20,00,00,FE,
0,00000380,false,Rx,0,8,B0,80,00,76,20,00,00,FE,
0,00000588,false,Rx,0,8,0B,00,72,00,00,80,00,00,
0,00000380,false,Rx,0,8,B0,80,00,76,20,00,00,FE,
0,00000380,false,Rx,0,8,B0,80,00,76,20,00,00,FE,
0,00000588,false,Rx,0,8,0B,00,72,00,00,80,00,00,
0,00000380,false,Rx,0,8,B0,80,00,76,20,00,00,FE,
0,00000380,false,Rx,0,8,B0,80,00,76,20,00,00,FE,
0,00000284,false,Rx,0,6,0B,0B,00,00,00,00,00,00,
0,00000380,false,Rx,0,8,B0,80,00,76,20,00,00,FE,
0,00000380,false,Rx,0,8,B0,80,00,76,20,00,00,FE,
0,00000588,false,Rx,0,8,0B,00,72,00,00,80,00,00,
0,00000380,false,Rx,0,8,B0,80,00,76,20,00,00,FE,
0,00000380,false,Rx,0,8,B0,80,00,76,20,00,00,FE,
0,00000588,false,Rx,0,8,0B,00,72,00,00,80,00,00,
0,00000380,false,Rx,0,8,B0,80,00,76,20,00,00,FE,
0,00000380,false,Rx,0,8,B0,80,00,76,20,00,00,FE,
0,00000588,false,Rx,0,8,0B,00,72,00,00,80,00,00,
0,00000380,false,Rx,0,8,B0,80,00,76,20,00,00,FE,
0,00000380,false,Rx,0,8,B0,80,00,76,20,00,00,FE,
0,00000284,false,Rx,0,6,0F,0F,00,00,00,00,00,00,
0,00000380,false,Rx,0,8,B0,80,00,76,20,00,00,FE,
0,00000380,false,Rx,0,8,B0,80,00,76,20,00,00,FE,
0,00000284,false,Rx,0,6,00,00,00,00,00,00,00,00,
0,00000380,false,Rx,0,8,B0,80,00,76,20,00,00,FE,
0,00000380,false,Rx,0,8,B0,80,00,76,20,00,00,FE,
51000,00000588,false,Rx,0,8,0B,00,72,00,00,80,00,00,
0,00000380,false,Rx,0,8,B0,80,00,76,20,00,00,FE,
0,00000380,false,Rx,0,8,B0,80,00,76,20,00,00,FE,
0,00000284,false,Rx,0,6,02,02,00,00,00,00,00,00,
0,00000288,false,Rx,0,8,2C,5B,D5,00,00,6B,57,8C,
0,00000300,false,Rx,0,6,A1,0F,8A,FF,4A,FF,00,00,
0,00000380,false,Rx,0,8,B0,80,00,76,20,00,00,FE,
0,00000284,false,Rx,0,6,03,03,00,00,00,00,00,00,
0,00000380,false,Rx,0,8,B0,80,00,76,20,00,00,FE,
0,00000380,false,Rx,0,8,B0,80,00,76,20,00,00,FE,
0,00000284,false,Rx,0,6,04,04,00,00,00,00,00,00,
0,00000380,false,Rx,0,8,B0,80,00,76,20,00,00,FE,
0,00000380,false,Rx,0,8,B0,80,00,76,20,00,00,FE,
0,00000588,false,Rx,0,8,0B,00,72,00,00,80,00,00,
0,00000380,false,Rx,0,8,B0,80,00,76,20,00,00,FE,
0,00000380,false,Rx,0,8,B0,80,00,76,20,00,00,FE,
0,00000284,false,Rx,0,6,06,06,00,00,00,00,00,00,
0,00000380,false,Rx,0,8,B0,80,00,76,20,00,00,FE,
0,00000380,false,Rx,0,8,B0,80,00,76,20,00,00,FE,
0,00000588,false,Rx,0,8,0B,00,72,00,00,80,00,00,
0,00000380,false,Rx,0,8,B0,80,00,76,20,00,00,FE,
0,00000380,false,Rx,0,8,B0,80,00,76,20,00,00,FE,
0,00000284,false,Rx,0,6,08,08,00,00,00,00,00,00,
0,00000380,false,Rx,0,8,B0,80,00,76,20,00,00,FE,
0,00000380,false,Rx,0,8,B0,80,00,76,20,00,00,FE,
0,00000588,false,Rx,0,8,0B,00,72,00,00,80,00,00,
0,00000380,false,Rx,0,8,B0,80,00,76,20,00,00,FE,
0,00000380,false,Rx,0,8,B0,80,00,76,20,00,00,FE,
0,00000284,false,Rx,0,6,0A,0A,00,00,00,00,00,00,
0,00000380,false,Rx,0,8,B0,80,00,76,20,00,00,FE,
0,00000380,false,Rx,0,8,B0,80,00,76,20,00,00,FE,
0,00000588,false,Rx,0,8,0B,00,72,00,00,80,00,00,
0,00000380,false,Rx,0,8,B0,80,00,76,20,00,00,FE,
0,00000380,false,Rx,0,8,B0,80,00,76,20,00,00,FE,
0,00000284,false,Rx,0,6,0C,0C,00,00,00,00,00,00,
0,00000380,false,Rx,0,8,B0,80,00,76,20,00,00,FE,
0,00000380,false,Rx,0,8,B0,80,00,76,20,00,00,FE,
288000,00000588,false,Rx,0,8,0B,00,72,00,00,80,00,00,
0,00000380,false,Rx,0,8,B0,80,00,76,20,00,00,FE,
0,00000380,false,Rx,0,8,B0,80,00,76,20,00,00,FE,
0,00000588,false,Rx,0,8,0B,00,72,00,00,80,00,00,
0,00000380,false,Rx,0,8,B0,80,00,76,20,00,00,FE,
0,00000380,false,Rx,0,8,B0,80,00,76,20,00,00,FE,
0,00000588,false,Rx,0,8,0B,00,72,00,00,80,00,00,
0,00000380,false,Rx,0,8,B0,80,00,76,20,00,00,FE,
0,00000380,false,Rx,0,8,B0,80,00,76,20,00,00,FE,
0,00000588,false,Rx,0,8,0B,00,72,00,00,80,00,00,
0,00000380,false,Rx,0,8,B0,80,00,76,20,00,00,FE,
0,00000380,false,Rx,0,8,B0,80,00,76,20,00,00,FE,
0,00000588,false,Rx,0,8,0B,00,72,00,00,80,00,00,
0,00000380,false,Rx,0,8,B0,80,00,76,20,00,00,FE,
0,00000380,false,Rx,0,8,B0,80,00,76,20,00,00,FE,
0,00000588,false,Rx,0,8,0B,00,72,00,00,80,00,00,
0,00000380,false,Rx,0,8,B0,80,00,76,20,00,00,FE,
0,00000380,false,Rx,0,8,B0,80,00,76,20,00,00,FE,
0,00000588,false,Rx,0,8,0B,00,72,00,00,80,00,00,
0,00000380,false,Rx,0,8,B0,80,00,76,20,00,00,FE,
0,00000380,false,Rx,0,8,B0,80,00,76,20,00,00,FE,
432000,00000588,false,Rx,0,8,0B,00,72,00,00,80,00,00,
0,00000380,false,Rx,0,8,B0,80,00,76,20,00,00,FE,
0,00000380,false,Rx,0,8,B0,80,00,76,20,00,00,FE,
0,00000588,false,Rx,0,8,0B,00,72,00,00,80,00,00,
0,00000380,false,Rx,0,8,B0,80,00,76,20,00,00,FE,
0,00000380,false,Rx,0,8,B0,80,00,76,20,00,00,FE,
468000,00000588,false,Rx,0,8,0B,00,72,00,00,80,00,00,
0,00000380,false,Rx,0,8,B0,80,00,76,20,00,00,FE,
0,00000380,false,Rx,0,8,B0,80,00,76,20,00,00,FE,
0,00000588,false,Rx,0,8,0B,00,72,00,00,80,00,00,
0,00000380,false,Rx,0,8,B0,80,00,76,20,00,00,FE,
0,00000380,false,Rx,0,8,B0,80,00,76,20,00,00,FE,
0,00000588,false,Rx,0,8,0B,00,72,00,00,80,00,00,
0,00000380,false,Rx,0,8,B0,80,00,76,20,00,00,FE,
0,00000380,false,Rx,0,8,B0,80,00,76,20,00,00,FE,
0,00000588,false,Rx,0,8,0B,00,72,00,00,80,00,00,
0,00000380,false,Rx,0,8,B0,80,00,76,20,00,00,FE,
0,00000380,false,Rx,0,8,B0,80,00,76,20,00,00,FE,
0,00000588,false,Rx,0,8,0B,00,72,00,00,80,00,00,
0,00000380,false,Rx,0,8,B0,80,00,76,20,00,00,FE,
0,00000380,false,Rx,0,8,B0,80,00,76,20,00,00,FE,
0,00000588,false,Rx,0,8,0B,00,72,00,00,80,00,00,
0,00000380,false,Rx,0,8,B0,80,00,76,20,00,00,FE,
0,00000380,false,Rx,0,8,B0,80,00,76,20,00,00,FE,
0,00000300,false,Rx,0,6,A1,0F,8A,FF,4A,FF,00,00,
0,00000380,false,Rx,0,8,B0,80,00,76,20,00,00,FE,
0,00000380,false,Rx,0,8,B0,80,00,76,20,00,00,FE,
612000,00000588,false,Rx,0,8,0B,00,72,00,00,80,00,00,
0,00000380,false,Rx,0,8,B0,80,00,76,20,00,00,FE,
0,00000380,false,Rx,0,8,B0,80,00,76,20,00,00,FE,
0,00000588,false,Rx,0,8,0B,00,72,00,00,80,00,00,
0,00000380,false,Rx,0,8,B0,80,00,76,20,00,00,FE,
0,00000380,false,Rx,0,8,B0,80,00,76,20,00,00,FE,
649000,00000588,false,Rx,0,8,0B,00,72,00,00,80,00,00,
0,00000380,false,Rx,0,8,B0,80,00,76,20,00,00,FE,
0,00000380,false,Rx,0,8,B0,80,00,76,20,00,00,FE,
0,00000588,false,Rx,0,8,0B,00,72,00,00,80,00,00,
0,00000380,false,Rx,0,8,B0,80,00,76,20,00,00,FE,
0,00000380,false,Rx,0,8,B0,80,00,76,20,00,00,FE,
0,00000588,false,Rx,0,8,0B,00,72,00,00,80,00,00,
0,00000380,false,Rx,0,8,B0,80,00,76,20,00,00,FE,
0,00000380,false,Rx,0,8,B0,80,00,76,20,00,00,FE,
0,00000588,false,Rx,0,8,0B,00,72,00,00,80,00,00,
0,00000380,false,Rx,0,8,B0,80,00,76,20,00,00,FE,
0,00000380,false,Rx,0,8,B0,80,00,76,20,00,00,FE,
0,00000588,false,Rx,0,8,0B,00,72,00,00,80,00,00,
0,00000380,false,Rx,0,8,B0,80,00,76,20,00,00,FE,
0,00000380,false,Rx,0,8,B0,80,00,76,20,00,00,FE,
0,00000588,false,Rx,0,8,0B,00,72,00,00,80,00,00,
0,00000380,false,Rx,0,8,B0,80,00,76,20,00,00,FE,
0,00000380,false,Rx,0,8,B0,80,00,76,20,00,00,FE,
0,00000588,false,Rx,0,8,0B,00,72,00,00,80,00,00,
0,00000380,false,Rx,0,8,B0,80,00,76,20,00,00,FE,
0,00000380,false,Rx,0,8,B0,80,00,76,20,00,00,FE,
0,00000588,false,Rx,0,8,0B,00,72,00,00,80,00,00,
0,00000380,false,Rx,0,8,B0,80,00,76,20,00,00,FE,
0,00000380,false,Rx,0,8,B0,80,00,76,20,00,00,FE,
0,00000588,false,Rx,0,8,0B,00,72,00,00,80,00,00,
0,00000380,false,Rx,0,8,B0,80,00,76,20,00,00,FE,
0,00000380,false,Rx,0,8,B0,80,00,76,20,00,00,FE,
0,00000588,false,Rx,0,8,0B,00,72,00,00,80,00,00,
0,00000380,false,Rx,0,8,B0,80,00,76,20,00,00,FE,
0,00000380,false,Rx,0,8,B0,80,00,76,20,00,00,FE,
850000,00000588,false,Rx,0,8,0B,00,72,00,00,80,00,00,
0,00000380,false,Rx,0,8,B0,80,00,76,20,00,00,FE,
0,00000380,false,Rx,0,8,B0,80,00,76,20,00,00,FE,
0,00000588,false,Rx,0,8,0B,00,72,00,00,80,00,00,
0,00000380,false,Rx,0,8,B0,80,00,76,20,00,00,FE,
0,00000380,false,Rx,0,8,B0,80,00,76,20,00,00,FE,
0,00000588,false,Rx,0,8,0B,00,72,00,00,80,00,00,
0,00000380,false,Rx,0,8,B0,80,00,76,20,00,00,FE,
0,00000380,false,Rx,0,8,B0,80,00,76,20,00,00,FE,
0,00000588,false,Rx,0,8,0B,00,72,00,00,80,00,00,
0,00000380,false,Rx,0,8,B0,80,00,76,20,00,00,FE,
0,00000380,false,Rx,0,8,B0,80,00,76,20,00,00,FE,
0,00000588,false,Rx,0,8,0B,00,72,00,00,80,00,00,
0,00000380,false,Rx,0,8,B0,80,00,76,20,00,00,FE,
0,00000380,false,Rx,0,8,B0,80,00,76,20,00,00,FE,
0,00000588,false,Rx,0,8,0B,00,72,00,00,80,00,00,
0,00000380,false,Rx,0,8,B0,80,00,76,20,00,00,FE,
0,00000380,false,Rx,0,8,B0,80,00,76,20,00,00,FE,
0,00000588,false,Rx,0,8,0B,00,72,00,00,80,00,00,
0,00000380,false,Rx,0,8,B0,80,00,76,20,00,00,FE,
0,00000380,false,Rx,0,8,B0,80,00,76,20,00,00,FE,
993000,00000588,false,Rx,0,8,0B,00,72,00,00,80,00,00,
0,00000380,false,Rx,0,8,B0,80,00,76,20,00,00,FE,
0,00000380,false,Rx,0,8,B0,80,00,76,20,00,00,FE,
0,00000588,false,Rx,0,8,0B,00,72,00,00,80,00,00,
0,00000380,false,Rx,0,8,B0,80,00,76,20,00,00,FE,
0,00000380,false,Rx,0,8,B0,80,00,76,20,00,00,FE,
0,00000588,false,Rx,0,8,0B,00,72,00,00,80,00,00,
0,00000380,false,Rx,0,8,B0,80,00,76,20,00,00,FE,
0,00000380,false,Rx,0,8,B0,80,00,76,20,00,00,FE,
0,00000588,false,Rx,0,8,0B,00,72,00,00,80,00,00,
0,00000380,false,Rx,0,8,B0,80,00,76,20,00,00,FE,
0,00000380,false,Rx,0,8,B0,80,00,76,20,00,00,FE,
0,00000588,false,Rx,0,8,0B,00,72,00,00,80,00,00,
0,00000380,false,Rx,0,8,B0,80,00,76,20,00,00,FE,
0,00000380,false,Rx,0,8,B0,80,00,76,20,00,00,FE,
0,00000300,false,Rx,0,6,A1,0F,8A,FF,4A,FF,00,00,
0,00000380,false,Rx,0,8,B0,80,00,76,20,00,00,FE,
0,00000380,false,Rx,0,8,B0,80,00,76,20,00,00,FE,
0,00000588,false,Rx,0,8,0B,00,72,00,00,80,00,00,
0,00000380,false,Rx,0,8,B0,80,00,76,20,00,00,FE,
0,00000380,false,Rx,0,8,B0,80,00,76,20,00,00,FE,
0,00000588,false,Rx,0,8,0B,00,72,00,00,80,00,00,
0,00000380,false,Rx,0,8,B0,80,00,76,20,00,00,FE,
0,00000380,false,Rx,0,8,B0,80,00,76,20,00,00,FE,
0,00000588,false,Rx,0,8,0B,00,72,00,00,80,00,00,
0,00000380,false,Rx,0,8,B0,80,00,76,20,00,00,FE,
0,00000380,false,Rx,0,8,B0,80,00,76,20,00,00,FE,
173000,00000588,false,Rx,0,8,0B,00,72,00,00,80,00,00,
0,00000380,false,Rx,0,8,B0,80,00,76,20,00,00,FE,
0,00000380,false,Rx,0,8,B0,80,00,76,20,00,00,FE,
0,00000588,false,Rx,0,8,0B,00,72,00,00,80,00,00,
0,00000380,false,Rx,0,8,B0,80,00,76,20,00,00,FE,
0,00000380,false,Rx,0,8,B0,80,00,76,20,00,00,FE,
0,00000588,false,Rx,0,8,0B,00,72,00,00,80,00,00,
0,00000380,false,Rx,0,8,B0,80,00,76,20,00,00,FE,
0,00000380,false,Rx,0,8,B0,80,00,76,20,00,00,FE,
230000,00000588,false,Rx,0,8,0B,00,72,00,00,80,00,00,
0,00000380,false,Rx,0,8,B0,80,00,76,20,00,00,FE,
0,00000380,false,Rx,0,8,B0,80,00,76,20,00,00,FE,
0,00000588,false,Rx,0,8,0B,00,72,00,00,80,00,00,
0,00000380,false,Rx,0,8,B0,80,00,76,20,00,00,FE,
0,00000380,false,Rx,0,8,B0,80,00,76,20,00,00,FE,
0,00000588,false,Rx,0,8,0B,00,72,00,00,80,00,00,
0,00000380,false,Rx,0,8,B0,80,00,76,20,00,00,FE,
0,00000380,false,Rx,0,8,B0,80,00,76,20,00,00,FE,
0,00000588,false,Rx,0,8,0B,00,72,00,00,80,00,00,
0,00000380,false,Rx,0,8,B0,80,00,76,20,00,00,FE,
0,00000380,false,Rx,0,8,B0,80,00,76,20,00,00,FE,
0,00000588,false,Rx,0,8,0B,00,72,00,00,80,00,00,
0,00000380,false,Rx,0,8,B0,80,00,76,20,00,00,FE,
0,00000380,false,Rx,0,8,B0,80,00,76,20,00,00,FE,
0,00000588,false,Rx,0,8,0B,00,72,00,00,80,00,00,
0,00000380,false,Rx,0,8,B0,80,00,76,20,00,00,FE,
0,00000380,false,Rx,0,8,B0,80,00,76,20,00,00,FE,
0,00000588,false,Rx,0,8,0B,00,72,00,00,80,00,00,
0,00000380,false,Rx,0,8,B0,80,00,76,20,00,00,FE,
0,00000380,false,Rx,0,8,B0,80,00,76,20,00,00,FE,
374000,00000588,false,Rx,0,8,0B,00,72,00,00,80,00,00,
0,00000380,false,Rx,0,8,B0,80,00,76,20,00,00,FE,
0,00000380,false,Rx,0,8,B0,80,00,76,20,00,00,FE,
0,00000588,false,Rx,0,8,0B,00,72,00,00,80,00,00,
0,00000380,false,Rx,0,8,B0,80,00,76,20,00,00,FE,
0,00000380,false,Rx,0,8,B0,80,00,76,20,00,00,FE,
411000,00000588,false,Rx,0,8,0B,00,72,00,00,80,00,00,
0,00000380,false,Rx,0,8,B0,80,00,76,20,00,00,FE,
0,00000380,false,Rx,0,8,B0,80,00,76,20,00,00,FE,
0,00000588,false,Rx,0,8,0B,00,72,00,00,80,00,00,
0,00000380,false,Rx,0,8,B0,80,00,76,20,00,00,FE,
0,00000380,false,Rx,0,8,B0,80,00,76,20,00,00,FE,
0,00000588,false,Rx,0,8,0B,00,72,00,00,80,00,00,
0,00000380,false,Rx,0,8,B0,80,00,76,20,00,00,FE,
0,00000380,false,Rx,0,8,B0,80,00,76,20,00,00,FE,
0,00000588,false,Rx,0,8,0B,00,72,00,00,80,00,00,
0,00000380,false,Rx,0,8,B0,80,00,76,20,00,00,FE,
0,00000380,false,Rx,0,8,B0,80,00,76,20,00,00,FE,
0,00000588,false,Rx,0,8,0B,00,72,00,00,80,00,00,
0,00000380,false,Rx,0,8,B0,80,00,76,20,00,00,FE,
0,00000380,false,Rx,0,8,B0,80,00,76,20,00,00,FE,
0,00000588,false,Rx,0,8,0B,00,72,00,00,80,00,00,
0,00000380,false,Rx,0,8,B0,80,00,76,20,00,00,FE,
0,00000380,false,Rx,0,8,B0,80,00,76,20,00,00,FE,
0,00000588,false,Rx,0,8,0B,00,72,00,00,80,00,00,
0,00000380,false,Rx,0,8,B0,80,00,76,20,00,00,FE,
0,00000380,false,Rx,0,8,B0,80,00,76,20,00,00,FE,
554000,00000588,false,Rx,0,8,0B,00,72,00,00,80,00,00,
0,00000380,false,Rx,0,8,B0,80,00,76,20,00,00,FE,
0,00000380,false,Rx,0,8,B0,80,00,76,20,00,00,FE,
0,00000588,false,Rx,0,8,0B,00,72,00,00,80,00,00,
0,00000380,false,Rx,0,8,B0,80,00,76,20,00,00,FE,
0,00000380,false,Rx,0,8,B0,80,00,76,20,00,00,FE,
591000,00000588,false,Rx,0,8,0B,00,72,00,00,80,00,00,
0,00000380,false,Rx,0,8,B0,80,00,76,20,00,00,FE,
0,00000380,false,Rx,0,8,B0,80,00,76,20,00,00,FE,
0,00000588,false,Rx,0,8,0B,00,72,00,00,80,00,00,
0,00000380,false,Rx,0,8,B0,80,00,76,20,00,00,FE,
0,00000380,false,Rx,0,8,B0,80,00,76,20,00,00,FE,
0,00000588,false,Rx,0,8,0B,00,72,00,00,80,00,00,
0,00000380,false,Rx,0,8,B0,80,00,76,20,00,00,FE,
0,00000380,false,Rx,0,8,B0,80,00,76,20,00,00,FE,
0,00000740,false,Rx,0,1,A3,00,00,00,00,00,00,00,
0,00000300,false,Rx,0,6,A1,0F,8A,FF,4A,FF,00,00,
0,00000380,false,Rx,0,8,B0,80,00,76,20,00,00,FE,
0,00000380,false,Rx,0,8,B0,80,00,76,20,00,00,FE,
0,00000588,false,Rx,0,8,0B,00,72,00,00,80,00,00,
0,00000380,false,Rx,0,8,B0,80,00,76,20,00,00,FE,
0,00000380,false,Rx,0,8,B0,80,00,76,20,00,00,FE,
0,00000588,false,Rx,0,8,0B,00,72,00,00,80,00,00,
0,00000380,false,Rx,0,8,B0,80,00,76,20,00,00,FE,
0,00000380,false,Rx,0,8,B0,80,00,76,20,00,00,FE,
0,00000588,false,Rx,0,8,0B,00,72,00,00,80,00,00,
0,00000380,false,Rx,0,8,B0,80,00,76,20,00,00,FE,
0,00000380,false,Rx,0,8,B0,80,00,76,20,00,00,FE,
0,00000588,false,Rx,0,8,0B,00,72,00,00,80,00,00,
0,00000380,false,Rx,0,8,B0,80,00,76,20,00,00,FE,
0,00000380,false,Rx,0,8,B0,80,00,76,20,00,00,FE,
755000,00000588,false,Rx,0,8,0B,00,72,00,00,80,00,00,
0,00000380,false,Rx,0,8,B0,80,00,76,20,00,00,FE,
0,00000380,false,Rx,0,8,B0,80,00,76,20,00,00,FE,
0,00000588,false,Rx,0,8,0B,00,72,00,00,80,00,00,
0,00000380,false,Rx,0,8,B0,80,00,76,20,00,00,FE,
0,00000380,false,Rx,0,8,B0,80,00,76,20,00,00,FE,
792000,00000588,false,Rx,0,8,0B,00,72,00,00,80,00,00,
0,00000380,false,Rx,0,8,B0,80,00,76,20,00,00,FE,
0,00000380,false,Rx,0,8,B0,80,00,76,20,00,00,FE,
0,00000588,false,Rx,0,8,0B,00,72,00,00,80,00,00,
0,00000380,false,Rx,0,8,B0,80,00,76,20,00,00,FE,
0,00000380,false,Rx,0,8,B0,80,00,76,20,00,00,FE,
0,00000588,false,Rx,0,8,0B,00,72,00,00,80,00,00,
0,00000380,false,Rx,0,8,B0,80,00,76,20,00,00,FE,
0,00000380,false,Rx,0,8,B0,80,00,76,20,00,00,FE,
0,00000588,false,Rx,0,8,0B,00,72,00,00,80,00,00,
0,00000380,false,Rx,0,8,B0,80,00,76,20,00,00,FE,
0,00000380,false,Rx,0,8,B0,80,00,76,20,00,00,FE,
0,00000588,false,Rx,0,8,0B,00,72,00,00,80,00,00,
0,00000380,false,Rx,0,8,B0,80,00,76,20,00,00,FE,
0,00000380,false,Rx,0,8,B0,80,00,76,20,00,00,FE,
0,00000588,false,Rx,0,8,0B,00,72,00,00,80,00,00,
0,00000380,false,Rx,0,8,B0,80,00,76,20,00,00,FE,
0,00000380,false,Rx,0,8,B0,80,00,76,20,00,00,FE,
0,00000588,false,Rx,0,8,0B,00,72,00,00,80,00,00,
0,00000380,false,Rx,0,8,B0,80,00,76,20,00,00,FE,
0,00000380,false,Rx,0,8,B0,80,00,76,20,00,00,FE,
935000,00000588,false,Rx,0,8,0B,00,72,00,00,80,00,00,
0,00000380,false,Rx,0,8,B0,80,00,76,20,00,00,FE,
0,00000380,false,Rx,0,8,B0,80,00,76,20,00,00,FE,
0,00000588,false,Rx,0,8,0B,00,72,00,00,80,00,00,
0,00000380,false,Rx,0,8,B0,80,00,76,20,00,00,FE,
0,00000380,false,Rx,0,8,B0,80,00,76,20,00,00,FE,
972000,00000588,false,Rx,0,8,0B,00,72,00,00,80,00,00,
0,00000380,false,Rx,0,8,B0,80,00,76,20,00,00,FE,
0,00000380,false,Rx,0,8,B0,80,00,76,20,00,00,FE,
0,00000588,false,Rx,0,8,0B,00,72,00,00,80,00,00,
0,00000380,false,Rx,0,8,B0,80,00,76,20,00,00,FE,
0,00000380,false,Rx,0,8,B0,80,00,76,20,00,00,FE,
0,00000588,false,Rx,0,8,0B,00,72,00,00,80,00,00,
0,00000380,false,Rx,0,8,B0,80,00,76,20,00,00,FE,
0,00000380,false,Rx,0,8,B0,80,00,76,20,00,00,FE,
0,00000588,false,Rx,0,8,0B,00,72,00,00,80,00,00,
0,00000380,false,Rx,0,8,B0,80,00,76,20,00,00,FE,
0,00000380,false,Rx,0,8,B0,80,00,76,20,00,00,FE,
0,00000588,false,Rx,0,8,0B,00,72,00,00,80,00,00,
0,00000380,false,Rx,0,8,B0,80,00,76,20,00,00,FE,
0,00000380,false,Rx,0,8,B0,80,00,76,20,00,00,FE,
0,00000588,false,Rx,0,8,0B,00,72,00,00,80,00,00,
0,00000380,false,Rx,0,8,B0,80,00,76,20,00,00,FE,
0,00000380,false,Rx,0,8,B0,80,00,76,20,00,00,FE,
0,00000588,false,Rx,0,8,0B,00,72,00,00,80,00,00,
0,00000380,false,Rx,0,8,B0,80,00,76,20,00,00,FE,
0,00000380,false,Rx,0,8,B0,80,00,76,20,00,00,FE,
115000,00000588,false,Rx,0,8,0B,00,72,00,00,80,00,00,
0,00000380,false,Rx,0,8,B0,80,00,76,20,00,00,FE,
0,00000380,false,Rx,0,8,B0,80,00,76,20,00,00,FE,
0,00000588,false,Rx,0,8,0B,00,72,00,00,80,00,00,
0,00000380,false,Rx,0,8,B0,80,00,76,20,00,00,FE,
0,00000380,false,Rx,0,8,B0,80,00,76,20,00,00,FE,
0,00000740,false,Rx,0,1,A3,00,00,00,00,00,00,00,
0,00000300,false,Rx,0,6,A1,0F,8A,FF,4A,FF,00,00,
0,00000380,false,Rx,0,8,B0,80,00,76,20,00,00,FE,
0,00000380,false,Rx,0,8,B0,80,00,76,20,00,00,FE,
172000,00000588,false,Rx,0,8,0B,00,72,00,00,80,00,00,
0,00000380,false,Rx,0,8,B0,80,00,76,20,00,00,FE,
0,00000380,false,Rx,0,8,B0,80,00,76,20,00,00,FE,
0,00000588,false,Rx,0,8,0B,00,72,00,00,80,00,00,
0,00000380,false,Rx,0,8,B0,80,00,76,20,00,00,FE,
0,00000380,false,Rx,0,8,B0,80,00,76,20,00,00,FE,
0,00000588,false,Rx,0,8,0B,00,72,00,00,80,00,00,
0,00000380,false,Rx,0,8,B0,80,00,76,20,00,00,FE,
0,00000380,false,Rx,0,8,B0,80,00,76,20,00,00,FE,
0,00000588,false,Rx,0,8,0B,00,72,00,00,80,00,00,
0,00000380,false,Rx,0,8,B0,80,00,76,20,00,00,FE,
0,00000380,false,Rx,0,8,B0,80,00,76,20,00,00,FE,
0,00000588,false,Rx,0,8,0B,00,72,00,00,80,00,00,
0,00000380,false,Rx,0,8,B0,80,00,76,20,00,00,FE,
0,00000380,false,Rx,0,8,B0,80,00,76,20,00,00,FE,
0,00000588,false,Rx,0,8,0B,00,72,00,00,80,00,00,
0,00000380,false,Rx,0,8,B0,80,00,76,20,00,00,FE,
0,00000380,false,Rx,0,8,B0,80,00,76,20,00,00,FE,
0,00000588,false,Rx,0,8,0B,00,72,00,00,80,00,00,
0,00000380,false,Rx,0,8,B0,80,00,76,20,00,00,FE,
0,00000380,false,Rx,0,8,B0,80,00,76,20,00,00,FE,
316000,00000588,false,Rx,0,8,0B,00,72,00,00,80,00,00,
0,00000380,false,Rx,0,8,B0,80,00,76,20,00,00,FE,
0,00000380,false,Rx,0,8,B0,80,00,76,20,00,00,FE,
0,00000588,false,Rx,0,8,0B,00,72,00,00,80,00,00,
0,00000380,false,Rx,0,8,B0,80,00,76,20,00,00,FE,
0,00000380,false,Rx,0,8,B0,80,00,76,20,00,00,FE,
353000,00000588,false,Rx,0,8,0B,00,72,00,00,80,00,00,
0,00000380,false,Rx,0,8,B0,80,00,76,20,00,00,FE,
0,00000380,false,Rx,0,8,B0,80,00,76,20,00,00,FE,
0,00000588,false,Rx,0,8,0B,00,72,00,00,80,00,00,
0,00000380,false,Rx,0,8,B0,80,00,76,20,00,00,FE,
0,00000380,false,Rx,0,8,B0,80,00,76,20,00,00,FE,
0,00000588,false,Rx,0,8,0B,00,72,00,00,80,00,00,
0,00000380,false,Rx,0,8,B0,80,00,76,20,00,00,FE,
0,00000380,false,Rx,0,8,B0,80,00,76,20,00,00,FE,
0,00000588,false,Rx,0,8,0B,00,72,00,00,80,00,00,
0,00000380,false,Rx,0,8,B0,80,00,76,20,00,00,FE,
0,00000380,false,Rx,0,8,B0,80,00,76,20,00,00,FE,
0,00000588,false,Rx,0,8,0B,00,72,00,00,80,00,00,
0,00000380,false,Rx,0,8,B0,80,00,76,20,00,00,FE,
0,00000380,false,Rx,0,8,B0,80,00,76,20,00,00,FE,
0,00000588,false,Rx,0,8,0B,00,72,00,00,80,00,00,
0,00000380,false,Rx,0,8,B0,80,00,76,20,00,00,FE,
0,00000380,false,Rx,0,8,B0,80,00,76,20,00,00,FE,
0,00000588,false,Rx,0,8,0B,00,72,00,00,80,00,00,
0,00000380,false,Rx,0,8,B0,80,00,76,20,00,00,FE,
0,00000380,false,Rx,0,8,B0,80,00,76,20,00,00,FE,
496000,00000588,false,Rx,0,8,0B,00,72,00,00,80,00,00,
0,00000380,false,Rx,0,8,B0,80,00,76,20,00,00,FE,
0,00000380,false,Rx,0,8,B0,80,00,76,20,00,00,FE,
0,00000588,false,Rx,0,8,0B,00,72,00,00,80,00,00,
0,00000380,false,Rx,0,8,B0,80,00,76,20,00,00,FE,
0,00000380,false,Rx,0,8,B0,80,00,76,20,00,00,FE,
533000,00000588,false,Rx,0,8,0B,00,72,00,00,80,00,00,
0,00000380,false,Rx,0,8,B0,80,00,76,20,00,00,FE,
0,00000380,false,Rx,0,8,B0,80,00,76,20,00,00,FE,
0,00000588,false,Rx,0,8,0B,00,72,00,00,80,00,00,
0,00000380,false,Rx,0,8,B0,80,00,76,20,00,00,FE,
0,00000380,false,Rx,0,8,B0,80,00,76,20,00,00,FE,
0,00000588,false,Rx,0,8,0B,00,72,00,00,80,00,00,
0,00000380,false,Rx,0,8,B0,80,00,76,20,00,00,FE,
0,00000380,false,Rx,0,8,B0,80,00,76,20,00,00,FE,
0,00000588,false,Rx,0,8,0B,00,72,00,00,80,00,00,
0,00000380,false,Rx,0,8,B0,80,00,76,20,00,00,FE,
0,00000380,false,Rx,0,8,B0,80,00,76,20,00,00,FE,
0,00000588,false,Rx,0,8,0B,00,72,00,00,80,00,00,
0,00000380,false,Rx,0,8,B0,80,00,76,20,00,00,FE,
0,00000380,false,Rx,0,8,B0,80,00,76,20,00,00,FE,
0,00000588,false,Rx,0,8,0B,00,72,00,00,80,00,00,
0,00000380,false,Rx,0,8,B0,80,00,76,20,00,00,FE,
0,00000380,false,Rx,0,8,B0,80,00,76,20,00,00,FE,
0,00000588,false,Rx,0,8,0B,00,72,00,00,80,00,00,
0,00000380,false,Rx,0,8,B0,80,00,76,20,00,00,FE,
0,00000380,false,Rx,0,8,B0,80,00,76,20,00,00,FE,
0,00000588,false,Rx,0,8,0B,00,72,00,00,80,00,00,
0,00000380,false,Rx,0,8,B0,80,00,76,20,00,00,FE,
0,00000380,false,Rx,0,8,B0,80,00,76,20,00,00,FE,
697000,00000588,false,Rx,0,8,0B,00,72,00,00,80,00,00,
0,00000380,false,Rx,0,8,B0,80,00,76,20,00,00,FE,
0,00000380,false,Rx,0,8,B0,80,00,76,20,00,00,FE,
0,00000588,false,Rx,0,8,0B,00,72,00,00,80,00,00,
0,00000380,false,Rx,0,8,B0,80,00,76,20,00,00,FE,
0,00000380,false,Rx,0,8,B0,80,00,76,20,00,00,FE,
734000,00000588,false,Rx,0,8,0B,00,72,00,00,80,00,00,
0,00000380,false,Rx,0,8,B0,80,00,76,20,00,00,FE,
0,00000380,false,Rx,0,8,B0,80,00,76,20,00,00,FE,
0,00000588,false,Rx,0,8,0B,00,72,00,00,80,00,00,
0,00000380,false,Rx,0,8,B0,80,00,76,20,00,00,FE,
0,00000380,false,Rx,0,8,B0,80,00,76,20,00,00,FE,
0,00000588,false,Rx,0,8,0B,00,72,00,00,80,00,00,
0,00000380,false,Rx,0,8,B0,80,00,76,20,00,00,FE,
0,00000380,false,Rx,0,8,B0,80,00,76,20,00,00,FE,
0,00000588,false,Rx,0,8,0B,00,72,00,00,80,00,00,
0,00000380,false,Rx,0,8,B0,80,00,76,20,00,00,FE,
0,00000380,false,Rx,0,8,B0,80,00,76,20,00,00,FE,
0,00000588,false,Rx,0,8,0B,00,72,00,00,80,00,00,
0,00000380,false,Rx,0,8,B0,80,00,76,20,00,00,FE,
0,00000380,false,Rx,0,8,B0,80,00,76,20,00,00,FE,
0,00000588,false,Rx,0,8,0B,00,72,00,00,80,00,00,
0,00000380,false,Rx,0,8,B0,80,00,76,20,00,00,FE,
0,00000380,false,Rx,0,8,B0,80,00,76,20,00,00,FE,
0,00000588,false,Rx,0,8,0B,00,72,00,00,80,00,00,
0,00000380,false,Rx,0,8,B0,80,00,76,20,00,00,FE,
0,00000380,false,Rx,0,8,B0,80,00,76,20,00,00,FE,
877000,00000588,false,Rx,0,8,0B,00,72,00,00,80,00,00,
0,00000380,false,Rx,0,8,B0,80,00,76,20,00,00,FE,
0,00000380,false,Rx,0,8,B0,80,00,76,20,00,00,FE,
0,00000588,false,Rx,0,8,0B,00,72,00,00,80,00,00,
0,00000380,false,Rx,0,8,B0,80,00,76,20,00,00,FE,
0,00000380,false,Rx,0,8,B0,80,00,76,20,00,00,FE,
914000,00000588,false,Rx,0,8,0B,00,72,00,00,80,00,00,
0,00000380,false,Rx,0,8,B0,80,00,76,20,00,00,FE,
0,00000380,false,Rx,0,8,B0,80,00,76,20,00,00,FE,
0,00000588,false,Rx,0,8,0B,00,72,00,00,80,00,00,
0,00000380,false,Rx,0,8,B0,80,00,76,20,00,00,FE,
0,00000380,false,Rx,0,8,B0,80,00,76,20,00,00,FE,
0,00000588,false,Rx,0,8,0B,00,72,00,00,80,00,00,
0,00000380,false,Rx,0,8,B0,80,00,76,20,00,00,FE,
0,00000380,false,Rx,0,8,B0,80,00,76,20,00,00,FE,
0,00000588,false,Rx,0,8,0B,00,72,00,00,80,00,00,
0,00000380,false,Rx,0,8,B0,80,00,76,20,00,00,FE,
0,00000380,false,Rx,0,8,B0,80,00,76,20,00,00,FE,
0,00000588,false,Rx,0,8,0B,00,72,00,00,80,00,00,
0,00000380,false,Rx,0,8,B0,80,00,76,20,00,00,FE,
0,00000380,false,Rx,0,8,B0,80,00,76,20,00,00,FE,
0,00000588,false,Rx,0,8,0B,00,72,00,00,80,00,00,
0,00000380,false,Rx,0,8,B0,80,00,76,20,00,00,FE,
0,00000380,false,Rx,0,8,B0,80,00,76,20,00,00,FE,
0,00000588,false,Rx,0,8,0B,00,72,00,00,80,00,00,
0,00000380,false,Rx,0,8,B0,80,00,76,20,00,00,FE,
0,00000380,false,Rx,0,8,B0,80,00,76,20,00,00,FE,
0,00000588,false,Rx,0,8,0B,00,72,00,00,80,00,00,
0,00000380,false,Rx,0,8,B0,80,00,76,20,00,00,FE,
0,00000380,false,Rx,0,8,B0,80,00,76,20,00,00,FE,
0,00000588,false,Rx,0,8,0B,00,72,00,00,80,00,00,
0,00000380,false,Rx,0,8,B0,80,00,76,20,00,00,FE,
0,00000380,false,Rx,0,8,B0,80,00,76,20,00,00,FE,
0,00000588,false,Rx,0,8,0B,00,72,00,00,80,00,00,
0,00000380,false,Rx,0,8,B0,80,00,76,20,00,00,FE,
0,00000380,false,Rx,0,8,B0,80,00,76,20,00,00,FE,
115000,00000588,false,Rx,0,8,0B,00,72,00,00,80,00,00,
0,00000380,false,Rx,0,8,B0,80,00,76,20,00,00,FE,
0,00000380,false,Rx,0,8,B0,80,00,76,20,00,00,FE,
0,00000588,false,Rx,0,8,0B,00,72,00,00,80,00,00,
0,00000380,false,Rx,0,8,B0,80,00,76,20,00,00,FE,
0,00000380,false,Rx,0,8,B0,80,00,76,20,00,00,FE,
0,00000588,false,Rx,0,8,0B,00,72,00,00,80,00,00,
0,00000380,false,Rx,0,8,B0,80,00,76,20,00,00,FE,
0,00000380,false,Rx,0,8,B0,80,00,76,20,00,00,FE,
0,00000588,false,Rx,0,8,0B,00,72,00,00,80,00,00,
0,00000380,false,Rx,0,8,B0,80,00,76,20,00,00,FE,
0,00000380,false,Rx,0,8,B0,80,00,76,20,00,00,FE,
0,00000588,false,Rx,0,8,0B,00,72,00,00,80,00,00,
0,00000380,false,Rx,0,8,B0,80,00,76,20,00,00,FE,
0,00000380,false,Rx,0,8,B0,80,00,76,20,00,00,FE,
0,00000588,false,Rx,0,8,0B,00,72,00,00,80,00,00,
0,00000380,false,Rx,0,8,B0,80,00,76,20,00,00,FE,
0,00000380,false,Rx,0,8,B0,80,00,76,20,00,00,FE,
0,00000588,false,Rx,0,8,0B,00,72,00,00,80,00,00,
0,00000380,false,Rx,0,8,B0,80,00,76,20,00,00,FE,
0,00000380,false,Rx,0,8,B0,80,00,76,20,00,00,FE,
258000,00000588,false,Rx,0,8,0B,00,72,00,00,80,00,00,
0,00000380,false,Rx,0,8,B0,80,00,76,20,00,00,FE,
0,00000380,false,Rx,0,8,B0,80,00,76,20,00,00,FE,
0,00000588,false,Rx,0,8,0B,00,72,00,00,80,00,00,
0,00000380,false,Rx,0,8,B0,80,00,76,20,00,00,FE,
0,00000380,false,Rx,0,8,B0,80,00,76,20,00,00,FE,
295000,00000588,false,Rx,0,8,0B,00,72,00,00,80,00,00,
0,00000380,false,Rx,0,8,B0,80,00,76,20,00,00,FE,
0,00000380,false,Rx,0,8,B0,80,00,76,20,00,00,FE,
0,00000588,false,Rx,0,8,0B,00,72,00,00,80,00,00,
0,00000380,false,Rx,0,8,B0,80,00,76,20,00,00,FE,
0,00000380,false,Rx,0,8,B0,80,00,76,20,00,00,FE,
0,00000588,false,Rx,0,8,0B,00,72,00,00,80,00,00,
0,00000380,false,Rx,0,8,B0,80,00,76,20,00,00,FE,
0,00000380,false,Rx,0,8,B0,80,00,76,20,00,00,FE,
0,00000588,false,Rx,0,8,0B,00,72,00,00,80,00,00,
0,00000380,false,Rx,0,8,B0,80,00,76,20,00,00,FE,
0,00000300,false,Rx,0,8,24,05,0A,37,14,32,80,10,
0,00000380,false,Rx,0,8,B0,80,00,76,20,00,00,FE,
0,00000300,false,Rx,0,8,16,00,25,00,00,25,00,00,
0,00000380,false,Rx,0,8,B0,80,00,76,20,00,00,FE,
0,00000380,false,Rx,0,8,B0,80,00,76,20,00,00,FE,
0,00000588,false,Rx,0,8,0B,00,72,00,00,80,00,00,
0,00000380,false,Rx,0,8,B0,80,00,76,20,00,00,FE,
0,00000380,false,Rx,0,8,B0,80,00,76,20,00,00,FE,
0,00000588,false,Rx,0,8,0B,00,72,00,00,80,00,00,
0,00000380,false,Rx,0,8,B0,80,00,76,20,00,00,FE,
0,00000380,false,Rx,0,8,B0,80,00,76,20,00,00,FE,
438000,00000588,false,Rx,0,8,0B,00,72,00,00,80,00,00,
0,00000380,false,Rx,0,8,B0,80,00,76,20,00,00,FE,
0,00000380,false,Rx,0,8,B0,80,00,76,20,00,00,FE,
0,00000300,false,Rx,0,8,27,00,1A,61,01,01,C8,00,
0,00000588,false,Rx,0,8,0B,00,72,00,00,80,00,00,
0,00000380,false,Rx,0,8,B0,80,00,76,20,00,00,FE,
0,00000380,false,Rx,0,8,B0,80,00,76,20,00,00,FE,
0,00000588,false,Rx,0,8,0B,00,72,00,00,80,00,00,
0,00000380,false,Rx,0,8,B0,80,00,76,20,00,00,FE,
0,00000380,false,Rx,0,8,B0,80,00,76,20,00,00,FE,
496000,00000588,false,Rx,0,8,0B,00,72,00,00,80,00,00,
0,00000380,false,Rx,0,8,B0,80,00,76,20,00,00,FE,
0,00000380,false,Rx,0,8,B0,80,00,76,20,00,00,FE,
0,00000588,false,Rx,0,8,0B,00,72,00,00,80,00,00,
0,00000380,false,Rx,0,8,B0,80,00,76,20,00,00,FE,
0,00000380,false,Rx,0,8,B0,80,00,76,20,00,00,FE,
0,00000588,false,Rx,0,8,0B,00,72,00,00,80,00,00,
0,00000380,false,Rx,0,8,B0,80,00,76,20,00,00,FE,
0,00000300,false,Rx,0,8,2B,00,1A,61,01,01,C8,00,
0,00000380,false,Rx,0,8,B0,80,00,76,20,00,00,FE,
0,00000300,false,Rx,0,8,2D,FF,32,25,00,00,25,00,
0,00000380,false,Rx,0,8,B0,80,00,76,20,00,00,FE,
0,00000380,false,Rx,0,8,B0,80,00,76,20,00,00,FE,
0,00000588,false,Rx,0,8,0B,00,72,00,00,80,00,00,
0,00000380,false,Rx,0,8,B0,80,00,76,20,00,00,FE,
0,00000380,false,Rx,0,8,B0,80,00,76,20,00,00,FE,
0,00000588,false,Rx,0,8,0B,00,72,00,00,80,00,00,
0,00000380,false,Rx,0,8,B0,80,00,76,20,00,00,FE,
0,00000380,false,Rx,0,8,B0,80,00,76,20,00,00,FE,
0,00000588,false,Rx,0,8,0B,00,72,00,00,80,00,00,
0,00000380,false,Rx,0,8,B0,80,00,76,20,00,00,FE,
0,00000380,false,Rx,0,8,B0,80,00,76,20,00,00,FE,
0,00000588,false,Rx,0,8,0B,00,72,00,00,80,00,00,
0,00000380,false,Rx,0,8,B0,80,00,76,20,00,00,FE,
644000,00000300,false,Rx,0,8,20,05,0A,37,14,32,80,10,
0,00000380,false,Rx,0,8,B0,80,00,76,20,00,00,FE,
0,00000300,false,Rx,0,8,12,00,25,00,00,25,00,00,
0,00000380,false,Rx,0,8,B0,80,00,76,20,00,00,FE,
0,00000380,false,Rx,0,8,B0,80,00,76,20,00,00,FE,
676000,00000588,false,Rx,0,8,0B,00,72,00,00,80,00,00,
0,00000380,false,Rx,0,8,B0,80,00,76,20,00,00,FE,
0,00000380,false,Rx,0,8,B0,80,00,76,20,00,00,FE,
0,00000588,false,Rx,0,8,0B,00,72,00,00,80,00,00,
0,00000380,false,Rx,0,8,B0,80,00,76,20,00,00,FE,
0,00000380,false,Rx,0,8,B0,80,00,76,20,00,00,FE,
0,00000588,false,Rx,0,8,0B,00,72,00,00,80,00,00,
0,00000380,false,Rx,0,8,B0,80,00,76,20,00,00,FE,
0,00000380,false,Rx,0,8,B0,80,00,76,20,00,00,FE,
0,00000588,false,Rx,0,8,0B,00,72,00,00,80,00,00,
0,00000380,false,Rx,0,8,B0,80,00,76,20,00,00,FE,
0,00000300,false,Rx,0,1,BA,00,00,00,00,00,00,00,
0,00000380,false,Rx,0,8,B0,80,00,76,20,00,00,FE,
0,00000300,false,Rx,0,8,24,05,0A,37,14,32,80,10,
0,00000380,false,Rx,0,8,B0,80,00,76,20,00,00,FE,
0,00000380,false,Rx,0,8,B0,80,00,76,20,00,00,FE,
774000,00000488,false,Rx,0,8,10,23,00,72,FE,FF,00,40,
0,00000588,false,Rx,0,8,0B,00,72,00,00,80,00,00,
0,00000380,false,Rx,0,8,B0,80,00,76,20,00,00,FE,
0,00000380,false,Rx,0,8,B0,80,00,76,20,00,00,FE,
0,00000588,false,Rx,0,8,0B,00,72,00,00,80,00,00,
0,00000380,false,Rx,0,8,B0,80,00,76,20,00,00,FE,
0,00000380,false,Rx,0,8,B0,80,00,76,20,00,00,FE,
819000,00000588,false,Rx,0,8,0B,00,72,00,00,80,00,00,
0,00000380,false,Rx,0,8,B0,80,00,76,20,00,00,FE,
0,00000380,false,Rx,0,8,B0,80,00,76,20,00,00,FE,
0,00000300,false,Rx,0,1,BB,00,00,00,00,00,00,00,
0,00000588,false,Rx,0,8,0B,00,72,00,00,80,00,00,
0,00000380,false,Rx,0,8,B0,80,00,76,20,00,00,FE,
844000,00000300,false,Rx,0,8,27,00,1A,61,01,01,C8,00,
0,00000380,false,Rx,0,8,B0,80,00,76,20,00,00,FE,
0,00000300,false,Rx,0,8,29,FF,32,25,00,00,25,00,
0,00000380,false,Rx,0,8,B0,80,00,76,20,00,00,FE,
0,00000380,false,Rx,0,8,B0,80,00,76,20,00,00,FE,
0,00000588,false,Rx,0,8,0B,00,72,00,00,80,00,00,
0,00000380,false,Rx,0,8,B0,80,00,76,20,00,00,FE,
0,00000380,false,Rx,0,8,B0,80,00,76,20,00,00,FE,
0,00000588,false,Rx,0,8,0B,00,72,00,00,80,00,00,
0,00000380,false,Rx,0,8,B0,80,00,76,20,00,00,FE,
0,00000380,false,Rx,0,8,B0,80,00,76,20,00,00,FE,
0,00000588,false,Rx,0,8,0B,00,72,00,00,80,00,00,
0,00000380,false,Rx,0,8,B0,80,00,76,20,00,00,FE,
0,00000380,false,Rx,0,8,B0,80,00,76,20,00,00,FE,
0,00000300,false,Rx,0,8,2B,00,1A,61,01,01,C8,00,
0,00000380,false,Rx,0,8,B0,80,00,76,20,00,00,FE,
0,00000380,false,Rx,0,8,B0,80,00,76,20,00,00,FE,
0,00000300,false,Rx,0,8,1E,00,25,00,00,25,00,00,
0,00000588,false,Rx,0,8,0B,00,72,00,00,80,00,00,
0,00000380,false,Rx,0,8,B0,80,00,76,20,00,00,FE,
0,00000380,false,Rx,0,8,B0,80,00,76,20,00,00,FE,
0,00000588,false,Rx,0,8,0B,00,72,00,00,80,00,00,
0,00000380,false,Rx,0,8,B0,80,00,76,20,00,00,FE,
0,00000380,false,Rx,0,8,B0,80,00,76,20,00,00,FE,
0,00000588,false,Rx,0,8,0B,00,72,00,00,80,00,00,
0,00000380,false,Rx,0,8,B0,80,00,76,20,00,00,FE,
0,00000380,false,Rx,0,8,B0,80,00,76,20,00,00,FE,
0,00000588,false,Rx,0,8,0B,00,72,00,00,80,00,00,
0,00000380,false,Rx,0,8,B0,80,00,76,20,00,00,FE,
0,00000380,false,Rx,0,8,B0,80,00,76,20,00,00,FE,
0,00000588,false,Rx,0,8,0B,00,72,00,00,80,00,00,
0,00000380,false,Rx,0,8,B0,80,00,76,20,00,00,FE,
0,00000300,false,Rx,0,8,12,00,25,00,00,25,00,00,
0,00000380,false,Rx,0,8,B0,80,00,76,20,00,00,FE,
57000,00000588,false,Rx,0,8,0B,00,72,00,00,80,00,00,
0,00000380,false,Rx,0,8,B0,80,00,76,20,00,00,FE,
0,00000380,false,Rx,0,8,B0,80,00,76,20,00,00,FE,
0,00000588,false,Rx,0,8,0B,00,72,00,00,80,00,00,
0,00000380,false,Rx,0,8,B0,80,00,76,20,00,00,FE,
0,00000380,false,Rx,0,8,B0,80,00,76,20,00,00,FE,
0,00000588,false,Rx,0,8,0B,00,72,00,00,80,00,00,
0,00000380,false,Rx,0,8,B0,80,00,76,20,00,00,FE,
0,00000380,false,Rx,0,8,B0,80,00,76,20,00,00,FE,
0,00000740,false,Rx,0,5,1D,00,02,21,01,00,00,00,
0,00000300,false,Rx,0,1,BE,00,00,00,00,00,00,00,
0,00000380,false,Rx,0,8,B0,80,00,76,20,00,00,FE,
0,00000300,false,Rx,0,8,23,00,1A,61,01,01,C8,00,
0,00000380,false,Rx,0,8,B0,80,00,76,20,00,00,FE,
0,00000300,false,Rx,0,8,25,FF,32,25,00,00,25,00,
0,00000380,false,Rx,0,8,B0,80,00,76,20,00,00,FE,
0,00000380,false,Rx,0,8,B0,80,00,76,20,00,00,FE,
0,00000588,false,Rx,0,8,0B,00,72,00,00,80,00,00,
0,00000380,false,Rx,0,8,B0,80,00,76,20,00,00,FE,
0,00000380,false,Rx,0,8,B0,80,00,76,20,00,00,FE,
0,00000588,false,Rx,0,8,0B,00,72,00,00,80,00,00,
0,00000380,false,Rx,0,8,B0,80,00,76,20,00,00,FE,
0,00000380,false,Rx,0,8,B0,80,00,76,20,00,00,FE,
200000,00000588,false,Rx,0,8,0B,00,72,00,00,80,00,00,
0,00000380,false,Rx,0,8,B0,80,00,76,20,00,00,FE,
0,00000380,false,Rx,0,8,B0,80,00,76,20,00,00,FE,
0,00000300,false,Rx,0,8,27,00,1A,61,01,01,C8,00,
0,00000380,false,Rx,0,8,B0,80,00,76,20,00,00,FE,
0,00000380,false,Rx,0,8,B0,80,00,76,20,00,00,FE,
0,00000300,false,Rx,0,8,1A,00,25,00,00,25,00,00,
0,00000588,false,Rx,0,8,0B,00,72,00,00,80,00,00,
0,00000380,false,Rx,0,8,B0,80,00,76,20,00,00,FE,
0,00000380,false,Rx,0,8,B0,80,00,76,20,00,00,FE,
0,00000588,false,Rx,0,8,0B,00,72,00,00,80,00,00,
0,00000380,false,Rx,0,8,B0,80,00,76,20,00,00,FE,
0,00000380,false,Rx,0,8,B0,80,00,76,20,00,00,FE,
0,00000588,false,Rx,0,8,0B,00,72,00,00,80,00,00,
0,00000380,false,Rx,0,8,B0,80,00,76,20,00,00,FE,
0,00000380,false,Rx,0,8,B0,80,00,76,20,00,00,FE,
0,00000588,false,Rx,0,8,0B,00,72,00,00,80,00,00,
0,00000380,false,Rx,0,8,B0,80,00,76,20,00,00,FE,
0,00000380,false,Rx,0,8,B0,80,00,76,20,00,00,FE,
0,00000588,false,Rx,0,8,0B,00,72,00,00,80,00,00,
0,00000380,false,Rx,0,8,B0,80,00,76,20,00,00,FE,
0,00000300,false,Rx,0,1,B0,00,00,00,00,00,00,00,
0,00000380,false,Rx,0,8,B0,80,00,76,20,00,00,FE,
0,00000300,false,Rx,0,8,2B,00,1A,61,01,01,C8,00,
0,00000588,false,Rx,0,8,0B,00,72,00,00,80,00,00,
0,00000380,false,Rx,0,8,B0,80,00,76,20,00,00,FE,
0,00000380,false,Rx,0,8,B0,80,00,76,20,00,00,FE,
0,00000588,false,Rx,0,8,0B,00,72,00,00,80,00,00,
0,00000380,false,Rx,0,8,B0,80,00,76,20,00,00,FE,
0,00000380,false,Rx,0,8,B0,80,00,76,20,00,00,FE,
380000,00000588,false,Rx,0,8,0B,00,72,00,00,80,00,00,
0,00000380,false,Rx,0,8,B0,80,00,76,20,00,00,FE,
0,00000380,false,Rx,0,8,B0,80,00,76,20,00,00,FE,
0,00000588,false,Rx,0,8,0B,00,72,00,00,80,00,00,
0,00000380,false,Rx,0,8,B0,80,00,76,20,00,00,FE,
0,00000380,false,Rx,0,8,B0,80,00,76,20,00,00,FE,
0,00000284,false,Rx,0,6,0B,0B,00,00,00,00,00,00,
0,00000380,false,Rx,0,8,B0,80,00,76,20,00,00,FE,
425000,00000300,false,Rx,0,8,20,05,0A,37,14,32,80,10,
0,00000380,false,Rx,0,8,B0,80,00,76,20,00,00,FE,
0,00000300,false,Rx,0,8,12,00,25,00,00,25,00,00,
0,00000380,false,Rx,0,8,B0,80,00,76,20,00,00,FE,
0,00000380,false,Rx,0,8,B0,80,00,76,20,00,00,FE,
0,00000588,false,Rx,0,8,0B,00,72,00,00,80,00,00,
0,00000380,false,Rx,0,8,B0,80,00,76,20,00,00,FE,
0,00000380,false,Rx,0,8,B0,80,00,76,20,00,00,FE,
0,00000588,false,Rx,0,8,0B,00,72,00,00,80,00,00,
0,00000380,false,Rx,0,8,B0,80,00,76,20,00,00,FE,
0,00000380,false,Rx,0,8,B0,80,00,76,20,00,00,FE,
0,00000588,false,Rx,0,8,0B,00,72,00,00,80,00,00,
0,00000380,false,Rx,0,8,B0,80,00,76,20,00,00,FE,
0,00000380,false,Rx,0,8,B0,80,00,76,20,00,00,FE,
0,00000300,false,Rx,0,8,23,00,1A,61,01,01,C8,00,
0,00000588,false,Rx,0,8,0B,00,72,00,00,80,00,00,
0,00000380,false,Rx,0,8,B0,80,00,76,20,00,00,FE,
0,00000380,false,Rx,0,8,B0,80,00,76,20,00,00,FE,
0,00000588,false,Rx,0,8,0B,00,72,00,00,80,00,00,
0,00000380,false,Rx,0,8,B0,80,00,76,20,00,00,FE,
0,00000380,false,Rx,0,8,B0,80,00,76,20,00,00,FE,
0,00000588,false,Rx,0,8,0B,00,72,00,00,80,00,00,
0,00000380,false,Rx,0,8,B0,80,00,76,20,00,00,FE,
0,00000380,false,Rx,0,8,B0,80,00,76,20,00,00,FE,
581000,00000588,false,Rx,0,8,0B,00,72,00,00,80,00,00,
0,00000380,false,Rx,0,8,B0,80,00,76,20,00,00,FE,
0,00000380,false,Rx,0,8,B0,80,00,76,20,00,00,FE,
0,00000588,false,Rx,0,8,0B,00,72,00,00,80,00,00,
0,00000380,false,Rx,0,8,B0,80,00,76,20,00,00,FE,
0,00000300,false,Rx,0,8,27,00,1A,61,01,01,C8,00,
0,00000380,false,Rx,0,8,B0,80,00,76,20,00,00,FE,
0,00000300,false,Rx,0,8,29,FF,32,25,00,00,25,00,
0,00000380,false,Rx,0,8,B0,80,00,76,20,00,00,FE,
0,00000380,false,Rx,0,8,B0,80,00,76,20,00,00,FE,
0,00000588,false,Rx,0,8,0B,00,72,00,00,80,00,00,
0,00000380,false,Rx,0,8,B0,80,00,76,20,00,00,FE,
0,00000380,false,Rx,0,8,B0,80,00,76,20,00,00,FE,
0,00000588,false,Rx,0,8,0B,00,72,00,00,80,00,00,
0,00000380,false,Rx,0,8,B0,80,00,76,20,00,00,FE,
0,00000380,false,Rx,0,8,B0,80,00,76,20,00,00,FE,
0,00000588,false,Rx,0,8,0B,00,72,00,00,80,00,00,
0,00000380,false,Rx,0,8,B0,80,00,76,20,00,00,FE,
0,00000380,false,Rx,0,8,B0,80,00,76,20,00,00,FE,
0,00000300,false,Rx,0,8,2B,00,1A,61,01,01,C8,00,
0,00000380,false,Rx,0,8,B0,80,00,76,20,00,00,FE,
0,00000380,false,Rx,0,8,B0,80,00,76,20,00,00,FE,
0,00000300,false,Rx,0,8,1E,00,25,00,00,25,00,00,
0,00000588,false,Rx,0,8,0B,00,72,00,00,80,00,00,
0,00000380,false,Rx,0,8,B0,80,00,76,20,00,00,FE,
0,00000380,false,Rx,0,8,B0,80,00,76,20,00,00,FE,
0,00000588,false,Rx,0,8,0B,00,72,00,00,80,00,00,
0,00000380,false,Rx,0,8,B0,80,00,76,20,00,00,FE,
0,00000380,false,Rx,0,8,B0,80,00,76,20,00,00,FE,
761000,00000588,false,Rx,0,8,0B,00,72,00,00,80,00,00,
0,00000380,false,Rx,0,8,B0,80,00,76,20,00,00,FE,
0,00000380,false,Rx,0,8,B0,80,00,76,20,00,00,FE,
0,00000588,false,Rx,0,8,0B,00,72,00,00,80,00,00,
0,00000380,false,Rx,0,8,B0,80,00,76,20,00,00,FE,
786000,00000740,false,Rx,0,5,14,00,02,21,01,00,00,00,
0,00000380,false,Rx,0,8,B0,80,00,76,20,00,00,FE,
0,00000300,false,Rx,0,8,2F,00,1A,61,01,01,C8,00,
0,00000588,false,Rx,0,8,0B,00,72,00,00,80,00,00,
0,00000380,false,Rx,0,8,B0,80,00,76,20,00,00,FE,
0,00000380,false,Rx,0,8,B0,80,00,76,20,00,00,FE,
0,00000284,false,Rx,0,6,0F,0F,00,00,00,00,00,00,
0,00000740,false,Rx,0,1,B3,00,00,00,00,00,00,00,
0,00000380,false,Rx,0,8,B0,80,00,76,20,00,00,FE,
0,00000380,false,Rx,0,8,B0,80,00,76,20,00,00,FE,
0,00000588,false,Rx,0,8,0B,00,72,00,00,80,00,00,
0,00000380,false,Rx,0,8,B0,80,00,76,20,00,00,FE,
0,00000380,false,Rx,0,8,B0,80,00,76,20,00,00,FE,
0,00000284,false,Rx,0,6,01,01,00,00,00,00,00,00,
0,00000380,false,Rx,0,8,B0,80,00,76,20,00,00,FE,
0,00000380,false,Rx,0,8,B0,80,00,76,20,00,00,FE,
0,00000588,false,Rx,0,8,0B,00,72,00,00,80,00,00,
0,00000380,false,Rx,0,8,B0,80,00,76,20,00,00,FE,
0,00000288,false,Rx,0,8,64,5B,D5,00,00,6B,57,8C,
0,00000300,false,Rx,0,6,A1,0F,8A,FF,4A,FF,00,00,
0,00000588,false,Rx,0,8,0B,00,72,00,00,80,00,00,
0,00000380,false,Rx,0,8,B0,80,00,76,20,00,00,FE,
0,00000380,false,Rx,0,8,B0,80,00,76,20,00,00,FE,
0,00000300,false,Rx,0,8,23,00,1A,61,01,01,C8,00,
0,00000588,false,Rx,0,8,0B,00,72,00,00,80,00,00,
0,00000380,false,Rx,0,8,B0,80,00,76,20,00,00,FE,
0,00000380,false,Rx,0,8,B0,80,00,76,20,00,00,FE,
0,00000284,false,Rx,0,6,05,05,00,00,00,00,00,00,
0,00000740,false,Rx,0,1,B7,00,00,00,00,00,00,00,
0,00000380,false,Rx,0,8,B0,80,00,76,20,00,00,FE,
0,00000380,false,Rx,0,8,B0,80,00,76,20,00,00,FE,
0,00000284,false,Rx,0,6,06,06,00,00,00,00,00,00,
0,00000380,false,Rx,0,8,B0,80,00,76,20,00,00,FE,
0,00000380,false,Rx,0,8,B0,80,00,76,20,00,00,FE,
0,00000284,false,Rx,0,6,07,07,00,00,00,00,00,00,
0,00000380,false,Rx,0,8,B0,80,00,76,20,00,00,FE,
0,00000380,false,Rx,0,8,B0,80,00,76,20,00,00,FE,
0,00000284,false,Rx,0,6,08,08,00,00,00,00,00,00,
0,00000380,false,Rx,0,8,B0,80,00,76,20,00,00,FE,
0,00000300,false,Rx,0,1,B7,00,00,00,00,00,00,00,
0,00000300,false,Rx,0,8,27,00,1A,61,01,01,C8,00,
0,00000488,false,Rx,0,8,50,23,00,72,FE,FF,00,00,
0,00000588,false,Rx,0,8,0B,00,72,00,00,80,00,00,
0,00000380,false,Rx,0,8,B0,80,00,76,20,00,00,FE,
0,00000380,false,Rx,0,8,B0,80,00,76,20,00,00,FE,
0,00000284,false,Rx,0,6,0A,0A,00,00,00,00,00,00,
0,00000740,false,Rx,0,1,BB,00,00,00,00,00,00,00,
0,00000380,false,Rx,0,8,B0,80,00,76,20,00,00,FE,
0,00000380,false,Rx,0,8,B0,80,00,76,20,00,00,FE,
0,00000284,false,Rx,0,6,0B,0B,00,00,00,00,00,00,
0,00000380,false,Rx,0,8,B0,80,00,76,20,00,00,FE,
0,00000380,false,Rx,0,8,B0,80,00,76,20,00,00,FE,
0,00000284,false,Rx,0,6,0C,0C,00,00,00,00,00,00,
0,00000380,false,Rx,0,8,B0,80,00,76,20,00,00,FE,
0,00000380,false,Rx,0,8,B0,80,00,76,20,00,00,FE,
0,00000740,false,Rx,0,5,17,00,02,21,01,00,00,00,
0,00000588,false,Rx,0,8,0B,00,72,00,00,80,00,00,
0,00000300,false,Rx,0,8,2B,00,1A,61,01,01,C8,00,
0,00000488,false,Rx,0,8,3F,23,00,72,FE,FF,FF,90,
0,00000380,false,Rx,0,8,B0,80,00,76,20,00,00,FE,
0,00000284,false,Rx,0,6,0E,0E,00,00,00,00,00,00,
0,00000588,false,Rx,0,8,0B,00,72,00,00,80,00,00,
0,00000380,false,Rx,0,8,B0,80,00,76,20,00,00,FE,
0,00000380,false,Rx,0,8,B0,80,00,76,20,00,00,FE,
0,00000284,false,Rx,0,6,0F,0F,00,00,00,00,00,00,
0,00000380,false,Rx,0,8,B0,80,00,76,20,00,00,FE,
0,00000380,false,Rx,0,8,B0,80,00,76,20,00,00,FE,
0,00000284,false,Rx,0,6,00,00,00,00,00,00,00,00,
0,00000380,false,Rx,0,8,B0,80,00,76,20,00,00,FE,
0,00000380,false,Rx,0,8,B0,80,00,76,20,00,00,FE,
0,00000284,false,Rx,0,6,01,01,00,00,00,00,00,00,
0,00000380,false,Rx,0,8,B0,80,00,76,20,00,00,FE,
0,00000380,false,Rx,0,8,B0,80,00,76,20,00,00,FE,
0,00000588,false,Rx,0,8,0B,00,72,00,00,80,00,00,
0,00000300,false,Rx,0,8,20,05,0A,37,14,32,80,10,
208000,00000488,false,Rx,0,8,60,23,00,72,FE,FF,00,30,
0,00000380,false,Rx,0,8,B0,80,00,76,20,00,00,FE,
0,00000284,false,Rx,0,6,03,03,00,00,00,00,00,00,
0,00000588,false,Rx,0,8,0B,00,72,00,00,80,00,00,
0,00000380,false,Rx,0,8,B0,80,00,76,20,00,00,FE,
0,00000380,false,Rx,0,8,B0,80,00,76,20,00,00,FE,
0,00000284,false,Rx,0,6,04,04,00,00,00,00,00,00,
0,00000380,false,Rx,0,8,B0,80,00,76,20,00,00,FE,
0,00000380,false,Rx,0,8,B0,80,00,76,20,00,00,FE,
0,00000284,false,Rx,0,6,05,05,00,00,00,00,00,00,
0,00000380,false,Rx,0,8,B0,80,00,76,20,00,00,FE,
0,00000380,false,Rx,0,8,B0,80,00,76,20,00,00,FE,
0,00000284,false,Rx,0,6,06,06,00,00,00,00,00,00,
0,00000300,false,Rx,0,1,BA,00,00,00,00,00,00,00,
0,00000488,false,Rx,0,8,1F,23,00,72,FE,FF,FF,B0,
0,00000380,false,Rx,0,8,B0,80,00,76,20,00,00,FE,
0,00000284,false,Rx,0,6,07,07,00,00,00,00,00,00,
0,00000588,false,Rx,0,8,0B,00,72,00,00,80,00,00,
0,00000380,false,Rx,0,8,B0,80,00,76,20,00,00,FE,
0,00000380,false,Rx,0,8,B0,80,00,76,20,00,00,FE,
0,00000284,false,Rx,0,6,08,08,00,00,00,00,00,00,
0,00000380,false,Rx,0,8,B0,80,00,76,20,00,00,FE,
0,00000380,false,Rx,0,8,B0,80,00,76,20,00,00,FE,
0,00000284,false,Rx,0,6,09,09,00,00,00,00,00,00,
0,00000380,false,Rx,0,8,B0,80,00,76,20,00,00,FE,
0,00000380,false,Rx,0,8,B0,80,00,76,20,00,00,FE,
0,00000284,false,Rx,0,6,0A,0A,00,00,00,00,00,00,
0,00000380,false,Rx,0,8,B0,80,00,76,20,00,00,FE,
0,00000380,false,Rx,0,8,B0,80,00,76,20,00,00,FE,
0,00000284,false,Rx,0,6,0B,0B,00,00,00,00,00,00,
0,00000300,false,Rx,0,8,27,00,1A,61,01,01,C8,00,
0,00000488,false,Rx,0,8,FF,23,00,72,FE,FF,FF,50,
0,00000380,false,Rx,0,8,B0,80,00,76,20,00,00,FE,
0,00000284,false,Rx,0,6,0C,0C,00,00,00,00,00,00,
0,00000588,false,Rx,0,8,0B,00,72,00,00,80,00,00,
0,00000380,false,Rx,0,8,B0,80,00,76,20,00,00,FE,
0,00000380,false,Rx,0,8,B0,80,00,76,20,00,00,FE,
0,00000284,false,Rx,0,6,0D,0D,00,00,00,00,00,00,
0,00000380,false,Rx,0,8,B0,80,00,76,20,00,00,FE,
0,00000380,false,Rx,0,8,B0,80,00,76,20,00,00,FE,
0,00000284,false,Rx,0,6,0E,0E,00,00,00,00,00,00,
0,00000380,false,Rx,0,8,B0,80,00,76,20,00,00,FE,
0,00000380,false,Rx,0,8,B0,80,00,76,20,00,00,FE,
0,00000284,false,Rx,0,6,0F,0F,00,00,00,00,00,00,
0,00000380,false,Rx,0,8,B0,80,00,76,20,00,00,FE,
0,00000380,false,Rx,0,8,B0,80,00,76,20,00,00,FE,
0,00000488,false,Rx,0,8,4F,23,00,72,FE,FF,FF,E0,
0,00000284,false,Rx,0,6,00,00,00,00,00,00,00,00,
0,00000380,false,Rx,0,8,B0,80,00,76,20,00,00,FE,
0,00000300,false,Rx,0,8,2B,00,1A,61,01,01,C8,00,
0,00000488,false,Rx,0,8,50,23,00,72,FE,FF,00,00,
0,00000588,false,Rx,0,8,0B,00,72,00,00,80,00,00,
0,00000380,false,Rx,0,8,B0,80,00,76,20,00,00,FE,
0,00000380,false,Rx,0,8,B0,80,00,76,20,00,00,FE,
0,00000284,false,Rx,0,6,02,02,00,00,00,00,00,00,
0,00000740,false,Rx,0,1,BF,00,00,00,00,00,00,00,
0,00000380,false,Rx,0,8,B0,80,00,76,20,00,00,FE,
0,00000380,false,Rx,0,8,B0,80,00,76,20,00,00,FE,
0,00000284,false,Rx,0,6,03,03,00,00,00,00,00,00,
0,00000380,false,Rx,0,8,B0,80,00,76,20,00,00,FE,
0,00000380,false,Rx,0,8,B0,80,00,76,20,00,00,FE,
0,00000284,false,Rx,0,6,04,04,00,00,00,00,00,00,
0,00000380,false,Rx,0,8,B0,80,00,76,20,00,00,FE,
0,00000380,false,Rx,0,8,B0,80,00,76,20,00,00,FE,
0,00000588,false,Rx,0,8,0B,00,72,00,00,80,00,00,
0,00000300,false,Rx,0,1,BD,00,00,00,00,00,00,00,
0,00000488,false,Rx,0,8,3F,23,00,72,FE,FF,FF,90,
0,00000380,false,Rx,0,8,B0,80,00,76,20,00,00,FE,
0,00000284,false,Rx,0,6,06,06,00,00,00,00,00,00,
0,00000588,false,Rx,0,8,0B,00,72,00,00,80,00,00,
0,00000380,false,Rx,0,8,B0,80,00,76,20,00,00,FE,
0,00000380,false,Rx,0,8,B0,80,00,76,20,00,00,FE,
0,00000588,false,Rx,0,8,0B,00,72,00,00,80,00,00,
0,00000380,false,Rx,0,8,B0,80,00,76,20,00,00,FE,
0,00000380,false,Rx,0,8,B0,80,00,76,20,00,00,FE,
0,00000284,false,Rx,0,6,08,08,00,00,00,00,00,00,
0,00000380,false,Rx,0,8,B0,80,00,76,20,00,00,FE,
0,00000380,false,Rx,0,8,B0,80,00,76,20,00,00,FE,
0,00000284,false,Rx,0,6,09,09,00,00,00,00,00,00,
0,00000380,false,Rx,0,8,B0,80,00,76,20,00,00,FE,
0,00000380,false,Rx,0,8,B0,80,00,76,20,00,00,FE,
0,00000488,false,Rx,0,8,70,23,00,72,FE,FF,00,20,
0,00000284,false,Rx,0,6,0A,0A,00,00,00,00,00,00,
0,00000300,false,Rx,0,8,23,00,1A,61,01,01,C8,00,
0,00000488,false,Rx,0,8,60,23,00,72,FE,FF,00,30,
0,00000380,false,Rx,0,8,B0,80,00,76,20,00,00,FE,
0,00000284,false,Rx,0,6,0B,0B,00,00,00,00,00,00,
0,00000588,false,Rx,0,8,0B,00,72,00,00,80,00,00,
0,00000380,false,Rx,0,8,B0,80,00,76,20,00,00,FE,
0,00000380,false,Rx,0,8,B0,80,00,76,20,00,00,FE,
0,00000284,false,Rx,0,6,0C,0C,00,00,00,00,00,00,
0,00000380,false,Rx,0,8,B0,80,00,76,20,00,00,FE,
0,00000380,false,Rx,0,8,B0,80,00,76,20,00,00,FE,
0,00000284,false,Rx,0,6,0D,0D,00,00,00,00,00,00,
0,00000380,false,Rx,0,8,B0,80,00,76,20,00,00,FE,
0,00000380,false,Rx,0,8,B0,80,00,76,20,00,00,FE,
0,00000588,false,Rx,0,8,0B,00,72,00,00,80,00,00,
0,00000380,false,Rx,0,8,B0,80,00,76,20,00,00,FE,
0,00000300,false,Rx,0,8,27,00,1A,61,01,01,C8,00,
0,00000488,false,Rx,0,8,6F,23,00,72,FE,FF,FF,C0,
0,00000588,false,Rx,0,8,0B,00,72,00,00,80,00,00,
0,00000380,false,Rx,0,8,B0,80,00,76,20,00,00,FE,
0,00000380,false,Rx,0,8,B0,80,00,76,20,00,00,FE,
0,00000284,false,Rx,0,6,00,00,00,00,00,00,00,00,
0,00000740,false,Rx,0,1,BB,00,00,00,00,00,00,00,
0,00000380,false,Rx,0,8,B0,80,00,76,20,00,00,FE,
0,00000380,false,Rx,0,8,B0,80,00,76,20,00,00,FE,
0,00000284,false,Rx,0,6,01,01,00,00,00,00,00,00,
0,00000380,false,Rx,0,8,B0,80,00,76,20,00,00,FE,
0,00000380,false,Rx,0,8,B0,80,00,76,20,00,00,FE,
0,00000588,false,Rx,0,8,0B,00,72,00,00,80,00,00,
0,00000380,false,Rx,0,8,B0,80,00,76,20,00,00,FE,
0,00000380,false,Rx,0,8,B0,80,00,76,20,00,00,FE,
0,00000588,false,Rx,0,8,0B,00,72,00,00,80,00,00,
0,00000380,false,Rx,0,8,B0,80,00,76,20,00,00,FE,
0,00000380,false,Rx,0,8,B0,80,00,76,20,00,00,FE,
0,00000284,false,Rx,0,6,04,04,00,00,00,00,00,00,
0,00000300,false,Rx,0,8,1E,00,25,00,00,25,00,00,
0,00000488,false,Rx,0,8,DF,23,00,72,FE,FF,FF,70,
0,00000380,false,Rx,0,8,B0,80,00,76,20,00,00,FE,
0,00000588,false,Rx,0,8,0B,00,72,00,00,80,00,00,
0,00000380,false,Rx,0,8,B0,80,00,76,20,00,00,FE,
0,00000380,false,Rx,0,8,B0,80,00,76,20,00,00,FE,
0,00000588,false,Rx,0,8,0B,00,72,00,00,80,00,00,
0,00000380,false,Rx,0,8,B0,80,00,76,20,00,00,FE,
0,00000380,false,Rx,0,8,B0,80,00,76,20,00,00,FE,
945000,00000588,false,Rx,0,8,0B,00,72,00,00,80,00,00,
0,00000380,false,Rx,0,8,B0,80,00,76,20,00,00,FE,
0,00000300,false,Rx,0,1,B1,00,00,00,00,00,00,00,
0,00000488,false,Rx,0,8,4F,23,00,72,FE,FF,FF,E0,
0,00000588,false,Rx,0,8,0B,00,72,00,00,80,00,00,
0,00000380,false,Rx,0,8,B0,80,00,76,20,00,00,FE,
0,00000380,false,Rx,0,8,B0,80,00,76,20,00,00,FE,
0,00000588,false,Rx,0,8,0B,00,72,00,00,80,00,00,
0,00000380,false,Rx,0,8,B0,80,00,76,20,00,00,FE,
0,00000380,false,Rx,0,8,B0,80,00,76,20,00,00,FE,
0,00000588,false,Rx,0,8,0B,00,72,00,00,80,00,00,
0,00000380,false,Rx,0,8,B0,80,00,76,20,00,00,FE,
0,00000380,false,Rx,0,8,B0,80,00,76,20,00,00,FE,
0,00000588,false,Rx,0,8,0B,00,72,00,00,80,00,00,
0,00000380,false,Rx,0,8,B0,80,00,76,20,00,00,FE,
0,00000380,false,Rx,0,8,B0,80,00,76,20,00,00,FE,
0,00000588,false,Rx,0,8,0B,00,72,00,00,80,00,00,
0,00000380,false,Rx,0,8,B0,80,00,76,20,00,00,FE,
0,00000380,false,Rx,0,8,B0,80,00,76,20,00,00,FE,
0,00000740,false,Rx,0,1,A3,00,00,00,00,00,00,00,
0,00000284,false,Rx,0,6,0D,0D,00,00,00,00,00,00,
0,00000380,false,Rx,0,8,B0,80,00,76,20,00,00,FE,
0,00000380,false,Rx,0,8,B0,80,00,76,20,00,00,FE,
0,00000588,false,Rx,0,8,0B,00,72,00,00,80,00,00,
0,00000380,false,Rx,0,8,B0,80,00,76,20,00,00,FE,
0,00000300,false,Rx,0,8,16,00,25,00,00,25,00,00,
0,00000488,false,Rx,0,8,6F,23,00,72,FE,FF,FF,C0,
0,00000588,false,Rx,0,8,0B,00,72,00,00,80,00,00,
0,00000380,false,Rx,0,8,B0,80,00,76,20,00,00,FE,
0,00000380,false,Rx,0,8,B0,80,00,76,20,00,00,FE,
125000,00000588,false,Rx,0,8,0B,00,72,00,00,80,00,00,
0,00000380,false,Rx,0,8,B0,80,00,76,20,00,00,FE,
0,00000380,false,Rx,0,8,B0,80,00,76,20,00,00,FE,
0,00000588,false,Rx,0,8,0B,00,72,00,00,80,00,00,
0,00000380,false,Rx,0,8,B0,80,00,76,20,00,00,FE,
0,00000380,false,Rx,0,8,B0,80,00,76,20,00,00,FE,
0,00000588,false,Rx,0,8,0B,00,72,00,00,80,00,00,
0,00000300,false,Rx,0,8,27,00,1A,61,01,01,C8,00,
0,00000488,false,Rx,0,8,60,23,00,72,FE,FF,00,30,
0,00000380,false,Rx,0,8,B0,80,00,76,20,00,00,FE,
0,00000588,false,Rx,0,8,0B,00,72,00,00,80,00,00,
0,00000380,false,Rx,0,8,B0,80,00,76,20,00,00,FE,
0,00000380,false,Rx,0,8,B0,80,00,76,20,00,00,FE,
0,00000588,false,Rx,0,8,0B,00,72,00,00,80,00,00,
0,00000380,false,Rx,0,8,B0,80,00,76,20,00,00,FE,
0,00000380,false,Rx,0,8,B0,80,00,76,20,00,00,FE,
0,00000588,false,Rx,0,8,0B,00,72,00,00,80,00,00,
0,00000380,false,Rx,0,8,B0,80,00,76,20,00,00,FE,
0,00000380,false,Rx,0,8,B0,80,00,76,20,00,00,FE,
0,00000588,false,Rx,0,8,0B,00,72,00,00,80,00,00,
0,00000380,false,Rx,0,8,B0,80,00,76,20,00,00,FE,
0,00000380,false,Rx,0,8,B0,80,00,76,20,00,00,FE,
0,00000588,false,Rx,0,8,0B,00,72,00,00,80,00,00,
0,00000380,false,Rx,0,8,B0,80,00,76,20,00,00,FE,
0,00000300,false,Rx,0,8,1E,00,25,00,00,25,00,00,
0,00000488,false,Rx,0,8,4F,23,00,72,FE,FF,FF,E0,
0,00000588,false,Rx,0,8,0B,00,72,00,00,80,00,00,
0,00000380,false,Rx,0,8,B0,80,00,76,20,00,00,FE,
0,00000380,false,Rx,0,8,B0,80,00,76,20,00,00,FE,
0,00000588,false,Rx,0,8,0B,00,72,00,00,80,00,00,
0,00000380,false,Rx,0,8,B0,80,00,76,20,00,00,FE,
0,00000380,false,Rx,0,8,B0,80,00,76,20,00,00,FE,
326000,00000588,false,Rx,0,8,0B,00,72,00,00,80,00,00,
0,00000380,false,Rx,0,8,B0,80,00,76,20,00,00,FE,
0,00000380,false,Rx,0,8,B0,80,00,76,20,00,00,FE,
0,00000588,false,Rx,0,8,0B,00,72,00,00,80,00,00,
0,00000380,false,Rx,0,8,B0,80,00,76,20,00,00,FE,
0,00000488,false,Rx,0,8,FF,23,00,72,FE,FF,FF,50,
0,00000300,false,Rx,0,8,2F,00,1A,61,01,01,C8,00,
0,00000488,false,Rx,0,8,CF,23,00,72,FE,FF,FF,60,
0,00000588,false,Rx,0,8,0B,00,72,00,00,80,00,00,
0,00000380,false,Rx,0,8,B0,80,00,76,20,00,00,FE,
0,00000380,false,Rx,0,8,B0,80,00,76,20,00,00,FE,
0,00000588,false,Rx,0,8,0B,00,72,00,00,80,00,00,
0,00000380,false,Rx,0,8,B0,80,00,76,20,00,00,FE,
0,00000380,false,Rx,0,8,B0,80,00,76,20,00,00,FE,
0,00000588,false,Rx,0,8,0B,00,72,00,00,80,00,00,
0,00000380,false,Rx,0,8,B0,80,00,76,20,00,00,FE,
0,00000380,false,Rx,0,8,B0,80,00,76,20,00,00,FE,
0,00000588,false,Rx,0,8,0B,00,72,00,00,80,00,00,
0,00000380,false,Rx,0,8,B0,80,00,76,20,00,00,FE,
0,00000380,false,Rx,0,8,B0,80,00,76,20,00,00,FE,
0,00000588,false,Rx,0,8,0B,00,72,00,00,80,00,00,
0,00000380,false,Rx,0,8,B0,80,00,76,20,00,00,FE,
0,00000380,false,Rx,0,8,B0,80,00,76,20,00,00,FE,
0,00000588,false,Rx,0,8,0B,00,72,00,00,80,00,00,
0,00000300,false,Rx,0,8,16,00,25,00,00,25,00,00,
0,00000488,false,Rx,0,8,BF,23,00,72,FE,FF,FF,10,
0,00000380,false,Rx,0,8,B0,80,00,76,20,00,00,FE,
0,00000588,false,Rx,0,8,0B,00,72,00,00,80,00,00,
0,00000380,false,Rx,0,8,B0,80,00,76,20,00,00,FE,
0,00000380,false,Rx,0,8,B0,80,00,76,20,00,00,FE,
506000,00000588,false,Rx,0,8,0B,00,72,00,00,80,00,00,
0,00000380,false,Rx,0,8,B0,80,00,76,20,00,00,FE,
0,00000380,false,Rx,0,8,B0,80,00,76,20,00,00,FE,
0,00000588,false,Rx,0,8,0B,00,72,00,00,80,00,00,
0,00000380,false,Rx,0,8,B0,80,00,76,20,00,00,FE,
0,00000380,false,Rx,0,8,B0,80,00,76,20,00,00,FE,
0,00000588,false,Rx,0,8,0B,00,72,00,00,80,00,00,
0,00000380,false,Rx,0,8,B0,80,00,76,20,00,00,FE,
0,00000300,false,Rx,0,8,1A,00,25,00,00,25,00,00,
0,00000488,false,Rx,0,8,0F,23,00,72,FE,FF,FF,A0,
0,00000588,false,Rx,0,8,0B,00,72,00,00,80,00,00,
0,00000380,false,Rx,0,8,B0,80,00,76,20,00,00,FE,
0,00000380,false,Rx,0,8,B0,80,00,76,20,00,00,FE,
0,00000588,false,Rx,0,8,0B,00,72,00,00,80,00,00,
0,00000380,false,Rx,0,8,B0,80,00,76,20,00,00,FE,
0,00000380,false,Rx,0,8,B0,80,00,76,20,00,00,FE,
0,00000588,false,Rx,0,8,0B,00,72,00,00,80,00,00,
0,00000380,false,Rx,0,8,B0,80,00,76,20,00,00,FE,
0,00000380,false,Rx,0,8,B0,80,00,76,20,00,00,FE,
0,00000588,false,Rx,0,8,0B,00,72,00,00,80,00,00,
0,00000380,false,Rx,0,8,B0,80,00,76,20,00,00,FE,
0,00000380,false,Rx,0,8,B0,80,00,76,20,00,00,FE,
0,00000588,false,Rx,0,8,0B,00,72,00,00,80,00,00,
0,00000380,false,Rx,0,8,B0,80,00,76,20,00,00,FE,
0,00000300,false,Rx,0,8,2C,05,0A,37,14,32,80,10,
0,00000488,false,Rx,0,8,10,23,00,72,FE,FF,00,40,
0,00000588,false,Rx,0,8,0B,00,72,00,00,80,00,00,
0,00000380,false,Rx,0,8,B0,80,00,76,20,00,00,FE,
0,00000380,false,Rx,0,8,B0,80,00,76,20,00,00,FE,
0,00000588,false,Rx,0,8,0B,00,72,00,00,80,00,00,
0,00000380,false,Rx,0,8,B0,80,00,76,20,00,00,FE,
0,00000380,false,Rx,0,8,B0,80,00,76,20,00,00,FE,
707000,00000588,false,Rx,0,8,0B,00,72,00,00,80,00,00,
0,00000380,false,Rx,0,8,B0,80,00,76,20,00,00,FE,
0,00000380,false,Rx,0,8,B0,80,00,76,20,00,00,FE,
0,00000588,false,Rx,0,8,0B,00,72,00,00,80,00,00,
0,00000380,false,Rx,0,8,B0,80,00,76,20,00,00,FE,
0,00000300,false,Rx,0,1,B9,00,00,00,00,00,00,00,
0,00000488,false,Rx,0,8,6F,23,00,72,FE,FF,FF,C0,
744000,00000588,false,Rx,0,8,0B,00,72,00,00,80,00,00,
0,00000380,false,Rx,0,8,B0,80,00,76,20,00,00,FE,
0,00000380,false,Rx,0,8,B0,80,00,76,20,00,00,FE,
0,00000588,false,Rx,0,8,0B,00,72,00,00,80,00,00,
0,00000380,false,Rx,0,8,B0,80,00,76,20,00,00,FE,
0,00000380,false,Rx,0,8,B0,80,00,76,20,00,00,FE,
0,00000588,false,Rx,0,8,0B,00,72,00,00,80,00,00,
0,00000380,false,Rx,0,8,B0,80,00,76,20,00,00,FE,
0,00000380,false,Rx,0,8,B0,80,00,76,20,00,00,FE,
0,00000588,false,Rx,0,8,0B,00,72,00,00,80,00,00,
0,00000380,false,Rx,0,8,B0,80,00,76,20,00,00,FE,
0,00000380,false,Rx,0,8,B0,80,00,76,20,00,00,FE,
0,00000588,false,Rx,0,8,0B,00,72,00,00,80,00,00,
0,00000380,false,Rx,0,8,B0,80,00,76,20,00,00,FE,
0,00000300,false,Rx,0,8,23,00,1A,61,01,01,C8,00,
0,00000488,false,Rx,0,8,CF,23,00,72,FE,FF,FF,60,
0,00000588,false,Rx,0,8,0B,00,72,00,00,80,00,00,
0,00000380,false,Rx,0,8,B0,80,00,76,20,00,00,FE,
0,00000380,false,Rx,0,8,B0,80,00,76,20,00,00,FE,
0,00000480,false,Rx,0,8,54,2C,00,00,19,41,00,20,
0,00000380,false,Rx,0,8,B0,80,00,76,20,00,00,FE,
0,00000380,false,Rx,0,8,B0,80,00,76,20,00,00,FE,
887000,00000588,false,Rx,0,8,0B,00,72,00,00,80,00,00,
0,00000380,false,Rx,0,8,B0,80,00,76,20,00,00,FE,
0,00000380,false,Rx,0,8,B0,80,00,76,20,00,00,FE,
0,00000588,false,Rx,0,8,0B,00,72,00,00,80,00,00,
0,00000380,false,Rx,0,8,B0,80,00,76,20,00,00,FE,
0,00000380,false,Rx,0,8,B0,80,00,76,20,00,00,FE,
924000,00000588,false,Rx,0,8,0B,00,72,00,00,80,00,00,
0,00000300,false,Rx,0,1,BB,00,00,00,00,00,00,00,
932000,00000488,false,Rx,0,8,5F,23,00,72,FE,FF,FF,F0,
0,00000380,false,Rx,0,8,B0,80,00,76,20,00,00,FE,
945000,00000588,false,Rx,0,8,0B,00,72,00,00,80,00,00,
0,00000380,false,Rx,0,8,B0,80,00,76,20,00,00,FE,
0,00000380,false,Rx,0,8,B0,80,00,76,20,00,00,FE,
0,00000588,false,Rx,0,8,0B,00,72,00,00,80,00,00,
0,00000380,false,Rx,0,8,B0,80,00,76,20,00,00,FE,
0,00000380,false,Rx,0,8,B0,80,00,76,20,00,00,FE,
0,00000588,false,Rx,0,8,0B,00,72,00,00,80,00,00,
0,00000380,false,Rx,0,8,B0,80,00,76,20,00,00,FE,
0,00000380,false,Rx,0,8,B0,80,00,76,20,00,00,FE,
0,00000588,false,Rx,0,8,0B,00,72,00,00,80,00,00,
0,00000380,false,Rx,0,8,B0,80,00,76,20,00,00,FE,
0,00000300,false,Rx,0,1,BC,00,00,00,00,00,00,00,
0,00000488,false,Rx,0,8,2F,23,00,72,FE,FF,FF,80,
0,00000588,false,Rx,0,8,0B,00,72,00,00,80,00,00,
0,00000300,false,Rx,0,8,2B,00,1A,61,01,01,C8,00,
0,00000488,false,Rx,0,8,3F,23,00,72,FE,FF,FF,90,
0,00000380,false,Rx,0,8,B0,80,00,76,20,00,00,FE,
0,00000588,false,Rx,0,8,0B,00,72,00,00,80,00,00,
0,00000380,false,Rx,0,8,B0,80,00,76,20,00,00,FE,
0,00000380,false,Rx,0,8,B0,80,00,76,20,00,00,FE,
68000,00000588,false,Rx,0,8,0B,00,72,00,00,80,00,00,
0,00000380,false,Rx,0,8,B0,80,00,76,20,00,00,FE,
0,00000380,false,Rx,0,8,B0,80,00,76,20,00,00,FE,
0,00000588,false,Rx,0,8,0B,00,72,00,00,80,00,00,
0,00000380,false,Rx,0,8,B0,80,00,76,20,00,00,FE,
0,00000380,false,Rx,0,8,B0,80,00,76,20,00,00,FE,
0,00000588,false,Rx,0,8,0B,00,72,00,00,80,00,00,
0,00000380,false,Rx,0,8,B0,80,00,76,20,00,00,FE,
0,00000380,false,Rx,0,8,B0,80,00,76,20,00,00,FE,
0,00000588,false,Rx,0,8,0B,00,72,00,00,80,00,00,
0,00000380,false,Rx,0,8,B0,80,00,76,20,00,00,FE,
0,00000300,false,Rx,0,8,12,00,25,00,00,25,00,00,
0,00000488,false,Rx,0,8,10,23,00,72,FE,FF,00,40,
0,00000588,false,Rx,0,8,0B,00,72,00,00,80,00,00,
0,00000380,false,Rx,0,8,B0,80,00,76,20,00,00,FE,
0,00000380,false,Rx,0,8,B0,80,00,76,20,00,00,FE,
0,00000588,false,Rx,0,8,0B,00,72,00,00,80,00,00,
0,00000380,false,Rx,0,8,B0,80,00,76,20,00,00,FE,
0,00000380,false,Rx,0,8,B0,80,00,76,20,00,00,FE,
0,00000588,false,Rx,0,8,0B,00,72,00,00,80,00,00,
0,00000380,false,Rx,0,8,B0,80,00,76,20,00,00,FE,
0,00000380,false,Rx,0,8,B0,80,00,76,20,00,00,FE,
0,00000588,false,Rx,0,8,0B,00,72,00,00,80,00,00,
0,00000380,false,Rx,0,8,B0,80,00,76,20,00,00,FE,
0,00000740,false,Rx,0,1,A3,00,00,00,00,00,00,00,
0,00000380,false,Rx,0,8,B0,80,00,76,20,00,00,FE,
0,00000588,false,Rx,0,8,0B,00,72,00,00,80,00,00,
0,00000300,false,Rx,0,1,BE,00,00,00,00,00,00,00,
0,00000300,false,Rx,0,8,23,00,1A,61,01,01,C8,00,
0,00000488,false,Rx,0,8,7F,23,00,72,FE,FF,FF,D0,
0,00000380,false,Rx,0,8,B0,80,00,76,20,00,00,FE,
0,00000588,false,Rx,0,8,0B,00,72,00,00,80,00,00,
0,00000380,false,Rx,0,8,B0,80,00,76,20,00,00,FE,
0,00000380,false,Rx,0,8,B0,80,00,76,20,00,00,FE,
268000,00000588,false,Rx,0,8,0B,00,72,00,00,80,00,00,
0,00000380,false,Rx,0,8,B0,80,00,76,20,00,00,FE,
0,00000380,false,Rx,0,8,B0,80,00,76,20,00,00,FE,
0,00000588,false,Rx,0,8,0B,00,72,00,00,80,00,00,
0,00000380,false,Rx,0,8,B0,80,00,76,20,00,00,FE,
0,00000380,false,Rx,0,8,B0,80,00,76,20,00,00,FE,
305000,00000588,false,Rx,0,8,0B,00,72,00,00,80,00,00,
0,00000380,false,Rx,0,8,B0,80,00,76,20,00,00,FE,
0,00000380,false,Rx,0,8,B0,80,00,76,20,00,00,FE,
0,00000588,false,Rx,0,8,0B,00,72,00,00,80,00,00,
0,00000300,false,Rx,0,8,28,05,0A,37,14,32,80,10,
334000,00000488,false,Rx,0,8,DF,23,00,72,FE,FF,FF,70,
0,00000380,false,Rx,0,8,B0,80,00,76,20,00,00,FE,
0,00000588,false,Rx,0,8,0B,00,72,00,00,80,00,00,
0,00000380,false,Rx,0,8,B0,80,00,76,20,00,00,FE,
0,00000380,false,Rx,0,8,B0,80,00,76,20,00,00,FE,
0,00000588,false,Rx,0,8,0B,00,72,00,00,80,00,00,
0,00000380,false,Rx,0,8,B0,80,00,76,20,00,00,FE,
0,00000380,false,Rx,0,8,B0,80,00,76,20,00,00,FE,
0,00000588,false,Rx,0,8,0B,00,72,00,00,80,00,00,
0,00000380,false,Rx,0,8,B0,80,00,76,20,00,00,FE,
0,00000380,false,Rx,0,8,B0,80,00,76,20,00,00,FE,
0,00000588,false,Rx,0,8,0B,00,72,00,00,80,00,00,
0,00000300,false,Rx,0,1,B0,00,00,00,00,00,00,00,
0,00000488,false,Rx,0,8,5F,23,00,72,FE,FF,FF,F0,
0,00000380,false,Rx,0,8,B0,80,00,76,20,00,00,FE,
0,00000588,false,Rx,0,8,0B,00,72,00,00,80,00,00,
0,00000380,false,Rx,0,8,B0,80,00,76,20,00,00,FE,
0,00000380,false,Rx,0,8,B0,80,00,76,20,00,00,FE,
449000,00000588,false,Rx,0,8,0B,00,72,00,00,80,00,00,
0,00000380,false,Rx,0,8,B0,80,00,76,20,00,00,FE,
0,00000380,false,Rx,0,8,B0,80,00,76,20,00,00,FE,
0,00000588,false,Rx,0,8,0B,00,72,00,00,80,00,00,
0,00000380,false,Rx,0,8,B0,80,00,76,20,00,00,FE,
0,00000380,false,Rx,0,8,B0,80,00,76,20,00,00,FE,
485000,00000588,false,Rx,0,8,0B,00,72,00,00,80,00,00,
0,00000380,false,Rx,0,8,B0,80,00,76,20,00,00,FE,
0,00000380,false,Rx,0,8,B0,80,00,76,20,00,00,FE,
0,00000588,false,Rx,0,8,0B,00,72,00,00,80,00,00,
0,00000300,false,Rx,0,1,B1,00,00,00,00,00,00,00,
0,00000300,false,Rx,0,8,2F,00,1A,61,01,01,C8,00,
0,00000380,false,Rx,0,8,B0,80,00,76,20,00,00,FE,
526000,00000588,false,Rx,0,8,0B,00,72,00,00,80,00,00,
0,00000380,false,Rx,0,8,B0,80,00,76,20,00,00,FE,
0,00000380,false,Rx,0,8,B0,80,00,76,20,00,00,FE,
0,00000588,false,Rx,0,8,0B,00,72,00,00,80,00,00,
0,00000380,false,Rx,0,8,B0,80,00,76,20,00,00,FE,
0,00000380,false,Rx,0,8,B0,80,00,76,20,00,00,FE,
0,00000588,false,Rx,0,8,0B,00,72,00,00,80,00,00,
0,00000380,false,Rx,0,8,B0,80,00,76,20,00,00,FE,
0,00000380,false,Rx,0,8,B0,80,00,76,20,00,00,FE,
0,00000588,false,Rx,0,8,0B,00,72,00,00,80,00,00,
0,00000380,false,Rx,0,8,B0,80,00,76,20,00,00,FE,
0,00000300,false,Rx,0,1,B2,00,00,00,00,00,00,00,
0,00000488,false,Rx,0,8,70,23,00,72,FE,FF,00,20,
0,00000588,false,Rx,0,8,0B,00,72,00,00,80,00,00,
0,00000300,false,Rx,0,8,23,00,1A,61,01,01,C8,00,
0,00000488,false,Rx,0,8,60,23,00,72,FE,FF,00,30,
0,00000380,false,Rx,0,8,B0,80,00,76,20,00,00,FE,
0,00000588,false,Rx,0,8,0B,00,72,00,00,80,00,00,
0,00000380,false,Rx,0,8,B0,80,00,76,20,00,00,FE,
0,00000380,false,Rx,0,8,B0,80,00,76,20,00,00,FE,
649000,00000588,false,Rx,0,8,0B,00,72,00,00,80,00,00,
0,00000380,false,Rx,0,8,B0,80,00,76,20,00,00,FE,
0,00000380,false,Rx,0,8,B0,80,00,76,20,00,00,FE,
0,00000588,false,Rx,0,8,0B,00,72,00,00,80,00,00,
0,00000380,false,Rx,0,8,B0,80,00,76,20,00,00,FE,
0,00000380,false,Rx,0,8,B0,80,00,76,20,00,00,FE,
686000,00000588,false,Rx,0,8,0B,00,72,00,00,80,00,00,
0,00000380,false,Rx,0,8,B0,80,00,76,20,00,00,FE,
0,00000488,false,Rx,0,8,1F,23,00,72,FE,FF,FF,B0,
0,00000380,false,Rx,0,8,B0,80,00,76,20,00,00,FE,
706000,00000588,false,Rx,0,8,0B,00,72,00,00,80,00,00,
0,00000380,false,Rx,0,8,B0,80,00,76,20,00,00,FE,
0,00000300,false,Rx,0,8,1A,00,25,00,00,25,00,00,
0,00000488,false,Rx,0,8,4F,23,00,72,FE,FF,FF,E0,
0,00000588,false,Rx,0,8,0B,00,72,00,00,80,00,00,
0,00000380,false,Rx,0,8,B0,80,00,76,20,00,00,FE,
0,00000380,false,Rx,0,8,B0,80,00,76,20,00,00,FE,
0,00000588,false,Rx,0,8,0B,00,72,00,00,80,00,00,
0,00000380,false,Rx,0,8,B0,80,00,76,20,00,00,FE,
0,00000380,false,Rx,0,8,B0,80,00,76,20,00,00,FE,
0,00000588,false,Rx,0,8,0B,00,72,00,00,80,00,00,
0,00000380,false,Rx,0,8,B0,80,00,76,20,00,00,FE,
0,00000380,false,Rx,0,8,B0,80,00,76,20,00,00,FE,
0,00000588,false,Rx,0,8,0B,00,72,00,00,80,00,00,
0,00000300,false,Rx,0,6,A1,0F,8A,FF,4A,FF,00,00,
0,00000488,false,Rx,0,8,FF,23,00,72,FE,FF,FF,50,
0,00000380,false,Rx,0,8,B0,80,00,76,20,00,00,FE,
0,00000588,false,Rx,0,8,0B,00,72,00,00,80,00,00,
0,00000380,false,Rx,0,8,B0,80,00,76,20,00,00,FE,
0,00000380,false,Rx,0,8,B0,80,00,76,20,00,00,FE,
0,00000588,false,Rx,0,8,0B,00,72,00,00,80,00,00,
0,00000300,false,Rx,0,8,1E,00,25,00,00,25,00,00,
834000,00000488,false,Rx,0,8,3F,23,00,72,FE,FF,FF,90,
0,00000380,false,Rx,0,8,B0,80,00,76,20,00,00,FE,
0,00000588,false,Rx,0,8,0B,00,72,00,00,80,00,00,
0,00000380,false,Rx,0,8,B0,80,00,76,20,00,00,FE,
0,00000380,false,Rx,0,8,B0,80,00,76,20,00,00,FE,
866000,00000588,false,Rx,0,8,0B,00,72,00,00,80,00,00,
0,00000380,false,Rx,0,8,B0,80,00,76,20,00,00,FE,
0,00000380,false,Rx,0,8,B0,80,00,76,20,00,00,FE,
0,00000588,false,Rx,0,8,0B,00,72,00,00,80,00,00,
0,00000380,false,Rx,0,8,B0,80,00,76,20,00,00,FE,
0,00000380,false,Rx,0,8,B0,80,00,76,20,00,00,FE,
907000,00000588,false,Rx,0,8,0B,00,72,00,00,80,00,00,
0,00000380,false,Rx,0,8,B0,80,00,76,20,00,00,FE,
0,00000300,false,Rx,0,8,12,00,25,00,00,25,00,00,
0,00000488,false,Rx,0,8,70,23,00,72,FE,FF,00,20,
0,00000588,false,Rx,0,8,0B,00,72,00,00,80,00,00,
0,00000380,false,Rx,0,8,B0,80,00,76,20,00,00,FE,
0,00000380,false,Rx,0,8,B0,80,00,76,20,00,00,FE,
0,00000588,false,Rx,0,8,0B,00,72,00,00,80,00,00,
0,00000380,false,Rx,0,8,B0,80,00,76,20,00,00,FE,
0,00000380,false,Rx,0,8,B0,80,00,76,20,00,00,FE,
0,00000588,false,Rx,0,8,0B,00,72,00,00,80,00,00,
0,00000380,false,Rx,0,8,B0,80,00,76,20,00,00,FE,
0,00000380,false,Rx,0,8,B0,80,00,76,20,00,00,FE,
0,00000588,false,Rx,0,8,0B,00,72,00,00,80,00,00,
0,00000380,false,Rx,0,8,B0,80,00,76,20,00,00,FE,
0,00000300,false,Rx,0,8,24,05,0A,37,14,32,80,10,
0,00000488,false,Rx,0,8,0F,23,00,72,FE,FF,FF,A0,
0,00000588,false,Rx,0,8,0B,00,72,00,00,80,00,00,
0,00000380,false,Rx,0,8,B0,80,00,76,20,00,00,FE,
0,00000380,false,Rx,0,8,B0,80,00,76,20,00,00,FE,
0,00000588,false,Rx,0,8,0B,00,72,00,00,80,00,00,
0,00000380,false,Rx,0,8,B0,80,00,76,20,00,00,FE,
0,00000380,false,Rx,0,8,B0,80,00,76,20,00,00,FE,
0,00000588,false,Rx,0,8,0B,00,72,00,00,80,00,00,
0,00000380,false,Rx,0,8,B0,80,00,76,20,00,00,FE,
0,00000380,false,Rx,0,8,B0,80,00,76,20,00,00,FE,
67000,00000588,false,Rx,0,8,0B,00,72,00,00,80,00,00,
0,00000380,false,Rx,0,8,B0,80,00,76,20,00,00,FE,
0,00000380,false,Rx,0,8,B0,80,00,76,20,00,00,FE,
0,00000740,false,Rx,0,5,16,00,02,21,01,00,00,00,
0,00000284,false,Rx,0,6,02,02,00,00,00,00,00,00,
0,00000380,false,Rx,0,8,B0,80,00,76,20,00,00,FE,
0,00000380,false,Rx,0,8,B0,80,00,76,20,00,00,FE,
0,00000588,false,Rx,0,8,0B,00,72,00,00,80,00,00,
0,00000300,false,Rx,0,8,1A,00,25,00,00,25,00,00,
116000,00000488,false,Rx,0,8,FF,23,00,72,FE,FF,FF,50,
0,00000380,false,Rx,0,8,B0,80,00,76,20,00,00,FE,
0,00000588,false,Rx,0,8,0B,00,72,00,00,80,00,00,
0,00000380,false,Rx,0,8,B0,80,00,76,20,00,00,FE,
0,00000380,false,Rx,0,8,B0,80,00,76,20,00,00,FE,
0,00000588,false,Rx,0,8,0B,00,72,00,00,80,00,00,
0,00000380,false,Rx,0,8,B0,80,00,76,20,00,00,FE,
0,00000380,false,Rx,0,8,B0,80,00,76,20,00,00,FE,
0,00000588,false,Rx,0,8,0B,00,72,00,00,80,00,00,
0,00000380,false,Rx,0,8,B0,80,00,76,20,00,00,FE,
0,00000380,false,Rx,0,8,B0,80,00,76,20,00,00,FE,
0,00000588,false,Rx,0,8,0B,00,72,00,00,80,00,00,
0,00000380,false,Rx,0,8,B0,80,00,76,20,00,00,FE,
0,00000300,false,Rx,0,8,1E,00,25,00,00,25,00,00,
0,00000488,false,Rx,0,8,4F,23,00,72,FE,FF,FF,E0,
210000,00000588,false,Rx,0,8,0B,00,72,00,00,80,00,00,
0,00000380,false,Rx,0,8,B0,80,00,76,20,00,00,FE,
0,00000380,false,Rx,0,8,B0,80,00,76,20,00,00,FE,
0,00000588,false,Rx,0,8,0B,00,72,00,00,80,00,00,
0,00000380,false,Rx,0,8,B0,80,00,76,20,00,00,FE,
0,00000380,false,Rx,0,8,B0,80,00,76,20,00,00,FE,
247000,00000588,false,Rx,0,8,0B,00,72,00,00,80,00,00,
0,00000380,false,Rx,0,8,B0,80,00,76,20,00,00,FE,
0,00000380,false,Rx,0,8,B0,80,00,76,20,00,00,FE,
0,00000588,false,Rx,0,8,0B,00,72,00,00,80,00,00,
0,00000380,false,Rx,0,8,B0,80,00,76,20,00,00,FE,
0,00000300,false,Rx,0,8,20,05,0A,37,14,32,80,10,
0,00000488,false,Rx,0,8,CF,23,00,72,FE,FF,FF,60,
288000,00000588,false,Rx,0,8,0B,00,72,00,00,80,00,00,
0,00000380,false,Rx,0,8,B0,80,00,76,20,00,00,FE,
0,00000380,false,Rx,0,8,B0,80,00,76,20,00,00,FE,
0,00000588,false,Rx,0,8,0B,00,72,00,00,80,00,00,
0,00000380,false,Rx,0,8,B0,80,00,76,20,00,00,FE,
0,00000380,false,Rx,0,8,B0,80,00,76,20,00,00,FE,
0,00000588,false,Rx,0,8,0B,00,72,00,00,80,00,00,
0,00000380,false,Rx,0,8,B0,80,00,76,20,00,00,FE,
0,00000380,false,Rx,0,8,B0,80,00,76,20,00,00,FE,
0,00000588,false,Rx,0,8,0B,00,72,00,00,80,00,00,
0,00000380,false,Rx,0,8,B0,80,00,76,20,00,00,FE,
0,00000380,false,Rx,0,8,B0,80,00,76,20,00,00,FE,
0,00000588,false,Rx,0,8,0B,00,72,00,00,80,00,00,
0,00000300,false,Rx,0,6,A1,0F,8A,FF,4A,FF,00,00,
0,00000380,false,Rx,0,8,B0,80,00,76,20,00,00,FE,
0,00000380,false,Rx,0,8,B0,80,00,76,20,00,00,FE,
0,00000588,false,Rx,0,8,0B,00,72,00,00,80,00,00,
0,00000300,false,Rx,0,8,24,05,0A,37,14,32,80,10,
0,00000488,false,Rx,0,8,BF,23,00,72,FE,FF,FF,10,
0,00000380,false,Rx,0,8,B0,80,00,76,20,00,00,FE,
0,00000588,false,Rx,0,8,0B,00,72,00,00,80,00,00,
0,00000380,false,Rx,0,8,B0,80,00,76,20,00,00,FE,
0,00000380,false,Rx,0,8,B0,80,00,76,20,00,00,FE,
427000,00000588,false,Rx,0,8,0B,00,72,00,00,80,00,00,
0,00000380,false,Rx,0,8,B0,80,00,76,20,00,00,FE,
0,00000380,false,Rx,0,8,B0,80,00,76,20,00,00,FE,
448000,00000588,false,Rx,0,8,0B,00,72,00,00,80,00,00,
0,00000380,false,Rx,0,8,B0,80,00,76,20,00,00,FE,
0,00000380,false,Rx,0,8,B0,80,00,76,20,00,00,FE,
0,00000588,false,Rx,0,8,0B,00,72,00,00,80,00,00,
0,00000380,false,Rx,0,8,B0,80,00,76,20,00,00,FE,
0,00000740,false,Rx,0,5,1A,00,02,21,01,00,00,00,
0,00000380,false,Rx,0,8,B0,80,00,76,20,00,00,FE,
0,00000588,false,Rx,0,8,0B,00,72,00,00,80,00,00,
0,00000380,false,Rx,0,8,B0,80,00,76,20,00,00,FE,
0,00000300,false,Rx,0,8,1A,00,25,00,00,25,00,00,
0,00000488,false,Rx,0,8,6F,23,00,72,FE,FF,FF,C0,
0,00000588,false,Rx,0,8,0B,00,72,00,00,80,00,00,
0,00000380,false,Rx,0,8,B0,80,00,76,20,00,00,FE,
0,00000380,false,Rx,0,8,B0,80,00,76,20,00,00,FE,
0,00000588,false,Rx,0,8,0B,00,72,00,00,80,00,00,
0,00000380,false,Rx,0,8,B0,80,00,76,20,00,00,FE,
0,00000380,false,Rx,0,8,B0,80,00,76,20,00,00,FE,
0,00000588,false,Rx,0,8,0B,00,72,00,00,80,00,00,
0,00000380,false,Rx,0,8,B0,80,00,76,20,00,00,FE,
0,00000380,false,Rx,0,8,B0,80,00,76,20,00,00,FE,
0,00000284,false,Rx,0,6,0A,0A,00,00,00,00,00,00,
0,00000380,false,Rx,0,8,B0,80,00,76,20,00,00,FE,
0,00000380,false,Rx,0,8,B0,80,00,76,20,00,00,FE,
0,00000588,false,Rx,0,8,0B,00,72,00,00,80,00,00,
0,00000300,false,Rx,0,8,1E,00,25,00,00,25,00,00,
596000,00000488,false,Rx,0,8,FF,23,00,72,FE,FF,FF,50,
0,00000380,false,Rx,0,8,B0,80,00,76,20,00,00,FE,
0,00000588,false,Rx,0,8,0B,00,72,00,00,80,00,00,
0,00000380,false,Rx,0,8,B0,80,00,76,20,00,00,FE,
0,00000380,false,Rx,0,8,B0,80,00,76,20,00,00,FE,
628000,00000588,false,Rx,0,8,0B,00,72,00,00,80,00,00,
0,00000380,false,Rx,0,8,B0,80,00,76,20,00,00,FE,
0,00000380,false,Rx,0,8,B0,80,00,76,20,00,00,FE,
0,00000588,false,Rx,0,8,0B,00,72,00,00,80,00,00,
0,00000380,false,Rx,0,8,B0,80,00,76,20,00,00,FE,
0,00000380,false,Rx,0,8,B0,80,00,76,20,00,00,FE,
0,00000588,false,Rx,0,8,0B,00,72,00,00,80,00,00,
0,00000300,false,Rx,0,8,20,05,0A,37,14,32,80,10,
677000,00000488,false,Rx,0,8,7F,23,00,72,FE,FF,FF,D0,
0,00000380,false,Rx,0,8,B0,80,00,76,20,00,00,FE,
0,00000588,false,Rx,0,8,0B,00,72,00,00,80,00,00,
0,00000380,false,Rx,0,8,B0,80,00,76,20,00,00,FE,
0,00000380,false,Rx,0,8,B0,80,00,76,20,00,00,FE,
0,00000588,false,Rx,0,8,0B,00,72,00,00,80,00,00,
0,00000380,false,Rx,0,8,B0,80,00,76,20,00,00,FE,
0,00000380,false,Rx,0,8,B0,80,00,76,20,00,00,FE,
0,00000588,false,Rx,0,8,0B,00,72,00,00,80,00,00,
0,00000380,false,Rx,0,8,B0,80,00,76,20,00,00,FE,
0,00000380,false,Rx,0,8,B0,80,00,76,20,00,00,FE,
0,00000588,false,Rx,0,8,0B,00,72,00,00,80,00,00,
0,00000380,false,Rx,0,8,B0,80,00,76,20,00,00,FE,
0,00000380,false,Rx,0,8,B0,80,00,76,20,00,00,FE,
772000,00000588,false,Rx,0,8,0B,00,72,00,00,80,00,00,
0,00000380,false,Rx,0,8,B0,80,00,76,20,00,00,FE,
0,00000380,false,Rx,0,8,B0,80,00,76,20,00,00,FE,
0,00000588,false,Rx,0,8,0B,00,72,00,00,80,00,00,
0,00000380,false,Rx,0,8,B0,80,00,76,20,00,00,FE,
0,00000380,false,Rx,0,8,B0,80,00,76,20,00,00,FE,
808000,00000588,false,Rx,0,8,0B,00,72,00,00,80,00,00,
0,00000380,false,Rx,0,8,B0,80,00,76,20,00,00,FE,
0,00000380,false,Rx,0,8,B0,80,00,76,20,00,00,FE,
0,00000588,false,Rx,0,8,0B,00,72,00,00,80,00,00,
0,00000380,false,Rx,0,8,B0,80,00,76,20,00,00,FE,
0,00000380,false,Rx,0,8,B0,80,00,76,20,00,00,FE,
849000,00000588,false,Rx,0,8,0B,00,72,00,00,80,00,00,
0,00000380,false,Rx,0,8,B0,80,00,76,20,00,00,FE,
0,00000380,false,Rx,0,8,B0,80,00,76,20,00,00,FE,
0,00000588,false,Rx,0,8,0B,00,72,00,00,80,00,00,
0,00000300,false,Rx,0,6,A1,0F,8A,FF,4A,FF,00,00,
0,00000380,false,Rx,0,8,B0,80,00,76,20,00,00,FE,
0,00000380,false,Rx,0,8,B0,80,00,76,20,00,00,FE,
0,00000588,false,Rx,0,8,0B,00,72,00,00,80,00,00,
0,00000300,false,Rx,0,3,15,FF,00,00,00,00,00,00,
0,00000488,false,Rx,0,8,60,23,00,72,FE,FF,00,30,
0,00000380,false,Rx,0,8,B0,80,00,76,20,00,00,FE,
0,00000588,false,Rx,0,8,0B,00,72,00,00,80,00,00,
0,00000380,false,Rx,0,8,B0,80,00,76,20,00,00,FE,
0,00000380,false,Rx,0,8,B0,80,00,76,20,00,00,FE,
0,00000740,false,Rx,0,3,10,FF,00,00,00,00,00,00,
0,00000588,false,Rx,0,8,0B,00,72,00,00,80,00,00,
0,00000380,false,Rx,0,8,B0,80,00,76,20,00,00,FE,
0,00000380,false,Rx,0,8,B0,80,00,76,20,00,00,FE,
0,00000588,false,Rx,0,8,0B,00,72,00,00,80,00,00,
0,00000300,false,Rx,0,1,B2,00,00,00,00,00,00,00,
0,00000488,false,Rx,0,8,3F,23,00,72,FE,FF,FF,90,
0,00000380,false,Rx,0,8,B0,80,00,76,20,00,00,FE,
0,00000588,false,Rx,0,8,0B,00,72,00,00,80,00,00,
0,00000380,false,Rx,0,8,B0,80,00,76,20,00,00,FE,
0,00000380,false,Rx,0,8,B0,80,00,76,20,00,00,FE,
0,00000588,false,Rx,0,8,0B,00,72,00,00,80,00,00,
0,00000380,false,Rx,0,8,B0,80,00,76,20,00,00,FE,
0,00000380,false,Rx,0,8,B0,80,00,76,20,00,00,FE,
0,00000588,false,Rx,0,8,0B,00,72,00,00,80,00,00,
0,00000380,false,Rx,0,8,B0,80,00,76,20,00,00,FE,
0,00000300,false,Rx,0,8,1E,00,25,00,00,25,00,00,
0,00000488,false,Rx,0,8,50,23,00,72,FE,FF,00,00,
0,00000588,false,Rx,0,8,0B,00,72,00,00,80,00,00,
0,00000380,false,Rx,0,8,B0,80,00,76,20,00,00,FE,
0,00000380,false,Rx,0,8,B0,80,00,76,20,00,00,FE,
0,00000488,false,Rx,0,8,70,23,00,72,FE,FF,00,20,
50000,00000284,false,Rx,0,6,02,02,00,00,00,00,00,00,
0,00000380,false,Rx,0,8,B0,80,00,76,20,00,00,FE,
0,00000380,false,Rx,0,8,B0,80,00,76,20,00,00,FE,
0,00000588,false,Rx,0,8,0B,00,72,00,00,80,00,00,
0,00000300,false,Rx,0,8,12,00,25,00,00,25,00,00,
0,00000488,false,Rx,0,8,FF,23,00,72,FE,FF,FF,50,
0,00000380,false,Rx,0,8,B0,80,00,76,20,00,00,FE,
0,00000588,false,Rx,0,8,0B,00,72,00,00,80,00,00,
0,00000380,false,Rx,0,8,B0,80,00,76,20,00,00,FE,
0,00000380,false,Rx,0,8,B0,80,00,76,20,00,00,FE,
0,00000588,false,Rx,0,8,0B,00,72,00,00,80,00,00,
0,00000300,false,Rx,0,1,B5,00,00,00,00,00,00,00,
0,00000380,false,Rx,0,8,B0,80,00,76,20,00,00,FE,
0,00000380,false,Rx,0,8,B0,80,00,76,20,00,00,FE,
0,00000588,false,Rx,0,8,0B,00,72,00,00,80,00,00,
0,00000300,false,Rx,0,8,16,00,25,00,00,25,00,00,
0,00000488,false,Rx,0,8,1F,23,00,72,FE,FF,FF,B0,
0,00000380,false,Rx,0,8,B0,80,00,76,20,00,00,FE,
0,00000588,false,Rx,0,8,0B,00,72,00,00,80,00,00,
0,00000380,false,Rx,0,8,B0,80,00,76,20,00,00,FE,
0,00000300,false,Rx,0,8,28,05,0A,37,14,32,80,10,
0,00000488,false,Rx,0,8,4F,23,00,72,FE,FF,FF,E0,
0,00000588,false,Rx,0,8,0B,00,72,00,00,80,00,00,
0,00000380,false,Rx,0,8,B0,80,00,76,20,00,00,FE,
0,00000380,false,Rx,0,8,B0,80,00,76,20,00,00,FE,
189000,00000588,false,Rx,0,8,0B,00,72,00,00,80,00,00,
0,00000380,false,Rx,0,8,B0,80,00,76,20,00,00,FE,
0,00000300,false,Rx,0,1,B7,00,00,00,00,00,00,00,
0,00000380,false,Rx,0,8,B0,80,00,76,20,00,00,FE,
210000,00000588,false,Rx,0,8,0B,00,72,00,00,80,00,00,
0,00000380,false,Rx,0,8,B0,80,00,76,20,00,00,FE,
0,00000300,false,Rx,0,8,1E,00,25,00,00,25,00,00,
0,00000488,false,Rx,0,8,10,23,00,72,FE,FF,00,40,
230000,00000588,false,Rx,0,8,0B,00,72,00,00,80,00,00,
0,00000380,false,Rx,0,8,B0,80,00,76,20,00,00,FE,
0,00000300,false,Rx,0,1,B8,00,00,00,00,00,00,00,
0,00000488,false,Rx,0,8,CF,23,00,72,FE,FF,FF,60,
0,00000588,false,Rx,0,8,0B,00,72,00,00,80,00,00,
0,00000380,false,Rx,0,8,B0,80,00,76,20,00,00,FE,
0,00000380,false,Rx,0,8,B0,80,00,76,20,00,00,FE,
0,00000588,false,Rx,0,8,0B,00,72,00,00,80,00,00,
0,00000380,false,Rx,0,8,B0,80,00,76,20,00,00,FE,
0,00000380,false,Rx,0,8,B0,80,00,76,20,00,00,FE,
0,00000588,false,Rx,0,8,0B,00,72,00,00,80,00,00,
0,00000380,false,Rx,0,8,B0,80,00,76,20,00,00,FE,
0,00000380,false,Rx,0,8,B0,80,00,76,20,00,00,FE,
0,00000588,false,Rx,0,8,0B,00,72,00,00,80,00,00,
0,00000300,false,Rx,0,8,16,00,25,00,00,25,00,00,
0,00000488,false,Rx,0,8,7F,23,00,72,FE,FF,FF,D0,
0,00000380,false,Rx,0,8,B0,80,00,76,20,00,00,FE,
333000,00000588,false,Rx,0,8,0B,00,72,00,00,80,00,00,
0,00000300,false,Rx,0,1,BA,00,00,00,00,00,00,00,
0,00000488,false,Rx,0,8,5F,23,00,72,FE,FF,FF,F0,
0,00000380,false,Rx,0,8,B0,80,00,76,20,00,00,FE,
0,00000588,false,Rx,0,8,0B,00,72,00,00,80,00,00,
0,00000380,false,Rx,0,8,B0,80,00,76,20,00,00,FE,
0,00000380,false,Rx,0,8,B0,80,00,76,20,00,00,FE,
0,00000588,false,Rx,0,8,0B,00,72,00,00,80,00,00,
0,00000380,false,Rx,0,8,B0,80,00,76,20,00,00,FE,
0,00000300,false,Rx,0,6,A1,0F,8A,FF,4A,FF,00,00,
0,00000488,false,Rx,0,8,10,23,00,72,FE,FF,00,40,
0,00000588,false,Rx,0,8,0B,00,72,00,00,80,00,00,
0,00000380,false,Rx,0,8,B0,80,00,76,20,00,00,FE,
0,00000380,false,Rx,0,8,B0,80,00,76,20,00,00,FE,
0,00000588,false,Rx,0,8,0B,00,72,00,00,80,00,00,
0,00000380,false,Rx,0,8,B0,80,00,76,20,00,00,FE,
0,00000300,false,Rx,0,8,1E,00,25,00,00,25,00,00,
0,00000488,false,Rx,0,8,2F,23,00,72,FE,FF,FF,80,
0,00000588,false,Rx,0,8,0B,00,72,00,00,80,00,00,
0,00000380,false,Rx,0,8,B0,80,00,76,20,00,00,FE,
0,00000380,false,Rx,0,8,B0,80,00,76,20,00,00,FE,
0,00000488,false,Rx,0,8,0F,23,00,72,FE,FF,FF,A0,
0,00000284,false,Rx,0,6,06,06,00,00,00,00,00,00,
0,00000380,false,Rx,0,8,B0,80,00,76,20,00,00,FE,
0,00000380,false,Rx,0,8,B0,80,00,76,20,00,00,FE,
0,00000284,false,Rx,0,6,07,07,00,00,00,00,00,00,
0,00000300,false,Rx,0,8,21,FF,32,25,00,00,25,00,
0,00000300,false,Rx,0,8,12,00,25,00,00,25,00,00,
0,00000488,false,Rx,0,8,7F,23,00,72,FE,FF,FF,D0,
0,00000380,false,Rx,0,8,B0,80,00,76,20,00,00,FE,
0,00000588,false,Rx,0,8,0B,00,72,00,00,80,00,00,
0,00000380,false,Rx,0,8,B0,80,00,76,20,00,00,FE,
0,00000380,false,Rx,0,8,B0,80,00,76,20,00,00,FE,
0,00000588,false,Rx,0,8,0B,00,72,00,00,80,00,00,
0,00000380,false,Rx,0,8,B0,80,00,76,20,00,00,FE,
0,00000380,false,Rx,0,8,B0,80,00,76,20,00,00,FE,
0,00000284,false,Rx,0,6,0A,0A,00,00,00,00,00,00,
0,00000380,false,Rx,0,8,B0,80,00,76,20,00,00,FE,
0,00000380,false,Rx,0,8,B0,80,00,76,20,00,00,FE,
0,00000588,false,Rx,0,8,0B,00,72,00,00,80,00,00,
0,00000380,false,Rx,0,8,B0,80,00,76,20,00,00,FE,
0,00000300,false,Rx,0,8,1A,00,25,00,00,25,00,00,
0,00000488,false,Rx,0,8,CF,23,00,72,FE,FF,FF,60,
0,00000588,false,Rx,0,8,0B,00,72,00,00,80,00,00,
0,00000380,false,Rx,0,8,B0,80,00,76,20,00,00,FE,
0,00000380,false,Rx,0,8,B0,80,00,76,20,00,00,FE,
0,00000588,false,Rx,0,8,0B,00,72,00,00,80,00,00,
0,00000380,false,Rx,0,8,B0,80,00,76,20,00,00,FE,
0,00000380,false,Rx,0,8,B0,80,00,76,20,00,00,FE,
0,00000588,false,Rx,0,8,0B,00,72,00,00,80,00,00,
0,00000380,false,Rx,0,8,B0,80,00,76,20,00,00,FE,
0,00000380,false,Rx,0,8,B0,80,00,76,20,00,00,FE,
0,00000284,false,Rx,0,6,0F,0F,00,00,00,00,00,00,
0,00000380,false,Rx,0,8,B0,80,00,76,20,00,00,FE,
0,00000380,false,Rx,0,8,B0,80,00,76,20,00,00,FE,
0,00000284,false,Rx,0,6,00,00,00,00,00,00,00,00,
652000,00000300,false,Rx,0,8,21,FF,32,25,00,00,25,00,
0,00000300,false,Rx,0,8,12,00,25,00,00,25,00,00,
0,00000488,false,Rx,0,8,5F,23,00,72,FE,FF,FF,F0,
0,00000380,false,Rx,0,8,B0,80,00,76,20,00,00,FE,
0,00000284,false,Rx,0,6,01,01,00,00,00,00,00,00,
0,00000380,false,Rx,0,8,B0,80,00,76,20,00,00,FE,
0,00000380,false,Rx,0,8,B0,80,00,76,20,00,00,FE,
0,00000300,false,Rx,0,8,23,00,1A,61,01,01,C8,00,
0,00000300,false,Rx,0,8,24,05,0A,37,14,32,80,10,
0,00000488,false,Rx,0,8,60,23,00,72,FE,FF,00,30,
0,00000380,false,Rx,0,8,B0,80,00,76,20,00,00,FE,
0,00000284,false,Rx,0,6,03,03,00,00,00,00,00,00,
0,00000588,false,Rx,0,8,0B,00,72,00,00,80,00,00,
0,00000380,false,Rx,0,8,B0,80,00,76,20,00,00,FE,
0,00000380,false,Rx,0,8,B0,80,00,76,20,00,00,FE,
0,00000588,false,Rx,0,8,0B,00,72,00,00,80,00,00,
0,00000380,false,Rx,0,8,B0,80,00,76,20,00,00,FE,
0,00000380,false,Rx,0,8,B0,80,00,76,20,00,00,FE,
0,00000284,false,Rx,0,6,05,05,00,00,00,00,00,00,
755000,00000300,false,Rx,0,8,29,FF,32,25,00,00,25,00,
0,00000300,false,Rx,0,8,1A,00,25,00,00,25,00,00,
759000,00000488,false,Rx,0,8,3F,23,00,72,FE,FF,FF,90,
0,00000380,false,Rx,0,8,B0,80,00,76,20,00,00,FE,
0,00000284,false,Rx,0,6,06,06,00,00,00,00,00,00,
0,00000380,false,Rx,0,8,B0,80,00,76,20,00,00,FE,
0,00000380,false,Rx,0,8,B0,80,00,76,20,00,00,FE,
791000,00000588,false,Rx,0,8,0B,00,72,00,00,80,00,00,
0,00000380,false,Rx,0,8,B0,80,00,76,20,00,00,FE,
0,00000380,false,Rx,0,8,B0,80,00,76,20,00,00,FE,
812000,00000588,false,Rx,0,8,0B,00,72,00,00,80,00,00,
0,00000380,false,Rx,0,8,B0,80,00,76,20,00,00,FE,
0,00000380,false,Rx,0,8,B0,80,00,76,20,00,00,FE,
0,00000300,false,Rx,0,8,2F,00,1A,61,01,01,C8,00,
832000,00000588,false,Rx,0,8,0B,00,72,00,00,80,00,00,
0,00000380,false,Rx,0,8,B0,80,00,76,20,00,00,FE,
0,00000300,false,Rx,0,8,12,00,25,00,00,25,00,00,
0,00000488,false,Rx,0,8,70,23,00,72,FE,FF,00,20,
0,00000588,false,Rx,0,8,0B,00,72,00,00,80,00,00,
0,00000380,false,Rx,0,8,B0,80,00,76,20,00,00,FE,
0,00000380,false,Rx,0,8,B0,80,00,76,20,00,00,FE,
0,00000588,false,Rx,0,8,0B,00,72,00,00,80,00,00,
0,00000380,false,Rx,0,8,B0,80,00,76,20,00,00,FE,
0,00000380,false,Rx,0,8,B0,80,00,76,20,00,00,FE,
0,00000284,false,Rx,0,6,0C,0C,00,00,00,00,00,00,
0,00000300,false,Rx,0,8,16,00,25,00,00,25,00,00,
0,00000380,false,Rx,0,8,B0,80,00,76,20,00,00,FE,
0,00000380,false,Rx,0,8,B0,80,00,76,20,00,00,FE,
0,00000284,false,Rx,0,6,0D,0D,00,00,00,00,00,00,
0,00000380,false,Rx,0,8,B0,80,00,76,20,00,00,FE,
0,00000380,false,Rx,0,8,B0,80,00,76,20,00,00,FE,
0,00000284,false,Rx,0,6,0E,0E,00,00,00,00,00,00,
0,00000380,false,Rx,0,8,B0,80,00,76,20,00,00,FE,
0,00000380,false,Rx,0,8,B0,80,00,76,20,00,00,FE,
0,00000284,false,Rx,0,6,0F,0F,00,00,00,00,00,00,
0,00000588,false,Rx,0,8,0B,00,72,00,00,80,00,00,
0,00000380,false,Rx,0,8,B0,80,00,76,20,00,00,FE,
0,00000380,false,Rx,0,8,B0,80,00,76,20,00,00,FE,
0,00000588,false,Rx,0,8,0B,00,72,00,00,80,00,00,
0,00000380,false,Rx,0,8,B0,80,00,76,20,00,00,FE,
0,00000380,false,Rx,0,8,B0,80,00,76,20,00,00,FE,
0,00000300,false,Rx,0,8,2B,00,1A,61,01,01,C8,00,
0,00000588,false,Rx,0,8,0B,00,72,00,00,80,00,00,
0,00000380,false,Rx,0,8,B0,80,00,76,20,00,00,FE,
0,00000380,false,Rx,0,8,B0,80,00,76,20,00,00,FE,
0,00000284,false,Rx,0,6,02,02,00,00,00,00,00,00,
0,00000380,false,Rx,0,8,B0,80,00,76,20,00,00,FE,
0,00000380,false,Rx,0,8,B0,80,00,76,20,00,00,FE,
0,00000588,false,Rx,0,8,0B,00,72,00,00,80,00,00,
0,00000380,false,Rx,0,8,B0,80,00,76,20,00,00,FE,
0,00000380,false,Rx,0,8,B0,80,00,76,20,00,00,FE,
0,00000284,false,Rx,0,6,04,04,00,00,00,00,00,00,
0,00000300,false,Rx,0,8,12,00,25,00,00,25,00,00,
0,00000380,false,Rx,0,8,B0,80,00,76,20,00,00,FE,
0,00000380,false,Rx,0,8,B0,80,00,76,20,00,00,FE,
0,00000284,false,Rx,0,6,05,05,00,00,00,00,00,00,
0,00000740,false,Rx,0,5,18,00,02,21,01,00,00,00,
0,00000380,false,Rx,0,8,B0,80,00,76,20,00,00,FE,
0,00000380,false,Rx,0,8,B0,80,00,76,20,00,00,FE,
0,00000284,false,Rx,0,6,06,06,00,00,00,00,00,00,
0,00000300,false,Rx,0,8,25,FF,32,25,00,00,25,00,
0,00000380,false,Rx,0,8,B0,80,00,76,20,00,00,FE,
0,00000380,false,Rx,0,8,B0,80,00,76,20,00,00,FE,
0,00000284,false,Rx,0,6,07,07,00,00,00,00,00,00,
0,00000380,false,Rx,0,8,B0,80,00,76,20,00,00,FE,
0,00000380,false,Rx,0,8,B0,80,00,76,20,00,00,FE,
0,00000284,false,Rx,0,6,08,08,00,00,00,00,00,00,
0,00000588,false,Rx,0,8,0B,00,72,00,00,80,00,00,
0,00000380,false,Rx,0,8,B0,80,00,76,20,00,00,FE,
0,00000380,false,Rx,0,8,B0,80,00,76,20,00,00,FE,
0,00000588,false,Rx,0,8,0B,00,72,00,00,80,00,00,
0,00000380,false,Rx,0,8,B0,80,00,76,20,00,00,FE,
0,00000380,false,Rx,0,8,B0,80,00,76,20,00,00,FE,
0,00000300,false,Rx,0,8,2B,00,1A,61,01,01,C8,00,
0,00000588,false,Rx,0,8,0B,00,72,00,00,80,00,00,
0,00000380,false,Rx,0,8,B0,80,00,76,20,00,00,FE,
0,00000380,false,Rx,0,8,B0,80,00,76,20,00,00,FE,
193000,00000588,false,Rx,0,8,0B,00,72,00,00,80,00,00,
0,00000380,false,Rx,0,8,B0,80,00,76,20,00,00,FE,
0,00000380,false,Rx,0,8,B0,80,00,76,20,00,00,FE,
0,00000284,false,Rx,0,6,0C,0C,00,00,00,00,00,00,
0,00000380,false,Rx,0,8,B0,80,00,76,20,00,00,FE,
0,00000380,false,Rx,0,8,B0,80,00,76,20,00,00,FE,
0,00000588,false,Rx,0,8,0B,00,72,00,00,80,00,00,
0,00000380,false,Rx,0,8,B0,80,00,76,20,00,00,FE,
0,00000380,false,Rx,0,8,B0,80,00,76,20,00,00,FE,
0,00000588,false,Rx,0,8,0B,00,72,00,00,80,00,00,
0,00000380,false,Rx,0,8,B0,80,00,76,20,00,00,FE,
0,00000300,false,Rx,0,1,BD,00,00,00,00,00,00,00,
0,00000380,false,Rx,0,8,B0,80,00,76,20,00,00,FE,
0,00000300,false,Rx,0,8,23,00,1A,61,01,01,C8,00,
0,00000588,false,Rx,0,8,0B,00,72,00,00,80,00,00,
0,00000380,false,Rx,0,8,B0,80,00,76,20,00,00,FE,
0,00000380,false,Rx,0,8,B0,80,00,76,20,00,00,FE,
0,00000588,false,Rx,0,8,0B,00,72,00,00,80,00,00,
0,00000380,false,Rx,0,8,B0,80,00,76,20,00,00,FE,
0,00000380,false,Rx,0,8,B0,80,00,76,20,00,00,FE,
0,00000300,false,Rx,0,8,27,00,1A,61,01,01,C8,00,
0,00000380,false,Rx,0,8,B0,80,00,76,20,00,00,FE,
0,00000380,false,Rx,0,8,B0,80,00,76,20,00,00,FE,
0,00000300,false,Rx,0,8,1A,00,25,00,00,25,00,00,
336000,00000588,false,Rx,0,8,0B,00,72,00,00,80,00,00,
0,00000380,false,Rx,0,8,B0,80,00,76,20,00,00,FE,
0,00000380,false,Rx,0,8,B0,80,00,76,20,00,00,FE,
0,00000300,false,Rx,0,1,BF,00,00,00,00,00,00,00,
0,00000380,false,Rx,0,8,B0,80,00,76,20,00,00,FE,
361000,00000300,false,Rx,0,8,2B,00,1A,61,01,01,C8,00,
0,00000380,false,Rx,0,8,B0,80,00,76,20,00,00,FE,
0,00000300,false,Rx,0,8,2D,FF,32,25,00,00,25,00,
0,00000380,false,Rx,0,8,B0,80,00,76,20,00,00,FE,
0,00000380,false,Rx,0,8,B0,80,00,76,20,00,00,FE,
0,00000588,false,Rx,0,8,0B,00,72,00,00,80,00,00,
0,00000380,false,Rx,0,8,B0,80,00,76,20,00,00,FE,
402000,00000300,false,Rx,0,1,B0,00,00,00,00,00,00,00,
0,00000380,false,Rx,0,8,B0,80,00,76,20,00,00,FE,
0,00000300,false,Rx,0,8,2F,00,1A,61,01,01,C8,00,
0,00000588,false,Rx,0,8,0B,00,72,00,00,80,00,00,
0,00000380,false,Rx,0,8,B0,80,00,76,20,00,00,FE,
0,00000380,false,Rx,0,8,B0,80,00,76,20,00,00,FE,
0,00000588,false,Rx,0,8,0B,00,72,00,00,80,00,00,
0,00000380,false,Rx,0,8,B0,80,00,76,20,00,00,FE,
0,00000380,false,Rx,0,8,B0,80,00,76,20,00,00,FE,
0,00000588,false,Rx,0,8,0B,00,72,00,00,80,00,00,
0,00000380,false,Rx,0,8,B0,80,00,76,20,00,00,FE,
0,00000380,false,Rx,0,8,B0,80,00,76,20,00,00,FE,
0,00000300,false,Rx,0,8,23,00,1A,61,01,01,C8,00,
0,00000380,false,Rx,0,8,B0,80,00,76,20,00,00,FE,
0,00000380,false,Rx,0,8,B0,80,00,76,20,00,00,FE,
0,00000300,false,Rx,0,8,16,00,25,00,00,25,00,00,
0,00000588,false,Rx,0,8,0B,00,72,00,00,80,00,00,
0,00000380,false,Rx,0,8,B0,80,00,76,20,00,00,FE,
0,00000380,false,Rx,0,8,B0,80,00,76,20,00,00,FE,
0,00000300,false,Rx,0,1,B2,00,00,00,00,00,00,00,
0,00000380,false,Rx,0,8,B0,80,00,76,20,00,00,FE,
0,00000380,false,Rx,0,8,B0,80,00,76,20,00,00,FE,
0,00000300,false,Rx,0,8,29,FF,32,25,00,00,25,00,
0,00000380,false,Rx,0,8,B0,80,00,76,20,00,00,FE,
0,00000380,false,Rx,0,8,B0,80,00,76,20,00,00,FE,
553000,00000588,false,Rx,0,8,0B,00,72,00,00,80,00,00,
0,00000380,false,Rx,0,8,B0,80,00,76,20,00,00,FE,
0,00000380,false,Rx,0,8,B0,80,00,76,20,00,00,FE,
0,00000588,false,Rx,0,8,0B,00,72,00,00,80,00,00,
0,00000380,false,Rx,0,8,B0,80,00,76,20,00,00,FE,
582000,00000300,false,Rx,0,8,1E,00,25,00,00,25,00,00,
0,00000380,false,Rx,0,8,B0,80,00,76,20,00,00,FE,
0,00000588,false,Rx,0,8,0B,00,72,00,00,80,00,00,
0,00000380,false,Rx,0,8,B0,80,00,76,20,00,00,FE,
0,00000300,false,Rx,0,1,B4,00,00,00,00,00,00,00,
0,00000380,false,Rx,0,8,B0,80,00,76,20,00,00,FE,
0,00000300,false,Rx,0,8,2F,00,1A,61,01,01,C8,00,
0,00000588,false,Rx,0,8,0B,00,72,00,00,80,00,00,
0,00000380,false,Rx,0,8,B0,80,00,76,20,00,00,FE,
0,00000380,false,Rx,0,8,B0,80,00,76,20,00,00,FE,
0,00000588,false,Rx,0,8,0B,00,72,00,00,80,00,00,
0,00000380,false,Rx,0,8,B0,80,00,76,20,00,00,FE,
0,00000380,false,Rx,0,8,B0,80,00,76,20,00,00,FE,
0,00000588,false,Rx,0,8,0B,00,72,00,00,80,00,00,
0,00000380,false,Rx,0,8,B0,80,00,76,20,00,00,FE,
0,00000300,false,Rx,0,8,24,05,0A,37,14,32,80,10,
0,00000380,false,Rx,0,8,B0,80,00,76,20,00,00,FE,
0,00000300,false,Rx,0,8,16,00,25,00,00,25,00,00,
0,00000380,false,Rx,0,8,B0,80,00,76,20,00,00,FE,
0,00000380,false,Rx,0,8,B0,80,00,76,20,00,00,FE,
0,00000588,false,Rx,0,8,0B,00,72,00,00,80,00,00,
0,00000380,false,Rx,0,8,B0,80,00,76,20,00,00,FE,
0,00000300,false,Rx,0,8,27,00,1A,61,01,01,C8,00,
0,00000380,false,Rx,0,8,B0,80,00,76,20,00,00,FE,
0,00000300,false,Rx,0,8,29,FF,32,25,00,00,25,00,
0,00000380,false,Rx,0,8,B0,80,00,76,20,00,00,FE,
0,00000380,false,Rx,0,8,B0,80,00,76,20,00,00,FE,
0,00000588,false,Rx,0,8,0B,00,72,00,00,80,00,00,
0,00000380,false,Rx,0,8,B0,80,00,76,20,00,00,FE,
0,00000380,false,Rx,0,8,B0,80,00,76,20,00,00,FE,
0,00000300,false,Rx,0,8,2B,00,1A,61,01,01,C8,00,
0,00000380,false,Rx,0,8,B0,80,00,76,20,00,00,FE,
0,00000380,false,Rx,0,8,B0,80,00,76,20,00,00,FE,
0,00000300,false,Rx,0,8,1E,00,25,00,00,25,00,00,
774000,00000588,false,Rx,0,8,0B,00,72,00,00,80,00,00,
0,00000380,false,Rx,0,8,B0,80,00,76,20,00,00,FE,
0,00000380,false,Rx,0,8,B0,80,00,76,20,00,00,FE,
0,00000300,false,Rx,0,1,B8,00,00,00,00,00,00,00,
0,00000588,false,Rx,0,8,0B,00,72,00,00,80,00,00,
0,00000380,false,Rx,0,8,B0,80,00,76,20,00,00,FE,
803000,00000300,false,Rx,0,8,2F,00,1A,61,01,01,C8,00,
0,00000380,false,Rx,0,8,B0,80,00,76,20,00,00,FE,
0,00000300,false,Rx,0,8,21,FF,32,25,00,00,25,00,
0,00000380,false,Rx,0,8,B0,80,00,76,20,00,00,FE,
0,00000380,false,Rx,0,8,B0,80,00,76,20,00,00,FE,
0,00000588,false,Rx,0,8,0B,00,72,00,00,80,00,00,
0,00000380,false,Rx,0,8,B0,80,00,76,20,00,00,FE,
0,00000380,false,Rx,0,8,B0,80,00,76,20,00,00,FE,
0,00000300,false,Rx,0,8,24,05,0A,37,14,32,80,10,
0,00000588,false,Rx,0,8,0B,00,72,00,00,80,00,00,
0,00000380,false,Rx,0,8,B0,80,00,76,20,00,00,FE,
0,00000380,false,Rx,0,8,B0,80,00,76,20,00,00,FE,
0,00000588,false,Rx,0,8,0B,00,72,00,00,80,00,00,
0,00000380,false,Rx,0,8,B0,80,00,76,20,00,00,FE,
0,00000380,false,Rx,0,8,B0,80,00,76,20,00,00,FE,
0,00000300,false,Rx,0,8,27,00,1A,61,01,01,C8,00,
0,00000588,false,Rx,0,8,0B,00,72,00,00,80,00,00,
0,00000380,false,Rx,0,8,B0,80,00,76,20,00,00,FE,
0,00000380,false,Rx,0,8,B0,80,00,76,20,00,00,FE,
0,00000588,false,Rx,0,8,0B,00,72,00,00,80,00,00,
0,00000380,false,Rx,0,8,B0,80,00,76,20,00,00,FE,
0,00000380,false,Rx,0,8,B0,80,00,76,20,00,00,FE,
0,00000300,false,Rx,0,8,2B,00,1A,61,01,01,C8,00,
0,00000380,false,Rx,0,8,B0,80,00,76,20,00,00,FE,
0,00000380,false,Rx,0,8,B0,80,00,76,20,00,00,FE,
0,00000300,false,Rx,0,8,1E,00,25,00,00,25,00,00,
955000,00000588,false,Rx,0,8,0B,00,72,00,00,80,00,00,
0,00000380,false,Rx,0,8,B0,80,00,76,20,00,00,FE,
0,00000380,false,Rx,0,8,B0,80,00,76,20,00,00,FE,
0,00000588,false,Rx,0,8,0B,00,72,00,00,80,00,00,
0,00000380,false,Rx,0,8,B0,80,00,76,20,00,00,FE,
0,00000380,false,Rx,0,8,B0,80,00,76,20,00,00,FE,
0,00000588,false,Rx,0,8,0B,00,72,00,00,80,00,00,
0,00000380,false,Rx,0,8,B0,80,00,76,20,00,00,FE,
0,00000300,false,Rx,0,8,20,05,0A,37,14,32,80,10,
0,00000380,false,Rx,0,8,B0,80,00,76,20,00,00,FE,
0,00000300,false,Rx,0,8,12,00,25,00,00,25,00,00,
0,00000380,false,Rx,0,8,B0,80,00,76,20,00,00,FE,
0,00000380,false,Rx,0,8,B0,80,00,76,20,00,00,FE,
0,00000588,false,Rx,0,8,0B,00,72,00,00,80,00,00,
0,00000380,false,Rx,0,8,B0,80,00,76,20,00,00,FE,
0,00000380,false,Rx,0,8,B0,80,00,76,20,00,00,FE,
0,00000300,false,Rx,0,8,23,00,1A,61,01,01,C8,00,
0,00000380,false,Rx,0,8,B0,80,00,76,20,00,00,FE,
0,00000380,false,Rx,0,8,B0,80,00,76,20,00,00,FE,
0,00000300,false,Rx,0,8,16,00,25,00,00,25,00,00,
0,00000588,false,Rx,0,8,0B,00,72,00,00,80,00,00,
0,00000380,false,Rx,0,8,B0,80,00,76,20,00,00,FE,
0,00000380,false,Rx,0,8,B0,80,00,76,20,00,00,FE,
0,00000300,false,Rx,0,1,BE,00,00,00,00,00,00,00,
0,00000588,false,Rx,0,8,0B,00,72,00,00,80,00,00,
0,00000380,false,Rx,0,8,B0,80,00,76,20,00,00,FE,
0,00000300,false,Rx,0,8,27,00,1A,61,01,01,C8,00,
0,00000380,false,Rx,0,8,B0,80,00,76,20,00,00,FE,
0,00000300,false,Rx,0,8,29,FF,32,25,00,00,25,00,
0,00000380,false,Rx,0,8,B0,80,00,76,20,00,00,FE,
0,00000380,false,Rx,0,8,B0,80,00,76,20,00,00,FE,
135000,00000588,false,Rx,0,8,0B,00,72,00,00,80,00,00,
0,00000380,false,Rx,0,8,B0,80,00,76,20,00,00,FE,
0,00000380,false,Rx,0,8,B0,80,00,76,20,00,00,FE,
0,00000300,false,Rx,0,8,2C,05,0A,37,14,32,80,10,
155000,00000588,false,Rx,0,8,0B,00,72,00,00,80,00,00,
0,00000380,false,Rx,0,8,B0,80,00,76,20,00,00,FE,
0,00000380,false,Rx,0,8,B0,80,00,76,20,00,00,FE,
0,00000588,false,Rx,0,8,0B,00,72,00,00,80,00,00,
0,00000380,false,Rx,0,8,B0,80,00,76,20,00,00,FE,
0,00000740,false,Rx,0,5,1F,00,02,21,01,00,00,00,
0,00000380,false,Rx,0,8,B0,80,00,76,20,00,00,FE,
0,00000300,false,Rx,0,8,2F,00,1A,61,01,01,C8,00,
0,00000588,false,Rx,0,8,0B,00,72,00,00,80,00,00,
0,00000380,false,Rx,0,8,B0,80,00,76,20,00,00,FE,
0,00000380,false,Rx,0,8,B0,80,00,76,20,00,00,FE,
0,00000588,false,Rx,0,8,0B,00,72,00,00,80,00,00,
0,00000380,false,Rx,0,8,B0,80,00,76,20,00,00,FE,
0,00000380,false,Rx,0,8,B0,80,00,76,20,00,00,FE,
0,00000588,false,Rx,0,8,0B,00,72,00,00,80,00,00,
0,00000380,false,Rx,0,8,B0,80,00,76,20,00,00,FE,
0,00000300,false,Rx,0,8,24,05,0A,37,14,32,80,10,
0,00000380,false,Rx,0,8,B0,80,00,76,20,00,00,FE,
0,00000300,false,Rx,0,8,16,00,25,00,00,25,00,00,
0,00000380,false,Rx,0,8,B0,80,00,76,20,00,00,FE,
0,00000380,false,Rx,0,8,B0,80,00,76,20,00,00,FE,
0,00000588,false,Rx,0,8,0B,00,72,00,00,80,00,00,
0,00000380,false,Rx,0,8,B0,80,00,76,20,00,00,FE,
283000,00000300,false,Rx,0,8,27,00,1A,61,01,01,C8,00,
0,00000380,false,Rx,0,8,B0,80,00,76,20,00,00,FE,
0,00000300,false,Rx,0,8,29,FF,32,25,00,00,25,00,
0,00000380,false,Rx,0,8,B0,80,00,76,20,00,00,FE,
0,00000380,false,Rx,0,8,B0,80,00,76,20,00,00,FE,
315000,00000588,false,Rx,0,8,0B,00,72,00,00,80,00,00,
0,00000380,false,Rx,0,8,B0,80,00,76,20,00,00,FE,
0,00000300,false,Rx,0,1,B3,00,00,00,00,00,00,00,
0,00000380,false,Rx,0,8,B0,80,00,76,20,00,00,FE,
0,00000300,false,Rx,0,8,2B,00,1A,61,01,01,C8,00,
336000,00000588,false,Rx,0,8,0B,00,72,00,00,80,00,00,
0,00000380,false,Rx,0,8,B0,80,00,76,20,00,00,FE,
0,00000380,false,Rx,0,8,B0,80,00,76,20,00,00,FE,
0,00000588,false,Rx,0,8,0B,00,72,00,00,80,00,00,
0,00000380,false,Rx,0,8,B0,80,00,76,20,00,00,FE,
0,00000380,false,Rx,0,8,B0,80,00,76,20,00,00,FE,
0,00000588,false,Rx,0,8,0B,00,72,00,00,80,00,00,
0,00000380,false,Rx,0,8,B0,80,00,76,20,00,00,FE,
0,00000300,false,Rx,0,8,20,05,0A,37,14,32,80,10,
0,00000380,false,Rx,0,8,B0,80,00,76,20,00,00,FE,
0,00000300,false,Rx,0,8,12,00,25,00,00,25,00,00,
0,00000380,false,Rx,0,8,B0,80,00,76,20,00,00,FE,
0,00000380,false,Rx,0,8,B0,80,00,76,20,00,00,FE,
0,00000588,false,Rx,0,8,0B,00,72,00,00,80,00,00,
0,00000380,false,Rx,0,8,B0,80,00,76,20,00,00,FE,
0,00000300,false,Rx,0,8,23,00,1A,61,01,01,C8,00,
0,00000380,false,Rx,0,8,B0,80,00,76,20,00,00,FE,
0,00000300,false,Rx,0,8,25,FF,32,25,00,00,25,00,
0,00000380,false,Rx,0,8,B0,80,00,76,20,00,00,FE,
0,00000380,false,Rx,0,8,B0,80,00,76,20,00,00,FE,
0,00000588,false,Rx,0,8,0B,00,72,00,00,80,00,00,
0,00000380,false,Rx,0,8,B0,80,00,76,20,00,00,FE,
0,00000380,false,Rx,0,8,B0,80,00,76,20,00,00,FE,
0,00000300,false,Rx,0,8,28,05,0A,37,14,32,80,10,
0,00000588,false,Rx,0,8,0B,00,72,00,00,80,00,00,
0,00000380,false,Rx,0,8,B0,80,00,76,20,00,00,FE,
0,00000380,false,Rx,0,8,B0,80,00,76,20,00,00,FE,
495000,00000588,false,Rx,0,8,0B,00,72,00,00,80,00,00,
0,00000380,false,Rx,0,8,B0,80,00,76,20,00,00,FE,
0,00000380,false,Rx,0,8,B0,80,00,76,20,00,00,FE,
0,00000588,false,Rx,0,8,0B,00,72,00,00,80,00,00,
0,00000380,false,Rx,0,8,B0,80,00,76,20,00,00,FE,
0,00000300,false,Rx,0,1,B7,00,00,00,00,00,00,00,
0,00000380,false,Rx,0,8,B0,80,00,76,20,00,00,FE,
0,00000300,false,Rx,0,8,2B,00,1A,61,01,01,C8,00,
536000,00000588,false,Rx,0,8,0B,00,72,00,00,80,00,00,
0,00000380,false,Rx,0,8,B0,80,00,76,20,00,00,FE,
0,00000380,false,Rx,0,8,B0,80,00,76,20,00,00,FE,
0,00000588,false,Rx,0,8,0B,00,72,00,00,80,00,00,
0,00000380,false,Rx,0,8,B0,80,00,76,20,00,00,FE,
0,00000288,false,Rx,0,8,E8,5B,D5,00,00,6B,57,8C,
0,00000588,false,Rx,0,8,0B,00,72,00,00,80,00,00,
0,00000380,false,Rx,0,8,B0,80,00,76,20,00,00,FE,
0,00000300,false,Rx,0,8,2F,00,1A,61,01,01,C8,00,
0,00000380,false,Rx,0,8,B0,80,00,76,20,00,00,FE,
0,00000300,false,Rx,0,8,21,FF,32,25,00,00,25,00,
0,00000380,false,Rx,0,8,B0,80,00,76,20,00,00,FE,
0,00000380,false,Rx,0,8,B0,80,00,76,20,00,00,FE,
0,00000588,false,Rx,0,8,0B,00,72,00,00,80,00,00,
0,00000380,false,Rx,0,8,B0,80,00,76,20,00,00,FE,
0,00000380,false,Rx,0,8,B0,80,00,76,20,00,00,FE,
0,00000588,false,Rx,0,8,0B,00,72,00,00,80,00,00,
0,00000380,false,Rx,0,8,B0,80,00,76,20,00,00,FE,
0,00000300,false,Rx,0,8,16,00,25,00,00,25,00,00,
0,00000380,false,Rx,0,8,B0,80,00,76,20,00,00,FE,
659000,00000588,false,Rx,0,8,0B,00,72,00,00,80,00,00,
0,00000380,false,Rx,0,8,B0,80,00,76,20,00,00,FE,
0,00000740,false,Rx,0,5,19,00,02,21,01,00,00,00,
0,00000380,false,Rx,0,8,B0,80,00,76,20,00,00,FE,
0,00000300,false,Rx,0,8,27,00,1A,61,01,01,C8,00,
0,00000588,false,Rx,0,8,0B,00,72,00,00,80,00,00,
0,00000380,false,Rx,0,8,B0,80,00,76,20,00,00,FE,
0,00000380,false,Rx,0,8,B0,80,00,76,20,00,00,FE,
696000,00000588,false,Rx,0,8,0B,00,72,00,00,80,00,00,
0,00000380,false,Rx,0,8,B0,80,00,76,20,00,00,FE,
0,00000380,false,Rx,0,8,B0,80,00,76,20,00,00,FE,
0,00000588,false,Rx,0,8,0B,00,72,00,00,80,00,00,
0,00000380,false,Rx,0,8,B0,80,00,76,20,00,00,FE,
725000,00000300,false,Rx,0,8,2C,05,0A,37,14,32,80,10,
0,00000380,false,Rx,0,8,B0,80,00,76,20,00,00,FE,
0,00000300,false,Rx,0,8,1E,00,25,00,00,25,00,00,
0,00000380,false,Rx,0,8,B0,80,00,76,20,00,00,FE,
0,00000380,false,Rx,0,8,B0,80,00,76,20,00,00,FE,
0,00000588,false,Rx,0,8,0B,00,72,00,00,80,00,00,
0,00000380,false,Rx,0,8,B0,80,00,76,20,00,00,FE,
0,00000300,false,Rx,0,8,2F,00,1A,61,01,01,C8,00,
0,00000380,false,Rx,0,8,B0,80,00,76,20,00,00,FE,
0,00000300,false,Rx,0,8,21,FF,32,25,00,00,25,00,
0,00000380,false,Rx,0,8,B0,80,00,76,20,00,00,FE,
0,00000380,false,Rx,0,8,B0,80,00,76,20,00,00,FE,
0,00000588,false,Rx,0,8,0B,00,72,00,00,80,00,00,
0,00000380,false,Rx,0,8,B0,80,00,76,20,00,00,FE,
0,00000380,false,Rx,0,8,B0,80,00,76,20,00,00,FE,
0,00000588,false,Rx,0,8,0B,00,72,00,00,80,00,00,
0,00000380,false,Rx,0,8,B0,80,00,76,20,00,00,FE,
0,00000300,false,Rx,0,8,24,05,0A,37,14,32,80,10,
0,00000380,false,Rx,0,8,B0,80,00,76,20,00,00,FE,
0,00000300,false,Rx,0,8,16,00,25,00,00,25,00,00,
0,00000380,false,Rx,0,8,B0,80,00,76,20,00,00,FE,
0,00000380,false,Rx,0,8,B0,80,00,76,20,00,00,FE,
0,00000588,false,Rx,0,8,0B,00,72,00,00,80,00,00,
0,00000380,false,Rx,0,8,B0,80,00,76,20,00,00,FE,
0,00000300,false,Rx,0,8,27,00,1A,61,01,01,C8,00,
0,00000380,false,Rx,0,8,B0,80,00,76,20,00,00,FE,
0,00000300,false,Rx,0,8,29,FF,32,25,00,00,25,00,
0,00000380,false,Rx,0,8,B0,80,00,76,20,00,00,FE,
0,00000380,false,Rx,0,8,B0,80,00,76,20,00,00,FE,
0,00000588,false,Rx,0,8,0B,00,72,00,00,80,00,00,
0,00000380,false,Rx,0,8,B0,80,00,76,20,00,00,FE,
0,00000380,false,Rx,0,8,B0,80,00,76,20,00,00,FE,
0,00000300,false,Rx,0,8,2C,05,0A,37,14,32,80,10,
917000,00000588,false,Rx,0,8,0B,00,72,00,00,80,00,00,
0,00000380,false,Rx,0,8,B0,80,00,76,20,00,00,FE,
0,00000380,false,Rx,0,8,B0,80,00,76,20,00,00,FE,
0,00000588,false,Rx,0,8,0B,00,72,00,00,80,00,00,
0,00000380,false,Rx,0,8,B0,80,00,76,20,00,00,FE,
0,00000380,false,Rx,0,8,B0,80,00,76,20,00,00,FE,
0,00000300,false,Rx,0,8,2F,00,1A,61,01,01,C8,00,
0,00000588,false,Rx,0,8,0B,00,72,00,00,80,00,00,
0,00000380,false,Rx,0,8,B0,80,00,76,20,00,00,FE,
0,00000380,false,Rx,0,8,B0,80,00,76,20,00,00,FE,
0,00000588,false,Rx,0,8,0B,00,72,00,00,80,00,00,
0,00000380,false,Rx,0,8,B0,80,00,76,20,00,00,FE,
0,00000380,false,Rx,0,8,B0,80,00,76,20,00,00,FE,
0,00000588,false,Rx,0,8,0B,00,72,00,00,80,00,00,
0,00000380,false,Rx,0,8,B0,80,00,76,20,00,00,FE,
0,00000300,false,Rx,0,8,24,05,0A,37,14,32,80,10,
0,00000380,false,Rx,0,8,B0,80,00,76,20,00,00,FE,
0,00000300,false,Rx,0,8,16,00,25,00,00,25,00,00,
0,00000380,false,Rx,0,8,B0,80,00,76,20,00,00,FE,
0,00000380,false,Rx,0,8,B0,80,00,76,20,00,00,FE,
0,00000588,false,Rx,0,8,0B,00,72,00,00,80,00,00,
0,00000380,false,Rx,0,8,B0,80,00,76,20,00,00,FE,
0,00000380,false,Rx,0,8,B0,80,00,76,20,00,00,FE,
0,00000740,false,Rx,0,5,11,00,02,21,01,00,00,00,
0,00000300,false,Rx,0,1,B2,00,00,00,00,00,00,00,
0,00000380,false,Rx,0,8,B0,80,00,76,20,00,00,FE,
0,00000300,false,Rx,0,8,27,00,1A,61,01,01,C8,00,
0,00000380,false,Rx,0,8,B0,80,00,76,20,00,00,FE,
0,00000300,false,Rx,0,8,29,FF,32,25,00,00,25,00,
0,00000380,false,Rx,0,8,B0,80,00,76,20,00,00,FE,
0,00000380,false,Rx,0,8,B0,80,00,76,20,00,00,FE,
0,00000588,false,Rx,0,8,0B,00,72,00,00,80,00,00,
0,00000380,false,Rx,0,8,B0,80,00,76,20,00,00,FE,
0,00000300,false,Rx,0,1,B3,00,00,00,00,00,00,00,
0,00000380,false,Rx,0,8,B0,80,00,76,20,00,00,FE,
0,00000300,false,Rx,0,8,2B,00,1A,61,01,01,C8,00,
0,00000588,false,Rx,0,8,0B,00,72,00,00,80,00,00,
0,00000380,false,Rx,0,8,B0,80,00,76,20,00,00,FE,
0,00000380,false,Rx,0,8,B0,80,00,76,20,00,00,FE,
0,00000588,false,Rx,0,8,0B,00,72,00,00,80,00,00,
0,00000380,false,Rx,0,8,B0,80,00,76,20,00,00,FE,
0,00000380,false,Rx,0,8,B0,80,00,76,20,00,00,FE,
0,00000588,false,Rx,0,8,0B,00,72,00,00,80,00,00,
0,00000380,false,Rx,0,8,B0,80,00,76,20,00,00,FE,
0,00000300,false,Rx,0,8,20,05,0A,37,14,32,80,10,
0,00000380,false,Rx,0,8,B0,80,00,76,20,00,00,FE,
0,00000300,false,Rx,0,8,12,00,25,00,00,25,00,00,
0,00000380,false,Rx,0,8,B0,80,00,76,20,00,00,FE,
0,00000380,false,Rx,0,8,B0,80,00,76,20,00,00,FE,
0,00000588,false,Rx,0,8,0B,00,72,00,00,80,00,00,
0,00000380,false,Rx,0,8,B0,80,00,76,20,00,00,FE,
0,00000300,false,Rx,0,8,23,00,1A,61,01,01,C8,00,
0,00000380,false,Rx,0,8,B0,80,00,76,20,00,00,FE,
0,00000300,false,Rx,0,8,25,FF,32,25,00,00,25,00,
0,00000380,false,Rx,0,8,B0,80,00,76,20,00,00,FE,
0,00000380,false,Rx,0,8,B0,80,00,76,20,00,00,FE,
0,00000588,false,Rx,0,8,0B,00,72,00,00,80,00,00,
0,00000380,false,Rx,0,8,B0,80,00,76,20,00,00,FE,
0,00000380,false,Rx,0,8,B0,80,00,76,20,00,00,FE,
257000,00000588,false,Rx,0,8,0B,00,72,00,00,80,00,00,
0,00000380,false,Rx,0,8,B0,80,00,76,20,00,00,FE,
265000,00000300,false,Rx,0,8,1A,00,25,00,00,25,00,00,
0,00000380,false,Rx,0,8,B0,80,00,76,20,00,00,FE,
0,00000588,false,Rx,0,8,0B,00,72,00,00,80,00,00,
0,00000380,false,Rx,0,8,B0,80,00,76,20,00,00,FE,
0,00000380,false,Rx,0,8,B0,80,00,76,20,00,00,FE,
0,00000300,false,Rx,0,1,B7,00,00,00,00,00,00,00,
0,00000588,false,Rx,0,8,0B,00,72,00,00,80,00,00,
0,00000380,false,Rx,0,8,B0,80,00,76,20,00,00,FE,
306000,00000300,false,Rx,0,8,2B,00,1A,61,01,01,C8,00,
0,00000380,false,Rx,0,8,B0,80,00,76,20,00,00,FE,
0,00000300,false,Rx,0,8,2D,FF,32,25,00,00,25,00,
0,00000380,false,Rx,0,8,B0,80,00,76,20,00,00,FE,
0,00000380,false,Rx,0,8,B0,80,00,76,20,00,00,FE,
0,00000588,false,Rx,0,8,0B,00,72,00,00,80,00,00,
0,00000380,false,Rx,0,8,B0,80,00,76,20,00,00,FE,
0,00000380,false,Rx,0,8,B0,80,00,76,20,00,00,FE,
0,00000300,false,Rx,0,8,20,05,0A,37,14,32,80,10,
0,00000588,false,Rx,0,8,0B,00,72,00,00,80,00,00,
0,00000380,false,Rx,0,8,B0,80,00,76,20,00,00,FE,
0,00000380,false,Rx,0,8,B0,80,00,76,20,00,00,FE,
0,00000588,false,Rx,0,8,0B,00,72,00,00,80,00,00,
0,00000380,false,Rx,0,8,B0,80,00,76,20,00,00,FE,
0,00000740,false,Rx,0,5,18,00,02,21,01,00,00,00,
0,00000380,false,Rx,0,8,B0,80,00,76,20,00,00,FE,
0,00000300,false,Rx,0,8,23,00,1A,61,01,01,C8,00,
0,00000588,false,Rx,0,8,0B,00,72,00,00,80,00,00,
0,00000380,false,Rx,0,8,B0,80,00,76,20,00,00,FE,
0,00000380,false,Rx,0,8,B0,80,00,76,20,00,00,FE,
0,00000588,false,Rx,0,8,0B,00,72,00,00,80,00,00,
0,00000380,false,Rx,0,8,B0,80,00,76,20,00,00,FE,
0,00000380,false,Rx,0,8,B0,80,00,76,20,00,00,FE,
437000,00000588,false,Rx,0,8,0B,00,72,00,00,80,00,00,
0,00000380,false,Rx,0,8,B0,80,00,76,20,00,00,FE,
0,00000300,false,Rx,0,8,28,05,0A,37,14,32,80,10,
0,00000380,false,Rx,0,8,B0,80,00,76,20,00,00,FE,
0,00000300,false,Rx,0,8,1A,00,25,00,00,25,00,00,
0,00000380,false,Rx,0,8,B0,80,00,76,20,00,00,FE,
0,00000380,false,Rx,0,8,B0,80,00,76,20,00,00,FE,
0,00000300,false,Rx,0,1,BB,00,00,00,00,00,00,00,
0,00000380,false,Rx,0,8,B0,80,00,76,20,00,00,FE,
487000,00000300,false,Rx,0,8,2B,00,1A,61,01,01,C8,00,
0,00000380,false,Rx,0,8,B0,80,00,76,20,00,00,FE,
0,00000300,false,Rx,0,8,2D,FF,32,25,00,00,25,00,
0,00000380,false,Rx,0,8,B0,80,00,76,20,00,00,FE,
0,00000380,false,Rx,0,8,B0,80,00,76,20,00,00,FE,
0,00000588,false,Rx,0,8,0B,00,72,00,00,80,00,00,
0,00000380,false,Rx,0,8,B0,80,00,76,20,00,00,FE,
0,00000380,false,Rx,0,8,B0,80,00,76,20,00,00,FE,
0,00000300,false,Rx,0,8,20,05,0A,37,14,32,80,10,
0,00000588,false,Rx,0,8,0B,00,72,00,00,80,00,00,
0,00000380,false,Rx,0,8,B0,80,00,76,20,00,00,FE,
0,00000380,false,Rx,0,8,B0,80,00,76,20,00,00,FE,
0,00000588,false,Rx,0,8,0B,00,72,00,00,80,00,00,
0,00000380,false,Rx,0,8,B0,80,00,76,20,00,00,FE,
0,00000380,false,Rx,0,8,B0,80,00,76,20,00,00,FE,
0,00000588,false,Rx,0,8,0B,00,72,00,00,80,00,00,
0,00000288,false,Rx,0,8,2C,5B,D5,00,00,6B,57,8C,
0,00000300,false,Rx,0,1,BD,00,00,00,00,00,00,00,
0,00000380,false,Rx,0,8,B0,80,00,76,20,00,00,FE,
0,00000300,false,Rx,0,8,23,00,1A,61,01,01,C8,00,
0,00000588,false,Rx,0,8,0B,00,72,00,00,80,00,00,
0,00000380,false,Rx,0,8,B0,80,00,76,20,00,00,FE,
0,00000380,false,Rx,0,8,B0,80,00,76,20,00,00,FE,
0,00000588,false,Rx,0,8,0B,00,72,00,00,80,00,00,
0,00000380,false,Rx,0,8,B0,80,00,76,20,00,00,FE,
0,00000288,false,Rx,0,8,8A,5B,D5,00,00,6B,57,8C,
0,00000300,false,Rx,0,1,BE,00,00,00,00,00,00,00,
0,00000588,false,Rx,0,8,0B,00,72,00,00,80,00,00,
0,00000380,false,Rx,0,8,B0,80,00,76,20,00,00,FE,
647000,00000300,false,Rx,0,8,27,00,1A,61,01,01,C8,00,
0,00000380,false,Rx,0,8,B0,80,00,76,20,00,00,FE,
0,00000300,false,Rx,0,8,29,FF,32,25,00,00,25,00,
0,00000380,false,Rx,0,8,B0,80,00,76,20,00,00,FE,
0,00000380,false,Rx,0,8,B0,80,00,76,20,00,00,FE,
0,00000588,false,Rx,0,8,0B,00,72,00,00,80,00,00,
0,00000380,false,Rx,0,8,B0,80,00,76,20,00,00,FE,
0,00000380,false,Rx,0,8,B0,80,00,76,20,00,00,FE,
0,00000300,false,Rx,0,8,2C,05,0A,37,14,32,80,10,
0,00000588,false,Rx,0,8,0B,00,72,00,00,80,00,00,
0,00000380,false,Rx,0,8,B0,80,00,76,20,00,00,FE,
0,00000380,false,Rx,0,8,B0,80,00,76,20,00,00,FE,
0,00000588,false,Rx,0,8,0B,00,72,00,00,80,00,00,
0,00000380,false,Rx,0,8,B0,80,00,76,20,00,00,FE,
0,00000380,false,Rx,0,8,B0,80,00,76,20,00,00,FE,
0,00000300,false,Rx,0,8,2F,00,1A,61,01,01,C8,00,
0,00000588,false,Rx,0,8,0B,00,72,00,00,80,00,00,
0,00000380,false,Rx,0,8,B0,80,00,76,20,00,00,FE,
0,00000380,false,Rx,0,8,B0,80,00,76,20,00,00,FE,
0,00000588,false,Rx,0,8,0B,00,72,00,00,80,00,00,
0,00000380,false,Rx,0,8,B0,80,00,76,20,00,00,FE,
0,00000380,false,Rx,0,8,B0,80,00,76,20,00,00,FE,
0,00000300,false,Rx,0,1,B1,00,00,00,00,00,00,00,
0,00000588,false,Rx,0,8,0B,00,72,00,00,80,00,00,
0,00000380,false,Rx,0,8,B0,80,00,76,20,00,00,FE,
0,00000380,false,Rx,0,8,B0,80,00,76,20,00,00,FE,
0,00000588,false,Rx,0,8,0B,00,72,00,00,80,00,00,
0,00000380,false,Rx,0,8,B0,80,00,76,20,00,00,FE,
0,00000488,false,Rx,0,8,3F,23,00,72,FE,FF,FF,90,
0,00000380,false,Rx,0,8,B0,80,00,76,20,00,00,FE,
818000,00000588,false,Rx,0,8,0B,00,72,00,00,80,00,00,
0,00000380,false,Rx,0,8,B0,80,00,76,20,00,00,FE,
0,00000380,false,Rx,0,8,B0,80,00,76,20,00,00,FE,
0,00000588,false,Rx,0,8,0B,00,72,00,00,80,00,00,
0,00000380,false,Rx,0,8,B0,80,00,76,20,00,00,FE,
847000,00000300,false,Rx,0,8,1A,00,25,00,00,25,00,00,
0,00000380,false,Rx,0,8,B0,80,00,76,20,00,00,FE,
0,00000588,false,Rx,0,8,0B,00,72,00,00,80,00,00,
0,00000380,false,Rx,0,8,B0,80,00,76,20,00,00,FE,
0,00000300,false,Rx,0,1,B3,00,00,00,00,00,00,00,
0,00000380,false,Rx,0,8,B0,80,00,76,20,00,00,FE,
0,00000300,false,Rx,0,8,2C,05,0A,37,14,32,80,10,
0,00000380,false,Rx,0,8,B0,80,00,76,20,00,00,FE,
0,00000380,false,Rx,0,8,B0,80,00,76,20,00,00,FE,
0,00000588,false,Rx,0,8,0B,00,72,00,00,80,00,00,
0,00000380,false,Rx,0,8,B0,80,00,76,20,00,00,FE,
0,00000380,false,Rx,0,8,B0,80,00,76,20,00,00,FE,
0,00000300,false,Rx,0,8,2F,00,1A,61,01,01,C8,00,
0,00000380,false,Rx,0,8,B0,80,00,76,20,00,00,FE,
0,00000380,false,Rx,0,8,B0,80,00,76,20,00,00,FE,
0,00000300,false,Rx,0,8,12,00,25,00,00,25,00,00,
0,00000588,false,Rx,0,8,0B,00,72,00,00,80,00,00,
0,00000380,false,Rx,0,8,B0,80,00,76,20,00,00,FE,
0,00000380,false,Rx,0,8,B0,80,00,76,20,00,00,FE,
0,00000588,false,Rx,0,8,0B,00,72,00,00,80,00,00,
0,00000380,false,Rx,0,8,B0,80,00,76,20,00,00,FE,
0,00000380,false,Rx,0,8,B0,80,00,76,20,00,00,FE,
0,00000300,false,Rx,0,8,24,05,0A,37,14,32,80,10,
0,00000588,false,Rx,0,8,0B,00,72,00,00,80,00,00,
0,00000380,false,Rx,0,8,B0,80,00,76,20,00,00,FE,
0,00000380,false,Rx,0,8,B0,80,00,76,20,00,00,FE,
0,00000588,false,Rx,0,8,0B,00,72,00,00,80,00,00,
0,00000380,false,Rx,0,8,B0,80,00,76,20,00,00,FE,
0,00000380,false,Rx,0,8,B0,80,00,76,20,00,00,FE,
0,00000300,false,Rx,0,8,27,00,1A,61,01,01,C8,00,
0,00000588,false,Rx,0,8,0B,00,72,00,00,80,00,00,
0,00000380,false,Rx,0,8,B0,80,00,76,20,00,00,FE,
0,00000380,false,Rx,0,8,B0,80,00,76,20,00,00,FE,
0,00000588,false,Rx,0,8,0B,00,72,00,00,80,00,00,
0,00000380,false,Rx,0,8,B0,80,00,76,20,00,00,FE,
0,00000380,false,Rx,0,8,B0,80,00,76,20,00,00,FE,
0,00000588,false,Rx,0,8,0B,00,72,00,00,80,00,00,
0,00000380,false,Rx,0,8,B0,80,00,76,20,00,00,FE,
68000,00000300,false,Rx,0,8,2C,05,0A,37,14,32,80,10,
0,00000380,false,Rx,0,8,B0,80,00,76,20,00,00,FE,
0,00000300,false,Rx,0,8,1E,00,25,00,00,25,00,00,
0,00000380,false,Rx,0,8,B0,80,00,76,20,00,00,FE,
0,00000380,false,Rx,0,8,B0,80,00,76,20,00,00,FE,
0,00000588,false,Rx,0,8,0B,00,72,00,00,80,00,00,
0,00000380,false,Rx,0,8,B0,80,00,76,20,00,00,FE,
0,00000380,false,Rx,0,8,B0,80,00,76,20,00,00,FE,
0,00000300,false,Rx,0,1,B8,00,00,00,00,00,00,00,
0,00000588,false,Rx,0,8,0B,00,72,00,00,80,00,00,
0,00000380,false,Rx,0,8,B0,80,00,76,20,00,00,FE,
0,00000300,false,Rx,0,8,2F,00,1A,61,01,01,C8,00,
0,00000380,false,Rx,0,8,B0,80,00,76,20,00,00,FE,
0,00000300,false,Rx,0,8,21,FF,32,25,00,00,25,00,
0,00000380,false,Rx,0,8,B0,80,00,76,20,00,00,FE,
0,00000380,false,Rx,0,8,B0,80,00,76,20,00,00,FE,
163000,00000588,false,Rx,0,8,0B,00,72,00,00,80,00,00,
0,00000288,false,Rx,0,8,E8,5B,D5,00,00,6B,57,8C,
0,00000300,false,Rx,0,1,B9,00,00,00,00,00,00,00,
0,00000380,false,Rx,0,8,B0,80,00,76,20,00,00,FE,
0,00000300,false,Rx,0,8,23,00,1A,61,01,01,C8,00,
0,00000588,false,Rx,0,8,0B,00,72,00,00,80,00,00,
0,00000380,false,Rx,0,8,B0,80,00,76,20,00,00,FE,
0,00000380,false,Rx,0,8,B0,80,00,76,20,00,00,FE,
0,00000588,false,Rx,0,8,0B,00,72,00,00,80,00,00,
0,00000380,false,Rx,0,8,B0,80,00,76,20,00,00,FE,
0,00000380,false,Rx,0,8,B0,80,00,76,20,00,00,FE,
0,00000300,false,Rx,0,8,27,00,1A,61,01,01,C8,00,
0,00000380,false,Rx,0,8,B0,80,00,76,20,00,00,FE,
0,00000380,false,Rx,0,8,B0,80,00,76,20,00,00,FE,
0,00000300,false,Rx,0,8,1A,00,25,00,00,25,00,00,
240000,00000588,false,Rx,0,8,0B,00,72,00,00,80,00,00,
0,00000380,false,Rx,0,8,B0,80,00,76,20,00,00,FE,
0,00000380,false,Rx,0,8,B0,80,00,76,20,00,00,FE,
0,00000300,false,Rx,0,1,BB,00,00,00,00,00,00,00,
0,00000588,false,Rx,0,8,0B,00,72,00,00,80,00,00,
0,00000380,false,Rx,0,8,B0,80,00,76,20,00,00,FE,
0,00000300,false,Rx,0,8,2B,00,1A,61,01,01,C8,00,
0,00000380,false,Rx,0,8,B0,80,00,76,20,00,00,FE,
0,00000300,false,Rx,0,8,2D,FF,32,25,00,00,25,00,
0,00000380,false,Rx,0,8,B0,80,00,76,20,00,00,FE,
0,00000380,false,Rx,0,8,B0,80,00,76,20,00,00,FE,
0,00000588,false,Rx,0,8,0B,00,72,00,00,80,00,00,
0,00000380,false,Rx,0,8,B0,80,00,76,20,00,00,FE,
0,00000380,false,Rx,0,8,B0,80,00,76,20,00,00,FE,
0,00000588,false,Rx,0,8,0B,00,72,00,00,80,00,00,
0,00000380,false,Rx,0,8,B0,80,00,76,20,00,00,FE,
0,00000300,false,Rx,0,8,12,00,25,00,00,25,00,00,
0,00000380,false,Rx,0,8,B0,80,00,76,20,00,00,FE,
343000,00000588,false,Rx,0,8,0B,00,72,00,00,80,00,00,
0,00000380,false,Rx,0,8,B0,80,00,76,20,00,00,FE,
0,00000380,false,Rx,0,8,B0,80,00,76,20,00,00,FE,
0,00000300,false,Rx,0,8,23,00,1A,61,01,01,C8,00,
0,00000588,false,Rx,0,8,0B,00,72,00,00,80,00,00,
0,00000380,false,Rx,0,8,B0,80,00,76,20,00,00,FE,
0,00000380,false,Rx,0,8,B0,80,00,76,20,00,00,FE,
0,00000588,false,Rx,0,8,0B,00,72,00,00,80,00,00,
0,00000380,false,Rx,0,8,B0,80,00,76,20,00,00,FE,
0,00000380,false,Rx,0,8,B0,80,00,76,20,00,00,FE,
400000,00000588,false,Rx,0,8,0B,00,72,00,00,80,00,00,
0,00000380,false,Rx,0,8,B0,80,00,76,20,00,00,FE,
0,00000380,false,Rx,0,8,B0,80,00,76,20,00,00,FE,
0,00000588,false,Rx,0,8,0B,00,72,00,00,80,00,00,
0,00000380,false,Rx,0,8,B0,80,00,76,20,00,00,FE,
429000,00000300,false,Rx,0,8,1A,00,25,00,00,25,00,00,
0,00000380,false,Rx,0,8,B0,80,00,76,20,00,00,FE,
0,00000588,false,Rx,0,8,0B,00,72,00,00,80,00,00,
0,00000380,false,Rx,0,8,B0,80,00,76,20,00,00,FE,
0,00000740,false,Rx,0,5,1E,00,02,21,01,00,00,00,
0,00000380,false,Rx,0,8,B0,80,00,76,20,00,00,FE,
0,00000300,false,Rx,0,8,2B,00,1A,61,01,01,C8,00,
0,00000588,false,Rx,0,8,0B,00,72,00,00,80,00,00,
0,00000380,false,Rx,0,8,B0,80,00,76,20,00,00,FE,
0,00000380,false,Rx,0,8,B0,80,00,76,20,00,00,FE,
0,00000588,false,Rx,0,8,0B,00,72,00,00,80,00,00,
0,00000380,false,Rx,0,8,B0,80,00,76,20,00,00,FE,
0,00000380,false,Rx,0,8,B0,80,00,76,20,00,00,FE,
0,00000588,false,Rx,0,8,0B,00,72,00,00,80,00,00,
0,00000380,false,Rx,0,8,B0,80,00,76,20,00,00,FE,
0,00000300,false,Rx,0,8,20,05,0A,37,14,32,80,10,
0,00000380,false,Rx,0,8,B0,80,00,76,20,00,00,FE,
0,00000300,false,Rx,0,8,12,00,25,00,00,25,00,00,
0,00000380,false,Rx,0,8,B0,80,00,76,20,00,00,FE,
0,00000380,false,Rx,0,8,B0,80,00,76,20,00,00,FE,
0,00000588,false,Rx,0,8,0B,00,72,00,00,80,00,00,
0,00000380,false,Rx,0,8,B0,80,00,76,20,00,00,FE,
0,00000380,false,Rx,0,8,B0,80,00,76,20,00,00,FE,
0,00000588,false,Rx,0,8,0B,00,72,00,00,80,00,00,
0,00000380,false,Rx,0,8,B0,80,00,76,20,00,00,FE,
0,00000300,false,Rx,0,8,16,00,25,00,00,25,00,00,
0,00000380,false,Rx,0,8,B0,80,00,76,20,00,00,FE,
580000,00000588,false,Rx,0,8,0B,00,72,00,00,80,00,00,
0,00000380,false,Rx,0,8,B0,80,00,76,20,00,00,FE,
0,00000380,false,Rx,0,8,B0,80,00,76,20,00,00,FE,
0,00000300,false,Rx,0,8,28,05,0A,37,14,32,80,10,
601000,00000588,false,Rx,0,8,0B,00,72,00,00,80,00,00,
0,00000380,false,Rx,0,8,B0,80,00,76,20,00,00,FE,
0,00000380,false,Rx,0,8,B0,80,00,76,20,00,00,FE,
0,00000588,false,Rx,0,8,0B,00,72,00,00,80,00,00,
0,00000380,false,Rx,0,8,B0,80,00,76,20,00,00,FE,
0,00000380,false,Rx,0,8,B0,80,00,76,20,00,00,FE,
0,00000588,false,Rx,0,8,0B,00,72,00,00,80,00,00,
0,00000380,false,Rx,0,8,B0,80,00,76,20,00,00,FE,
0,00000300,false,Rx,0,1,B3,00,00,00,00,00,00,00,
0,00000380,false,Rx,0,8,B0,80,00,76,20,00,00,FE,
0,00000300,false,Rx,0,8,2C,05,0A,37,14,32,80,10,
0,00000380,false,Rx,0,8,B0,80,00,76,20,00,00,FE,
0,00000380,false,Rx,0,8,B0,80,00,76,20,00,00,FE,
679000,00000488,false,Rx,0,8,50,23,00,72,FE,FF,00,00,
0,00000588,false,Rx,0,8,0B,00,72,00,00,80,00,00,
0,00000380,false,Rx,0,8,B0,80,00,76,20,00,00,FE,
0,00000380,false,Rx,0,8,B0,80,00,76,20,00,00,FE,
0,00000300,false,Rx,0,8,2F,00,1A,61,01,01,C8,00,
0,00000380,false,Rx,0,8,B0,80,00,76,20,00,00,FE,
0,00000380,false,Rx,0,8,B0,80,00,76,20,00,00,FE,
0,00000300,false,Rx,0,8,12,00,25,00,00,25,00,00,
0,00000588,false,Rx,0,8,0B,00,72,00,00,80,00,00,
0,00000380,false,Rx,0,8,B0,80,00,76,20,00,00,FE,
0,00000380,false,Rx,0,8,B0,80,00,76,20,00,00,FE,
0,00000588,false,Rx,0,8,0B,00,72,00,00,80,00,00,
0,00000380,false,Rx,0,8,B0,80,00,76,20,00,00,FE,
0,00000380,false,Rx,0,8,B0,80,00,76,20,00,00,FE,
0,00000300,false,Rx,0,8,24,05,0A,37,14,32,80,10,
0,00000588,false,Rx,0,8,0B,00,72,00,00,80,00,00,
0,00000380,false,Rx,0,8,B0,80,00,76,20,00,00,FE,
0,00000380,false,Rx,0,8,B0,80,00,76,20,00,00,FE,
0,00000588,false,Rx,0,8,0B,00,72,00,00,80,00,00,
0,00000380,false,Rx,0,8,B0,80,00,76,20,00,00,FE,
0,00000380,false,Rx,0,8,B0,80,00,76,20,00,00,FE,
0,00000300,false,Rx,0,8,27,00,1A,61,01,01,C8,00,
802000,00000588,false,Rx,0,8,0B,00,72,00,00,80,00,00,
0,00000380,false,Rx,0,8,B0,80,00,76,20,00,00,FE,
0,00000380,false,Rx,0,8,B0,80,00,76,20,00,00,FE,
0,00000588,false,Rx,0,8,0B,00,72,00,00,80,00,00,
0,00000380,false,Rx,0,8,B0,80,00,76,20,00,00,FE,
0,00000380,false,Rx,0,8,B0,80,00,76,20,00,00,FE,
0,00000300,false,Rx,0,1,B7,00,00,00,00,00,00,00,
0,00000588,false,Rx,0,8,0B,00,72,00,00,80,00,00,
0,00000380,false,Rx,0,8,B0,80,00,76,20,00,00,FE,
0,00000300,false,Rx,0,8,2B,00,1A,61,01,01,C8,00,
0,00000380,false,Rx,0,8,B0,80,00,76,20,00,00,FE,
0,00000300,false,Rx,0,8,2D,FF,32,25,00,00,25,00,
0,00000380,false,Rx,0,8,B0,80,00,76,20,00,00,FE,
0,00000380,false,Rx,0,8,B0,80,00,76,20,00,00,FE,
0,00000588,false,Rx,0,8,0B,00,72,00,00,80,00,00,
0,00000380,false,Rx,0,8,B0,80,00,76,20,00,00,FE,
0,00000380,false,Rx,0,8,B0,80,00,76,20,00,00,FE,
0,00000300,false,Rx,0,8,20,05,0A,37,14,32,80,10,
0,00000588,false,Rx,0,8,0B,00,72,00,00,80,00,00,
0,00000380,false,Rx,0,8,B0,80,00,76,20,00,00,FE,
0,00000380,false,Rx,0,8,B0,80,00,76,20,00,00,FE,
924000,00000588,false,Rx,0,8,0B,00,72,00,00,80,00,00,
0,00000380,false,Rx,0,8,B0,80,00,76,20,00,00,FE,
0,00000740,false,Rx,0,5,18,00,02,21,01,00,00,00,
0,00000380,false,Rx,0,8,B0,80,00,76,20,00,00,FE,
0,00000300,false,Rx,0,8,23,00,1A,61,01,01,C8,00,
0,00000588,false,Rx,0,8,0B,00,72,00,00,80,00,00,
0,00000380,false,Rx,0,8,B0,80,00,76,20,00,00,FE,
0,00000380,false,Rx,0,8,B0,80,00,76,20,00,00,FE,
961000,00000588,false,Rx,0,8,0B,00,72,00,00,80,00,00,
0,00000380,false,Rx,0,8,B0,80,00,76,20,00,00,FE,
0,00000380,false,Rx,0,8,B0,80,00,76,20,00,00,FE,
0,00000300,false,Rx,0,1,BA,00,00,00,00,00,00,00,
0,00000588,false,Rx,0,8,0B,00,72,00,00,80,00,00,
0,00000380,false,Rx,0,8,B0,80,00,76,20,00,00,FE,
0,00000380,false,Rx,0,8,B0,80,00,76,20,00,00,FE,
0,00000588,false,Rx,0,8,0B,00,72,00,00,80,00,00,
0,00000380,false,Rx,0,8,B0,80,00,76,20,00,00,FE,
0,00000488,false,Rx,0,8,BF,23,00,72,FE,FF,FF,10,
0,00000380,false,Rx,0,8,B0,80,00,76,20,00,00,FE,
0,00000588,false,Rx,0,8,0B,00,72,00,00,80,00,00,
0,00000380,false,Rx,0,8,B0,80,00,76,20,00,00,FE,
0,00000380,false,Rx,0,8,B0,80,00,76,20,00,00,FE,
0,00000588,false,Rx,0,8,0B,00,72,00,00,80,00,00,
0,00000380,false,Rx,0,8,B0,80,00,76,20,00,00,FE,
0,00000300,false,Rx,0,8,1E,00,25,00,00,25,00,00,
0,00000380,false,Rx,0,8,B0,80,00,76,20,00,00,FE,
0,00000588,false,Rx,0,8,0B,00,72,00,00,80,00,00,
0,00000380,false,Rx,0,8,B0,80,00,76,20,00,00,FE,
0,00000740,false,Rx,0,5,1B,00,02,21,01,00,00,00,
0,00000380,false,Rx,0,8,B0,80,00,76,20,00,00,FE,
0,00000300,false,Rx,0,8,2F,00,1A,61,01,01,C8,00,
0,00000588,false,Rx,0,8,0B,00,72,00,00,80,00,00,
0,00000380,false,Rx,0,8,B0,80,00,76,20,00,00,FE,
0,00000380,false,Rx,0,8,B0,80,00,76,20,00,00,FE,
0,00000588,false,Rx,0,8,0B,00,72,00,00,80,00,00,
0,00000380,false,Rx,0,8,B0,80,00,76,20,00,00,FE,
0,00000380,false,Rx,0,8,B0,80,00,76,20,00,00,FE,
0,00000588,false,Rx,0,8,0B,00,72,00,00,80,00,00,
0,00000380,false,Rx,0,8,B0,80,00,76,20,00,00,FE,
0,00000380,false,Rx,0,8,B0,80,00,76,20,00,00,FE,
141000,00000588,false,Rx,0,8,0B,00,72,00,00,80,00,00,
0,00000380,false,Rx,0,8,B0,80,00,76,20,00,00,FE,
0,00000380,false,Rx,0,8,B0,80,00,76,20,00,00,FE,
0,00000588,false,Rx,0,8,0B,00,72,00,00,80,00,00,
0,00000380,false,Rx,0,8,B0,80,00,76,20,00,00,FE,
0,00000380,false,Rx,0,8,B0,80,00,76,20,00,00,FE,
0,00000588,false,Rx,0,8,0B,00,72,00,00,80,00,00,
0,00000380,false,Rx,0,8,B0,80,00,76,20,00,00,FE,
0,00000380,false,Rx,0,8,B0,80,00,76,20,00,00,FE,
0,00000588,false,Rx,0,8,0B,00,72,00,00,80,00,00,
0,00000380,false,Rx,0,8,B0,80,00,76,20,00,00,FE,
0,00000380,false,Rx,0,8,B0,80,00,76,20,00,00,FE,
0,00000588,false,Rx,0,8,0B,00,72,00,00,80,00,00,
0,00000380,false,Rx,0,8,B0,80,00,76,20,00,00,FE,
0,00000380,false,Rx,0,8,B0,80,00,76,20,00,00,FE,
0,00000588,false,Rx,0,8,0B,00,72,00,00,80,00,00,
0,00000380,false,Rx,0,8,B0,80,00,76,20,00,00,FE,
0,00000380,false,Rx,0,8,B0,80,00,76,20,00,00,FE,
0,00000588,false,Rx,0,8,0B,00,72,00,00,80,00,00,
0,00000380,false,Rx,0,8,B0,80,00,76,20,00,00,FE,
0,00000380,false,Rx,0,8,B0,80,00,76,20,00,00,FE,
285000,00000588,false,Rx,0,8,0B,00,72,00,00,80,00,00,
0,00000380,false,Rx,0,8,B0,80,00,76,20,00,00,FE,
0,00000380,false,Rx,0,8,B0,80,00,76,20,00,00,FE,
0,00000588,false,Rx,0,8,0B,00,72,00,00,80,00,00,
0,00000380,false,Rx,0,8,B0,80,00,76,20,00,00,FE,
0,00000380,false,Rx,0,8,B0,80,00,76,20,00,00,FE,
0,00000588,false,Rx,0,8,0B,00,72,00,00,80,00,00,
0,00000380,false,Rx,0,8,B0,80,00,76,20,00,00,FE,
0,00000380,false,Rx,0,8,B0,80,00,76,20,00,00,FE,
342000,00000588,false,Rx,0,8,0B,00,72,00,00,80,00,00,
0,00000380,false,Rx,0,8,B0,80,00,76,20,00,00,FE,
0,00000380,false,Rx,0,8,B0,80,00,76,20,00,00,FE,
0,00000588,false,Rx,0,8,0B,00,72,00,00,80,00,00,
0,00000380,false,Rx,0,8,B0,80,00,76,20,00,00,FE,
0,00000380,false,Rx,0,8,B0,80,00,76,20,00,00,FE,
0,00000588,false,Rx,0,8,0B,00,72,00,00,80,00,00,
0,00000380,false,Rx,0,8,B0,80,00,76,20,00,00,FE,
0,00000380,false,Rx,0,8,B0,80,00,76,20,00,00,FE,
0,00000588,false,Rx,0,8,0B,00,72,00,00,80,00,00,
0,00000380,false,Rx,0,8,B0,80,00,76,20,00,00,FE,
0,00000380,false,Rx,0,8,B0,80,00,76,20,00,00,FE,
0,00000588,false,Rx,0,8,0B,00,72,00,00,80,00,00,
0,00000380,false,Rx,0,8,B0,80,00,76,20,00,00,FE,
0,00000380,false,Rx,0,8,B0,80,00,76,20,00,00,FE,
0,00000588,false,Rx,0,8,0B,00,72,00,00,80,00,00,
0,00000380,false,Rx,0,8,B0,80,00,76,20,00,00,FE,
0,00000380,false,Rx,0,8,B0,80,00,76,20,00,00,FE,
0,00000588,false,Rx,0,8,0B,00,72,00,00,80,00,00,
0,00000380,false,Rx,0,8,B0,80,00,76,20,00,00,FE,
0,00000380,false,Rx,0,8,B0,80,00,76,20,00,00,FE,
486000,00000588,false,Rx,0,8,0B,00,72,00,00,80,00,00,
0,00000380,false,Rx,0,8,B0,80,00,76,20,00,00,FE,
0,00000380,false,Rx,0,8,B0,80,00,76,20,00,00,FE,
0,00000588,false,Rx,0,8,0B,00,72,00,00,80,00,00,
0,00000380,false,Rx,0,8,B0,80,00,76,20,00,00,FE,
0,00000380,false,Rx,0,8,B0,80,00,76,20,00,00,FE,
523000,00000588,false,Rx,0,8,0B,00,72,00,00,80,00,00,
0,00000380,false,Rx,0,8,B0,80,00,76,20,00,00,FE,
0,00000380,false,Rx,0,8,B0,80,00,76,20,00,00,FE,
0,00000588,false,Rx,0,8,0B,00,72,00,00,80,00,00,
0,00000380,false,Rx,0,8,B0,80,00,76,20,00,00,FE,
0,00000380,false,Rx,0,8,B0,80,00,76,20,00,00,FE,
0,00000588,false,Rx,0,8,0B,00,72,00,00,80,00,00,
0,00000380,false,Rx,0,8,B0,80,00,76,20,00,00,FE,
0,00000380,false,Rx,0,8,B0,80,00,76,20,00,00,FE,
0,00000588,false,Rx,0,8,0B,00,72,00,00,80,00,00,
0,00000380,false,Rx,0,8,B0,80,00,76,20,00,00,FE,
0,00000380,false,Rx,0,8,B0,80,00,76,20,00,00,FE,
0,00000588,false,Rx,0,8,0B,00,72,00,00,80,00,00,
0,00000380,false,Rx,0,8,B0,80,00,76,20,00,00,FE,
0,00000380,false,Rx,0,8,B0,80,00,76,20,00,00,FE,
0,00000588,false,Rx,0,8,0B,00,72,00,00,80,00,00,
0,00000380,false,Rx,0,8,B0,80,00,76,20,00,00,FE,
0,00000380,false,Rx,0,8,B0,80,00,76,20,00,00,FE,
0,00000588,false,Rx,0,8,0B,00,72,00,00,80,00,00,
0,00000380,false,Rx,0,8,B0,80,00,76,20,00,00,FE,
0,00000380,false,Rx,0,8,B0,80,00,76,20,00,00,FE,
666000,00000588,false,Rx,0,8,0B,00,72,00,00,80,00,00,
0,00000380,false,Rx,0,8,B0,80,00,76,20,00,00,FE,
0,00000380,false,Rx,0,8,B0,80,00,76,20,00,00,FE,
0,00000588,false,Rx,0,8,0B,00,72,00,00,80,00,00,
0,00000380,false,Rx,0,8,B0,80,00,76,20,00,00,FE,
0,00000380,false,Rx,0,8,B0,80,00,76,20,00,00,FE,
703000,00000588,false,Rx,0,8,0B,00,72,00,00,80,00,00,
0,00000380,false,Rx,0,8,B0,80,00,76,20,00,00,FE,
0,00000380,false,Rx,0,8,B0,80,00,76,20,00,00,FE,
0,00000588,false,Rx,0,8,0B,00,72,00,00,80,00,00,
0,00000380,false,Rx,0,8,B0,80,00,76,20,00,00,FE,
0,00000380,false,Rx,0,8,B0,80,00,76,20,00,00,FE,
0,00000588,false,Rx,0,8,0B,00,72,00,00,80,00,00,
0,00000380,false,Rx,0,8,B0,80,00,76,20,00,00,FE,
0,00000380,false,Rx,0,8,B0,80,00,76,20,00,00,FE,
0,00000588,false,Rx,0,8,0B,00,72,00,00,80,00,00,
0,00000380,false,Rx,0,8,B0,80,00,76,20,00,00,FE,
0,00000380,false,Rx,0,8,B0,80,00,76,20,00,00,FE,
0,00000588,false,Rx,0,8,0B,00,72,00,00,80,00,00,
0,00000380,false,Rx,0,8,B0,80,00,76,20,00,00,FE,
0,00000380,false,Rx,0,8,B0,80,00,76,20,00,00,FE,
0,00000588,false,Rx,0,8,0B,00,72,00,00,80,00,00,
0,00000380,false,Rx,0,8,B0,80,00,76,20,00,00,FE,
0,00000380,false,Rx,0,8,B0,80,00,76,20,00,00,FE,
0,00000588,false,Rx,0,8,0B,00,72,00,00,80,00,00,
0,00000380,false,Rx,0,8,B0,80,00,76,20,00,00,FE,
0,00000380,false,Rx,0,8,B0,80,00,76,20,00,00,FE,
0,00000284,false,Rx,0,6,03,03,00,00,00,00,00,00,
0,00000380,false,Rx,0,8,B0,80,00,76,20,00,00,FE,
0,00000380,false,Rx,0,8,B0,80,00,76,20,00,00,FE,
0,00000284,false,Rx,0,6,04,04,00,00,00,00,00,00,
0,00000380,false,Rx,0,8,B0,80,00,76,20,00,00,FE,
0,00000380,false,Rx,0,8,B0,80,00,76,20,00,00,FE,
0,00000284,false,Rx,0,6,05,05,00,00,00,00,00,00,
0,00000380,false,Rx,0,8,B0,80,00,76,20,00,00,FE,
0,00000380,false,Rx,0,8,B0,80,00,76,20,00,00,FE,
0,00000284,false,Rx,0,6,06,06,00,00,00,00,00,00,
0,00000380,false,Rx,0,8,B0,80,00,76,20,00,00,FE,
0,00000380,false,Rx,0,8,B0,80,00,76,20,00,00,FE,
0,00000284,false,Rx,0,6,07,07,00,00,00,00,00,00,
0,00000380,false,Rx,0,8,B0,80,00,76,20,00,00,FE,
0,00000380,false,Rx,0,8,B0,80,00,76,20,00,00,FE,
0,00000284,false,Rx,0,6,08,08,00,00,00,00,00,00,
0,00000380,false,Rx,0,8,B0,80,00,76,20,00,00,FE,
0,00000380,false,Rx,0,8,B0,80,00,76,20,00,00,FE,
0,00000284,false,Rx,0,6,09,09,00,00,00,00,00,00,
0,00000380,false,Rx,0,8,B0,80,00,76,20,00,00,FE,
0,00000380,false,Rx,0,8,B0,80,00,76,20,00,00,FE,
0,00000284,false,Rx,0,6,0A,0A,00,00,00,00,00,00,
0,00000380,false,Rx,0,8,B0,80,00,76,20,00,00,FE,
0,00000380,false,Rx,0,8,B0,80,00,76,20,00,00,FE,
0,00000284,false,Rx,0,6,0B,0B,00,00,00,00,00,00,
0,00000380,false,Rx,0,8,B0,80,00,76,20,00,00,FE,
0,00000380,false,Rx,0,8,B0,80,00,76,20,00,00,FE,
0,00000284,false,Rx,0,6,0C,0C,00,00,00,00,00,00,
0,00000380,false,Rx,0,8,B0,80,00,76,20,00,00,FE,
0,00000380,false,Rx,0,8,B0,80,00,76,20,00,00,FE,
0,00000284,false,Rx,0,6,0D,0D,00,00,00,00,00,00,
0,00000380,false,Rx,0,8,B0,80,00,76,20,00,00,FE,
0,00000380,false,Rx,0,8,B0,80,00,76,20,00,00,FE,
0,00000284,false,Rx,0,6,0E,0E,00,00,00,00,00,00,
0,00000380,false,Rx,0,8,B0,80,00,76,20,00,00,FE,
0,00000380,false,Rx,0,8,B0,80,00,76,20,00,00,FE,
0,00000284,false,Rx,0,6,0F,0F,00,00,00,00,00,00,
0,00000380,false,Rx,0,8,B0,80,00,76,20,00,00,FE,
0,00000380,false,Rx,0,8,B0,80,00,76,20,00,00,FE,
0,00000284,false,Rx,0,6,00,00,00,00,00,00,00,00,
0,00000380,false,Rx,0,8,B0,80,00,76,20,00,00,FE,
0,00000380,false,Rx,0,8,B0,80,00,76,20,00,00,FE,
0,00000284,false,Rx,0,6,01,01,00,00,00,00,00,00,
0,00000380,false,Rx,0,8,B0,80,00,76,20,00,00,FE,
0,00000380,false,Rx,0,8,B0,80,00,76,20,00,00,FE,
0,00000284,false,Rx,0,6,02,02,00,00,00,00,00,00,
0,00000380,false,Rx,0,8,B0,80,00,76,20,00,00,FE,
0,00000380,false,Rx,0,8,B0,80,00,76,20,00,00,FE,
0,00000284,false,Rx,0,6,03,03,00,00,00,00,00,00,
0,00000380,false,Rx,0,8,B0,80,00,76,20,00,00,FE,
0,00000380,false,Rx,0,8,B0,80,00,76,20,00,00,FE,
0,00000284,false,Rx,0,6,04,04,00,00,00,00,00,00,
0,00000380,false,Rx,0,8,B0,80,00,76,20,00,00,FE,
0,00000380,false,Rx,0,8,B0,80,00,76,20,00,00,FE,
0,00000284,false,Rx,0,6,05,05,00,00,00,00,00,00,
0,00000380,false,Rx,0,8,B0,80,00,76,20,00,00,FE,
0,00000380,false,Rx,0,8,B0,80,00,76,20,00,00,FE,
0,00000284,false,Rx,0,6,06,06,00,00,00,00,00,00,
0,00000380,false,Rx,0,8,B0,80,00,76,20,00,00,FE,
0,00000380,false,Rx,0,8,B0,80,00,76,20,00,00,FE,
0,00000284,false,Rx,0,6,07,07,00,00,00,00,00,00,
0,00000380,false,Rx,0,8,B0,80,00,76,20,00,00,FE,
0,00000380,false,Rx,0,8,B0,80,00,76,20,00,00,FE,
0,00000284,false,Rx,0,6,08,08,00,00,00,00,00,00,
0,00000380,false,Rx,0,8,B0,80,00,76,20,00,00,FE,
0,00000380,false,Rx,0,8,B0,80,00,76,20,00,00,FE,
0,00000284,false,Rx,0,6,09,09,00,00,00,00,00,00,
0,00000380,false,Rx,0,8,B0,80,00,76,20,00,00,FE,
0,00000380,false,Rx,0,8,B0,80,00,76,20,00,00,FE,
0,00000284,false,Rx,0,6,0A,0A,00,00,00,00,00,00,
0,00000380,false,Rx,0,8,B0,80,00,76,20,00,00,FE,
0,00000380,false,Rx,0,8,B0,80,00,76,20,00,00,FE,
0,00000284,false,Rx,0,6,0B,0B,00,00,00,00,00,00,
0,00000380,false,Rx,0,8,B0,80,00,76,20,00,00,FE,
0,00000380,false,Rx,0,8,B0,80,00,76,20,00,00,FE,
0,00000284,false,Rx,0,6,0C,0C,00,00,00,00,00,00,
0,00000380,false,Rx,0,8,B0,80,00,76,20,00,00,FE,
0,00000380,false,Rx,0,8,B0,80,00,76,20,00,00,FE,
0,00000284,false,Rx,0,6,0D,0D,00,00,00,00,00,00,
0,00000380,false,Rx,0,8,B0,80,00,76,20,00,00,FE,
0,00000380,false,Rx,0,8,B0,80,00,76,20,00,00,FE,
0,00000284,false,Rx,0,6,0E,0E,00,00,00,00,00,00,
0,00000380,false,Rx,0,8,B0,80,00,76,20,00,00,FE,
0,00000380,false,Rx,0,8,B0,80,00,76,20,00,00,FE,
0,00000284,false,Rx,0,6,0F,0F,00,00,00,00,00,00,
0,00000380,false,Rx,0,8,B0,80,00,76,20,00,00,FE,
0,00000380,false,Rx,0,8,B0,80,00,76,20,00,00,FE,
0,00000284,false,Rx,0,6,00,00,00,00,00,00,00,00,
0,00000380,false,Rx,0,8,B0,80,00,76,20,00,00,FE,
0,00000380,false,Rx,0,8,B0,80,00,76,20,00,00,FE,
0,00000284,false,Rx,0,6,01,01,00,00,00,00,00,00,
0,00000380,false,Rx,0,8,B0,80,00,76,20,00,00,FE,
0,00000380,false,Rx,0,8,B0,80,00,76,20,00,00,FE,
0,00000284,false,Rx,0,6,02,02,00,00,00,00,00,00,
0,00000380,false,Rx,0,8,B0,80,00,76,20,00,00,FE,
0,00000380,false,Rx,0,8,B0,80,00,76,20,00,00,FE,
0,00000284,false,Rx,0,6,03,03,00,00,00,00,00,00,
0,00000380,false,Rx,0,8,B0,80,00,76,20,00,00,FE,
0,00000380,false,Rx,0,8,B0,80,00,76,20,00,00,FE,
0,00000284,false,Rx,0,6,04,04,00,00,00,00,00,00,
0,00000380,false,Rx,0,8,B0,80,00,76,20,00,00,FE,
0,00000380,false,Rx,0,8,B0,80,00,76,20,00,00,FE,
0,00000284,false,Rx,0,6,05,05,00,00,00,00,00,00,
0,00000380,false,Rx,0,8,B0,80,00,76,20,00,00,FE,
0,00000380,false,Rx,0,8,B0,80,00,76,20,00,00,FE,
0,00000284,false,Rx,0,6,06,06,00,00,00,00,00,00,
0,00000380,false,Rx,0,8,B0,80,00,76,20,00,00,FE,
0,00000380,false,Rx,0,8,B0,80,00,76,20,00,00,FE,
0,00000284,false,Rx,0,6,07,07,00,00,00,00,00,00,
0,00000380,false,Rx,0,8,B0,80,00,76,20,00,00,FE,
0,00000380,false,Rx,0,8,B0,80,00,76,20,00,00,FE,
0,00000284,false,Rx,0,6,08,08,00,00,00,00,00,00,
0,00000380,false,Rx,0,8,B0,80,00,76,20,00,00,FE,
0,00000380,false,Rx,0,8,B0,80,00,76,20,00,00,FE,
0,00000284,false,Rx,0,6,09,09,00,00,00,00,00,00,
0,00000380,false,Rx,0,8,B0,80,00,76,20,00,00,FE,
0,00000380,false,Rx,0,8,B0,80,00,76,20,00,00,FE,
0,00000284,false,Rx,0,6,0A,0A,00,00,00,00,00,00,
0,00000380,false,Rx,0,8,B0,80,00,76,20,00,00,FE,
0,00000380,false,Rx,0,8,B0,80,00,76,20,00,00,FE,
0,00000284,false,Rx,0,6,0B,0B,00,00,00,00,00,00,
0,00000380,false,Rx,0,8,B0,80,00,76,20,00,00,FE,
0,00000380,false,Rx,0,8,B0,80,00,76,20,00,00,FE,
0,00000284,false,Rx,0,6,0C,0C,00,00,00,00,00,00,
0,00000380,false,Rx,0,8,B0,80,00,76,20,00,00,FE,
0,00000380,false,Rx,0,8,B0,80,00,76,20,00,00,FE,
0,00000284,false,Rx,0,6,0D,0D,00,00,00,00,00,00,
0,00000380,false,Rx,0,8,B0,80,00,76,20,00,00,FE,
0,00000380,false,Rx,0,8,B0,80,00,76,20,00,00,FE,
0,00000284,false,Rx,0,6,0E,0E,00,00,00,00,00,00,
0,00000380,false,Rx,0,8,B0,80,00,76,20,00,00,FE,
0,00000380,false,Rx,0,8,B0,80,00,76,20,00,00,FE,
0,00000284,false,Rx,0,6,0F,0F,00,00,00,00,00,00,
0,00000380,false,Rx,0,8,B0,80,00,76,20,00,00,FE,
0,00000380,false,Rx,0,8,B0,80,00,76,20,00,00,FE,
0,00000284,false,Rx,0,6,00,00,00,00,00,00,00,00,
0,00000380,false,Rx,0,8,B0,80,00,76,20,00,00,FE,
0,00000380,false,Rx,0,8,B0,80,00,76,20,00,00,FE,
0,00000284,false,Rx,0,6,01,01,00,00,00,00,00,00,
0,00000380,false,Rx,0,8,B0,80,00,76,20,00,00,FE,
0,00000380,false,Rx,0,8,B0,80,00,76,20,00,00,FE,
0,00000284,false,Rx,0,6,02,02,00,00,00,00,00,00,
0,00000380,false,Rx,0,8,B0,80,00,76,20,00,00,FE,
0,00000380,false,Rx,0,8,B0,80,00,76,20,00,00,FE,
0,00000284,false,Rx,0,6,03,03,00,00,00,00,00,00,
0,00000380,false,Rx,0,8,B0,80,00,76,20,00,00,FE,
0,00000380,false,Rx,0,8,B0,80,00,76,20,00,00,FE,
0,00000284,false,Rx,0,6,04,04,00,00,00,00,00,00,
0,00000740,false,Rx,0,1,A3,00,00,00,00,00,00,00,
0,00000380,false,Rx,0,8,B0,80,00,76,20,00,00,FE,
0,00000380,false,Rx,0,8,B0,80,00,76,20,00,00,FE,
0,00000284,false,Rx,0,6,05,05,00,00,00,00,00,00,
0,00000380,false,Rx,0,8,B0,80,00,76,20,00,00,FE,
0,00000380,false,Rx,0,8,B0,80,00,76,20,00,00,FE,
0,00000284,false,Rx,0,6,06,06,00,00,00,00,00,00,
0,00000380,false,Rx,0,8,B0,80,00,76,20,00,00,FE,
0,00000380,false,Rx,0,8,B0,80,00,76,20,00,00,FE,
886000,00000588,false,Rx,0,8,0B,00,72,00,00,80,00,00,
0,00000380,false,Rx,0,8,B0,80,00,76,20,00,00,FE,
0,00000380,false,Rx,0,8,B0,80,00,76,20,00,00,FE,
0,00000284,false,Rx,0,6,08,08,00,00,00,00,00,00,
0,00000380,false,Rx,0,8,B0,80,00,76,20,00,00,FE,
0,00000380,false,Rx,0,8,B0,80,00,76,20,00,00,FE,
0,00000588,false,Rx,0,8,0B,00,72,00,00,80,00,00,
0,00000380,false,Rx,0,8,B0,80,00,76,20,00,00,FE,
0,00000380,false,Rx,0,8,B0,80,00,76,20,00,00,FE,
0,00000284,false,Rx,0,6,0A,0A,00,00,00,00,00,00,
0,00000380,false,Rx,0,8,B0,80,00,76,20,00,00,FE,
0,00000380,false,Rx,0,8,B0,80,00,76,20,00,00,FE,
0,00000588,false,Rx,0,8,0B,00,72,00,00,80,00,00,
0,00000380,false,Rx,0,8,B0,80,00,76,20,00,00,FE,
0,00000380,false,Rx,0,8,B0,80,00,76,20,00,00,FE,
0,00000284,false,Rx,0,6,0C,0C,00,00,00,00,00,00,
0,00000380,false,Rx,0,8,B0,80,00,76,20,00,00,FE,
0,00000380,false,Rx,0,8,B0,80,00,76,20,00,00,FE,
0,00000588,false,Rx,0,8,0B,00,72,00,00,80,00,00,
0,00000380,false,Rx,0,8,B0,80,00,76,20,00,00,FE,
0,00000380,false,Rx,0,8,B0,80,00,76,20,00,00,FE,
0,00000284,false,Rx,0,6,0E,0E,00,00,00,00,00,00,
0,00000380,false,Rx,0,8,B0,80,00,76,20,00,00,FE,
0,00000380,false,Rx,0,8,B0,80,00,76,20,00,00,FE,
0,00000588,false,Rx,0,8,0B,00,72,00,00,80,00,00,
0,00000380,false,Rx,0,8,B0,80,00,76,20,00,00,FE,
0,00000380,false,Rx,0,8,B0,80,00,76,20,00,00,FE,
0,00000588,false,Rx,0,8,0B,00,72,00,00,80,00,00,
0,00000380,false,Rx,0,8,B0,80,00,76,20,00,00,FE,
0,00000380,false,Rx,0,8,B0,80,00,76,20,00,00,FE,
87000,00000588,false,Rx,0,8,0B,00,72,00,00,80,00,00,
0,00000380,false,Rx,0,8,B0,80,00,76,20,00,00,FE,
0,00000380,false,Rx,0,8,B0,80,00,76,20,00,00,FE,
0,00000588,false,Rx,0,8,0B,00,72,00,00,80,00,00,
0,00000380,false,Rx,0,8,B0,80,00,76,20,00,00,FE,
0,00000380,false,Rx,0,8,B0,80,00,76,20,00,00,FE,
0,00000588,false,Rx,0,8,0B,00,72,00,00,80,00,00,
0,00000380,false,Rx,0,8,B0,80,00,76,20,00,00,FE,
0,00000380,false,Rx,0,8,B0,80,00,76,20,00,00,FE,
0,00000588,false,Rx,0,8,0B,00,72,00,00,80,00,00,
0,00000380,false,Rx,0,8,B0,80,00,76,20,00,00,FE,
0,00000380,false,Rx,0,8,B0,80,00,76,20,00,00,FE,
0,00000588,false,Rx,0,8,0B,00,72,00,00,80,00,00,
0,00000380,false,Rx,0,8,B0,80,00,76,20,00,00,FE,
0,00000380,false,Rx,0,8,B0,80,00,76,20,00,00,FE,
0,00000588,false,Rx,0,8,0B,00,72,00,00,80,00,00,
0,00000380,false,Rx,0,8,B0,80,00,76,20,00,00,FE,
0,00000380,false,Rx,0,8,B0,80,00,76,20,00,00,FE,
0,00000588,false,Rx,0,8,0B,00,72,00,00,80,00,00,
0,00000380,false,Rx,0,8,B0,80,00,76,20,00,00,FE,
0,00000380,false,Rx,0,8,B0,80,00,76,20,00,00,FE,
231000,00000588,false,Rx,0,8,0B,00,72,00,00,80,00,00,
0,00000380,false,Rx,0,8,B0,80,00,76,20,00,00,FE,
0,00000380,false,Rx,0,8,B0,80,00,76,20,00,00,FE,
0,00000588,false,Rx,0,8,0B,00,72,00,00,80,00,00,
0,00000380,false,Rx,0,8,B0,80,00,76,20,00,00,FE,
0,00000380,false,Rx,0,8,B0,80,00,76,20,00,00,FE,
267000,00000588,false,Rx,0,8,0B,00,72,00,00,80,00,00,
0,00000380,false,Rx,0,8,B0,80,00,76,20,00,00,FE,
0,00000380,false,Rx,0,8,B0,80,00,76,20,00,00,FE,
0,00000588,false,Rx,0,8,0B,00,72,00,00,80,00,00,
0,00000380,false,Rx,0,8,B0,80,00,76,20,00,00,FE,
0,00000380,false,Rx,0,8,B0,80,00,76,20,00,00,FE,
0,00000588,false,Rx,0,8,0B,00,72,00,00,80,00,00,
0,00000380,false,Rx,0,8,B0,80,00,76,20,00,00,FE,
0,00000380,false,Rx,0,8,B0,80,00,76,20,00,00,FE,
0,00000588,false,Rx,0,8,0B,00,72,00,00,80,00,00,
0,00000380,false,Rx,0,8,B0,80,00,76,20,00,00,FE,
0,00000380,false,Rx,0,8,B0,80,00,76,20,00,00,FE,
0,00000588,false,Rx,0,8,0B,00,72,00,00,80,00,00,
0,00000380,false,Rx,0,8,B0,80,00,76,20,00,00,FE,
0,00000380,false,Rx,0,8,B0,80,00,76,20,00,00,FE,
0,00000588,false,Rx,0,8,0B,00,72,00,00,80,00,00,
0,00000380,false,Rx,0,8,B0,80,00,76,20,00,00,FE,
0,00000380,false,Rx,0,8,B0,80,00,76,20,00,00,FE,
0,00000588,false,Rx,0,8,0B,00,72,00,00,80,00,00,
0,00000380,false,Rx,0,8,B0,80,00,76,20,00,00,FE,
0,00000380,false,Rx,0,8,B0,80,00,76,20,00,00,FE,
411000,00000588,false,Rx,0,8,0B,00,72,00,00,80,00,00,
0,00000380,false,Rx,0,8,B0,80,00,76,20,00,00,FE,
0,00000380,false,Rx,0,8,B0,80,00,76,20,00,00,FE,
0,00000588,false,Rx,0,8,0B,00,72,00,00,80,00,00,
0,00000380,false,Rx,0,8,B0,80,00,76,20,00,00,FE,
0,00000380,false,Rx,0,8,B0,80,00,76,20,00,00,FE,
448000,00000588,false,Rx,0,8,0B,00,72,00,00,80,00,00,
0,00000380,false,Rx,0,8,B0,80,00,76,20,00,00,FE,
0,00000380,false,Rx,0,8,B0,80,00,76,20,00,00,FE,
468000,00000588,false,Rx,0,8,0B,00,72,00,00,80,00,00,
0,00000380,false,Rx,0,8,B0,80,00,76,20,00,00,FE,
0,00000380,false,Rx,0,8,B0,80,00,76,20,00,00,FE,
0,00000588,false,Rx,0,8,0B,00,72,00,00,80,00,00,
0,00000380,false,Rx,0,8,B0,80,00,76,20,00,00,FE,
0,00000380,false,Rx,0,8,B0,80,00,76,20,00,00,FE,
0,00000588,false,Rx,0,8,0B,00,72,00,00,80,00,00,
0,00000380,false,Rx,0,8,B0,80,00,76,20,00,00,FE,
0,00000380,false,Rx,0,8,B0,80,00,76,20,00,00,FE,
0,00000588,false,Rx,0,8,0B,00,72,00,00,80,00,00,
0,00000380,false,Rx,0,8,B0,80,00,76,20,00,00,FE,
0,00000380,false,Rx,0,8,B0,80,00,76,20,00,00,FE,
0,00000588,false,Rx,0,8,0B,00,72,00,00,80,00,00,
0,00000380,false,Rx,0,8,B0,80,00,76,20,00,00,FE,
0,00000380,false,Rx,0,8,B0,80,00,76,20,00,00,FE,
0,00000588,false,Rx,0,8,0B,00,72,00,00,80,00,00,
0,00000380,false,Rx,0,8,B0,80,00,76,20,00,00,FE,
0,00000380,false,Rx,0,8,B0,80,00,76,20,00,00,FE,
0,00000588,false,Rx,0,8,0B,00,72,00,00,80,00,00,
0,00000380,false,Rx,0,8,B0,80,00,76,20,00,00,FE,
0,00000380,false,Rx,0,8,B0,80,00,76,20,00,00,FE,
612000,00000588,false,Rx,0,8,0B,00,72,00,00,80,00,00,
0,00000380,false,Rx,0,8,B0,80,00,76,20,00,00,FE,
0,00000380,false,Rx,0,8,B0,80,00,76,20,00,00,FE,
0,00000588,false,Rx,0,8,0B,00,72,00,00,80,00,00,
0,00000380,false,Rx,0,8,B0,80,00,76,20,00,00,FE,
0,00000380,false,Rx,0,8,B0,80,00,76,20,00,00,FE,
648000,00000588,false,Rx,0,8,0B,00,72,00,00,80,00,00,
0,00000380,false,Rx,0,8,B0,80,00,76,20,00,00,FE,
0,00000380,false,Rx,0,8,B0,80,00,76,20,00,00,FE,
0,00000588,false,Rx,0,8,0B,00,72,00,00,80,00,00,
0,00000380,false,Rx,0,8,B0,80,00,76,20,00,00,FE,
0,00000380,false,Rx,0,8,B0,80,00,76,20,00,00,FE,
0,00000588,false,Rx,0,8,0B,00,72,00,00,80,00,00,
0,00000380,false,Rx,0,8,B0,80,00,76,20,00,00,FE,
0,00000380,false,Rx,0,8,B0,80,00,76,20,00,00,FE,
0,00000588,false,Rx,0,8,0B,00,72,00,00,80,00,00,
0,00000380,false,Rx,0,8,B0,80,00,76,20,00,00,FE,
0,00000380,false,Rx,0,8,B0,80,00,76,20,00,00,FE,
0,00000588,false,Rx,0,8,0B,00,72,00,00,80,00,00,
0,00000380,false,Rx,0,8,B0,80,00,76,20,00,00,FE,
0,00000380,false,Rx,0,8,B0,80,00,76,20,00,00,FE,
0,00000588,false,Rx,0,8,0B,00,72,00,00,80,00,00,
0,00000380,false,Rx,0,8,B0,80,00,76,20,00,00,FE,
0,00000380,false,Rx,0,8,B0,80,00,76,20,00,00,FE,
0,00000588,false,Rx,0,8,0B,00,72,00,00,80,00,00,
0,00000380,false,Rx,0,8,B0,80,00,76,20,00,00,FE,
0,00000380,false,Rx,0,8,B0,80,00,76,20,00,00,FE,
792000,00000588,false,Rx,0,8,0B,00,72,00,00,80,00,00,
0,00000380,false,Rx,0,8,B0,80,00,76,20,00,00,FE,
0,00000380,false,Rx,0,8,B0,80,00,76,20,00,00,FE,
0,00000588,false,Rx,0,8,0B,00,72,00,00,80,00,00,
0,00000380,false,Rx,0,8,B0,80,00,76,20,00,00,FE,
0,00000380,false,Rx,0,8,B0,80,00,76,20,00,00,FE,
828000,00000588,false,Rx,0,8,0B,00,72,00,00,80,00,00,
0,00000380,false,Rx,0,8,B0,80,00,76,20,00,00,FE,
0,00000380,false,Rx,0,8,B0,80,00,76,20,00,00,FE,
0,00000588,false,Rx,0,8,0B,00,72,00,00,80,00,00,
0,00000380,false,Rx,0,8,B0,80,00,76,20,00,00,FE,
0,00000380,false,Rx,0,8,B0,80,00,76,20,00,00,FE,
0,00000588,false,Rx,0,8,0B,00,72,00,00,80,00,00,
0,00000380,false,Rx,0,8,B0,80,00,76,20,00,00,FE,
0,00000380,false,Rx,0,8,B0,80,00,76,20,00,00,FE,
0,00000588,false,Rx,0,8,0B,00,72,00,00,80,00,00,
0,00000380,false,Rx,0,8,B0,80,00,76,20,00,00,FE,
0,00000380,false,Rx,0,8,B0,80,00,76,20,00,00,FE,
0,00000588,false,Rx,0,8,0B,00,72,00,00,80,00,00,
0,00000380,false,Rx,0,8,B0,80,00,76,20,00,00,FE,
0,00000380,false,Rx,0,8,B0,80,00,76,20,00,00,FE,
0,00000588,false,Rx,0,8,0B,00,72,00,00,80,00,00,
0,00000380,false,Rx,0,8,B0,80,00,76,20,00,00,FE,
0,00000380,false,Rx,0,8,B0,80,00,76,20,00,00,FE,
0,00000588,false,Rx,0,8,0B,00,72,00,00,80,00,00,
0,00000380,false,Rx,0,8,B0,80,00,76,20,00,00,FE,
0,00000380,false,Rx,0,8,B0,80,00,76,20,00,00,FE,
0,00000588,false,Rx,0,8,0B,00,72,00,00,80,00,00,
0,00000380,false,Rx,0,8,B0,80,00,76,20,00,00,FE,
0,00000380,false,Rx,0,8,B0,80,00,76,20,00,00,FE,
0,00000588,false,Rx,0,8,0B,00,72,00,00,80,00,00,
0,00000380,false,Rx,0,8,B0,80,00,76,20,00,00,FE,
0,00000380,false,Rx,0,8,B0,80,00,76,20,00,00,FE,
0,00000588,false,Rx,0,8,0B,00,72,00,00,80,00,00,
0,00000380,false,Rx,0,8,B0,80,00,76,20,00,00,FE,
0,00000380,false,Rx,0,8,B0,80,00,76,20,00,00,FE,
29000,00000588,false,Rx,0,8,0B,00,72,00,00,80,00,00,
0,00000380,false,Rx,0,8,B0,80,00,76,20,00,00,FE,
0,00000380,false,Rx,0,8,B0,80,00,76,20,00,00,FE,
0,00000588,false,Rx,0,8,0B,00,72,00,00,80,00,00,
0,00000380,false,Rx,0,8,B0,80,00,76,20,00,00,FE,
0,00000380,false,Rx,0,8,B0,80,00,76,20,00,00,FE,
0,00000588,false,Rx,0,8,0B,00,72,00,00,80,00,00,
0,00000380,false,Rx,0,8,B0,80,00,76,20,00,00,FE,
0,00000380,false,Rx,0,8,B0,80,00,76,20,00,00,FE,
0,00000588,false,Rx,0,8,0B,00,72,00,00,80,00,00,
0,00000380,false,Rx,0,8,B0,80,00,76,20,00,00,FE,
0,00000380,false,Rx,0,8,B0,80,00,76,20,00,00,FE,
0,00000588,false,Rx,0,8,0B,00,72,00,00,80,00,00,
0,00000380,false,Rx,0,8,B0,80,00,76,20,00,00,FE,
0,00000380,false,Rx,0,8,B0,80,00,76,20,00,00,FE,
0,00000588,false,Rx,0,8,0B,00,72,00,00,80,00,00,
0,00000380,false,Rx,0,8,B0,80,00,76,20,00,00,FE,
0,00000380,false,Rx,0,8,B0,80,00,76,20,00,00,FE,
0,00000588,false,Rx,0,8,0B,00,72,00,00,80,00,00,
0,00000380,false,Rx,0,8,B0,80,00,76,20,00,00,FE,
0,00000380,false,Rx,0,8,B0,80,00,76,20,00,00,FE,
173000,00000588,false,Rx,0,8,0B,00,72,00,00,80,00,00,
0,00000380,false,Rx,0,8,B0,80,00,76,20,00,00,FE,
0,00000380,false,Rx,0,8,B0,80,00,76,20,00,00,FE,
0,00000588,false,Rx,0,8,0B,00,72,00,00,80,00,00,
0,00000380,false,Rx,0,8,B0,80,00,76,20,00,00,FE,
0,00000380,false,Rx,0,8,B0,80,00,76,20,00,00,FE,
209000,00000588,false,Rx,0,8,0B,00,72,00,00,80,00,00,
0,00000380,false,Rx,0,8,B0,80,00,76,20,00,00,FE,
0,00000380,false,Rx,0,8,B0,80,00,76,20,00,00,FE,
0,00000588,false,Rx,0,8,0B,00,72,00,00,80,00,00,
0,00000380,false,Rx,0,8,B0,80,00,76,20,00,00,FE,
0,00000380,false,Rx,0,8,B0,80,00,76,20,00,00,FE,
0,00000588,false,Rx,0,8,0B,00,72,00,00,80,00,00,
0,00000380,false,Rx,0,8,B0,80,00,76,20,00,00,FE,
0,00000380,false,Rx,0,8,B0,80,00,76,20,00,00,FE,
0,00000588,false,Rx,0,8,0B,00,72,00,00,80,00,00,
0,00000380,false,Rx,0,8,B0,80,00,76,20,00,00,FE,
0,00000380,false,Rx,0,8,B0,80,00,76,20,00,00,FE,
0,00000588,false,Rx,0,8,0B,00,72,00,00,80,00,00,
0,00000380,false,Rx,0,8,B0,80,00,76,20,00,00,FE,
0,00000380,false,Rx,0,8,B0,80,00,76,20,00,00,FE,
0,00000588,false,Rx,0,8,0B,00,72,00,00,80,00,00,
0,00000380,false,Rx,0,8,B0,80,00,76,20,00,00,FE,
0,00000380,false,Rx,0,8,B0,80,00,76,20,00,00,FE,
0,00000588,false,Rx,0,8,0B,00,72,00,00,80,00,00,
0,00000380,false,Rx,0,8,B0,80,00,76,20,00,00,FE,
0,00000380,false,Rx,0,8,B0,80,00,76,20,00,00,FE,
353000,00000588,false,Rx,0,8,0B,00,72,00,00,80,00,00,
0,00000380,false,Rx,0,8,B0,80,00,76,20,00,00,FE,
0,00000380,false,Rx,0,8,B0,80,00,76,20,00,00,FE,
0,00000588,false,Rx,0,8,0B,00,72,00,00,80,00,00,
0,00000380,false,Rx,0,8,B0,80,00,76,20,00,00,FE,
0,00000380,false,Rx,0,8,B0,80,00,76,20,00,00,FE,
0,00000588,false,Rx,0,8,0B,00,72,00,00,80,00,00,
0,00000380,false,Rx,0,8,B0,80,00,76,20,00,00,FE,
0,00000380,false,Rx,0,8,B0,80,00,76,20,00,00,FE,
410000,00000588,false,Rx,0,8,0B,00,72,00,00,80,00,00,
0,00000380,false,Rx,0,8,B0,80,00,76,20,00,00,FE,
0,00000380,false,Rx,0,8,B0,80,00,76,20,00,00,FE,
0,00000588,false,Rx,0,8,0B,00,72,00,00,80,00,00,
0,00000380,false,Rx,0,8,B0,80,00,76,20,00,00,FE,
0,00000380,false,Rx,0,8,B0,80,00,76,20,00,00,FE,
0,00000588,false,Rx,0,8,0B,00,72,00,00,80,00,00,
0,00000380,false,Rx,0,8,B0,80,00,76,20,00,00,FE,
0,00000380,false,Rx,0,8,B0,80,00,76,20,00,00,FE,
0,00000588,false,Rx,0,8,0B,00,72,00,00,80,00,00,
0,00000380,false,Rx,0,8,B0,80,00,76,20,00,00,FE,
0,00000380,false,Rx,0,8,B0,80,00,76,20,00,00,FE,
0,00000588,false,Rx,0,8,0B,00,72,00,00,80,00,00,
0,00000380,false,Rx,0,8,B0,80,00,76,20,00,00,FE,
0,00000380,false,Rx,0,8,B0,80,00,76,20,00,00,FE,
0,00000588,false,Rx,0,8,0B,00,72,00,00,80,00,00,
0,00000380,false,Rx,0,8,B0,80,00,76,20,00,00,FE,
0,00000380,false,Rx,0,8,B0,80,00,76,20,00,00,FE,
0,00000588,false,Rx,0,8,0B,00,72,00,00,80,00,00,
0,00000380,false,Rx,0,8,B0,80,00,76,20,00,00,FE,
0,00000380,false,Rx,0,8,B0,80,00,76,20,00,00,FE,
554000,00000588,false,Rx,0,8,0B,00,72,00,00,80,00,00,
0,00000380,false,Rx,0,8,B0,80,00,76,20,00,00,FE,
0,00000380,false,Rx,0,8,B0,80,00,76,20,00,00,FE,
0,00000588,false,Rx,0,8,0B,00,72,00,00,80,00,00,
0,00000380,false,Rx,0,8,B0,80,00,76,20,00,00,FE,
0,00000380,false,Rx,0,8,B0,80,00,76,20,00,00,FE,
590000,00000588,false,Rx,0,8,0B,00,72,00,00,80,00,00,
0,00000380,false,Rx,0,8,B0,80,00,76,20,00,00,FE,
0,00000380,false,Rx,0,8,B0,80,00,76,20,00,00,FE,
0,00000588,false,Rx,0,8,0B,00,72,00,00,80,00,00,
0,00000380,false,Rx,0,8,B0,80,00,76,20,00,00,FE,
0,00000380,false,Rx,0,8,B0,80,00,76,20,00,00,FE,
0,00000588,false,Rx,0,8,0B,00,72,00,00,80,00,00,
0,00000380,false,Rx,0,8,B0,80,00,76,20,00,00,FE,
0,00000380,false,Rx,0,8,B0,80,00,76,20,00,00,FE,
0,00000588,false,Rx,0,8,0B,00,72,00,00,80,00,00,
0,00000380,false,Rx,0,8,B0,80,00,76,20,00,00,FE,
0,00000380,false,Rx,0,8,B0,80,00,76,20,00,00,FE,
0,00000588,false,Rx,0,8,0B,00,72,00,00,80,00,00,
0,00000380,false,Rx,0,8,B0,80,00,76,20,00,00,FE,
0,00000380,false,Rx,0,8,B0,80,00,76,20,00,00,FE,
0,00000588,false,Rx,0,8,0B,00,72,00,00,80,00,00,
0,00000380,false,Rx,0,8,B0,80,00,76,20,00,00,FE,
0,00000380,false,Rx,0,8,B0,80,00,76,20,00,00,FE,
0,00000588,false,Rx,0,8,0B,00,72,00,00,80,00,00,
0,00000380,false,Rx,0,8,B0,80,00,76,20,00,00,FE,
0,00000380,false,Rx,0,8,B0,80,00,76,20,00,00,FE,
734000,00000588,false,Rx,0,8,0B,00,72,00,00,80,00,00,
0,00000380,false,Rx,0,8,B0,80,00,76,20,00,00,FE,
0,00000380,false,Rx,0,8,B0,80,00,76,20,00,00,FE,
0,00000588,false,Rx,0,8,0B,00,72,00,00,80,00,00,
0,00000380,false,Rx,0,8,B0,80,00,76,20,00,00,FE,
0,00000380,false,Rx,0,8,B0,80,00,76,20,00,00,FE,
771000,00000588,false,Rx,0,8,0B,00,72,00,00,80,00,00,
0,00000380,false,Rx,0,8,B0,80,00,76,20,00,00,FE,
0,00000380,false,Rx,0,8,B0,80,00,76,20,00,00,FE,
0,00000588,false,Rx,0,8,0B,00,72,00,00,80,00,00,
0,00000380,false,Rx,0,8,B0,80,00,76,20,00,00,FE,
0,00000380,false,Rx,0,8,B0,80,00,76,20,00,00,FE,
0,00000588,false,Rx,0,8,0B,00,72,00,00,80,00,00,
0,00000380,false,Rx,0,8,B0,80,00,76,20,00,00,FE,
0,00000380,false,Rx,0,8,B0,80,00,76,20,00,00,FE,
0,00000588,false,Rx,0,8,0B,00,72,00,00,80,00,00,
0,00000380,false,Rx,0,8,B0,80,00,76,20,00,00,FE,
0,00000380,false,Rx,0,8,B0,80,00,76,20,00,00,FE,
0,00000588,false,Rx,0,8,0B,00,72,00,00,80,00,00,
0,00000380,false,Rx,0,8,B0,80,00,76,20,00,00,FE,
0,00000380,false,Rx,0,8,B0,80,00,76,20,00,00,FE,
0,00000588,false,Rx,0,8,0B,00,72,00,00,80,00,00,
0,00000380,false,Rx,0,8,B0,80,00,76,20,00,00,FE,
0,00000380,false,Rx,0,8,B0,80,00,76,20,00,00,FE,
0,00000588,false,Rx,0,8,0B,00,72,00,00,80,00,00,
0,00000380,false,Rx,0,8,B0,80,00,76,20,00,00,FE,
0,00000380,false,Rx,0,8,B0,80,00,76,20,00,00,FE,
0,00000588,false,Rx,0,8,0B,00,72,00,00,80,00,00,
0,00000380,false,Rx,0,8,B0,80,00,76,20,00,00,FE,
0,00000380,false,Rx,0,8,B0,80,00,76,20,00,00,FE,
0,00000588,false,Rx,0,8,0B,00,72,00,00,80,00,00,
0,00000380,false,Rx,0,8,B0,80,00,76,20,00,00,FE,
0,00000380,false,Rx,0,8,B0,80,00,76,20,00,00,FE,
0,00000588,false,Rx,0,8,0B,00,72,00,00,80,00,00,
0,00000380,false,Rx,0,8,B0,80,00,76,20,00,00,FE,
0,00000380,false,Rx,0,8,B0,80,00,76,20,00,00,FE,
971000,00000588,false,Rx,0,8,0B,00,72,00,00,80,00,00,
0,00000380,false,Rx,0,8,B0,80,00,76,20,00,00,FE,
0,00000380,false,Rx,0,8,B0,80,00,76,20,00,00,FE,
0,00000588,false,Rx,0,8,0B,00,72,00,00,80,00,00,
0,00000380,false,Rx,0,8,B0,80,00,76,20,00,00,FE,
0,00000380,false,Rx,0,8,B0,80,00,76,20,00,00,FE,
0,00000588,false,Rx,0,8,0B,00,72,00,00,80,00,00,
0,00000380,false,Rx,0,8,B0,80,00,76,20,00,00,FE,
0,00000380,false,Rx,0,8,B0,80,00,76,20,00,00,FE,
0,00000588,false,Rx,0,8,03,00,72,00,00,80,00,00,
0,00000380,false,Rx,0,8,B0,80,00,76,20,00,00,FE,
0,00000380,false,Rx,0,8,B0,80,00,76,20,00,00,FE,
0,00000588,false,Rx,0,8,0B,00,72,00,00,80,00,00,
0,00000380,false,Rx,0,8,B0,80,00,76,20,00,00,FE,
0,00000380,false,Rx,0,8,B0,80,00,76,20,00,00,FE,
0,00000588,false,Rx,0,8,0B,00,72,00,00,80,00,00,
0,00000380,false,Rx,0,8,B0,80,00,76,20,00,00,FE,
0,00000380,false,Rx,0,8,B0,80,00,76,20,00,00,FE,
0,00000588,false,Rx,0,8,0B,00,72,00,00,80,00,00,
0,00000380,false,Rx,0,8,B0,80,00,76,20,00,00,FE,
0,00000380,false,Rx,0,8,B0,80,00,76,20,00,00,FE,
115000,00000588,false,Rx,0,8,0B,00,72,00,00,80,00,00,
0,00000380,false,Rx,0,8,B0,80,00,76,20,00,00,FE,
0,00000380,false,Rx,0,8,B0,80,00,76,20,00,00,FE,
0,00000588,false,Rx,0,8,0B,00,72,00,00,80,00,00,
0,00000380,false,Rx,0,8,B0,80,00,76,20,00,00,FE,
0,00000380,false,Rx,0,8,B0,80,00,76,20,00,00,FE,
152000,00000588,false,Rx,0,8,0B,00,72,00,00,80,00,00,
0,00000380,false,Rx,0,8,B0,80,00,76,20,00,00,FE,
0,00000380,false,Rx,0,8,B0,80,00,76,20,00,00,FE,
0,00000588,false,Rx,0,8,0B,00,72,00,00,80,00,00,
0,00000380,false,Rx,0,8,B0,80,00,76,20,00,00,FE,
0,00000380,false,Rx,0,8,B0,80,00,76,20,00,00,FE,
0,00000588,false,Rx,0,8,0B,00,72,00,00,80,00,00,
0,00000380,false,Rx,0,8,B0,80,00,76,20,00,00,FE,
0,00000380,false,Rx,0,8,B0,80,00,76,20,00,00,FE,
0,00000588,false,Rx,0,8,0B,00,72,00,00,80,00,00,
0,00000380,false,Rx,0,8,B0,80,00,76,20,00,00,FE,
0,00000380,false,Rx,0,8,B0,80,00,76,20,00,00,FE,
0,00000588,false,Rx,0,8,0B,00,72,00,00,80,00,00,
0,00000380,false,Rx,0,8,B0,80,00,76,20,00,00,FE,
0,00000380,false,Rx,0,8,B0,80,00,76,20,00,00,FE,
0,00000588,false,Rx,0,8,0B,00,72,00,00,80,00,00,
0,00000380,false,Rx,0,8,B0,80,00,76,20,00,00,FE,
0,00000380,false,Rx,0,8,B0,80,00,76,20,00,00,FE,
0,00000588,false,Rx,0,8,0B,00,72,00,00,80,00,00,
0,00000380,false,Rx,0,8,B0,80,00,76,20,00,00,FE,
0,00000380,false,Rx,0,8,B0,80,00,76,20,00,00,FE,
295000,00000588,false,Rx,0,8,0B,00,72,00,00,80,00,00,
0,00000380,false,Rx,0,8,B0,80,00,76,20,00,00,FE,
0,00000380,false,Rx,0,8,B0,80,00,76,20,00,00,FE,
0,00000588,false,Rx,0,8,0B,00,72,00,00,80,00,00,
0,00000380,false,Rx,0,8,B0,80,00,76,20,00,00,FE,
0,00000380,false,Rx,0,8,B0,80,00,76,20,00,00,FE,
0,00000588,false,Rx,0,8,0B,00,72,00,00,80,00,00,
0,00000380,false,Rx,0,8,B0,80,00,76,20,00,00,FE,
0,00000380,false,Rx,0,8,B0,80,00,76,20,00,00,FE,
352000,00000588,false,Rx,0,8,0B,00,72,00,00,80,00,00,
0,00000380,false,Rx,0,8,B0,80,00,76,20,00,00,FE,
0,00000380,false,Rx,0,8,B0,80,00,76,20,00,00,FE,
0,00000588,false,Rx,0,8,0B,00,72,00,00,80,00,00,
0,00000380,false,Rx,0,8,B0,80,00,76,20,00,00,FE,
0,00000380,false,Rx,0,8,B0,80,00,76,20,00,00,FE,
0,00000588,false,Rx,0,8,0B,00,72,00,00,80,00,00,
0,00000380,false,Rx,0,8,B0,80,00,76,20,00,00,FE,
0,00000380,false,Rx,0,8,B0,80,00,76,20,00,00,FE,
0,00000588,false,Rx,0,8,0B,00,72,00,00,80,00,00,
0,00000380,false,Rx,0,8,B0,80,00,76,20,00,00,FE,
0,00000380,false,Rx,0,8,B0,80,00,76,20,00,00,FE,
0,00000588,false,Rx,0,8,0B,00,72,00,00,80,00,00,
0,00000380,false,Rx,0,8,B0,80,00,76,20,00,00,FE,
0,00000380,false,Rx,0,8,B0,80,00,76,20,00,00,FE,
0,00000588,false,Rx,0,8,0B,00,72,00,00,80,00,00,
0,00000380,false,Rx,0,8,B0,80,00,76,20,00,00,FE,
0,00000380,false,Rx,0,8,B0,80,00,76,20,00,00,FE,
0,00000588,false,Rx,0,8,0B,00,72,00,00,80,00,00,
0,00000380,false,Rx,0,8,B0,80,00,76,20,00,00,FE,
0,00000380,false,Rx,0,8,B0,80,00,76,20,00,00,FE,
496000,00000588,false,Rx,0,8,0B,00,72,00,00,80,00,00,
0,00000380,false,Rx,0,8,B0,80,00,76,20,00,00,FE,
0,00000380,false,Rx,0,8,B0,80,00,76,20,00,00,FE,
0,00000588,false,Rx,0,8,0B,00,72,00,00,80,00,00,
0,00000380,false,Rx,0,8,B0,80,00,76,20,00,00,FE,
0,00000380,false,Rx,0,8,B0,80,00,76,20,00,00,FE,
532000,00000588,false,Rx,0,8,0B,00,72,00,00,80,00,00,
0,00000380,false,Rx,0,8,B0,80,00,76,20,00,00,FE,
0,00000380,false,Rx,0,8,B0,80,00,76,20,00,00,FE,
0,00000588,false,Rx,0,8,0B,00,72,00,00,80,00,00,
0,00000380,false,Rx,0,8,B0,80,00,76,20,00,00,FE,
0,00000380,false,Rx,0,8,B0,80,00,76,20,00,00,FE,
0,00000588,false,Rx,0,8,0B,00,72,00,00,80,00,00,
0,00000380,false,Rx,0,8,B0,80,00,76,20,00,00,FE,
0,00000380,false,Rx,0,8,B0,80,00,76,20,00,00,FE,
0,00000588,false,Rx,0,8,0B,00,72,00,00,80,00,00,
0,00000380,false,Rx,0,8,B0,80,00,76,20,00,00,FE,
0,00000380,false,Rx,0,8,B0,80,00,76,20,00,00,FE,
0,00000588,false,Rx,0,8,0B,00,72,00,00,80,00,00,
0,00000380,false,Rx,0,8,B0,80,00,76,20,00,00,FE,
0,00000380,false,Rx,0,8,B0,80,00,76,20,00,00,FE,
0,00000588,false,Rx,0,8,0B,00,72,00,00,80,00,00,
0,00000380,false,Rx,0,8,B0,80,00,76,20,00,00,FE,
0,00000380,false,Rx,0,8,B0,80,00,76,20,00,00,FE,
0,00000588,false,Rx,0,8,0B,00,72,00,00,80,00,00,
0,00000380,false,Rx,0,8,B0,80,00,76,20,00,00,FE,
0,00000380,false,Rx,0,8,B0,80,00,76,20,00,00,FE,
676000,00000588,false,Rx,0,8,0B,00,72,00,00,80,00,00,
0,00000380,false,Rx,0,8,B0,80,00,76,20,00,00,FE,
0,00000380,false,Rx,0,8,B0,80,00,76,20,00,00,FE,
0,00000588,false,Rx,0,8,0B,00,72,00,00,80,00,00,
0,00000380,false,Rx,0,8,B0,80,00,76,20,00,00,FE,
0,00000380,false,Rx,0,8,B0,80,00,76,20,00,00,FE,
713000,00000588,false,Rx,0,8,0B,00,72,00,00,80,00,00,
0,00000380,false,Rx,0,8,B0,80,00,76,20,00,00,FE,
0,00000380,false,Rx,0,8,B0,80,00,76,20,00,00,FE,
0,00000588,false,Rx,0,8,0B,00,72,00,00,80,00,00,
0,00000380,false,Rx,0,8,B0,80,00,76,20,00,00,FE,
0,00000380,false,Rx,0,8,B0,80,00,76,20,00,00,FE,
0,00000588,false,Rx,0,8,0B,00,72,00,00,80,00,00,
0,00000380,false,Rx,0,8,B0,80,00,76,20,00,00,FE,
0,00000380,false,Rx,0,8,B0,80,00,76,20,00,00,FE,
0,00000588,false,Rx,0,8,0B,00,72,00,00,80,00,00,
0,00000380,false,Rx,0,8,B0,80,00,76,20,00,00,FE,
0,00000380,false,Rx,0,8,B0,80,00,76,20,00,00,FE,
0,00000588,false,Rx,0,8,0B,00,72,00,00,80,00,00,
0,00000380,false,Rx,0,8,B0,80,00,76,20,00,00,FE,
0,00000380,false,Rx,0,8,B0,80,00,76,20,00,00,FE,
0,00000588,false,Rx,0,8,0B,00,72,00,00,80,00,00,
0,00000380,false,Rx,0,8,B0,80,00,76,20,00,00,FE,
0,00000380,false,Rx,0,8,B0,80,00,76,20,00,00,FE,
0,00000588,false,Rx,0,8,0B,00,72,00,00,80,00,00,
0,00000380,false,Rx,0,8,B0,80,00,76,20,00,00,FE,
0,00000380,false,Rx,0,8,B0,80,00,76,20,00,00,FE,
0,00000588,false,Rx,0,8,0B,00,72,00,00,80,00,00,
0,00000380,false,Rx,0,8,B0,80,00,76,20,00,00,FE,
0,00000380,false,Rx,0,8,B0,80,00,76,20,00,00,FE,
877000,00000588,false,Rx,0,8,0B,00,72,00,00,80,00,00,
0,00000380,false,Rx,0,8,B0,80,00,76,20,00,00,FE,
0,00000380,false,Rx,0,8,B0,80,00,76,20,00,00,FE,
0,00000588,false,Rx,0,8,0B,00,72,00,00,80,00,00,
0,00000380,false,Rx,0,8,B0,80,00,76,20,00,00,FE,
0,00000380,false,Rx,0,8,B0,80,00,76,20,00,00,FE,
913000,00000588,false,Rx,0,8,0B,00,72,00,00,80,00,00,
0,00000380,false,Rx,0,8,B0,80,00,76,20,00,00,FE,
0,00000380,false,Rx,0,8,B0,80,00,76,20,00,00,FE,
0,00000588,false,Rx,0,8,0B,00,72,00,00,80,00,00,
0,00000380,false,Rx,0,8,B0,80,00,76,20,00,00,FE,
0,00000380,false,Rx,0,8,B0,80,00,76,20,00,00,FE,
0,00000588,false,Rx,0,8,0B,00,72,00,00,80,00,00,
0,00000380,false,Rx,0,8,B0,80,00,76,20,00,00,FE,
0,00000380,false,Rx,0,8,B0,80,00,76,20,00,00,FE,
0,00000588,false,Rx,0,8,0B,00,72,00,00,80,00,00,
0,00000380,false,Rx,0,8,B0,80,00,76,20,00,00,FE,
0,00000380,false,Rx,0,8,B0,80,00,76,20,00,00,FE,
0,00000588,false,Rx,0,8,0B,00,72,00,00,80,00,00,
0,00000380,false,Rx,0,8,B0,80,00,76,20,00,00,FE,
0,00000380,false,Rx,0,8,B0,80,00,76,20,00,00,FE,
0,00000588,false,Rx,0,8,0B,00,72,00,00,80,00,00,
0,00000380,false,Rx,0,8,B0,80,00,76,20,00,00,FE,
0,00000380,false,Rx,0,8,B0,80,00,76,20,00,00,FE,
0,00000588,false,Rx,0,8,0B,00,72,00,00,80,00,00,
0,00000380,false,Rx,0,8,B0,80,00,76,20,00,00,FE,
0,00000380,false,Rx,0,8,B0,80,00,76,20,00,00,FE,
57000,00000588,false,Rx,0,8,0B,00,72,00,00,80,00,00,
0,00000380,false,Rx,0,8,B0,80,00,76,20,00,00,FE,
0,00000380,false,Rx,0,8,B0,80,00,76,20,00,00,FE,
0,00000588,false,Rx,0,8,0B,00,72,00,00,80,00,00,
0,00000380,false,Rx,0,8,B0,80,00,76,20,00,00,FE,
0,00000380,false,Rx,0,8,B0,80,00,76,20,00,00,FE,
94000,00000588,false,Rx,0,8,0B,00,72,00,00,80,00,00,
0,00000380,false,Rx,0,8,B0,80,00,76,20,00,00,FE,
0,00000380,false,Rx,0,8,B0,80,00,76,20,00,00,FE,
0,00000588,false,Rx,0,8,0B,00,72,00,00,80,00,00,
0,00000380,false,Rx,0,8,B0,80,00,76,20,00,00,FE,
0,00000380,false,Rx,0,8,B0,80,00,76,20,00,00,FE,
0,00000588,false,Rx,0,8,0B,00,72,00,00,80,00,00,
0,00000380,false,Rx,0,8,B0,80,00,76,20,00,00,FE,
0,00000380,false,Rx,0,8,B0,80,00,76,20,00,00,FE,
0,00000588,false,Rx,0,8,0B,00,72,00,00,80,00,00,
0,00000380,false,Rx,0,8,B0,80,00,76,20,00,00,FE,
0,00000380,false,Rx,0,8,B0,80,00,76,20,00,00,FE,
0,00000588,false,Rx,0,8,0B,00,72,00,00,80,00,00,
0,00000380,false,Rx,0,8,B0,80,00,76,20,00,00,FE,
0,00000380,false,Rx,0,8,B0,80,00,76,20,00,00,FE,
0,00000588,false,Rx,0,8,0B,00,72,00,00,80,00,00,
0,00000380,false,Rx,0,8,B0,80,00,76,20,00,00,FE,
0,00000380,false,Rx,0,8,B0,80,00,76,20,00,00,FE,
0,00000588,false,Rx,0,8,0B,00,72,00,00,80,00,00,
0,00000380,false,Rx,0,8,B0,80,00,76,20,00,00,FE,
0,00000380,false,Rx,0,8,B0,80,00,76,20,00,00,FE,
237000,00000588,false,Rx,0,8,0B,00,72,00,00,80,00,00,
0,00000380,false,Rx,0,8,B0,80,00,76,20,00,00,FE,
0,00000380,false,Rx,0,8,B0,80,00,76,20,00,00,FE,
0,00000588,false,Rx,0,8,0B,00,72,00,00,80,00,00,
0,00000380,false,Rx,0,8,B0,80,00,76,20,00,00,FE,
0,00000380,false,Rx,0,8,B0,80,00,76,20,00,00,FE,
0,00000588,false,Rx,0,8,0B,00,72,00,00,80,00,00,
0,00000380,false,Rx,0,8,B0,80,00,76,20,00,00,FE,
0,00000380,false,Rx,0,8,B0,80,00,76,20,00,00,FE,
294000,00000588,false,Rx,0,8,0B,00,72,00,00,80,00,00,
0,00000380,false,Rx,0,8,B0,80,00,76,20,00,00,FE,
0,00000380,false,Rx,0,8,B0,80,00,76,20,00,00,FE,
0,00000588,false,Rx,0,8,0B,00,72,00,00,80,00,00,
0,00000380,false,Rx,0,8,B0,80,00,76,20,00,00,FE,
0,00000380,false,Rx,0,8,B0,80,00,76,20,00,00,FE,
0,00000588,false,Rx,0,8,0B,00,72,00,00,80,00,00,
0,00000380,false,Rx,0,8,B0,80,00,76,20,00,00,FE,
0,00000380,false,Rx,0,8,B0,80,00,76,20,00,00,FE,
0,00000588,false,Rx,0,8,0B,00,72,00,00,80,00,00,
0,00000380,false,Rx,0,8,B0,80,00,76,20,00,00,FE,
0,00000380,false,Rx,0,8,B0,80,00,76,20,00,00,FE,
0,00000588,false,Rx,0,8,0B,00,72,00,00,80,00,00,
0,00000380,false,Rx,0,8,B0,80,00,76,20,00,00,FE,
0,00000380,false,Rx,0,8,B0,80,00,76,20,00,00,FE,
0,00000588,false,Rx,0,8,0B,00,72,00,00,80,00,00,
0,00000380,false,Rx,0,8,B0,80,00,76,20,00,00,FE,
0,00000380,false,Rx,0,8,B0,80,00,76,20,00,00,FE,
0,00000588,false,Rx,0,8,0B,00,72,00,00,80,00,00,
0,00000380,false,Rx,0,8,B0,80,00,76,20,00,00,FE,
0,00000380,false,Rx,0,8,B0,80,00,76,20,00,00,FE,
438000,00000588,false,Rx,0,8,0B,00,72,00,00,80,00,00,
0,00000380,false,Rx,0,8,B0,80,00,76,20,00,00,FE,
0,00000380,false,Rx,0,8,B0,80,00,76,20,00,00,FE,
0,00000588,false,Rx,0,8,0B,00,72,00,00,80,00,00,
0,00000380,false,Rx,0,8,B0,80,00,76,20,00,00,FE,
0,00000380,false,Rx,0,8,B0,80,00,76,20,00,00,FE,
475000,00000588,false,Rx,0,8,0B,00,72,00,00,80,00,00,
0,00000380,false,Rx,0,8,B0,80,00,76,20,00,00,FE,
0,00000380,false,Rx,0,8,B0,80,00,76,20,00,00,FE,
0,00000588,false,Rx,0,8,0B,00,72,00,00,80,00,00,
0,00000380,false,Rx,0,8,B0,80,00,76,20,00,00,FE,
0,00000380,false,Rx,0,8,B0,80,00,76,20,00,00,FE,
0,00000588,false,Rx,0,8,0B,00,72,00,00,80,00,00,
0,00000380,false,Rx,0,8,B0,80,00,76,20,00,00,FE,
0,00000380,false,Rx,0,8,B0,80,00,76,20,00,00,FE,
0,00000588,false,Rx,0,8,0B,00,72,00,00,80,00,00,
0,00000380,false,Rx,0,8,B0,80,00,76,20,00,00,FE,
0,00000380,false,Rx,0,8,B0,80,00,76,20,00,00,FE,
0,00000588,false,Rx,0,8,0B,00,72,00,00,80,00,00,
0,00000380,false,Rx,0,8,B0,80,00,76,20,00,00,FE,
0,00000380,false,Rx,0,8,B0,80,00,76,20,00,00,FE,
0,00000284,false,Rx,0,6,0F,0F,00,00,00,00,00,00,
0,00000380,false,Rx,0,8,B0,80,00,76,20,00,00,FE,
0,00000300,false,Rx,0,6,A1,0F,8A,FF,4A,FF,00,00,
0,00000488,false,Rx,0,8,4F,23,00,72,FE,FF,FF,E0,
0,00000588,false,Rx,0,8,0B,00,72,00,00,80,00,00,
0,00000380,false,Rx,0,8,B0,80,00,76,20,00,00,FE,
0,00000380,false,Rx,0,8,B0,80,00,76,20,00,00,FE,
618000,00000588,false,Rx,0,8,0B,00,72,00,00,80,00,00,
0,00000380,false,Rx,0,8,B0,80,00,76,20,00,00,FE,
0,00000380,false,Rx,0,8,B0,80,00,76,20,00,00,FE,
0,00000588,false,Rx,0,8,0B,00,72,00,00,80,00,00,
0,00000380,false,Rx,0,8,B0,80,00,76,20,00,00,FE,
0,00000380,false,Rx,0,8,B0,80,00,76,20,00,00,FE,
655000,00000588,false,Rx,0,8,0B,00,72,00,00,80,00,00,
0,00000380,false,Rx,0,8,B0,80,00,76,20,00,00,FE,
0,00000380,false,Rx,0,8,B0,80,00,76,20,00,00,FE,
675000,00000588,false,Rx,0,8,0B,00,72,00,00,80,00,00,
0,00000380,false,Rx,0,8,B0,80,00,76,20,00,00,FE,
0,00000380,false,Rx,0,8,B0,80,00,76,20,00,00,FE,
0,00000588,false,Rx,0,8,0B,00,72,00,00,80,00,00,
0,00000380,false,Rx,0,8,B0,80,00,76,20,00,00,FE,
0,00000380,false,Rx,0,8,B0,80,00,76,20,00,00,FE,
0,00000284,false,Rx,0,6,06,06,00,00,00,00,00,00,
0,00000380,false,Rx,0,8,B0,80,00,76,20,00,00,FE,
0,00000380,false,Rx,0,8,B0,80,00,76,20,00,00,FE,
0,00000588,false,Rx,0,8,0B,00,72,00,00,80,00,00,
0,00000380,false,Rx,0,8,B0,80,00,76,20,00,00,FE,
0,00000380,false,Rx,0,8,B0,80,00,76,20,00,00,FE,
0,00000588,false,Rx,0,8,0B,00,72,00,00,80,00,00,
0,00000380,false,Rx,0,8,B0,80,00,76,20,00,00,FE,
0,00000380,false,Rx,0,8,B0,80,00,76,20,00,00,FE,
0,00000588,false,Rx,0,8,0B,00,72,00,00,80,00,00,
0,00000380,false,Rx,0,8,B0,80,00,76,20,00,00,FE,
0,00000380,false,Rx,0,8,B0,80,00,76,20,00,00,FE,
0,00000588,false,Rx,0,8,0B,00,72,00,00,80,00,00,
0,00000380,false,Rx,0,8,B0,80,00,76,20,00,00,FE,
0,00000380,false,Rx,0,8,B0,80,00,76,20,00,00,FE,
0,00000588,false,Rx,0,8,0B,00,72,00,00,80,00,00,
0,00000380,false,Rx,0,8,B0,80,00,76,20,00,00,FE,
0,00000380,false,Rx,0,8,B0,80,00,76,20,00,00,FE,
0,00000588,false,Rx,0,8,0B,00,72,00,00,80,00,00,
0,00000380,false,Rx,0,8,B0,80,00,76,20,00,00,FE,
0,00000380,false,Rx,0,8,B0,80,00,76,20,00,00,FE,
0,00000284,false,Rx,0,6,0D,0D,00,00,00,00,00,00,
0,00000380,false,Rx,0,8,B0,80,00,76,20,00,00,FE,
0,00000380,false,Rx,0,8,B0,80,00,76,20,00,00,FE,
0,00000588,false,Rx,0,8,0B,00,72,00,00,80,00,00,
0,00000380,false,Rx,0,8,B0,80,00,76,20,00,00,FE,
0,00000380,false,Rx,0,8,B0,80,00,76,20,00,00,FE,
0,00000588,false,Rx,0,8,0B,00,72,00,00,80,00,00,
0,00000380,false,Rx,0,8,B0,80,00,76,20,00,00,FE,
0,00000380,false,Rx,0,8,B0,80,00,76,20,00,00,FE,
0,00000284,false,Rx,0,6,00,00,00,00,00,00,00,00,
0,00000380,false,Rx,0,8,B0,80,00,76,20,00,00,FE,
0,00000380,false,Rx,0,8,B0,80,00,76,20,00,00,FE,
0,00000588,false,Rx,0,8,0B,00,72,00,00,80,00,00,
0,00000380,false,Rx,0,8,B0,80,00,76,20,00,00,FE,
0,00000380,false,Rx,0,8,B0,80,00,76,20,00,00,FE,
0,00000588,false,Rx,0,8,0B,00,72,00,00,80,00,00,
0,00000380,false,Rx,0,8,B0,80,00,76,20,00,00,FE,
0,00000380,false,Rx,0,8,B0,80,00,76,20,00,00,FE,
0,00000588,false,Rx,0,8,0B,00,72,00,00,80,00,00,
0,00000380,false,Rx,0,8,B0,80,00,76,20,00,00,FE,
0,00000380,false,Rx,0,8,B0,80,00,76,20,00,00,FE,
999000,00000588,false,Rx,0,8,0B,00,72,00,00,80,00,00,
0,00000380,false,Rx,0,8,B0,80,00,76,20,00,00,FE,
0,00000380,false,Rx,0,8,B0,80,00,76,20,00,00,FE,
0,00000284,false,Rx,0,6,05,05,00,00,00,00,00,00,
0,00000380,false,Rx,0,8,B0,80,00,76,20,00,00,FE,
0,00000380,false,Rx,0,8,B0,80,00,76,20,00,00,FE,
36000,00000588,false,Rx,0,8,0B,00,72,00,00,80,00,00,
0,00000380,false,Rx,0,8,B0,80,00,76,20,00,00,FE,
0,00000380,false,Rx,0,8,B0,80,00,76,20,00,00,FE,
0,00000588,false,Rx,0,8,0B,00,72,00,00,80,00,00,
0,00000380,false,Rx,0,8,B0,80,00,76,20,00,00,FE,
0,00000380,false,Rx,0,8,B0,80,00,76,20,00,00,FE,
0,00000588,false,Rx,0,8,0B,00,72,00,00,80,00,00,
0,00000380,false,Rx,0,8,B0,80,00,76,20,00,00,FE,
0,00000380,false,Rx,0,8,B0,80,00,76,20,00,00,FE,
97000,00000588,false,Rx,0,8,0B,00,72,00,00,80,00,00,
0,00000380,false,Rx,0,8,B0,80,00,76,20,00,00,FE,
0,00000740,false,Rx,0,1,A3,00,00,00,00,00,00,00,
0,00000380,false,Rx,0,8,B0,80,00,76,20,00,00,FE,
0,00000588,false,Rx,0,8,0B,00,72,00,00,80,00,00,
0,00000380,false,Rx,0,8,B0,80,00,76,20,00,00,FE,
0,00000380,false,Rx,0,8,B0,80,00,76,20,00,00,FE,
0,00000588,false,Rx,0,8,0B,00,72,00,00,80,00,00,
0,00000380,false,Rx,0,8,B0,80,00,76,20,00,00,FE,
0,00000380,false,Rx,0,8,B0,80,00,76,20,00,00,FE,
0,00000284,false,Rx,0,6,0C,0C,00,00,00,00,00,00,
0,00000380,false,Rx,0,8,B0,80,00,76,20,00,00,FE,
0,00000380,false,Rx,0,8,B0,80,00,76,20,00,00,FE,
0,00000588,false,Rx,0,8,0B,00,72,00,00,80,00,00,
0,00000380,false,Rx,0,8,B0,80,00,76,20,00,00,FE,
0,00000380,false,Rx,0,8,B0,80,00,76,20,00,00,FE,
0,00000284,false,Rx,0,6,0E,0E,00,00,00,00,00,00,
0,00000380,false,Rx,0,8,B0,80,00,76,20,00,00,FE,
0,00000380,false,Rx,0,8,B0,80,00,76,20,00,00,FE,
0,00000588,false,Rx,0,8,0B,00,72,00,00,80,00,00,
0,00000380,false,Rx,0,8,B0,80,00,76,20,00,00,FE,
0,00000380,false,Rx,0,8,B0,80,00,76,20,00,00,FE,
0,00000284,false,Rx,0,6,00,00,00,00,00,00,00,00,
0,00000380,false,Rx,0,8,B0,80,00,76,20,00,00,FE,
0,00000380,false,Rx,0,8,B0,80,00,76,20,00,00,FE,
0,00000588,false,Rx,0,8,0B,00,72,00,00,80,00,00,
0,00000380,false,Rx,0,8,B0,80,00,76,20,00,00,FE,
0,00000380,false,Rx,0,8,B0,80,00,76,20,00,00,FE,
277000,00000588,false,Rx,0,8,0B,00,72,00,00,80,00,00,
0,00000380,false,Rx,0,8,B0,80,00,76,20,00,00,FE,
0,00000380,false,Rx,0,8,B0,80,00,76,20,00,00,FE,
0,00000588,false,Rx,0,8,0B,00,72,00,00,80,00,00,
0,00000380,false,Rx,0,8,B0,80,00,76,20,00,00,FE,
0,00000380,false,Rx,0,8,B0,80,00,76,20,00,00,FE,
0,00000588,false,Rx,0,8,0B,00,72,00,00,80,00,00,
0,00000380,false,Rx,0,8,B0,80,00,76,20,00,00,FE,
0,00000380,false,Rx,0,8,B0,80,00,76,20,00,00,FE,
0,00000588,false,Rx,0,8,0B,00,72,00,00,80,00,00,
0,00000380,false,Rx,0,8,B0,80,00,76,20,00,00,FE,
0,00000380,false,Rx,0,8,B0,80,00,76,20,00,00,FE,
0,00000588,false,Rx,0,8,0B,00,72,00,00,80,00,00,
0,00000380,false,Rx,0,8,B0,80,00,76,20,00,00,FE,
0,00000380,false,Rx,0,8,B0,80,00,76,20,00,00,FE,
0,00000588,false,Rx,0,8,0B,00,72,00,00,80,00,00,
0,00000380,false,Rx,0,8,B0,80,00,76,20,00,00,FE,
0,00000380,false,Rx,0,8,B0,80,00,76,20,00,00,FE,
0,00000588,false,Rx,0,8,0B,00,72,00,00,80,00,00,
0,00000380,false,Rx,0,8,B0,80,00,76,20,00,00,FE,
0,00000380,false,Rx,0,8,B0,80,00,76,20,00,00,FE,
421000,00000588,false,Rx,0,8,0B,00,72,00,00,80,00,00,
0,00000380,false,Rx,0,8,B0,80,00,76,20,00,00,FE,
0,00000380,false,Rx,0,8,B0,80,00,76,20,00,00,FE,
0,00000588,false,Rx,0,8,0B,00,72,00,00,80,00,00,
0,00000380,false,Rx,0,8,B0,80,00,76,20,00,00,FE,
0,00000380,false,Rx,0,8,B0,80,00,76,20,00,00,FE,
458000,00000588,false,Rx,0,8,0B,00,72,00,00,80,00,00,
0,00000380,false,Rx,0,8,B0,80,00,76,20,00,00,FE,
0,00000380,false,Rx,0,8,B0,80,00,76,20,00,00,FE,
0,00000588,false,Rx,0,8,0B,00,72,00,00,80,00,00,
0,00000380,false,Rx,0,8,B0,80,00,76,20,00,00,FE,
0,00000380,false,Rx,0,8,B0,80,00,76,20,00,00,FE,
0,00000588,false,Rx,0,8,0B,00,72,00,00,80,00,00,
0,00000380,false,Rx,0,8,B0,80,00,76,20,00,00,FE,
0,00000380,false,Rx,0,8,B0,80,00,76,20,00,00,FE,
0,00000588,false,Rx,0,8,0B,00,72,00,00,80,00,00,
0,00000380,false,Rx,0,8,B0,80,00,76,20,00,00,FE,
0,00000380,false,Rx,0,8,B0,80,00,76,20,00,00,FE,
0,00000588,false,Rx,0,8,0B,00,72,00,00,80,00,00,
0,00000380,false,Rx,0,8,B0,80,00,76,20,00,00,FE,
0,00000380,false,Rx,0,8,B0,80,00,76,20,00,00,FE,
0,00000588,false,Rx,0,8,0B,00,72,00,00,80,00,00,
0,00000380,false,Rx,0,8,B0,80,00,76,20,00,00,FE,
0,00000380,false,Rx,0,8,B0,80,00,76,20,00,00,FE,
0,00000588,false,Rx,0,8,0B,00,72,00,00,80,00,00,
0,00000380,false,Rx,0,8,B0,80,00,76,20,00,00,FE,
0,00000380,false,Rx,0,8,B0,80,00,76,20,00,00,FE,
0,00000588,false,Rx,0,8,0B,00,72,00,00,80,00,00,
0,00000380,false,Rx,0,8,B0,80,00,76,20,00,00,FE,
0,00000380,false,Rx,0,8,B0,80,00,76,20,00,00,FE,
622000,00000588,false,Rx,0,8,0B,00,72,00,00,80,00,00,
0,00000380,false,Rx,0,8,B0,80,00,76,20,00,00,FE,
0,00000380,false,Rx,0,8,B0,80,00,76,20,00,00,FE,
0,00000588,false,Rx,0,8,0B,00,72,00,00,80,00,00,
0,00000380,false,Rx,0,8,B0,80,00,76,20,00,00,FE,
0,00000380,false,Rx,0,8,B0,80,00,76,20,00,00,FE,
658000,00000588,false,Rx,0,8,0B,00,72,00,00,80,00,00,
0,00000380,false,Rx,0,8,B0,80,00,76,20,00,00,FE,
0,00000380,false,Rx,0,8,B0,80,00,76,20,00,00,FE,
0,00000300,false,Rx,0,6,A1,0F,8A,FF,4A,FF,00,00,
679000,00000588,false,Rx,0,8,0B,00,72,00,00,80,00,00,
0,00000380,false,Rx,0,8,B0,80,00,76,20,00,00,FE,
0,00000380,false,Rx,0,8,B0,80,00,76,20,00,00,FE,
0,00000588,false,Rx,0,8,0B,00,72,00,00,80,00,00,
0,00000380,false,Rx,0,8,B0,80,00,76,20,00,00,FE,
0,00000380,false,Rx,0,8,B0,80,00,76,20,00,00,FE,
0,00000588,false,Rx,0,8,0B,00,72,00,00,80,00,00,
0,00000380,false,Rx,0,8,B0,80,00,76,20,00,00,FE,
0,00000380,false,Rx,0,8,B0,80,00,76,20,00,00,FE,
0,00000588,false,Rx,0,8,0B,00,72,00,00,80,00,00,
0,00000380,false,Rx,0,8,B0,80,00,76,20,00,00,FE,
0,00000380,false,Rx,0,8,B0,80,00,76,20,00,00,FE,
0,00000588,false,Rx,0,8,0B,00,72,00,00,80,00,00,
0,00000380,false,Rx,0,8,B0,80,00,76,20,00,00,FE,
0,00000380,false,Rx,0,8,B0,80,00,76,20,00,00,FE,
0,00000588,false,Rx,0,8,0B,00,72,00,00,80,00,00,
0,00000380,false,Rx,0,8,B0,80,00,76,20,00,00,FE,
0,00000380,false,Rx,0,8,B0,80,00,76,20,00,00,FE,
802000,00000588,false,Rx,0,8,0B,00,72,00,00,80,00,00,
0,00000380,false,Rx,0,8,B0,80,00,76,20,00,00,FE,
0,00000380,false,Rx,0,8,B0,80,00,76,20,00,00,FE,
0,00000588,false,Rx,0,8,0B,00,72,00,00,80,00,00,
0,00000380,false,Rx,0,8,B0,80,00,76,20,00,00,FE,
0,00000380,false,Rx,0,8,B0,80,00,76,20,00,00,FE,
839000,00000588,false,Rx,0,8,0B,00,72,00,00,80,00,00,
0,00000380,false,Rx,0,8,B0,80,00,76,20,00,00,FE,
0,00000380,false,Rx,0,8,B0,80,00,76,20,00,00,FE,
0,00000588,false,Rx,0,8,0B,00,72,00,00,80,00,00,
0,00000380,false,Rx,0,8,B0,80,00,76,20,00,00,FE,
0,00000380,false,Rx,0,8,B0,80,00,76,20,00,00,FE,
0,00000588,false,Rx,0,8,0B,00,72,00,00,80,00,00,
0,00000380,false,Rx,0,8,B0,80,00,76,20,00,00,FE,
0,00000380,false,Rx,0,8,B0,80,00,76,20,00,00,FE,
0,00000588,false,Rx,0,8,0B,00,72,00,00,80,00,00,
0,00000380,false,Rx,0,8,B0,80,00,76,20,00,00,FE,
0,00000380,false,Rx,0,8,B0,80,00,76,20,00,00,FE,
0,00000588,false,Rx,0,8,0B,00,72,00,00,80,00,00,
0,00000380,false,Rx,0,8,B0,80,00,76,20,00,00,FE,
0,00000380,false,Rx,0,8,B0,80,00,76,20,00,00,FE,
0,00000588,false,Rx,0,8,0B,00,72,00,00,80,00,00,
0,00000380,false,Rx,0,8,B0,80,00,76,20,00,00,FE,
0,00000380,false,Rx,0,8,B0,80,00,76,20,00,00,FE,
0,00000588,false,Rx,0,8,0B,00,72,00,00,80,00,00,
0,00000380,false,Rx,0,8,B0,80,00,76,20,00,00,FE,
0,00000380,false,Rx,0,8,B0,80,00,76,20,00,00,FE,
0,00000588,false,Rx,0,8,0B,00,72,00,00,80,00,00,
0,00000380,false,Rx,0,8,B0,80,00,76,20,00,00,FE,
0,00000380,false,Rx,0,8,B0,80,00,76,20,00,00,FE,
0,00000588,false,Rx,0,8,0B,00,72,00,00,80,00,00,
0,00000380,false,Rx,0,8,B0,80,00,76,20,00,00,FE,
0,00000380,false,Rx,0,8,B0,80,00,76,20,00,00,FE,
0,00000588,false,Rx,0,8,0B,00,72,00,00,80,00,00,
0,00000380,false,Rx,0,8,B0,80,00,76,20,00,00,FE,
0,00000380,false,Rx,0,8,B0,80,00,76,20,00,00,FE,
39000,00000588,false,Rx,0,8,0B,00,72,00,00,80,00,00,
0,00000380,false,Rx,0,8,B0,80,00,76,20,00,00,FE,
0,00000380,false,Rx,0,8,B0,80,00,76,20,00,00,FE,
0,00000588,false,Rx,0,8,0B,00,72,00,00,80,00,00,
0,00000380,false,Rx,0,8,B0,80,00,76,20,00,00,FE,
0,00000380,false,Rx,0,8,B0,80,00,76,20,00,00,FE,
0,00000588,false,Rx,0,8,0B,00,72,00,00,80,00,00,
0,00000380,false,Rx,0,8,B0,80,00,76,20,00,00,FE,
0,00000380,false,Rx,0,8,B0,80,00,76,20,00,00,FE,
0,00000588,false,Rx,0,8,0B,00,72,00,00,80,00,00,
0,00000380,false,Rx,0,8,B0,80,00,76,20,00,00,FE,
0,00000380,false,Rx,0,8,B0,80,00,76,20,00,00,FE,
0,00000588,false,Rx,0,8,0B,00,72,00,00,80,00,00,
0,00000380,false,Rx,0,8,B0,80,00,76,20,00,00,FE,
0,00000380,false,Rx,0,8,B0,80,00,76,20,00,00,FE,
0,00000588,false,Rx,0,8,0B,00,72,00,00,80,00,00,
0,00000380,false,Rx,0,8,B0,80,00,76,20,00,00,FE,
0,00000380,false,Rx,0,8,B0,80,00,76,20,00,00,FE,
0,00000588,false,Rx,0,8,0B,00,72,00,00,80,00,00,
0,00000380,false,Rx,0,8,B0,80,00,76,20,00,00,FE,
0,00000380,false,Rx,0,8,B0,80,00,76,20,00,00,FE,
0,00000588,false,Rx,0,8,0B,00,72,00,00,80,00,00,
0,00000380,false,Rx,0,8,B0,80,00,76,20,00,00,FE,
0,00000380,false,Rx,0,8,B0,80,00,76,20,00,00,FE,
0,00000588,false,Rx,0,8,0B,00,72,00,00,80,00,00,
0,00000380,false,Rx,0,8,B0,80,00,76,20,00,00,FE,
0,00000380,false,Rx,0,8,B0,80,00,76,20,00,00,FE,
220000,00000588,false,Rx,0,8,0B,00,72,00,00,80,00,00,
0,00000380,false,Rx,0,8,B0,80,00,76,20,00,00,FE,
0,00000380,false,Rx,0,8,B0,80,00,76,20,00,00,FE,
0,00000588,false,Rx,0,8,0B,00,72,00,00,80,00,00,
0,00000380,false,Rx,0,8,B0,80,00,76,20,00,00,FE,
0,00000380,false,Rx,0,8,B0,80,00,76,20,00,00,FE,
0,00000588,false,Rx,0,8,0B,00,72,00,00,80,00,00,
0,00000380,false,Rx,0,8,B0,80,00,76,20,00,00,FE,
0,00000380,false,Rx,0,8,B0,80,00,76,20,00,00,FE,
0,00000588,false,Rx,0,8,0B,00,72,00,00,80,00,00,
0,00000380,false,Rx,0,8,B0,80,00,76,20,00,00,FE,
0,00000380,false,Rx,0,8,B0,80,00,76,20,00,00,FE,
0,00000588,false,Rx,0,8,0B,00,72,00,00,80,00,00,
0,00000380,false,Rx,0,8,B0,80,00,76,20,00,00,FE,
0,00000380,false,Rx,0,8,B0,80,00,76,20,00,00,FE,
0,00000588,false,Rx,0,8,0B,00,72,00,00,80,00,00,
0,00000380,false,Rx,0,8,B0,80,00,76,20,00,00,FE,
0,00000380,false,Rx,0,8,B0,80,00,76,20,00,00,FE,
0,00000588,false,Rx,0,8,0B,00,72,00,00,80,00,00,
0,00000380,false,Rx,0,8,B0,80,00,76,20,00,00,FE,
0,00000380,false,Rx,0,8,B0,80,00,76,20,00,00,FE,
363000,00000588,false,Rx,0,8,0B,00,72,00,00,80,00,00,
0,00000380,false,Rx,0,8,B0,80,00,76,20,00,00,FE,
0,00000380,false,Rx,0,8,B0,80,00,76,20,00,00,FE,
0,00000588,false,Rx,0,8,0B,00,72,00,00,80,00,00,
0,00000380,false,Rx,0,8,B0,80,00,76,20,00,00,FE,
0,00000380,false,Rx,0,8,B0,80,00,76,20,00,00,FE,
400000,00000588,false,Rx,0,8,0B,00,72,00,00,80,00,00,
0,00000380,false,Rx,0,8,B0,80,00,76,20,00,00,FE,
0,00000380,false,Rx,0,8,B0,80,00,76,20,00,00,FE,
420000,00000588,false,Rx,0,8,0B,00,72,00,00,80,00,00,
0,00000380,false,Rx,0,8,B0,80,00,76,20,00,00,FE,
0,00000380,false,Rx,0,8,B0,80,00,76,20,00,00,FE,
0,00000588,false,Rx,0,8,0B,00,72,00,00,80,00,00,
0,00000380,false,Rx,0,8,B0,80,00,76,20,00,00,FE,
0,00000380,false,Rx,0,8,B0,80,00,76,20,00,00,FE,
0,00000588,false,Rx,0,8,0B,00,72,00,00,80,00,00,
0,00000380,false,Rx,0,8,B0,80,00,76,20,00,00,FE,
0,00000380,false,Rx,0,8,B0,80,00,76,20,00,00,FE,
0,00000588,false,Rx,0,8,0B,00,72,00,00,80,00,00,
0,00000380,false,Rx,0,8,B0,80,00,76,20,00,00,FE,
0,00000380,false,Rx,0,8,B0,80,00,76,20,00,00,FE,
0,00000588,false,Rx,0,8,0B,00,72,00,00,80,00,00,
0,00000380,false,Rx,0,8,B0,80,00,76,20,00,00,FE,
0,00000380,false,Rx,0,8,B0,80,00,76,20,00,00,FE,
0,00000588,false,Rx,0,8,0B,00,72,00,00,80,00,00,
0,00000380,false,Rx,0,8,B0,80,00,76,20,00,00,FE,
0,00000380,false,Rx,0,8,B0,80,00,76,20,00,00,FE,
0,00000588,false,Rx,0,8,0B,00,72,00,00,80,00,00,
0,00000380,false,Rx,0,8,B0,80,00,76,20,00,00,FE,
0,00000380,false,Rx,0,8,B0,80,00,76,20,00,00,FE,
564000,00000588,false,Rx,0,8,0B,00,72,00,00,80,00,00,
0,00000380,false,Rx,0,8,B0,80,00,76,20,00,00,FE,
0,00000380,false,Rx,0,8,B0,80,00,76,20,00,00,FE,
0,00000588,false,Rx,0,8,0B,00,72,00,00,80,00,00,
0,00000380,false,Rx,0,8,B0,80,00,76,20,00,00,FE,
0,00000380,false,Rx,0,8,B0,80,00,76,20,00,00,FE,
601000,00000588,false,Rx,0,8,0B,00,72,00,00,80,00,00,
0,00000380,false,Rx,0,8,B0,80,00,76,20,00,00,FE,
0,00000380,false,Rx,0,8,B0,80,00,76,20,00,00,FE,
0,00000588,false,Rx,0,8,0B,00,72,00,00,80,00,00,
0,00000380,false,Rx,0,8,B0,80,00,76,20,00,00,FE,
0,00000380,false,Rx,0,8,B0,80,00,76,20,00,00,FE,
0,00000588,false,Rx,0,8,03,00,72,00,00,80,00,00,
0,00000380,false,Rx,0,8,B0,80,00,76,20,00,00,FE,
0,00000380,false,Rx,0,8,B0,80,00,76,20,00,00,FE,
0,00000588,false,Rx,0,8,0B,00,72,00,00,80,00,00,
0,00000380,false,Rx,0,8,B0,80,00,76,20,00,00,FE,
0,00000380,false,Rx,0,8,B0,80,00,76,20,00,00,FE,
0,00000588,false,Rx,0,8,0B,00,72,00,00,80,00,00,
0,00000380,false,Rx,0,8,B0,80,00,76,20,00,00,FE,
0,00000380,false,Rx,0,8,B0,80,00,76,20,00,00,FE,
0,00000588,false,Rx,0,8,0B,00,72,00,00,80,00,00,
0,00000380,false,Rx,0,8,B0,80,00,76,20,00,00,FE,
0,00000380,false,Rx,0,8,B0,80,00,76,20,00,00,FE,
0,00000588,false,Rx,0,8,0B,00,72,00,00,80,00,00,
0,00000380,false,Rx,0,8,B0,80,00,76,20,00,00,FE,
0,00000380,false,Rx,0,8,B0,80,00,76,20,00,00,FE,
0,00000588,false,Rx,0,8,0B,00,72,00,00,80,00,00,
0,00000380,false,Rx,0,8,B0,80,00,76,20,00,00,FE,
0,00000380,false,Rx,0,8,B0,80,00,76,20,00,00,FE,
0,00000588,false,Rx,0,8,0B,00,72,00,00,80,00,00,
0,00000380,false,Rx,0,8,B0,80,00,76,20,00,00,FE,
0,00000380,false,Rx,0,8,B0,80,00,76,20,00,00,FE,
781000,00000588,false,Rx,0,8,0B,00,72,00,00,80,00,00,
0,00000380,false,Rx,0,8,B0,80,00,76,20,00,00,FE,
0,00000380,false,Rx,0,8,B0,80,00,76,20,00,00,FE,
0,00000588,false,Rx,0,8,0B,00,72,00,00,80,00,00,
0,00000380,false,Rx,0,8,B0,80,00,76,20,00,00,FE,
0,00000380,false,Rx,0,8,B0,80,00,76,20,00,00,FE,
0,00000588,false,Rx,0,8,0B,00,72,00,00,80,00,00,
0,00000380,false,Rx,0,8,B0,80,00,76,20,00,00,FE,
0,00000380,false,Rx,0,8,B0,80,00,76,20,00,00,FE,
0,00000588,false,Rx,0,8,0B,00,72,00,00,80,00,00,
0,00000380,false,Rx,0,8,B0,80,00,76,20,00,00,FE,
0,00000380,false,Rx,0,8,B0,80,00,76,20,00,00,FE,
0,00000588,false,Rx,0,8,0B,00,72,00,00,80,00,00,
0,00000380,false,Rx,0,8,B0,80,00,76,20,00,00,FE,
0,00000380,false,Rx,0,8,B0,80,00,76,20,00,00,FE,
0,00000588,false,Rx,0,8,0B,00,72,00,00,80,00,00,
0,00000380,false,Rx,0,8,B0,80,00,76,20,00,00,FE,
0,00000380,false,Rx,0,8,B0,80,00,76,20,00,00,FE,
0,00000588,false,Rx,0,8,0B,00,72,00,00,80,00,00,
0,00000380,false,Rx,0,8,B0,80,00,76,20,00,00,FE,
0,00000380,false,Rx,0,8,B0,80,00,76,20,00,00,FE,
0,00000588,false,Rx,0,8,0B,00,72,00,00,80,00,00,
0,00000380,false,Rx,0,8,B0,80,00,76,20,00,00,FE,
0,00000380,false,Rx,0,8,B0,80,00,76,20,00,00,FE,
0,00000588,false,Rx,0,8,0B,00,72,00,00,80,00,00,
0,00000380,false,Rx,0,8,B0,80,00,76,20,00,00,FE,
0,00000380,false,Rx,0,8,B0,80,00,76,20,00,00,FE,
0,00000588,false,Rx,0,8,0B,00,72,00,00,80,00,00,
0,00000380,false,Rx,0,8,B0,80,00,76,20,00,00,FE,
0,00000380,false,Rx,0,8,B0,80,00,76,20,00,00,FE,
981000,00000588,false,Rx,0,8,0B,00,72,00,00,80,00,00,
0,00000380,false,Rx,0,8,B0,80,00,76,20,00,00,FE,
0,00000380,false,Rx,0,8,B0,80,00,76,20,00,00,FE,
0,00000588,false,Rx,0,8,0B,00,72,00,00,80,00,00,
0,00000380,false,Rx,0,8,B0,80,00,76,20,00,00,FE,
0,00000380,false,Rx,0,8,B0,80,00,76,20,00,00,FE,
0,00000588,false,Rx,0,8,0B,00,72,00,00,80,00,00,
0,00000380,false,Rx,0,8,B0,80,00,76,20,00,00,FE,
0,00000380,false,Rx,0,8,B0,80,00,76,20,00,00,FE,
0,00000588,false,Rx,0,8,0B,00,72,00,00,80,00,00,
0,00000380,false,Rx,0,8,B0,80,00,76,20,00,00,FE,
0,00000380,false,Rx,0,8,B0,80,00,76,20,00,00,FE,
0,00000588,false,Rx,0,8,0B,00,72,00,00,80,00,00,
0,00000380,false,Rx,0,8,B0,80,00,76,20,00,00,FE,
0,00000380,false,Rx,0,8,B0,80,00,76,20,00,00,FE,
0,00000588,false,Rx,0,8,0B,00,72,00,00,80,00,00,
0,00000380,false,Rx,0,8,B0,80,00,76,20,00,00,FE,
0,00000380,false,Rx,0,8,B0,80,00,76,20,00,00,FE,
0,00000588,false,Rx,0,8,0B,00,72,00,00,80,00,00,
0,00000380,false,Rx,0,8,B0,80,00,76,20,00,00,FE,
0,00000380,false,Rx,0,8,B0,80,00,76,20,00,00,FE,
125000,00000588,false,Rx,0,8,0B,00,72,00,00,80,00,00,
0,00000380,false,Rx,0,8,B0,80,00,76,20,00,00,FE,
0,00000380,false,Rx,0,8,B0,80,00,76,20,00,00,FE,
0,00000588,false,Rx,0,8,0B,00,72,00,00,80,00,00,
0,00000380,false,Rx,0,8,B0,80,00,76,20,00,00,FE,
0,00000380,false,Rx,0,8,B0,80,00,76,20,00,00,FE,
0,00000588,false,Rx,0,8,0B,00,72,00,00,80,00,00,
0,00000380,false,Rx,0,8,B0,80,00,76,20,00,00,FE,
0,00000380,false,Rx,0,8,B0,80,00,76,20,00,00,FE,
0,00000588,false,Rx,0,8,0B,00,72,00,00,80,00,00,
0,00000380,false,Rx,0,8,B0,80,00,76,20,00,00,FE,
0,00000380,false,Rx,0,8,B0,80,00,76,20,00,00,FE,
0,00000588,false,Rx,0,8,0B,00,72,00,00,80,00,00,
0,00000380,false,Rx,0,8,B0,80,00,76,20,00,00,FE,
0,00000380,false,Rx,0,8,B0,80,00,76,20,00,00,FE,
0,00000588,false,Rx,0,8,0B,00,72,00,00,80,00,00,
0,00000380,false,Rx,0,8,B0,80,00,76,20,00,00,FE,
0,00000380,false,Rx,0,8,B0,80,00,76,20,00,00,FE,
0,00000588,false,Rx,0,8,0B,00,72,00,00,80,00,00,
0,00000380,false,Rx,0,8,B0,80,00,76,20,00,00,FE,
0,00000380,false,Rx,0,8,B0,80,00,76,20,00,00,FE,
0,00000588,false,Rx,0,8,0B,00,72,00,00,80,00,00,
0,00000380,false,Rx,0,8,B0,80,00,76,20,00,00,FE,
0,00000380,false,Rx,0,8,B0,80,00,76,20,00,00,FE,
0,00000588,false,Rx,0,8,0B,00,72,00,00,80,00,00,
0,00000380,false,Rx,0,8,B0,80,00,76,20,00,00,FE,
0,00000380,false,Rx,0,8,B0,80,00,76,20,00,00,FE,
305000,00000588,false,Rx,0,8,0B,00,72,00,00,80,00,00,
0,00000380,false,Rx,0,8,B0,80,00,76,20,00,00,FE,
0,00000380,false,Rx,0,8,B0,80,00,76,20,00,00,FE,
0,00000588,false,Rx,0,8,0B,00,72,00,00,80,00,00,
0,00000380,false,Rx,0,8,B0,80,00,76,20,00,00,FE,
0,00000380,false,Rx,0,8,B0,80,00,76,20,00,00,FE,
342000,00000588,false,Rx,0,8,0B,00,72,00,00,80,00,00,
0,00000380,false,Rx,0,8,B0,80,00,76,20,00,00,FE,
0,00000380,false,Rx,0,8,B0,80,00,76,20,00,00,FE,
362000,00000588,false,Rx,0,8,0B,00,72,00,00,80,00,00,
0,00000380,false,Rx,0,8,B0,80,00,76,20,00,00,FE,
0,00000380,false,Rx,0,8,B0,80,00,76,20,00,00,FE,
0,00000588,false,Rx,0,8,0B,00,72,00,00,80,00,00,
0,00000380,false,Rx,0,8,B0,80,00,76,20,00,00,FE,
0,00000380,false,Rx,0,8,B0,80,00,76,20,00,00,FE,
0,00000588,false,Rx,0,8,0B,00,72,00,00,80,00,00,
0,00000380,false,Rx,0,8,B0,80,00,76,20,00,00,FE,
0,00000380,false,Rx,0,8,B0,80,00,76,20,00,00,FE,
0,00000588,false,Rx,0,8,0B,00,72,00,00,80,00,00,
0,00000380,false,Rx,0,8,B0,80,00,76,20,00,00,FE,
0,00000380,false,Rx,0,8,B0,80,00,76,20,00,00,FE,
0,00000588,false,Rx,0,8,0B,00,72,00,00,80,00,00,
0,00000380,false,Rx,0,8,B0,80,00,76,20,00,00,FE,
0,00000380,false,Rx,0,8,B0,80,00,76,20,00,00,FE,
0,00000588,false,Rx,0,8,0B,00,72,00,00,80,00,00,
0,00000380,false,Rx,0,8,B0,80,00,76,20,00,00,FE,
0,00000380,false,Rx,0,8,B0,80,00,76,20,00,00,FE,
0,00000588,false,Rx,0,8,0B,00,72,00,00,80,00,00,
0,00000380,false,Rx,0,8,B0,80,00,76,20,00,00,FE,
0,00000380,false,Rx,0,8,B0,80,00,76,20,00,00,FE,
506000,00000588,false,Rx,0,8,0B,00,72,00,00,80,00,00,
0,00000380,false,Rx,0,8,B0,80,00,76,20,00,00,FE,
0,00000380,false,Rx,0,8,B0,80,00,76,20,00,00,FE,
0,00000588,false,Rx,0,8,0B,00,72,00,00,80,00,00,
0,00000380,false,Rx,0,8,B0,80,00,76,20,00,00,FE,
0,00000380,false,Rx,0,8,B0,80,00,76,20,00,00,FE,
543000,00000588,false,Rx,0,8,0B,00,72,00,00,80,00,00,
0,00000380,false,Rx,0,8,B0,80,00,76,20,00,00,FE,
0,00000380,false,Rx,0,8,B0,80,00,76,20,00,00,FE,
0,00000588,false,Rx,0,8,0B,00,72,00,00,80,00,00,
0,00000380,false,Rx,0,8,B0,80,00,76,20,00,00,FE,
0,00000380,false,Rx,0,8,B0,80,00,76,20,00,00,FE,
0,00000588,false,Rx,0,8,0B,00,72,00,00,80,00,00,
0,00000380,false,Rx,0,8,B0,80,00,76,20,00,00,FE,
0,00000380,false,Rx,0,8,B0,80,00,76,20,00,00,FE,
0,00000588,false,Rx,0,8,0B,00,72,00,00,80,00,00,
0,00000380,false,Rx,0,8,B0,80,00,76,20,00,00,FE,
0,00000380,false,Rx,0,8,B0,80,00,76,20,00,00,FE,
0,00000588,false,Rx,0,8,0B,00,72,00,00,80,00,00,
0,00000380,false,Rx,0,8,B0,80,00,76,20,00,00,FE,
0,00000380,false,Rx,0,8,B0,80,00,76,20,00,00,FE,
0,00000588,false,Rx,0,8,0B,00,72,00,00,80,00,00,
0,00000380,false,Rx,0,8,B0,80,00,76,20,00,00,FE,
0,00000380,false,Rx,0,8,B0,80,00,76,20,00,00,FE,
0,00000588,false,Rx,0,8,0B,00,72,00,00,80,00,00,
0,00000380,false,Rx,0,8,B0,80,00,76,20,00,00,FE,
0,00000380,false,Rx,0,8,B0,80,00,76,20,00,00,FE,
686000,00000588,false,Rx,0,8,0B,00,72,00,00,80,00,00,
0,00000380,false,Rx,0,8,B0,80,00,76,20,00,00,FE,
0,00000380,false,Rx,0,8,B0,80,00,76,20,00,00,FE,
0,00000588,false,Rx,0,8,0B,00,72,00,00,80,00,00,
0,00000380,false,Rx,0,8,B0,80,00,76,20,00,00,FE,
0,00000380,false,Rx,0,8,B0,80,00,76,20,00,00,FE,
723000,00000588,false,Rx,0,8,0B,00,72,00,00,80,00,00,
0,00000380,false,Rx,0,8,B0,80,00,76,20,00,00,FE,
0,00000380,false,Rx,0,8,B0,80,00,76,20,00,00,FE,
0,00000588,false,Rx,0,8,0B,00,72,00,00,80,00,00,
0,00000380,false,Rx,0,8,B0,80,00,76,20,00,00,FE,
0,00000380,false,Rx,0,8,B0,80,00,76,20,00,00,FE,
0,00000588,false,Rx,0,8,0B,00,72,00,00,80,00,00,
0,00000380,false,Rx,0,8,B0,80,00,76,20,00,00,FE,
0,00000380,false,Rx,0,8,B0,80,00,76,20,00,00,FE,
0,00000588,false,Rx,0,8,0B,00,72,00,00,80,00,00,
0,00000380,false,Rx,0,8,B0,80,00,76,20,00,00,FE,
0,00000380,false,Rx,0,8,B0,80,00,76,20,00,00,FE,
0,00000588,false,Rx,0,8,0B,00,72,00,00,80,00,00,
0,00000380,false,Rx,0,8,B0,80,00,76,20,00,00,FE,
0,00000380,false,Rx,0,8,B0,80,00,76,20,00,00,FE,
0,00000588,false,Rx,0,8,0B,00,72,00,00,80,00,00,
0,00000380,false,Rx,0,8,B0,80,00,76,20,00,00,FE,
0,00000380,false,Rx,0,8,B0,80,00,76,20,00,00,FE,
0,00000588,false,Rx,0,8,0B,00,72,00,00,80,00,00,
0,00000380,false,Rx,0,8,B0,80,00,76,20,00,00,FE,
0,00000380,false,Rx,0,8,B0,80,00,76,20,00,00,FE,
0,00000588,false,Rx,0,8,0B,00,72,00,00,80,00,00,
0,00000380,false,Rx,0,8,B0,80,00,76,20,00,00,FE,
0,00000380,false,Rx,0,8,B0,80,00,76,20,00,00,FE,
887000,00000588,false,Rx,0,8,0B,00,72,00,00,80,00,00,
0,00000380,false,Rx,0,8,B0,80,00,76,20,00,00,FE,
0,00000380,false,Rx,0,8,B0,80,00,76,20,00,00,FE,
0,00000588,false,Rx,0,8,0B,00,72,00,00,80,00,00,
0,00000380,false,Rx,0,8,B0,80,00,76,20,00,00,FE,
0,00000380,false,Rx,0,8,B0,80,00,76,20,00,00,FE,
924000,00000588,false,Rx,0,8,0B,00,72,00,00,80,00,00,
0,00000380,false,Rx,0,8,B0,80,00,76,20,00,00,FE,
0,00000380,false,Rx,0,8,B0,80,00,76,20,00,00,FE,
0,00000588,false,Rx,0,8,0B,00,72,00,00,80,00,00,
0,00000380,false,Rx,0,8,B0,80,00,76,20,00,00,FE,
0,00000380,false,Rx,0,8,B0,80,00,76,20,00,00,FE,
0,00000588,false,Rx,0,8,0B,00,72,00,00,80,00,00,
0,00000380,false,Rx,0,8,B0,80,00,76,20,00,00,FE,
0,00000380,false,Rx,0,8,B0,80,00,76,20,00,00,FE,
0,00000588,false,Rx,0,8,0B,00,72,00,00,80,00,00,
0,00000380,false,Rx,0,8,B0,80,00,76,20,00,00,FE,
0,00000380,false,Rx,0,8,B0,80,00,76,20,00,00,FE,
0,00000588,false,Rx,0,8,0B,00,72,00,00,80,00,00,
0,00000380,false,Rx,0,8,B0,80,00,76,20,00,00,FE,
0,00000380,false,Rx,0,8,B0,80,00,76,20,00,00,FE,
0,00000588,false,Rx,0,8,0B,00,72,00,00,80,00,00,
0,00000380,false,Rx,0,8,B0,80,00,76,20,00,00,FE,
0,00000380,false,Rx,0,8,B0,80,00,76,20,00,00,FE,
0,00000588,false,Rx,0,8,0B,00,72,00,00,80,00,00,
0,00000380,false,Rx,0,8,B0,80,00,76,20,00,00,FE,
0,00000380,false,Rx,0,8,B0,80,00,76,20,00,00,FE,
67000,00000588,false,Rx,0,8,0B,00,72,00,00,80,00,00,
0,00000380,false,Rx,0,8,B0,80,00,76,20,00,00,FE,
0,00000380,false,Rx,0,8,B0,80,00,76,20,00,00,FE,
0,00000588,false,Rx,0,8,0B,00,72,00,00,80,00,00,
0,00000380,false,Rx,0,8,B0,80,00,76,20,00,00,FE,
0,00000380,false,Rx,0,8,B0,80,00,76,20,00,00,FE,
104000,00000588,false,Rx,0,8,0B,00,72,00,00,80,00,00,
0,00000380,false,Rx,0,8,B0,80,00,76,20,00,00,FE,
0,00000380,false,Rx,0,8,B0,80,00,76,20,00,00,FE,
0,00000588,false,Rx,0,8,0B,00,72,00,00,80,00,00,
0,00000380,false,Rx,0,8,B0,80,00,76,20,00,00,FE,
0,00000380,false,Rx,0,8,B0,80,00,76,20,00,00,FE,
0,00000588,false,Rx,0,8,0B,00,72,00,00,80,00,00,
0,00000380,false,Rx,0,8,B0,80,00,76,20,00,00,FE,
0,00000380,false,Rx,0,8,B0,80,00,76,20,00,00,FE,
0,00000588,false,Rx,0,8,0B,00,72,00,00,80,00,00,
0,00000380,false,Rx,0,8,B0,80,00,76,20,00,00,FE,
0,00000380,false,Rx,0,8,B0,80,00,76,20,00,00,FE,
0,00000588,false,Rx,0,8,0B,00,72,00,00,80,00,00,
0,00000380,false,Rx,0,8,B0,80,00,76,20,00,00,FE,
0,00000380,false,Rx,0,8,B0,80,00,76,20,00,00,FE,
0,00000588,false,Rx,0,8,0B,00,72,00,00,80,00,00,
0,00000380,false,Rx,0,8,B0,80,00,76,20,00,00,FE,
0,00000380,false,Rx,0,8,B0,80,00,76,20,00,00,FE,
0,00000588,false,Rx,0,8,0B,00,72,00,00,80,00,00,
0,00000380,false,Rx,0,8,B0,80,00,76,20,00,00,FE,
0,00000380,false,Rx,0,8,B0,80,00,76,20,00,00,FE,
247000,00000588,false,Rx,0,8,0B,00,72,00,00,80,00,00,
0,00000380,false,Rx,0,8,B0,80,00,76,20,00,00,FE,
0,00000380,false,Rx,0,8,B0,80,00,76,20,00,00,FE,
0,00000588,false,Rx,0,8,0B,00,72,00,00,80,00,00,
0,00000380,false,Rx,0,8,B0,80,00,76,20,00,00,FE,
0,00000380,false,Rx,0,8,B0,80,00,76,20,00,00,FE,
0,00000588,false,Rx,0,8,0B,00,72,00,00,80,00,00,
0,00000380,false,Rx,0,8,B0,80,00,76,20,00,00,FE,
0,00000380,false,Rx,0,8,B0,80,00,76,20,00,00,FE,
305000,00000588,false,Rx,0,8,0B,00,72,00,00,80,00,00,
0,00000380,false,Rx,0,8,B0,80,00,76,20,00,00,FE,
0,00000380,false,Rx,0,8,B0,80,00,76,20,00,00,FE,
0,00000588,false,Rx,0,8,0B,00,72,00,00,80,00,00,
0,00000380,false,Rx,0,8,B0,80,00,76,20,00,00,FE,
0,00000380,false,Rx,0,8,B0,80,00,76,20,00,00,FE,
0,00000588,false,Rx,0,8,0B,00,72,00,00,80,00,00,
0,00000380,false,Rx,0,8,B0,80,00,76,20,00,00,FE,
0,00000380,false,Rx,0,8,B0,80,00,76,20,00,00,FE,
0,00000588,false,Rx,0,8,0B,00,72,00,00,80,00,00,
0,00000380,false,Rx,0,8,B0,80,00,76,20,00,00,FE,
0,00000380,false,Rx,0,8,B0,80,00,76,20,00,00,FE,
0,00000588,false,Rx,0,8,0B,00,72,00,00,80,00,00,
0,00000380,false,Rx,0,8,B0,80,00,76,20,00,00,FE,
0,00000380,false,Rx,0,8,B0,80,00,76,20,00,00,FE,
0,00000588,false,Rx,0,8,0B,00,72,00,00,80,00,00,
0,00000380,false,Rx,0,8,B0,80,00,76,20,00,00,FE,
0,00000380,false,Rx,0,8,B0,80,00,76,20,00,00,FE,
0,00000588,false,Rx,0,8,0B,00,72,00,00,80,00,00,
0,00000380,false,Rx,0,8,B0,80,00,76,20,00,00,FE,
0,00000380,false,Rx,0,8,B0,80,00,76,20,00,00,FE,
448000,00000588,false,Rx,0,8,0B,00,72,00,00,80,00,00,
0,00000380,false,Rx,0,8,B0,80,00,76,20,00,00,FE,
0,00000380,false,Rx,0,8,B0,80,00,76,20,00,00,FE,
0,00000588,false,Rx,0,8,0B,00,72,00,00,80,00,00,
0,00000380,false,Rx,0,8,B0,80,00,76,20,00,00,FE,
0,00000380,false,Rx,0,8,B0,80,00,76,20,00,00,FE,
485000,00000588,false,Rx,0,8,0B,00,72,00,00,80,00,00,
0,00000380,false,Rx,0,8,B0,80,00,76,20,00,00,FE,
0,00000380,false,Rx,0,8,B0,80,00,76,20,00,00,FE,
0,00000588,false,Rx,0,8,0B,00,72,00,00,80,00,00,
0,00000380,false,Rx,0,8,B0,80,00,76,20,00,00,FE,
0,00000380,false,Rx,0,8,B0,80,00,76,20,00,00,FE,
0,00000588,false,Rx,0,8,0B,00,72,00,00,80,00,00,
0,00000380,false,Rx,0,8,B0,80,00,76,20,00,00,FE,
0,00000380,false,Rx,0,8,B0,80,00,76,20,00,00,FE,
0,00000588,false,Rx,0,8,0B,00,72,00,00,80,00,00,
0,00000380,false,Rx,0,8,B0,80,00,76,20,00,00,FE,
0,00000380,false,Rx,0,8,B0,80,00,76,20,00,00,FE,
0,00000588,false,Rx,0,8,0B,00,72,00,00,80,00,00,
0,00000380,false,Rx,0,8,B0,80,00,76,20,00,00,FE,
0,00000380,false,Rx,0,8,B0,80,00,76,20,00,00,FE,
0,00000588,false,Rx,0,8,0B,00,72,00,00,80,00,00,
0,00000380,false,Rx,0,8,B0,80,00,76,20,00,00,FE,
0,00000380,false,Rx,0,8,B0,80,00,76,20,00,00,FE,
0,00000588,false,Rx,0,8,0B,00,72,00,00,80,00,00,
0,00000380,false,Rx,0,8,B0,80,00,76,20,00,00,FE,
0,00000380,false,Rx,0,8,B0,80,00,76,20,00,00,FE,
628000,00000588,false,Rx,0,8,0B,00,72,00,00,80,00,00,
0,00000380,false,Rx,0,8,B0,80,00,76,20,00,00,FE,
0,00000380,false,Rx,0,8,B0,80,00,76,20,00,00,FE,
0,00000588,false,Rx,0,8,0B,00,72,00,00,80,00,00,
0,00000380,false,Rx,0,8,B0,80,00,76,20,00,00,FE,
0,00000380,false,Rx,0,8,B0,80,00,76,20,00,00,FE,
665000,00000588,false,Rx,0,8,0B,00,72,00,00,80,00,00,
0,00000380,false,Rx,0,8,B0,80,00,76,20,00,00,FE,
0,00000380,false,Rx,0,8,B0,80,00,76,20,00,00,FE,
0,00000588,false,Rx,0,8,0B,00,72,00,00,80,00,00,
0,00000380,false,Rx,0,8,B0,80,00,76,20,00,00,FE,
0,00000380,false,Rx,0,8,B0,80,00,76,20,00,00,FE,
0,00000588,false,Rx,0,8,0B,00,72,00,00,80,00,00,
0,00000380,false,Rx,0,8,B0,80,00,76,20,00,00,FE,
0,00000380,false,Rx,0,8,B0,80,00,76,20,00,00,FE,
0,00000588,false,Rx,0,8,0B,00,72,00,00,80,00,00,
0,00000380,false,Rx,0,8,B0,80,00,76,20,00,00,FE,
0,00000380,false,Rx,0,8,B0,80,00,76,20,00,00,FE,
0,00000588,false,Rx,0,8,0B,00,72,00,00,80,00,00,
0,00000380,false,Rx,0,8,B0,80,00,76,20,00,00,FE,
0,00000380,false,Rx,0,8,B0,80,00,76,20,00,00,FE,
0,00000588,false,Rx,0,8,0B,00,72,00,00,80,00,00,
0,00000380,false,Rx,0,8,B0,80,00,76,20,00,00,FE,
0,00000380,false,Rx,0,8,B0,80,00,76,20,00,00,FE,
0,00000588,false,Rx,0,8,0B,00,72,00,00,80,00,00,
0,00000380,false,Rx,0,8,B0,80,00,76,20,00,00,FE,
0,00000380,false,Rx,0,8,B0,80,00,76,20,00,00,FE,
0,00000588,false,Rx,0,8,0B,00,72,00,00,80,00,00,
0,00000380,false,Rx,0,8,B0,80,00,76,20,00,00,FE,
0,00000380,false,Rx,0,8,B0,80,00,76,20,00,00,FE,
829000,00000588,false,Rx,0,8,0B,00,72,00,00,80,00,00,
0,00000380,false,Rx,0,8,B0,80,00,76,20,00,00,FE,
0,00000380,false,Rx,0,8,B0,80,00,76,20,00,00,FE,
0,00000588,false,Rx,0,8,0B,00,72,00,00,80,00,00,
0,00000380,false,Rx,0,8,B0,80,00,76,20,00,00,FE,
0,00000380,false,Rx,0,8,B0,80,00,76,20,00,00,FE,
866000,00000588,false,Rx,0,8,0B,00,72,00,00,80,00,00,
0,00000380,false,Rx,0,8,B0,80,00,76,20,00,00,FE,
0,00000380,false,Rx,0,8,B0,80,00,76,20,00,00,FE,
0,00000588,false,Rx,0,8,0B,00,72,00,00,80,00,00,
0,00000380,false,Rx,0,8,B0,80,00,76,20,00,00,FE,
0,00000380,false,Rx,0,8,B0,80,00,76,20,00,00,FE,
0,00000588,false,Rx,0,8,0B,00,72,00,00,80,00,00,
0,00000380,false,Rx,0,8,B0,80,00,76,20,00,00,FE,
0,00000380,false,Rx,0,8,B0,80,00,76,20,00,00,FE,
0,00000588,false,Rx,0,8,0B,00,72,00,00,80,00,00,
0,00000380,false,Rx,0,8,B0,80,00,76,20,00,00,FE,
0,00000380,false,Rx,0,8,B0,80,00,76,20,00,00,FE,
0,00000588,false,Rx,0,8,0B,00,72,00,00,80,00,00,
0,00000380,false,Rx,0,8,B0,80,00,76,20,00,00,FE,
0,00000380,false,Rx,0,8,B0,80,00,76,20,00,00,FE,
0,00000588,false,Rx,0,8,0B,00,72,00,00,80,00,00,
0,00000380,false,Rx,0,8,B0,80,00,76,20,00,00,FE,
0,00000380,false,Rx,0,8,B0,80,00,76,20,00,00,FE,
0,00000588,false,Rx,0,8,0B,00,72,00,00,80,00,00,
0,00000380,false,Rx,0,8,B0,80,00,76,20,00,00,FE,
0,00000380,false,Rx,0,8,B0,80,00,76,20,00,00,FE,
9000,00000588,false,Rx,0,8,0B,00,72,00,00,80,00,00,
0,00000380,false,Rx,0,8,B0,80,00,76,20,00,00,FE,
0,00000380,false,Rx,0,8,B0,80,00,76,20,00,00,FE,
0,00000588,false,Rx,0,8,0B,00,72,00,00,80,00,00,
0,00000380,false,Rx,0,8,B0,80,00,76,20,00,00,FE,
0,00000380,false,Rx,0,8,B0,80,00,76,20,00,00,FE,
46000,00000588,false,Rx,0,8,0B,00,72,00,00,80,00,00,
0,00000380,false,Rx,0,8,B0,80,00,76,20,00,00,FE,
0,00000380,false,Rx,0,8,B0,80,00,76,20,00,00,FE,
0,00000588,false,Rx,0,8,0B,00,72,00,00,80,00,00,
0,00000380,false,Rx,0,8,B0,80,00,76,20,00,00,FE,
0,00000380,false,Rx,0,8,B0,80,00,76,20,00,00,FE,
0,00000588,false,Rx,0,8,0B,00,72,00,00,80,00,00,
0,00000380,false,Rx,0,8,B0,80,00,76,20,00,00,FE,
0,00000380,false,Rx,0,8,B0,80,00,76,20,00,00,FE,
0,00000588,false,Rx,0,8,0B,00,72,00,00,80,00,00,
0,00000380,false,Rx,0,8,B0,80,00,76,20,00,00,FE,
0,00000380,false,Rx,0,8,B0,80,00,76,20,00,00,FE,
0,00000588,false,Rx,0,8,0B,00,72,00,00,80,00,00,
0,00000380,false,Rx,0,8,B0,80,00,76,20,00,00,FE,
0,00000380,false,Rx,0,8,B0,80,00,76,20,00,00,FE,
0,00000588,false,Rx,0,8,0B,00,72,00,00,80,00,00,
0,00000380,false,Rx,0,8,B0,80,00,76,20,00,00,FE,
0,00000380,false,Rx,0,8,B0,80,00,76,20,00,00,FE,
0,00000588,false,Rx,0,8,0B,00,72,00,00,80,00,00,
0,00000380,false,Rx,0,8,B0,80,00,76,20,00,00,FE,
0,00000380,false,Rx,0,8,B0,80,00,76,20,00,00,FE,
0,00000588,false,Rx,0,8,0B,00,72,00,00,80,00,00,
0,00000380,false,Rx,0,8,B0,80,00,76,20,00,00,FE,
0,00000380,false,Rx,0,8,B0,80,00,76,20,00,00,FE,
0,00000588,false,Rx,0,8,0B,00,72,00,00,80,00,00,
0,00000380,false,Rx,0,8,B0,80,00,76,20,00,00,FE,
0,00000380,false,Rx,0,8,B0,80,00,76,20,00,00,FE,
0,00000588,false,Rx,0,8,0B,00,72,00,00,80,00,00,
0,00000380,false,Rx,0,8,B0,80,00,76,20,00,00,FE,
0,00000380,false,Rx,0,8,B0,80,00,76,20,00,00,FE,
247000,00000588,false,Rx,0,8,0B,00,72,00,00,80,00,00,
0,00000380,false,Rx,0,8,B0,80,00,76,20,00,00,FE,
0,00000380,false,Rx,0,8,B0,80,00,76,20,00,00,FE,
0,00000588,false,Rx,0,8,0B,00,72,00,00,80,00,00,
0,00000380,false,Rx,0,8,B0,80,00,76,20,00,00,FE,
0,00000380,false,Rx,0,8,B0,80,00,76,20,00,00,FE,
0,00000588,false,Rx,0,8,0B,00,72,00,00,80,00,00,
0,00000380,false,Rx,0,8,B0,80,00,76,20,00,00,FE,
0,00000380,false,Rx,0,8,B0,80,00,76,20,00,00,FE,
0,00000588,false,Rx,0,8,0B,00,72,00,00,80,00,00,
0,00000380,false,Rx,0,8,B0,80,00,76,20,00,00,FE,
0,00000380,false,Rx,0,8,B0,80,00,76,20,00,00,FE,
0,00000588,false,Rx,0,8,0B,00,72,00,00,80,00,00,
0,00000380,false,Rx,0,8,B0,80,00,76,20,00,00,FE,
0,00000380,false,Rx,0,8,B0,80,00,76,20,00,00,FE,
0,00000588,false,Rx,0,8,0B,00,72,00,00,80,00,00,
0,00000380,false,Rx,0,8,B0,80,00,76,20,00,00,FE,
0,00000380,false,Rx,0,8,B0,80,00,76,20,00,00,FE,
0,00000588,false,Rx,0,8,0B,00,72,00,00,80,00,00,
0,00000380,false,Rx,0,8,B0,80,00,76,20,00,00,FE,
0,00000380,false,Rx,0,8,B0,80,00,76,20,00,00,FE,
390000,00000588,false,Rx,0,8,0B,00,72,00,00,80,00,00,
0,00000380,false,Rx,0,8,B0,80,00,76,20,00,00,FE,
0,00000380,false,Rx,0,8,B0,80,00,76,20,00,00,FE,
0,00000588,false,Rx,0,8,0B,00,72,00,00,80,00,00,
0,00000380,false,Rx,0,8,B0,80,00,76,20,00,00,FE,
0,00000380,false,Rx,0,8,B0,80,00,76,20,00,00,FE,
427000,00000588,false,Rx,0,8,0B,00,72,00,00,80,00,00,
0,00000380,false,Rx,0,8,B0,80,00,76,20,00,00,FE,
0,00000380,false,Rx,0,8,B0,80,00,76,20,00,00,FE,
0,00000588,false,Rx,0,8,0B,00,72,00,00,80,00,00,
0,00000380,false,Rx,0,8,B0,80,00,76,20,00,00,FE,
0,00000380,false,Rx,0,8,B0,80,00,76,20,00,00,FE,
0,00000588,false,Rx,0,8,0B,00,72,00,00,80,00,00,
0,00000380,false,Rx,0,8,B0,80,00,76,20,00,00,FE,
0,00000380,false,Rx,0,8,B0,80,00,76,20,00,00,FE,
0,00000588,false,Rx,0,8,0B,00,72,00,00,80,00,00,
0,00000380,false,Rx,0,8,B0,80,00,76,20,00,00,FE,
0,00000380,false,Rx,0,8,B0,80,00,76,20,00,00,FE,
0,00000588,false,Rx,0,8,0B,00,72,00,00,80,00,00,
0,00000380,false,Rx,0,8,B0,80,00,76,20,00,00,FE,
0,00000380,false,Rx,0,8,B0,80,00,76,20,00,00,FE,
0,00000588,false,Rx,0,8,0B,00,72,00,00,80,00,00,
0,00000380,false,Rx,0,8,B0,80,00,76,20,00,00,FE,
0,00000380,false,Rx,0,8,B0,80,00,76,20,00,00,FE,
0,00000588,false,Rx,0,8,0B,00,72,00,00,80,00,00,
0,00000380,false,Rx,0,8,B0,80,00,76,20,00,00,FE,
0,00000380,false,Rx,0,8,B0,80,00,76,20,00,00,FE,
570000,00000588,false,Rx,0,8,0B,00,72,00,00,80,00,00,
0,00000380,false,Rx,0,8,B0,80,00,76,20,00,00,FE,
0,00000380,false,Rx,0,8,B0,80,00,76,20,00,00,FE,
0,00000588,false,Rx,0,8,0B,00,72,00,00,80,00,00,
0,00000380,false,Rx,0,8,B0,80,00,76,20,00,00,FE,
0,00000380,false,Rx,0,8,B0,80,00,76,20,00,00,FE,
607000,00000588,false,Rx,0,8,0B,00,72,00,00,80,00,00,
0,00000380,false,Rx,0,8,B0,80,00,76,20,00,00,FE,
0,00000380,false,Rx,0,8,B0,80,00,76,20,00,00,FE,
627000,00000588,false,Rx,0,8,0B,00,72,00,00,80,00,00,
0,00000380,false,Rx,0,8,B0,80,00,76,20,00,00,FE,
0,00000380,false,Rx,0,8,B0,80,00,76,20,00,00,FE,
0,00000588,false,Rx,0,8,0B,00,72,00,00,80,00,00,
0,00000380,false,Rx,0,8,B0,80,00,76,20,00,00,FE,
0,00000380,false,Rx,0,8,B0,80,00,76,20,00,00,FE,
0,00000588,false,Rx,0,8,0B,00,72,00,00,80,00,00,
0,00000380,false,Rx,0,8,B0,80,00,76,20,00,00,FE,
0,00000380,false,Rx,0,8,B0,80,00,76,20,00,00,FE,
0,00000588,false,Rx,0,8,0B,00,72,00,00,80,00,00,
0,00000380,false,Rx,0,8,B0,80,00,76,20,00,00,FE,
0,00000380,false,Rx,0,8,B0,80,00,76,20,00,00,FE,
0,00000284,false,Rx,0,6,0F,0F,00,00,00,00,00,00,
0,00000380,false,Rx,0,8,B0,80,00,76,20,00,00,FE,
0,00000380,false,Rx,0,8,B0,80,00,76,20,00,00,FE,
0,00000588,false,Rx,0,8,0B,00,72,00,00,80,00,00,
0,00000380,false,Rx,0,8,B0,80,00,76,20,00,00,FE,
0,00000380,false,Rx,0,8,B0,80,00,76,20,00,00,FE,
0,00000588,false,Rx,0,8,0B,00,72,00,00,80,00,00,
0,00000380,false,Rx,0,8,B0,80,00,76,20,00,00,FE,
0,00000380,false,Rx,0,8,B0,80,00,76,20,00,00,FE,
771000,00000588,false,Rx,0,8,0B,00,72,00,00,80,00,00,
0,00000380,false,Rx,0,8,B0,80,00,76,20,00,00,FE,
0,00000380,false,Rx,0,8,B0,80,00,76,20,00,00,FE,
0,00000588,false,Rx,0,8,0B,00,72,00,00,80,00,00,
0,00000380,false,Rx,0,8,B0,80,00,76,20,00,00,FE,
0,00000380,false,Rx,0,8,B0,80,00,76,20,00,00,FE,
808000,00000588,false,Rx,0,8,0B,00,72,00,00,80,00,00,
0,00000380,false,Rx,0,8,B0,80,00,76,20,00,00,FE,
0,00000380,false,Rx,0,8,B0,80,00,76,20,00,00,FE,
0,00000588,false,Rx,0,8,0B,00,72,00,00,80,00,00,
0,00000380,false,Rx,0,8,B0,80,00,76,20,00,00,FE,
0,00000380,false,Rx,0,8,B0,80,00,76,20,00,00,FE,
0,00000284,false,Rx,0,6,06,06,00,00,00,00,00,00,
0,00000380,false,Rx,0,8,B0,80,00,76,20,00,00,FE,
0,00000380,false,Rx,0,8,B0,80,00,76,20,00,00,FE,
0,00000588,false,Rx,0,8,0B,00,72,00,00,80,00,00,
0,00000380,false,Rx,0,8,B0,80,00,76,20,00,00,FE,
0,00000380,false,Rx,0,8,B0,80,00,76,20,00,00,FE,
0,00000588,false,Rx,0,8,0B,00,72,00,00,80,00,00,
0,00000380,false,Rx,0,8,B0,80,00,76,20,00,00,FE,
0,00000380,false,Rx,0,8,B0,80,00,76,20,00,00,FE,
0,00000588,false,Rx,0,8,0B,00,72,00,00,80,00,00,
0,00000380,false,Rx,0,8,B0,80,00,76,20,00,00,FE,
0,00000380,false,Rx,0,8,B0,80,00,76,20,00,00,FE,
0,00000588,false,Rx,0,8,0B,00,72,00,00,80,00,00,
0,00000380,false,Rx,0,8,B0,80,00,76,20,00,00,FE,
0,00000380,false,Rx,0,8,B0,80,00,76,20,00,00,FE,
0,00000284,false,Rx,0,6,0B,0B,00,00,00,00,00,00,
0,00000380,false,Rx,0,8,B0,80,00,76,20,00,00,FE,
0,00000380,false,Rx,0,8,B0,80,00,76,20,00,00,FE,
0,00000588,false,Rx,0,8,0B,00,72,00,00,80,00,00,
0,00000380,false,Rx,0,8,B0,80,00,76,20,00,00,FE,
0,00000380,false,Rx,0,8,B0,80,00,76,20,00,00,FE,
0,00000284,false,Rx,0,6,0D,0D,00,00,00,00,00,00,
0,00000380,false,Rx,0,8,B0,80,00,76,20,00,00,FE,
0,00000380,false,Rx,0,8,B0,80,00,76,20,00,00,FE,
0,00000588,false,Rx,0,8,0B,00,72,00,00,80,00,00,
0,00000380,false,Rx,0,8,B0,80,00,76,20,00,00,FE,
0,00000380,false,Rx,0,8,B0,80,00,76,20,00,00,FE,
0,00000284,false,Rx,0,6,0F,0F,00,00,00,00,00,00,
0,00000380,false,Rx,0,8,B0,80,00,76,20,00,00,FE,
0,00000380,false,Rx,0,8,B0,80,00,76,20,00,00,FE,
0,00000588,false,Rx,0,8,0B,00,72,00,00,80,00,00,
0,00000380,false,Rx,0,8,B0,80,00,76,20,00,00,FE,
0,00000380,false,Rx,0,8,B0,80,00,76,20,00,00,FE,
0,00000284,false,Rx,0,6,01,01,00,00,00,00,00,00,
0,00000380,false,Rx,0,8,B0,80,00,76,20,00,00,FE,
0,00000380,false,Rx,0,8,B0,80,00,76,20,00,00,FE,
0,00000284,false,Rx,0,6,02,02,00,00,00,00,00,00,
0,00000380,false,Rx,0,8,B0,80,00,76,20,00,00,FE,
0,00000380,false,Rx,0,8,B0,80,00,76,20,00,00,FE,
0,00000284,false,Rx,0,6,03,03,00,00,00,00,00,00,
0,00000380,false,Rx,0,8,B0,80,00,76,20,00,00,FE,
0,00000380,false,Rx,0,8,B0,80,00,76,20,00,00,FE,
0,00000284,false,Rx,0,6,04,04,00,00,00,00,00,00,
0,00000380,false,Rx,0,8,B0,80,00,76,20,00,00,FE,
0,00000380,false,Rx,0,8,B0,80,00,76,20,00,00,FE,
0,00000284,false,Rx,0,6,05,05,00,00,00,00,00,00,
0,00000380,false,Rx,0,8,B0,80,00,76,20,00,00,FE,
0,00000380,false,Rx,0,8,B0,80,00,76,20,00,00,FE,
0,00000284,false,Rx,0,6,06,06,00,00,00,00,00,00,
0,00000380,false,Rx,0,8,B0,80,00,76,20,00,00,FE,
0,00000380,false,Rx,0,8,B0,80,00,76,20,00,00,FE,
0,00000284,false,Rx,0,6,07,07,00,00,00,00,00,00,
0,00000380,false,Rx,0,8,B0,80,00,76,20,00,00,FE,
0,00000380,false,Rx,0,8,B0,80,00,76,20,00,00,FE,
0,00000284,false,Rx,0,6,08,08,00,00,00,00,00,00,
0,00000380,false,Rx,0,8,B0,80,00,76,20,00,00,FE,
0,00000380,false,Rx,0,8,B0,80,00,76,20,00,00,FE,
0,00000284,false,Rx,0,6,09,09,00,00,00,00,00,00,
0,00000380,false,Rx,0,8,B0,80,00,76,20,00,00,FE,
0,00000380,false,Rx,0,8,B0,80,00,76,20,00,00,FE,
0,00000284,false,Rx,0,6,0A,0A,00,00,00,00,00,00,
0,00000380,false,Rx,0,8,B0,80,00,76,20,00,00,FE,
0,00000380,false,Rx,0,8,B0,80,00,76,20,00,00,FE,
0,00000284,false,Rx,0,6,0B,0B,00,00,00,00,00,00,
0,00000380,false,Rx,0,8,B0,80,00,76,20,00,00,FE,
0,00000380,false,Rx,0,8,B0,80,00,76,20,00,00,FE,
0,00000284,false,Rx,0,6,0C,0C,00,00,00,00,00,00,
0,00000380,false,Rx,0,8,B0,80,00,76,20,00,00,FE,
0,00000380,false,Rx,0,8,B0,80,00,76,20,00,00,FE,
0,00000284,false,Rx,0,6,0D,0D,00,00,00,00,00,00,
0,00000380,false,Rx,0,8,B0,80,00,76,20,00,00,FE,
0,00000380,false,Rx,0,8,B0,80,00,76,20,00,00,FE,
0,00000284,false,Rx,0,6,0E,0E,00,00,00,00,00,00,
0,00000380,false,Rx,0,8,B0,80,00,76,20,00,00,FE,
0,00000380,false,Rx,0,8,B0,80,00,76,20,00,00,FE,
0,00000284,false,Rx,0,6,0F,0F,00,00,00,00,00,00,
0,00000380,false,Rx,0,8,B0,80,00,76,20,00,00,FE,
0,00000380,false,Rx,0,8,B0,80,00,76,20,00,00,FE,
0,00000284,false,Rx,0,6,00,00,00,00,00,00,00,00,
0,00000380,false,Rx,0,8,B0,80,00,76,20,00,00,FE,
0,00000380,false,Rx,0,8,B0,80,00,76,20,00,00,FE,
0,00000284,false,Rx,0,6,01,01,00,00,00,00,00,00,
0,00000380,false,Rx,0,8,B0,80,00,76,20,00,00,FE,
0,00000380,false,Rx,0,8,B0,80,00,76,20,00,00,FE,
0,00000284,false,Rx,0,6,02,02,00,00,00,00,00,00,
0,00000380,false,Rx,0,8,B0,80,00,76,20,00,00,FE,
0,00000380,false,Rx,0,8,B0,80,00,76,20,00,00,FE,
0,00000284,false,Rx,0,6,03,03,00,00,00,00,00,00,
0,00000380,false,Rx,0,8,B0,80,00,76,20,00,00,FE,
0,00000380,false,Rx,0,8,B0,80,00,76,20,00,00,FE,
0,00000284,false,Rx,0,6,04,04,00,00,00,00,00,00,
0,00000380,false,Rx,0,8,B0,80,00,76,20,00,00,FE,
0,00000380,false,Rx,0,8,B0,80,00,76,20,00,00,FE,
0,00000284,false,Rx,0,6,05,05,00,00,00,00,00,00,
0,00000380,false,Rx,0,8,B0,80,00,76,20,00,00,FE,
0,00000380,false,Rx,0,8,B0,80,00,76,20,00,00,FE,
0,00000284,false,Rx,0,6,06,06,00,00,00,00,00,00,
0,00000300,false,Rx,0,6,A1,0F,8A,FF,4A,FF,00,00,
0,00000380,false,Rx,0,8,B0,80,00,76,20,00,00,FE,
0,00000284,false,Rx,0,6,07,07,00,00,00,00,00,00,
0,00000380,false,Rx,0,8,B0,80,00,76,20,00,00,FE,
0,00000380,false,Rx,0,8,B0,80,00,76,20,00,00,FE,
0,00000284,false,Rx,0,6,08,08,00,00,00,00,00,00,
0,00000380,false,Rx,0,8,B0,80,00,76,20,00,00,FE,
0,00000380,false,Rx,0,8,B0,80,00,76,20,00,00,FE,
0,00000284,false,Rx,0,6,09,09,00,00,00,00,00,00,
0,00000380,false,Rx,0,8,B0,80,00,76,20,00,00,FE,
0,00000380,false,Rx,0,8,B0,80,00,76,20,00,00,FE,
0,00000284,false,Rx,0,6,0A,0A,00,00,00,00,00,00,
0,00000380,false,Rx,0,8,B0,80,00,76,20,00,00,FE,
0,00000380,false,Rx,0,8,B0,80,00,76,20,00,00,FE,
0,00000588,false,Rx,0,8,0B,00,72,00,00,80,00,00,
0,00000380,false,Rx,0,8,B0,80,00,76,20,00,00,FE,
0,00000380,false,Rx,0,8,B0,80,00,76,20,00,00,FE,
0,00000284,false,Rx,0,6,0C,0C,00,00,00,00,00,00,
0,00000380,false,Rx,0,8,B0,80,00,76,20,00,00,FE,
0,00000380,false,Rx,0,8,B0,80,00,76,20,00,00,FE,
0,00000284,false,Rx,0,6,0D,0D,00,00,00,00,00,00,
0,00000380,false,Rx,0,8,B0,80,00,76,20,00,00,FE,
0,00000380,false,Rx,0,8,B0,80,00,76,20,00,00,FE,
0,00000284,false,Rx,0,6,0E,0E,00,00,00,00,00,00,
0,00000380,false,Rx,0,8,B0,80,00,76,20,00,00,FE,
0,00000380,false,Rx,0,8,B0,80,00,76,20,00,00,FE,
0,00000588,false,Rx,0,8,0B,00,72,00,00,80,00,00,
0,00000380,false,Rx,0,8,B0,80,00,76,20,00,00,FE,
0,00000380,false,Rx,0,8,B0,80,00,76,20,00,00,FE,
0,00000284,false,Rx,0,6,00,00,00,00,00,00,00,00,
0,00000380,false,Rx,0,8,B0,80,00,76,20,00,00,FE,
0,00000380,false,Rx,0,8,B0,80,00,76,20,00,00,FE,
0,00000284,false,Rx,0,6,01,01,00,00,00,00,00,00,
0,00000380,false,Rx,0,8,B0,80,00,76,20,00,00,FE,
0,00000380,false,Rx,0,8,B0,80,00,76,20,00,00,FE,
0,00000284,false,Rx,0,6,02,02,00,00,00,00,00,00,
0,00000380,false,Rx,0,8,B0,80,00,76,20,00,00,FE,
0,00000380,false,Rx,0,8,B0,80,00,76,20,00,00,FE,
754000,00000588,false,Rx,0,8,0B,00,72,00,00,80,00,00,
0,00000380,false,Rx,0,8,B0,80,00,76,20,00,00,FE,
0,00000380,false,Rx,0,8,B0,80,00,76,20,00,00,FE,
0,00000284,false,Rx,0,6,04,04,00,00,00,00,00,00,
0,00000380,false,Rx,0,8,B0,80,00,76,20,00,00,FE,
0,00000380,false,Rx,0,8,B0,80,00,76,20,00,00,FE,
0,00000284,false,Rx,0,6,05,05,00,00,00,00,00,00,
0,00000380,false,Rx,0,8,B0,80,00,76,20,00,00,FE,
0,00000380,false,Rx,0,8,B0,80,00,76,20,00,00,FE,
0,00000284,false,Rx,0,6,06,06,00,00,00,00,00,00,
0,00000380,false,Rx,0,8,B0,80,00,76,20,00,00,FE,
0,00000380,false,Rx,0,8,B0,80,00,76,20,00,00,FE,
0,00000588,false,Rx,0,8,0B,00,72,00,00,80,00,00,
0,00000380,false,Rx,0,8,B0,80,00,76,20,00,00,FE,
0,00000380,false,Rx,0,8,B0,80,00,76,20,00,00,FE,
0,00000284,false,Rx,0,6,08,08,00,00,00,00,00,00,
0,00000380,false,Rx,0,8,B0,80,00,76,20,00,00,FE,
0,00000380,false,Rx,0,8,B0,80,00,76,20,00,00,FE,
0,00000588,false,Rx,0,8,0B,00,72,00,00,80,00,00,
0,00000380,false,Rx,0,8,B0,80,00,76,20,00,00,FE,
0,00000380,false,Rx,0,8,B0,80,00,76,20,00,00,FE,
0,00000284,false,Rx,0,6,0A,0A,00,00,00,00,00,00,
0,00000380,false,Rx,0,8,B0,80,00,76,20,00,00,FE,
0,00000380,false,Rx,0,8,B0,80,00,76,20,00,00,FE,
0,00000588,false,Rx,0,8,0B,00,72,00,00,80,00,00,
0,00000380,false,Rx,0,8,B0,80,00,76,20,00,00,FE,
0,00000380,false,Rx,0,8,B0,80,00,76,20,00,00,FE,
0,00000284,false,Rx,0,6,0C,0C,00,00,00,00,00,00,
0,00000380,false,Rx,0,8,B0,80,00,76,20,00,00,FE,
0,00000380,false,Rx,0,8,B0,80,00,76,20,00,00,FE,
0,00000588,false,Rx,0,8,0B,00,72,00,00,80,00,00,
0,00000380,false,Rx,0,8,B0,80,00,76,20,00,00,FE,
0,00000380,false,Rx,0,8,B0,80,00,76,20,00,00,FE,
0,00000284,false,Rx,0,6,0E,0E,00,00,00,00,00,00,
0,00000380,false,Rx,0,8,B0,80,00,76,20,00,00,FE,
0,00000380,false,Rx,0,8,B0,80,00,76,20,00,00,FE,
992000,00000588,false,Rx,0,8,0B,00,72,00,00,80,00,00,
0,00000380,false,Rx,0,8,B0,80,00,76,20,00,00,FE,
0,00000380,false,Rx,0,8,B0,80,00,76,20,00,00,FE,
0,00000284,false,Rx,0,6,00,00,00,00,00,00,00,00,
0,00000380,false,Rx,0,8,B0,80,00,76,20,00,00,FE,
0,00000380,false,Rx,0,8,B0,80,00,76,20,00,00,FE,
0,00000588,false,Rx,0,8,0B,00,72,00,00,80,00,00,
0,00000380,false,Rx,0,8,B0,80,00,76,20,00,00,FE,
0,00000380,false,Rx,0,8,B0,80,00,76,20,00,00,FE,
0,00000588,false,Rx,0,8,0B,00,72,00,00,80,00,00,
0,00000380,false,Rx,0,8,B0,80,00,76,20,00,00,FE,
0,00000300,false,Rx,0,6,A1,0F,8A,FF,4A,FF,00,00,
0,00000488,false,Rx,0,8,10,23,00,72,FE,FF,00,40,
0,00000588,false,Rx,0,8,0B,00,72,00,00,80,00,00,
0,00000380,false,Rx,0,8,B0,80,00,76,20,00,00,FE,
0,00000380,false,Rx,0,8,B0,80,00,76,20,00,00,FE,
0,00000588,false,Rx,0,8,0B,00,72,00,00,80,00,00,
0,00000380,false,Rx,0,8,B0,80,00,76,20,00,00,FE,
0,00000380,false,Rx,0,8,B0,80,00,76,20,00,00,FE,
0,00000588,false,Rx,0,8,0B,00,72,00,00,80,00,00,
0,00000380,false,Rx,0,8,B0,80,00,76,20,00,00,FE,
0,00000380,false,Rx,0,8,B0,80,00,76,20,00,00,FE,
135000,00000588,false,Rx,0,8,0B,00,72,00,00,80,00,00,
0,00000380,false,Rx,0,8,B0,80,00,76,20,00,00,FE,
0,00000380,false,Rx,0,8,B0,80,00,76,20,00,00,FE,
0,00000588,false,Rx,0,8,0B,00,72,00,00,80,00,00,
0,00000380,false,Rx,0,8,B0,80,00,76,20,00,00,FE,
0,00000380,false,Rx,0,8,B0,80,00,76,20,00,00,FE,
172000,00000588,false,Rx,0,8,0B,00,72,00,00,80,00,00,
0,00000380,false,Rx,0,8,B0,80,00,76,20,00,00,FE,
0,00000380,false,Rx,0,8,B0,80,00,76,20,00,00,FE,
0,00000588,false,Rx,0,8,0B,00,72,00,00,80,00,00,
0,00000380,false,Rx,0,8,B0,80,00,76,20,00,00,FE,
0,00000380,false,Rx,0,8,B0,80,00,76,20,00,00,FE,
0,00000588,false,Rx,0,8,0B,00,72,00,00,80,00,00,
0,00000380,false,Rx,0,8,B0,80,00,76,20,00,00,FE,
0,00000380,false,Rx,0,8,B0,80,00,76,20,00,00,FE,
0,00000588,false,Rx,0,8,0B,00,72,00,00,80,00,00,
0,00000380,false,Rx,0,8,B0,80,00,76,20,00,00,FE,
0,00000380,false,Rx,0,8,B0,80,00,76,20,00,00,FE,
0,00000588,false,Rx,0,8,0B,00,72,00,00,80,00,00,
0,00000380,false,Rx,0,8,B0,80,00,76,20,00,00,FE,
0,00000380,false,Rx,0,8,B0,80,00,76,20,00,00,FE,
0,00000588,false,Rx,0,8,0B,00,72,00,00,80,00,00,
0,00000380,false,Rx,0,8,B0,80,00,76,20,00,00,FE,
0,00000380,false,Rx,0,8,B0,80,00,76,20,00,00,FE,
0,00000588,false,Rx,0,8,0B,00,72,00,00,80,00,00,
0,00000380,false,Rx,0,8,B0,80,00,76,20,00,00,FE,
0,00000380,false,Rx,0,8,B0,80,00,76,20,00,00,FE,
315000,00000588,false,Rx,0,8,0B,00,72,00,00,80,00,00,
0,00000380,false,Rx,0,8,B0,80,00,76,20,00,00,FE,
0,00000380,false,Rx,0,8,B0,80,00,76,20,00,00,FE,
0,00000588,false,Rx,0,8,0B,00,72,00,00,80,00,00,
0,00000380,false,Rx,0,8,B0,80,00,76,20,00,00,FE,
0,00000380,false,Rx,0,8,B0,80,00,76,20,00,00,FE,
0,00000588,false,Rx,0,8,0B,00,72,00,00,80,00,00,
0,00000380,false,Rx,0,8,B0,80,00,76,20,00,00,FE,
0,00000380,false,Rx,0,8,B0,80,00,76,20,00,00,FE,
372000,00000588,false,Rx,0,8,0B,00,72,00,00,80,00,00,
0,00000380,false,Rx,0,8,B0,80,00,76,20,00,00,FE,
0,00000380,false,Rx,0,8,B0,80,00,76,20,00,00,FE,
0,00000588,false,Rx,0,8,0B,00,72,00,00,80,00,00,
0,00000380,false,Rx,0,8,B0,80,00,76,20,00,00,FE,
0,00000380,false,Rx,0,8,B0,80,00,76,20,00,00,FE,
0,00000588,false,Rx,0,8,0B,00,72,00,00,80,00,00,
0,00000380,false,Rx,0,8,B0,80,00,76,20,00,00,FE,
0,00000380,false,Rx,0,8,B0,80,00,76,20,00,00,FE,
0,00000588,false,Rx,0,8,0B,00,72,00,00,80,00,00,
0,00000380,false,Rx,0,8,B0,80,00,76,20,00,00,FE,
0,00000380,false,Rx,0,8,B0,80,00,76,20,00,00,FE,
0,00000588,false,Rx,0,8,0B,00,72,00,00,80,00,00,
0,00000380,false,Rx,0,8,B0,80,00,76,20,00,00,FE,
0,00000380,false,Rx,0,8,B0,80,00,76,20,00,00,FE,
0,00000588,false,Rx,0,8,0B,00,72,00,00,80,00,00,
0,00000380,false,Rx,0,8,B0,80,00,76,20,00,00,FE,
0,00000380,false,Rx,0,8,B0,80,00,76,20,00,00,FE,
0,00000588,false,Rx,0,8,0B,00,72,00,00,80,00,00,
0,00000380,false,Rx,0,8,B0,80,00,76,20,00,00,FE,
0,00000380,false,Rx,0,8,B0,80,00,76,20,00,00,FE,
516000,00000588,false,Rx,0,8,0B,00,72,00,00,80,00,00,
0,00000380,false,Rx,0,8,B0,80,00,76,20,00,00,FE,
0,00000380,false,Rx,0,8,B0,80,00,76,20,00,00,FE,
0,00000588,false,Rx,0,8,0B,00,72,00,00,80,00,00,
0,00000380,false,Rx,0,8,B0,80,00,76,20,00,00,FE,
0,00000380,false,Rx,0,8,B0,80,00,76,20,00,00,FE,
553000,00000588,false,Rx,0,8,0B,00,72,00,00,80,00,00,
0,00000380,false,Rx,0,8,B0,80,00,76,20,00,00,FE,
0,00000380,false,Rx,0,8,B0,80,00,76,20,00,00,FE,
0,00000588,false,Rx,0,8,0B,00,72,00,00,80,00,00,
0,00000380,false,Rx,0,8,B0,80,00,76,20,00,00,FE,
0,00000380,false,Rx,0,8,B0,80,00,76,20,00,00,FE,
0,00000588,false,Rx,0,8,0B,00,72,00,00,80,00,00,
0,00000380,false,Rx,0,8,B0,80,00,76,20,00,00,FE,
0,00000380,false,Rx,0,8,B0,80,00,76,20,00,00,FE,
0,00000588,false,Rx,0,8,0B,00,72,00,00,80,00,00,
0,00000380,false,Rx,0,8,B0,80,00,76,20,00,00,FE,
0,00000380,false,Rx,0,8,B0,80,00,76,20,00,00,FE,
0,00000588,false,Rx,0,8,0B,00,72,00,00,80,00,00,
0,00000380,false,Rx,0,8,B0,80,00,76,20,00,00,FE,
0,00000380,false,Rx,0,8,B0,80,00,76,20,00,00,FE,
0,00000588,false,Rx,0,8,0B,00,72,00,00,80,00,00,
0,00000380,false,Rx,0,8,B0,80,00,76,20,00,00,FE,
0,00000380,false,Rx,0,8,B0,80,00,76,20,00,00,FE,
0,00000588,false,Rx,0,8,0B,00,72,00,00,80,00,00,
0,00000380,false,Rx,0,8,B0,80,00,76,20,00,00,FE,
0,00000380,false,Rx,0,8,B0,80,00,76,20,00,00,FE,
696000,00000588,false,Rx,0,8,0B,00,72,00,00,80,00,00,
0,00000380,false,Rx,0,8,B0,80,00,76,20,00,00,FE,
0,00000380,false,Rx,0,8,B0,80,00,76,20,00,00,FE,
0,00000588,false,Rx,0,8,0B,00,72,00,00,80,00,00,
0,00000380,false,Rx,0,8,B0,80,00,76,20,00,00,FE,
0,00000380,false,Rx,0,8,B0,80,00,76,20,00,00,FE,
733000,00000588,false,Rx,0,8,0B,00,72,00,00,80,00,00,
0,00000380,false,Rx,0,8,B0,80,00,76,20,00,00,FE,
0,00000380,false,Rx,0,8,B0,80,00,76,20,00,00,FE,
0,00000588,false,Rx,0,8,0B,00,72,00,00,80,00,00,
0,00000380,false,Rx,0,8,B0,80,00,76,20,00,00,FE,
0,00000380,false,Rx,0,8,B0,80,00,76,20,00,00,FE,
0,00000588,false,Rx,0,8,0B,00,72,00,00,80,00,00,
0,00000380,false,Rx,0,8,B0,80,00,76,20,00,00,FE,
0,00000380,false,Rx,0,8,B0,80,00,76,20,00,00,FE,
0,00000588,false,Rx,0,8,0B,00,72,00,00,80,00,00,
0,00000380,false,Rx,0,8,B0,80,00,76,20,00,00,FE,
0,00000380,false,Rx,0,8,B0,80,00,76,20,00,00,FE,
0,00000588,false,Rx,0,8,0B,00,72,00,00,80,00,00,
0,00000380,false,Rx,0,8,B0,80,00,76,20,00,00,FE,
0,00000380,false,Rx,0,8,B0,80,00,76,20,00,00,FE,
0,00000588,false,Rx,0,8,0B,00,72,00,00,80,00,00,
0,00000380,false,Rx,0,8,B0,80,00,76,20,00,00,FE,
0,00000380,false,Rx,0,8,B0,80,00,76,20,00,00,FE,
0,00000588,false,Rx,0,8,0B,00,72,00,00,80,00,00,
0,00000380,false,Rx,0,8,B0,80,00,76,20,00,00,FE,
0,00000380,false,Rx,0,8,B0,80,00,76,20,00,00,FE,
0,00000588,false,Rx,0,8,0B,00,72,00,00,80,00,00,
0,00000380,false,Rx,0,8,B0,80,00,76,20,00,00,FE,
0,00000380,false,Rx,0,8,B0,80,00,76,20,00,00,FE,
0,00000588,false,Rx,0,8,0B,00,72,00,00,80,00,00,
0,00000380,false,Rx,0,8,B0,80,00,76,20,00,00,FE,
0,00000380,false,Rx,0,8,B0,80,00,76,20,00,00,FE,
0,00000588,false,Rx,0,8,0B,00,72,00,00,80,00,00,
0,00000380,false,Rx,0,8,B0,80,00,76,20,00,00,FE,
0,00000380,false,Rx,0,8,B0,80,00,76,20,00,00,FE,
934000,00000588,false,Rx,0,8,0B,00,72,00,00,80,00,00,
0,00000380,false,Rx,0,8,B0,80,00,76,20,00,00,FE,
0,00000380,false,Rx,0,8,B0,80,00,76,20,00,00,FE,
0,00000588,false,Rx,0,8,0B,00,72,00,00,80,00,00,
0,00000380,false,Rx,0,8,B0,80,00,76,20,00,00,FE,
0,00000380,false,Rx,0,8,B0,80,00,76,20,00,00,FE,
0,00000588,false,Rx,0,8,0B,00,72,00,00,80,00,00,
0,00000380,false,Rx,0,8,B0,80,00,76,20,00,00,FE,
0,00000380,false,Rx,0,8,B0,80,00,76,20,00,00,FE,
0,00000588,false,Rx,0,8,0B,00,72,00,00,80,00,00,
0,00000380,false,Rx,0,8,B0,80,00,76,20,00,00,FE,
0,00000380,false,Rx,0,8,B0,80,00,76,20,00,00,FE,
0,00000588,false,Rx,0,8,0B,00,72,00,00,80,00,00,
0,00000380,false,Rx,0,8,B0,80,00,76,20,00,00,FE,
0,00000380,false,Rx,0,8,B0,80,00,76,20,00,00,FE,
0,00000588,false,Rx,0,8,0B,00,72,00,00,80,00,00,
0,00000380,false,Rx,0,8,B0,80,00,76,20,00,00,FE,
0,00000380,false,Rx,0,8,B0,80,00,76,20,00,00,FE,
0,00000588,false,Rx,0,8,0B,00,72,00,00,80,00,00,
0,00000380,false,Rx,0,8,B0,80,00,76,20,00,00,FE,
0,00000380,false,Rx,0,8,B0,80,00,76,20,00,00,FE,
0,00000588,false,Rx,0,8,0B,00,72,00,00,80,00,00,
0,00000380,false,Rx,0,8,B0,80,00,76,20,00,00,FE,
0,00000380,false,Rx,0,8,B0,80,00,76,20,00,00,FE,
0,00000588,false,Rx,0,8,0B,00,72,00,00,80,00,00,
0,00000380,false,Rx,0,8,B0,80,00,76,20,00,00,FE,
0,00000380,false,Rx,0,8,B0,80,00,76,20,00,00,FE,
114000,00000588,false,Rx,0,8,0B,00,72,00,00,80,00,00,
0,00000380,false,Rx,0,8,B0,80,00,76,20,00,00,FE,
0,00000380,false,Rx,0,8,B0,80,00,76,20,00,00,FE,
0,00000588,false,Rx,0,8,0B,00,72,00,00,80,00,00,
0,00000380,false,Rx,0,8,B0,80,00,76,20,00,00,FE,
0,00000380,false,Rx,0,8,B0,80,00,76,20,00,00,FE,
0,00000588,false,Rx,0,8,0B,00,72,00,00,80,00,00,
0,00000380,false,Rx,0,8,B0,80,00,76,20,00,00,FE,
0,00000380,false,Rx,0,8,B0,80,00,76,20,00,00,FE,
0,00000588,false,Rx,0,8,0B,00,72,00,00,80,00,00,
0,00000380,false,Rx,0,8,B0,80,00,76,20,00,00,FE,
0,00000380,false,Rx,0,8,B0,80,00,76,20,00,00,FE,
0,00000588,false,Rx,0,8,0B,00,72,00,00,80,00,00,
0,00000380,false,Rx,0,8,B0,80,00,76,20,00,00,FE,
0,00000380,false,Rx,0,8,B0,80,00,76,20,00,00,FE,
0,00000588,false,Rx,0,8,0B,00,72,00,00,80,00,00,
0,00000380,false,Rx,0,8,B0,80,00,76,20,00,00,FE,
0,00000380,false,Rx,0,8,B0,80,00,76,20,00,00,FE,
0,00000588,false,Rx,0,8,0B,00,72,00,00,80,00,00,
0,00000380,false,Rx,0,8,B0,80,00,76,20,00,00,FE,
0,00000380,false,Rx,0,8,B0,80,00,76,20,00,00,FE,
257000,00000588,false,Rx,0,8,0B,00,72,00,00,80,00,00,
0,00000380,false,Rx,0,8,B0,80,00,76,20,00,00,FE,
0,00000380,false,Rx,0,8,B0,80,00,76,20,00,00,FE,
0,00000588,false,Rx,0,8,0B,00,72,00,00,80,00,00,
0,00000380,false,Rx,0,8,B0,80,00,76,20,00,00,FE,
0,00000380,false,Rx,0,8,B0,80,00,76,20,00,00,FE,
0,00000588,false,Rx,0,8,0B,00,72,00,00,80,00,00,
0,00000380,false,Rx,0,8,B0,80,00,76,20,00,00,FE,
0,00000380,false,Rx,0,8,B0,80,00,76,20,00,00,FE,
315000,00000588,false,Rx,0,8,0B,00,72,00,00,80,00,00,
0,00000380,false,Rx,0,8,B0,80,00,76,20,00,00,FE,
0,00000380,false,Rx,0,8,B0,80,00,76,20,00,00,FE,
0,00000588,false,Rx,0,8,0B,00,72,00,00,80,00,00,
0,00000380,false,Rx,0,8,B0,80,00,76,20,00,00,FE,
0,00000380,false,Rx,0,8,B0,80,00,76,20,00,00,FE,
0,00000588,false,Rx,0,8,0B,00,72,00,00,80,00,00,
0,00000380,false,Rx,0,8,B0,80,00,76,20,00,00,FE,
0,00000380,false,Rx,0,8,B0,80,00,76,20,00,00,FE,
0,00000588,false,Rx,0,8,0B,00,72,00,00,80,00,00,
0,00000380,false,Rx,0,8,B0,80,00,76,20,00,00,FE,
0,00000380,false,Rx,0,8,B0,80,00,76,20,00,00,FE,
0,00000588,false,Rx,0,8,0B,00,72,00,00,80,00,00,
0,00000380,false,Rx,0,8,B0,80,00,76,20,00,00,FE,
0,00000380,false,Rx,0,8,B0,80,00,76,20,00,00,FE,
0,00000588,false,Rx,0,8,0B,00,72,00,00,80,00,00,
0,00000380,false,Rx,0,8,B0,80,00,76,20,00,00,FE,
0,00000380,false,Rx,0,8,B0,80,00,76,20,00,00,FE,
0,00000588,false,Rx,0,8,0B,00,72,00,00,80,00,00,
0,00000380,false,Rx,0,8,B0,80,00,76,20,00,00,FE,
0,00000380,false,Rx,0,8,B0,80,00,76,20,00,00,FE,
458000,00000588,false,Rx,0,8,0B,00,72,00,00,80,00,00,
0,00000380,false,Rx,0,8,B0,80,00,76,20,00,00,FE,
0,00000380,false,Rx,0,8,B0,80,00,76,20,00,00,FE,
0,00000588,false,Rx,0,8,0B,00,72,00,00,80,00,00,
0,00000380,false,Rx,0,8,B0,80,00,76,20,00,00,FE,
0,00000380,false,Rx,0,8,B0,80,00,76,20,00,00,FE,
495000,00000588,false,Rx,0,8,0B,00,72,00,00,80,00,00,
0,00000380,false,Rx,0,8,B0,80,00,76,20,00,00,FE,
0,00000380,false,Rx,0,8,B0,80,00,76,20,00,00,FE,
0,00000588,false,Rx,0,8,0B,00,72,00,00,80,00,00,
0,00000380,false,Rx,0,8,B0,80,00,76,20,00,00,FE,
0,00000380,false,Rx,0,8,B0,80,00,76,20,00,00,FE,
0,00000588,false,Rx,0,8,0B,00,72,00,00,80,00,00,
0,00000380,false,Rx,0,8,B0,80,00,76,20,00,00,FE,
0,00000380,false,Rx,0,8,B0,80,00,76,20,00,00,FE,
0,00000588,false,Rx,0,8,0B,00,72,00,00,80,00,00,
0,00000380,false,Rx,0,8,B0,80,00,76,20,00,00,FE,
0,00000380,false,Rx,0,8,B0,80,00,76,20,00,00,FE,
0,00000588,false,Rx,0,8,0B,00,72,00,00,80,00,00,
0,00000380,false,Rx,0,8,B0,80,00,76,20,00,00,FE,
0,00000380,false,Rx,0,8,B0,80,00,76,20,00,00,FE,
0,00000588,false,Rx,0,8,0B,00,72,00,00,80,00,00,
0,00000380,false,Rx,0,8,B0,80,00,76,20,00,00,FE,
0,00000380,false,Rx,0,8,B0,80,00,76,20,00,00,FE,
0,00000588,false,Rx,0,8,0B,00,72,00,00,80,00,00,
0,00000380,false,Rx,0,8,B0,80,00,76,20,00,00,FE,
0,00000380,false,Rx,0,8,B0,80,00,76,20,00,00,FE,
638000,00000588,false,Rx,0,8,0B,00,72,00,00,80,00,00,
0,00000380,false,Rx,0,8,B0,80,00,76,20,00,00,FE,
0,00000380,false,Rx,0,8,B0,80,00,76,20,00,00,FE,
0,00000588,false,Rx,0,8,0B,00,72,00,00,80,00,00,
0,00000380,false,Rx,0,8,B0,80,00,76,20,00,00,FE,
0,00000380,false,Rx,0,8,B0,80,00,76,20,00,00,FE,
675000,00000588,false,Rx,0,8,0B,00,72,00,00,80,00,00,
0,00000380,false,Rx,0,8,B0,80,00,76,20,00,00,FE,
0,00000380,false,Rx,0,8,B0,80,00,76,20,00,00,FE,
696000,00000588,false,Rx,0,8,0B,00,72,00,00,80,00,00,
0,00000380,false,Rx,0,8,B0,80,00,76,20,00,00,FE,
0,00000380,false,Rx,0,8,B0,80,00,76,20,00,00,FE,
0,00000588,false,Rx,0,8,0B,00,72,00,00,80,00,00,
0,00000380,false,Rx,0,8,B0,80,00,76,20,00,00,FE,
0,00000380,false,Rx,0,8,B0,80,00,76,20,00,00,FE,
0,00000588,false,Rx,0,8,0B,00,72,00,00,80,00,00,
0,00000380,false,Rx,0,8,B0,80,00,76,20,00,00,FE,
0,00000380,false,Rx,0,8,B0,80,00,76,20,00,00,FE,
0,00000588,false,Rx,0,8,0B,00,72,00,00,80,00,00,
0,00000380,false,Rx,0,8,B0,80,00,76,20,00,00,FE,
0,00000380,false,Rx,0,8,B0,80,00,76,20,00,00,FE,
0,00000588,false,Rx,0,8,0B,00,72,00,00,80,00,00,
0,00000380,false,Rx,0,8,B0,80,00,76,20,00,00,FE,
0,00000380,false,Rx,0,8,B0,80,00,76,20,00,00,FE,
0,00000588,false,Rx,0,8,0B,00,72,00,00,80,00,00,
0,00000380,false,Rx,0,8,B0,80,00,76,20,00,00,FE,
0,00000380,false,Rx,0,8,B0,80,00,76,20,00,00,FE,
0,00000588,false,Rx,0,8,0B,00,72,00,00,80,00,00,
0,00000380,false,Rx,0,8,B0,80,00,76,20,00,00,FE,
0,00000380,false,Rx,0,8,B0,80,00,76,20,00,00,FE,
839000,00000588,false,Rx,0,8,0B,00,72,00,00,80,00,00,
0,00000380,false,Rx,0,8,B0,80,00,76,20,00,00,FE,
0,00000380,false,Rx,0,8,B0,80,00,76,20,00,00,FE,
0,00000588,false,Rx,0,8,0B,00,72,00,00,80,00,00,
0,00000380,false,Rx,0,8,B0,80,00,76,20,00,00,FE,
0,00000380,false,Rx,0,8,B0,80,00,76,20,00,00,FE,
876000,00000588,false,Rx,0,8,0B,00,72,00,00,80,00,00,
0,00000380,false,Rx,0,8,B0,80,00,76,20,00,00,FE,
0,00000380,false,Rx,0,8,B0,80,00,76,20,00,00,FE,
0,00000588,false,Rx,0,8,0B,00,72,00,00,80,00,00,
0,00000380,false,Rx,0,8,B0,80,00,76,20,00,00,FE,
0,00000380,false,Rx,0,8,B0,80,00,76,20,00,00,FE,
0,00000588,false,Rx,0,8,0B,00,72,00,00,80,00,00,
0,00000380,false,Rx,0,8,B0,80,00,76,20,00,00,FE,
0,00000380,false,Rx,0,8,B0,80,00,76,20,00,00,FE,
0,00000588,false,Rx,0,8,0B,00,72,00,00,80,00,00,
0,00000380,false,Rx,0,8,B0,80,00,76,20,00,00,FE,
0,00000380,false,Rx,0,8,B0,80,00,76,20,00,00,FE,
0,00000588,false,Rx,0,8,0B,00,72,00,00,80,00,00,
0,00000380,false,Rx,0,8,B0,80,00,76,20,00,00,FE,
0,00000380,false,Rx,0,8,B0,80,00,76,20,00,00,FE,
0,00000588,false,Rx,0,8,0B,00,72,00,00,80,00,00,
0,00000380,false,Rx,0,8,B0,80,00,76,20,00,00,FE,
0,00000380,false,Rx,0,8,B0,80,00,76,20,00,00,FE,
0,00000588,false,Rx,0,8,0B,00,72,00,00,80,00,00,
0,00000380,false,Rx,0,8,B0,80,00,76,20,00,00,FE,
0,00000380,false,Rx,0,8,B0,80,00,76,20,00,00,FE,
19000,00000588,false,Rx,0,8,0B,00,72,00,00,80,00,00,
0,00000380,false,Rx,0,8,B0,80,00,76,20,00,00,FE,
0,00000380,false,Rx,0,8,B0,80,00,76,20,00,00,FE,
0,00000588,false,Rx,0,8,0B,00,72,00,00,80,00,00,
0,00000380,false,Rx,0,8,B0,80,00,76,20,00,00,FE,
0,00000380,false,Rx,0,8,B0,80,00,76,20,00,00,FE,
56000,00000588,false,Rx,0,8,0B,00,72,00,00,80,00,00,
0,00000380,false,Rx,0,8,B0,80,00,76,20,00,00,FE,
0,00000380,false,Rx,0,8,B0,80,00,76,20,00,00,FE,
0,00000588,false,Rx,0,8,0B,00,72,00,00,80,00,00,
0,00000380,false,Rx,0,8,B0,80,00,76,20,00,00,FE,
0,00000380,false,Rx,0,8,B0,80,00,76,20,00,00,FE,
0,00000588,false,Rx,0,8,0B,00,72,00,00,80,00,00,
0,00000380,false,Rx,0,8,B0,80,00,76,20,00,00,FE,
0,00000380,false,Rx,0,8,B0,80,00,76,20,00,00,FE,
0,00000588,false,Rx,0,8,0B,00,72,00,00,80,00,00,
0,00000380,false,Rx,0,8,B0,80,00,76,20,00,00,FE,
0,00000380,false,Rx,0,8,B0,80,00,76,20,00,00,FE,
0,00000588,false,Rx,0,8,0B,00,72,00,00,80,00,00,
0,00000380,false,Rx,0,8,B0,80,00,76,20,00,00,FE,
0,00000380,false,Rx,0,8,B0,80,00,76,20,00,00,FE,
0,00000588,false,Rx,0,8,0B,00,72,00,00,80,00,00,
0,00000380,false,Rx,0,8,B0,80,00,76,20,00,00,FE,
0,00000380,false,Rx,0,8,B0,80,00,76,20,00,00,FE,
0,00000588,false,Rx,0,8,0B,00,72,00,00,80,00,00,
0,00000380,false,Rx,0,8,B0,80,00,76,20,00,00,FE,
0,00000380,false,Rx,0,8,B0,80,00,76,20,00,00,FE,
200000,00000588,false,Rx,0,8,0B,00,72,00,00,80,00,00,
0,00000380,false,Rx,0,8,B0,80,00,76,20,00,00,FE,
0,00000380,false,Rx,0,8,B0,80,00,76,20,00,00,FE,
0,00000588,false,Rx,0,8,0B,00,72,00,00,80,00,00,
0,00000380,false,Rx,0,8,B0,80,00,76,20,00,00,FE,
0,00000380,false,Rx,0,8,B0,80,00,76,20,00,00,FE,
0,00000588,false,Rx,0,8,0B,00,72,00,00,80,00,00,
0,00000380,false,Rx,0,8,B0,80,00,76,20,00,00,FE,
0,00000380,false,Rx,0,8,B0,80,00,76,20,00,00,FE,
257000,00000588,false,Rx,0,8,0B,00,72,00,00,80,00,00,
0,00000380,false,Rx,0,8,B0,80,00,76,20,00,00,FE,
0,00000380,false,Rx,0,8,B0,80,00,76,20,00,00,FE,
0,00000588,false,Rx,0,8,0B,00,72,00,00,80,00,00,
0,00000380,false,Rx,0,8,B0,80,00,76,20,00,00,FE,
0,00000380,false,Rx,0,8,B0,80,00,76,20,00,00,FE,
0,00000588,false,Rx,0,8,0B,00,72,00,00,80,00,00,
0,00000380,false,Rx,0,8,B0,80,00,76,20,00,00,FE,
0,00000380,false,Rx,0,8,B0,80,00,76,20,00,00,FE,
0,00000588,false,Rx,0,8,0B,00,72,00,00,80,00,00,
0,00000380,false,Rx,0,8,B0,80,00,76,20,00,00,FE,
0,00000380,false,Rx,0,8,B0,80,00,76,20,00,00,FE,
0,00000588,false,Rx,0,8,0B,00,72,00,00,80,00,00,
0,00000380,false,Rx,0,8,B0,80,00,76,20,00,00,FE,
0,00000380,false,Rx,0,8,B0,80,00,76,20,00,00,FE,
0,00000588,false,Rx,0,8,0B,00,72,00,00,80,00,00,
0,00000380,false,Rx,0,8,B0,80,00,76,20,00,00,FE,
0,00000380,false,Rx,0,8,B0,80,00,76,20,00,00,FE,
0,00000588,false,Rx,0,8,0B,00,72,00,00,80,00,00,
0,00000380,false,Rx,0,8,B0,80,00,76,20,00,00,FE,
0,00000380,false,Rx,0,8,B0,80,00,76,20,00,00,FE,
400000,00000588,false,Rx,0,8,0B,00,72,00,00,80,00,00,
0,00000380,false,Rx,0,8,B0,80,00,76,20,00,00,FE,
0,00000380,false,Rx,0,8,B0,80,00,76,20,00,00,FE,
0,00000588,false,Rx,0,8,0B,00,72,00,00,80,00,00,
0,00000380,false,Rx,0,8,B0,80,00,76,20,00,00,FE,
0,00000380,false,Rx,0,8,B0,80,00,76,20,00,00,FE,
437000,00000588,false,Rx,0,8,0B,00,72,00,00,80,00,00,
0,00000380,false,Rx,0,8,B0,80,00,76,20,00,00,FE,
0,00000380,false,Rx,0,8,B0,80,00,76,20,00,00,FE,
0,00000588,false,Rx,0,8,0B,00,72,00,00,80,00,00,
0,00000380,false,Rx,0,8,B0,80,00,76,20,00,00,FE,
0,00000380,false,Rx,0,8,B0,80,00,76,20,00,00,FE,
0,00000588,false,Rx,0,8,0B,00,72,00,00,80,00,00,
0,00000380,false,Rx,0,8,B0,80,00,76,20,00,00,FE,
0,00000380,false,Rx,0,8,B0,80,00,76,20,00,00,FE,
0,00000588,false,Rx,0,8,0B,00,72,00,00,80,00,00,
0,00000380,false,Rx,0,8,B0,80,00,76,20,00,00,FE,
0,00000380,false,Rx,0,8,B0,80,00,76,20,00,00,FE,
0,00000588,false,Rx,0,8,0B,00,72,00,00,80,00,00,
0,00000380,false,Rx,0,8,B0,80,00,76,20,00,00,FE,
0,00000380,false,Rx,0,8,B0,80,00,76,20,00,00,FE,
0,00000588,false,Rx,0,8,0B,00,72,00,00,80,00,00,
0,00000380,false,Rx,0,8,B0,80,00,76,20,00,00,FE,
0,00000380,false,Rx,0,8,B0,80,00,76,20,00,00,FE,
0,00000588,false,Rx,0,8,0B,00,72,00,00,80,00,00,
0,00000380,false,Rx,0,8,B0,80,00,76,20,00,00,FE,
0,00000380,false,Rx,0,8,B0,80,00,76,20,00,00,FE,
580000,00000588,false,Rx,0,8,0B,00,72,00,00,80,00,00,
0,00000380,false,Rx,0,8,B0,80,00,76,20,00,00,FE,
0,00000380,false,Rx,0,8,B0,80,00,76,20,00,00,FE,
0,00000588,false,Rx,0,8,0B,00,72,00,00,80,00,00,
0,00000380,false,Rx,0,8,B0,80,00,76,20,00,00,FE,
0,00000380,false,Rx,0,8,B0,80,00,76,20,00,00,FE,
617000,00000588,false,Rx,0,8,0B,00,72,00,00,80,00,00,
0,00000380,false,Rx,0,8,B0,80,00,76,20,00,00,FE,
0,00000380,false,Rx,0,8,B0,80,00,76,20,00,00,FE,
638000,00000588,false,Rx,0,8,0B,00,72,00,00,80,00,00,
0,00000380,false,Rx,0,8,B0,80,00,76,20,00,00,FE,
0,00000380,false,Rx,0,8,B0,80,00,76,20,00,00,FE,
0,00000588,false,Rx,0,8,0B,00,72,00,00,80,00,00,
0,00000380,false,Rx,0,8,B0,80,00,76,20,00,00,FE,
0,00000380,false,Rx,0,8,B0,80,00,76,20,00,00,FE,
0,00000588,false,Rx,0,8,0B,00,72,00,00,80,00,00,
0,00000380,false,Rx,0,8,B0,80,00,76,20,00,00,FE,
0,00000380,false,Rx,0,8,B0,80,00,76,20,00,00,FE,
0,00000588,false,Rx,0,8,0B,00,72,00,00,80,00,00,
0,00000380,false,Rx,0,8,B0,80,00,76,20,00,00,FE,
0,00000380,false,Rx,0,8,B0,80,00,76,20,00,00,FE,
0,00000588,false,Rx,0,8,0B,00,72,00,00,80,00,00,
0,00000380,false,Rx,0,8,B0,80,00,76,20,00,00,FE,
0,00000380,false,Rx,0,8,B0,80,00,76,20,00,00,FE,
0,00000588,false,Rx,0,8,0B,00,72,00,00,80,00,00,
0,00000380,false,Rx,0,8,B0,80,00,76,20,00,00,FE,
0,00000380,false,Rx,0,8,B0,80,00,76,20,00,00,FE,
0,00000588,false,Rx,0,8,0B,00,72,00,00,80,00,00,
0,00000380,false,Rx,0,8,B0,80,00,76,20,00,00,FE,
0,00000380,false,Rx,0,8,B0,80,00,76,20,00,00,FE,
781000,00000588,false,Rx,0,8,0B,00,72,00,00,80,00,00,
0,00000380,false,Rx,0,8,B0,80,00,76,20,00,00,FE,
0,00000380,false,Rx,0,8,B0,80,00,76,20,00,00,FE,
0,00000588,false,Rx,0,8,0B,00,72,00,00,80,00,00,
0,00000380,false,Rx,0,8,B0,80,00,76,20,00,00,FE,
0,00000380,false,Rx,0,8,B0,80,00,76,20,00,00,FE,
818000,00000588,false,Rx,0,8,0B,00,72,00,00,80,00,00,
0,00000380,false,Rx,0,8,B0,80,00,76,20,00,00,FE,
0,00000380,false,Rx,0,8,B0,80,00,76,20,00,00,FE,
0,00000588,false,Rx,0,8,0B,00,72,00,00,80,00,00,
0,00000380,false,Rx,0,8,B0,80,00,76,20,00,00,FE,
0,00000380,false,Rx,0,8,B0,80,00,76,20,00,00,FE,
0,00000588,false,Rx,0,8,0B,00,72,00,00,80,00,00,
0,00000380,false,Rx,0,8,B0,80,00,76,20,00,00,FE,
0,00000380,false,Rx,0,8,B0,80,00,76,20,00,00,FE,
0,00000588,false,Rx,0,8,0B,00,72,00,00,80,00,00,
0,00000380,false,Rx,0,8,B0,80,00,76,20,00,00,FE,
0,00000380,false,Rx,0,8,B0,80,00,76,20,00,00,FE,
0,00000588,false,Rx,0,8,0B,00,72,00,00,80,00,00,
0,00000380,false,Rx,0,8,B0,80,00,76,20,00,00,FE,
0,00000380,false,Rx,0,8,B0,80,00,76,20,00,00,FE,
0,00000588,false,Rx,0,8,0B,00,72,00,00,80,00,00,
0,00000380,false,Rx,0,8,B0,80,00,76,20,00,00,FE,
0,00000380,false,Rx,0,8,B0,80,00,76,20,00,00,FE,
0,00000588,false,Rx,0,8,0B,00,72,00,00,80,00,00,
0,00000380,false,Rx,0,8,B0,80,00,76,20,00,00,FE,
0,00000380,false,Rx,0,8,B0,80,00,76,20,00,00,FE,
961000,00000588,false,Rx,0,8,0B,00,72,00,00,80,00,00,
0,00000380,false,Rx,0,8,B0,80,00,76,20,00,00,FE,
0,00000380,false,Rx,0,8,B0,80,00,76,20,00,00,FE,
0,00000588,false,Rx,0,8,0B,00,72,00,00,80,00,00,
0,00000380,false,Rx,0,8,B0,80,00,76,20,00,00,FE,
0,00000380,false,Rx,0,8,B0,80,00,76,20,00,00,FE,
998000,00000588,false,Rx,0,8,0B,00,72,00,00,80,00,00,
0,00000380,false,Rx,0,8,B0,80,00,76,20,00,00,FE,
0,00000380,false,Rx,0,8,B0,80,00,76,20,00,00,FE,
0,00000588,false,Rx,0,8,0B,00,72,00,00,80,00,00,
0,00000380,false,Rx,0,8,B0,80,00,76,20,00,00,FE,
0,00000380,false,Rx,0,8,B0,80,00,76,20,00,00,FE,
0,00000588,false,Rx,0,8,0B,00,72,00,00,80,00,00,
0,00000380,false,Rx,0,8,B0,80,00,76,20,00,00,FE,
0,00000380,false,Rx,0,8,B0,80,00,76,20,00,00,FE,
0,00000588,false,Rx,0,8,0B,00,72,00,00,80,00,00,
0,00000380,false,Rx,0,8,B0,80,00,76,20,00,00,FE,
0,00000380,false,Rx,0,8,B0,80,00,76,20,00,00,FE,
0,00000588,false,Rx,0,8,0B,00,72,00,00,80,00,00,
0,00000380,false,Rx,0,8,B0,80,00,76,20,00,00,FE,
0,00000380,false,Rx,0,8,B0,80,00,76,20,00,00,FE,
0,00000588,false,Rx,0,8,0B,00,72,00,00,80,00,00,
0,00000380,false,Rx,0,8,B0,80,00,76,20,00,00,FE,
0,00000380,false,Rx,0,8,B0,80,00,76,20,00,00,FE,
0,00000588,false,Rx,0,8,0B,00,72,00,00,80,00,00,
0,00000380,false,Rx,0,8,B0,80,00,76,20,00,00,FE,
0,00000380,false,Rx,0,8,B0,80,00,76,20,00,00,FE,
0,00000588,false,Rx,0,8,0B,00,72,00,00,80,00,00,
0,00000380,false,Rx,0,8,B0,80,00,76,20,00,00,FE,
0,00000380,false,Rx,0,8,B0,80,00,76,20,00,00,FE,
0,00000588,false,Rx,0,8,0B,00,72,00,00,80,00,00,
0,00000380,false,Rx,0,8,B0,80,00,76,20,00,00,FE,
0,00000380,false,Rx,0,8,B0,80,00,76,20,00,00,FE,
0,00000588,false,Rx,0,8,0B,00,72,00,00,80,00,00,
0,00000380,false,Rx,0,8,B0,80,00,76,20,00,00,FE,
0,00000380,false,Rx,0,8,B0,80,00,76,20,00,00,FE,
199000,00000588,false,Rx,0,8,0B,00,72,00,00,80,00,00,
0,00000380,false,Rx,0,8,B0,80,00,76,20,00,00,FE,
0,00000380,false,Rx,0,8,B0,80,00,76,20,00,00,FE,
0,00000588,false,Rx,0,8,0B,00,72,00,00,80,00,00,
0,00000380,false,Rx,0,8,B0,80,00,76,20,00,00,FE,
0,00000380,false,Rx,0,8,B0,80,00,76,20,00,00,FE,
0,00000588,false,Rx,0,8,0B,00,72,00,00,80,00,00,
0,00000380,false,Rx,0,8,B0,80,00,76,20,00,00,FE,
0,00000380,false,Rx,0,8,B0,80,00,76,20,00,00,FE,
0,00000588,false,Rx,0,8,0B,00,72,00,00,80,00,00,
0,00000380,false,Rx,0,8,B0,80,00,76,20,00,00,FE,
0,00000380,false,Rx,0,8,B0,80,00,76,20,00,00,FE,
0,00000588,false,Rx,0,8,0B,00,72,00,00,80,00,00,
0,00000380,false,Rx,0,8,B0,80,00,76,20,00,00,FE,
0,00000380,false,Rx,0,8,B0,80,00,76,20,00,00,FE,
0,00000588,false,Rx,0,8,0B,00,72,00,00,80,00,00,
0,00000380,false,Rx,0,8,B0,80,00,76,20,00,00,FE,
0,00000380,false,Rx,0,8,B0,80,00,76,20,00,00,FE,
0,00000588,false,Rx,0,8,0B,00,72,00,00,80,00,00,
0,00000380,false,Rx,0,8,B0,80,00,76,20,00,00,FE,
0,00000380,false,Rx,0,8,B0,80,00,76,20,00,00,FE,
342000,00000588,false,Rx,0,8,0B,00,72,00,00,80,00,00,
0,00000380,false,Rx,0,8,B0,80,00,76,20,00,00,FE,
0,00000380,false,Rx,0,8,B0,80,00,76,20,00,00,FE,
0,00000588,false,Rx,0,8,0B,00,72,00,00,80,00,00,
0,00000380,false,Rx,0,8,B0,80,00,76,20,00,00,FE,
0,00000380,false,Rx,0,8,B0,80,00,76,20,00,00,FE,
379000,00000588,false,Rx,0,8,0B,00,72,00,00,80,00,00,
0,00000380,false,Rx,0,8,B0,80,00,76,20,00,00,FE,
0,00000380,false,Rx,0,8,B0,80,00,76,20,00,00,FE,
0,00000588,false,Rx,0,8,0B,00,72,00,00,80,00,00,
0,00000380,false,Rx,0,8,B0,80,00,76,20,00,00,FE,
0,00000380,false,Rx,0,8,B0,80,00,76,20,00,00,FE,
0,00000588,false,Rx,0,8,0B,00,72,00,00,80,00,00,
0,00000380,false,Rx,0,8,B0,80,00,76,20,00,00,FE,
0,00000380,false,Rx,0,8,B0,80,00,76,20,00,00,FE,
0,00000588,false,Rx,0,8,0B,00,72,00,00,80,00,00,
0,00000380,false,Rx,0,8,B0,80,00,76,20,00,00,FE,
0,00000380,false,Rx,0,8,B0,80,00,76,20,00,00,FE,
0,00000588,false,Rx,0,8,0B,00,72,00,00,80,00,00,
0,00000380,false,Rx,0,8,B0,80,00,76,20,00,00,FE,
0,00000380,false,Rx,0,8,B0,80,00,76,20,00,00,FE,
0,00000588,false,Rx,0,8,0B,00,72,00,00,80,00,00,
0,00000380,false,Rx,0,8,B0,80,00,76,20,00,00,FE,
0,00000380,false,Rx,0,8,B0,80,00,76,20,00,00,FE,
0,00000588,false,Rx,0,8,0B,00,72,00,00,80,00,00,
0,00000380,false,Rx,0,8,B0,80,00,76,20,00,00,FE,
0,00000380,false,Rx,0,8,B0,80,00,76,20,00,00,FE,
523000,00000588,false,Rx,0,8,0B,00,72,00,00,80,00,00,
0,00000380,false,Rx,0,8,B0,80,00,76,20,00,00,FE,
0,00000380,false,Rx,0,8,B0,80,00,76,20,00,00,FE,
0,00000588,false,Rx,0,8,0B,00,72,00,00,80,00,00,
0,00000380,false,Rx,0,8,B0,80,00,76,20,00,00,FE,
0,00000380,false,Rx,0,8,B0,80,00,76,20,00,00,FE,
0,00000588,false,Rx,0,8,0B,00,72,00,00,80,00,00,
0,00000380,false,Rx,0,8,B0,80,00,76,20,00,00,FE,
0,00000380,false,Rx,0,8,B0,80,00,76,20,00,00,FE,
580000,00000588,false,Rx,0,8,0B,00,72,00,00,80,00,00,
0,00000380,false,Rx,0,8,B0,80,00,76,20,00,00,FE,
0,00000380,false,Rx,0,8,B0,80,00,76,20,00,00,FE,
0,00000588,false,Rx,0,8,0B,00,72,00,00,80,00,00,
0,00000380,false,Rx,0,8,B0,80,00,76,20,00,00,FE,
0,00000380,false,Rx,0,8,B0,80,00,76,20,00,00,FE,
0,00000588,false,Rx,0,8,0B,00,72,00,00,80,00,00,
0,00000380,false,Rx,0,8,B0,80,00,76,20,00,00,FE,
0,00000380,false,Rx,0,8,B0,80,00,76,20,00,00,FE,
0,00000588,false,Rx,0,8,0B,00,72,00,00,80,00,00,
0,00000380,false,Rx,0,8,B0,80,00,76,20,00,00,FE,
0,00000380,false,Rx,0,8,B0,80,00,76,20,00,00,FE,
0,00000588,false,Rx,0,8,0B,00,72,00,00,80,00,00,
0,00000380,false,Rx,0,8,B0,80,00,76,20,00,00,FE,
0,00000380,false,Rx,0,8,B0,80,00,76,20,00,00,FE,
0,00000588,false,Rx,0,8,0B,00,72,00,00,80,00,00,
0,00000380,false,Rx,0,8,B0,80,00,76,20,00,00,FE,
0,00000380,false,Rx,0,8,B0,80,00,76,20,00,00,FE,
0,00000588,false,Rx,0,8,0B,00,72,00,00,80,00,00,
0,00000380,false,Rx,0,8,B0,80,00,76,20,00,00,FE,
0,00000380,false,Rx,0,8,B0,80,00,76,20,00,00,FE,
723000,00000588,false,Rx,0,8,0B,00,72,00,00,80,00,00,
0,00000380,false,Rx,0,8,B0,80,00,76,20,00,00,FE,
0,00000380,false,Rx,0,8,B0,80,00,76,20,00,00,FE,
0,00000588,false,Rx,0,8,0B,00,72,00,00,80,00,00,
0,00000380,false,Rx,0,8,B0,80,00,76,20,00,00,FE,
0,00000380,false,Rx,0,8,B0,80,00,76,20,00,00,FE,
760000,00000588,false,Rx,0,8,0B,00,72,00,00,80,00,00,
0,00000380,false,Rx,0,8,B0,80,00,76,20,00,00,FE,
0,00000380,false,Rx,0,8,B0,80,00,76,20,00,00,FE,
0,00000588,false,Rx,0,8,0B,00,72,00,00,80,00,00,
0,00000380,false,Rx,0,8,B0,80,00,76,20,00,00,FE,
0,00000380,false,Rx,0,8,B0,80,00,76,20,00,00,FE,
0,00000284,false,Rx,0,6,0D,0D,00,00,00,00,00,00,
0,00000380,false,Rx,0,8,B0,80,00,76,20,00,00,FE,
0,00000380,false,Rx,0,8,B0,80,00,76,20,00,00,FE,
0,00000588,false,Rx,0,8,0B,00,72,00,00,80,00,00,
0,00000380,false,Rx,0,8,B0,80,00,76,20,00,00,FE,
0,00000380,false,Rx,0,8,B0,80,00,76,20,00,00,FE,
0,00000284,false,Rx,0,6,0F,0F,00,00,00,00,00,00,
0,00000380,false,Rx,0,8,B0,80,00,76,20,00,00,FE,
0,00000380,false,Rx,0,8,B0,80,00,76,20,00,00,FE,
0,00000588,false,Rx,0,8,0B,00,72,00,00,80,00,00,
0,00000380,false,Rx,0,8,B0,80,00,76,20,00,00,FE,
0,00000380,false,Rx,0,8,B0,80,00,76,20,00,00,FE,
0,00000588,false,Rx,0,8,0B,00,72,00,00,80,00,00,
0,00000380,false,Rx,0,8,B0,80,00,76,20,00,00,FE,
0,00000380,false,Rx,0,8,B0,80,00,76,20,00,00,FE,
903000,00000588,false,Rx,0,8,0B,00,72,00,00,80,00,00,
0,00000380,false,Rx,0,8,B0,80,00,76,20,00,00,FE,
0,00000380,false,Rx,0,8,B0,80,00,76,20,00,00,FE,
0,00000588,false,Rx,0,8,0B,00,72,00,00,80,00,00,
0,00000380,false,Rx,0,8,B0,80,00,76,20,00,00,FE,
0,00000380,false,Rx,0,8,B0,80,00,76,20,00,00,FE,
940000,00000588,false,Rx,0,8,0B,00,72,00,00,80,00,00,
0,00000380,false,Rx,0,8,B0,80,00,76,20,00,00,FE,
0,00000380,false,Rx,0,8,B0,80,00,76,20,00,00,FE,
0,00000284,false,Rx,0,6,05,05,00,00,00,00,00,00,
0,00000380,false,Rx,0,8,B0,80,00,76,20,00,00,FE,
0,00000380,false,Rx,0,8,B0,80,00,76,20,00,00,FE,
0,00000588,false,Rx,0,8,0B,00,72,00,00,80,00,00,
0,00000380,false,Rx,0,8,B0,80,00,76,20,00,00,FE,
0,00000380,false,Rx,0,8,B0,80,00,76,20,00,00,FE,
0,00000284,false,Rx,0,6,07,07,00,00,00,00,00,00,
0,00000380,false,Rx,0,8,B0,80,00,76,20,00,00,FE,
0,00000380,false,Rx,0,8,B0,80,00,76,20,00,00,FE,
0,00000588,false,Rx,0,8,0B,00,72,00,00,80,00,00,
0,00000380,false,Rx,0,8,B0,80,00,76,20,00,00,FE,
0,00000380,false,Rx,0,8,B0,80,00,76,20,00,00,FE,
0,00000284,false,Rx,0,6,09,09,00,00,00,00,00,00,
0,00000380,false,Rx,0,8,B0,80,00,76,20,00,00,FE,
0,00000380,false,Rx,0,8,B0,80,00,76,20,00,00,FE,
0,00000588,false,Rx,0,8,0B,00,72,00,00,80,00,00,
0,00000380,false,Rx,0,8,B0,80,00,76,20,00,00,FE,
0,00000380,false,Rx,0,8,B0,80,00,76,20,00,00,FE,
0,00000284,false,Rx,0,6,0B,0B,00,00,00,00,00,00,
0,00000380,false,Rx,0,8,B0,80,00,76,20,00,00,FE,
0,00000380,false,Rx,0,8,B0,80,00,76,20,00,00,FE,
104000,00000588,false,Rx,0,8,0B,00,72,00,00,80,00,00,
0,00000380,false,Rx,0,8,B0,80,00,76,20,00,00,FE,
0,00000380,false,Rx,0,8,B0,80,00,76,20,00,00,FE,
0,00000284,false,Rx,0,6,0D,0D,00,00,00,00,00,00,
0,00000380,false,Rx,0,8,B0,80,00,76,20,00,00,FE,
0,00000380,false,Rx,0,8,B0,80,00,76,20,00,00,FE,
141000,00000588,false,Rx,0,8,0B,00,72,00,00,80,00,00,
0,00000380,false,Rx,0,8,B0,80,00,76,20,00,00,FE,
0,00000380,false,Rx,0,8,B0,80,00,76,20,00,00,FE,
0,00000284,false,Rx,0,6,0F,0F,00,00,00,00,00,00,
0,00000380,false,Rx,0,8,B0,80,00,76,20,00,00,FE,
0,00000380,false,Rx,0,8,B0,80,00,76,20,00,00,FE,
0,00000588,false,Rx,0,8,0B,00,72,00,00,80,00,00,
0,00000380,false,Rx,0,8,B0,80,00,76,20,00,00,FE,
0,00000380,false,Rx,0,8,B0,80,00,76,20,00,00,FE,
0,00000588,false,Rx,0,8,0B,00,72,00,00,80,00,00,
0,00000380,false,Rx,0,8,B0,80,00,76,20,00,00,FE,
0,00000380,false,Rx,0,8,B0,80,00,76,20,00,00,FE,
0,00000284,false,Rx,0,6,02,02,00,00,00,00,00,00,
0,00000380,false,Rx,0,8,B0,80,00,76,20,00,00,FE,
0,00000380,false,Rx,0,8,B0,80,00,76,20,00,00,FE,
0,00000588,false,Rx,0,8,0B,00,72,00,00,80,00,00,
0,00000380,false,Rx,0,8,B0,80,00,76,20,00,00,FE,
0,00000380,false,Rx,0,8,B0,80,00,76,20,00,00,FE,
0,00000284,false,Rx,0,6,04,04,00,00,00,00,00,00,
0,00000380,false,Rx,0,8,B0,80,00,76,20,00,00,FE,
0,00000380,false,Rx,0,8,B0,80,00,76,20,00,00,FE,
0,00000588,false,Rx,0,8,0B,00,72,00,00,80,00,00,
0,00000380,false,Rx,0,8,B0,80,00,76,20,00,00,FE,
0,00000380,false,Rx,0,8,B0,80,00,76,20,00,00,FE,
0,00000284,false,Rx,0,6,06,06,00,00,00,00,00,00,
0,00000380,false,Rx,0,8,B0,80,00,76,20,00,00,FE,
0,00000380,false,Rx,0,8,B0,80,00,76,20,00,00,FE,
325000,00000588,false,Rx,0,8,0B,00,72,00,00,80,00,00,
0,00000380,false,Rx,0,8,B0,80,00,76,20,00,00,FE,
0,00000380,false,Rx,0,8,B0,80,00,76,20,00,00,FE,
0,00000284,false,Rx,0,6,08,08,00,00,00,00,00,00,
0,00000380,false,Rx,0,8,B0,80,00,76,20,00,00,FE,
0,00000380,false,Rx,0,8,B0,80,00,76,20,00,00,FE,
362000,00000588,false,Rx,0,8,0B,00,72,00,00,80,00,00,
0,00000380,false,Rx,0,8,B0,80,00,76,20,00,00,FE,
0,00000380,false,Rx,0,8,B0,80,00,76,20,00,00,FE,
383000,00000588,false,Rx,0,8,0B,00,72,00,00,80,00,00,
0,00000380,false,Rx,0,8,B0,80,00,76,20,00,00,FE,
0,00000380,false,Rx,0,8,B0,80,00,76,20,00,00,FE,
0,00000588,false,Rx,0,8,0B,00,72,00,00,80,00,00,
0,00000380,false,Rx,0,8,B0,80,00,76,20,00,00,FE,
0,00000380,false,Rx,0,8,B0,80,00,76,20,00,00,FE,
0,00000588,false,Rx,0,8,0B,00,72,00,00,80,00,00,
0,00000380,false,Rx,0,8,B0,80,00,76,20,00,00,FE,
0,00000380,false,Rx,0,8,B0,80,00,76,20,00,00,FE,
0,00000588,false,Rx,0,8,0B,00,72,00,00,80,00,00,
0,00000380,false,Rx,0,8,B0,80,00,76,20,00,00,FE,
0,00000380,false,Rx,0,8,B0,80,00,76,20,00,00,FE,
0,00000588,false,Rx,0,8,0B,00,72,00,00,80,00,00,
0,00000380,false,Rx,0,8,B0,80,00,76,20,00,00,FE,
0,00000380,false,Rx,0,8,B0,80,00,76,20,00,00,FE,
0,00000588,false,Rx,0,8,0B,00,72,00,00,80,00,00,
0,00000380,false,Rx,0,8,B0,80,00,76,20,00,00,FE,
0,00000380,false,Rx,0,8,B0,80,00,76,20,00,00,FE,
0,00000588,false,Rx,0,8,0B,00,72,00,00,80,00,00,
0,00000380,false,Rx,0,8,B0,80,00,76,20,00,00,FE,
0,00000380,false,Rx,0,8,B0,80,00,76,20,00,00,FE,
526000,00000588,false,Rx,0,8,0B,00,72,00,00,80,00,00,
0,00000380,false,Rx,0,8,B0,80,00,76,20,00,00,FE,
0,00000380,false,Rx,0,8,B0,80,00,76,20,00,00,FE,
0,00000588,false,Rx,0,8,0B,00,72,00,00,80,00,00,
0,00000380,false,Rx,0,8,B0,80,00,76,20,00,00,FE,
0,00000380,false,Rx,0,8,B0,80,00,76,20,00,00,FE,
563000,00000588,false,Rx,0,8,0B,00,72,00,00,80,00,00,
0,00000380,false,Rx,0,8,B0,80,00,76,20,00,00,FE,
0,00000380,false,Rx,0,8,B0,80,00,76,20,00,00,FE,
0,00000588,false,Rx,0,8,0B,00,72,00,00,80,00,00,
0,00000380,false,Rx,0,8,B0,80,00,76,20,00,00,FE,
0,00000380,false,Rx,0,8,B0,80,00,76,20,00,00,FE,
0,00000588,false,Rx,0,8,0B,00,72,00,00,80,00,00,
0,00000380,false,Rx,0,8,B0,80,00,76,20,00,00,FE,
0,00000380,false,Rx,0,8,B0,80,00,76,20,00,00,FE,
0,00000588,false,Rx,0,8,0B,00,72,00,00,80,00,00,
0,00000380,false,Rx,0,8,B0,80,00,76,20,00,00,FE,
0,00000380,false,Rx,0,8,B0,80,00,76,20,00,00,FE,
0,00000588,false,Rx,0,8,0B,00,72,00,00,80,00,00,
0,00000380,false,Rx,0,8,B0,80,00,76,20,00,00,FE,
0,00000380,false,Rx,0,8,B0,80,00,76,20,00,00,FE,
0,00000588,false,Rx,0,8,0B,00,72,00,00,80,00,00,
0,00000380,false,Rx,0,8,B0,80,00,76,20,00,00,FE,
0,00000380,false,Rx,0,8,B0,80,00,76,20,00,00,FE,
0,00000588,false,Rx,0,8,0B,00,72,00,00,80,00,00,
0,00000380,false,Rx,0,8,B0,80,00,76,20,00,00,FE,
0,00000380,false,Rx,0,8,B0,80,00,76,20,00,00,FE,
706000,00000588,false,Rx,0,8,0B,00,72,00,00,80,00,00,
0,00000380,false,Rx,0,8,B0,80,00,76,20,00,00,FE,
0,00000380,false,Rx,0,8,B0,80,00,76,20,00,00,FE,
0,00000588,false,Rx,0,8,0B,00,72,00,00,80,00,00,
0,00000380,false,Rx,0,8,B0,80,00,76,20,00,00,FE,
0,00000380,false,Rx,0,8,B0,80,00,76,20,00,00,FE,
743000,00000588,false,Rx,0,8,0B,00,72,00,00,80,00,00,
0,00000380,false,Rx,0,8,B0,80,00,76,20,00,00,FE,
0,00000380,false,Rx,0,8,B0,80,00,76,20,00,00,FE,
0,00000588,false,Rx,0,8,0B,00,72,00,00,80,00,00,
0,00000380,false,Rx,0,8,B0,80,00,76,20,00,00,FE,
0,00000380,false,Rx,0,8,B0,80,00,76,20,00,00,FE,
0,00000588,false,Rx,0,8,0B,00,72,00,00,80,00,00,
0,00000380,false,Rx,0,8,B0,80,00,76,20,00,00,FE,
0,00000380,false,Rx,0,8,B0,80,00,76,20,00,00,FE,
0,00000588,false,Rx,0,8,0B,00,72,00,00,80,00,00,
0,00000380,false,Rx,0,8,B0,80,00,76,20,00,00,FE,
0,00000380,false,Rx,0,8,B0,80,00,76,20,00,00,FE,
0,00000588,false,Rx,0,8,0B,00,72,00,00,80,00,00,
0,00000380,false,Rx,0,8,B0,80,00,76,20,00,00,FE,
0,00000380,false,Rx,0,8,B0,80,00,76,20,00,00,FE,
0,00000588,false,Rx,0,8,0B,00,72,00,00,80,00,00,
0,00000380,false,Rx,0,8,B0,80,00,76,20,00,00,FE,
0,00000380,false,Rx,0,8,B0,80,00,76,20,00,00,FE,
0,00000588,false,Rx,0,8,0B,00,72,00,00,80,00,00,
0,00000380,false,Rx,0,8,B0,80,00,76,20,00,00,FE,
0,00000380,false,Rx,0,8,B0,80,00,76,20,00,00,FE,
0,00000588,false,Rx,0,8,0B,00,72,00,00,80,00,00,
0,00000380,false,Rx,0,8,B0,80,00,76,20,00,00,FE,
0,00000380,false,Rx,0,8,B0,80,00,76,20,00,00,FE,
0,00000588,false,Rx,0,8,0B,00,72,00,00,80,00,00,
0,00000380,false,Rx,0,8,B0,80,00,76,20,00,00,FE,
0,00000380,false,Rx,0,8,B0,80,00,76,20,00,00,FE,
0,00000588,false,Rx,0,8,0B,00,72,00,00,80,00,00,
0,00000380,false,Rx,0,8,B0,80,00,76,20,00,00,FE,
0,00000380,false,Rx,0,8,B0,80,00,76,20,00,00,FE,
944000,00000588,false,Rx,0,8,0B,00,72,00,00,80,00,00,
0,00000380,false,Rx,0,8,B0,80,00,76,20,00,00,FE,
0,00000380,false,Rx,0,8,B0,80,00,76,20,00,00,FE,
0,00000588,false,Rx,0,8,0B,00,72,00,00,80,00,00,
0,00000380,false,Rx,0,8,B0,80,00,76,20,00,00,FE,
0,00000380,false,Rx,0,8,B0,80,00,76,20,00,00,FE,
0,00000588,false,Rx,0,8,0B,00,72,00,00,80,00,00,
0,00000380,false,Rx,0,8,B0,80,00,76,20,00,00,FE,
0,00000380,false,Rx,0,8,B0,80,00,76,20,00,00,FE,
0,00000588,false,Rx,0,8,0B,00,72,00,00,80,00,00,
0,00000380,false,Rx,0,8,B0,80,00,76,20,00,00,FE,
0,00000380,false,Rx,0,8,B0,80,00,76,20,00,00,FE,
0,00000588,false,Rx,0,8,0B,00,72,00,00,80,00,00,
0,00000380,false,Rx,0,8,B0,80,00,76,20,00,00,FE,
0,00000380,false,Rx,0,8,B0,80,00,76,20,00,00,FE,
0,00000588,false,Rx,0,8,0B,00,72,00,00,80,00,00,
0,00000380,false,Rx,0,8,B0,80,00,76,20,00,00,FE,
0,00000380,false,Rx,0,8,B0,80,00,76,20,00,00,FE,
0,00000588,false,Rx,0,8,0B,00,72,00,00,80,00,00,
0,00000380,false,Rx,0,8,B0,80,00,76,20,00,00,FE,
0,00000380,false,Rx,0,8,B0,80,00,76,20,00,00,FE,
87000,00000588,false,Rx,0,8,0B,00,72,00,00,80,00,00,
0,00000380,false,Rx,0,8,B0,80,00,76,20,00,00,FE,
0,00000380,false,Rx,0,8,B0,80,00,76,20,00,00,FE,
0,00000588,false,Rx,0,8,0B,00,72,00,00,80,00,00,
0,00000380,false,Rx,0,8,B0,80,00,76,20,00,00,FE,
0,00000380,false,Rx,0,8,B0,80,00,76,20,00,00,FE,
124000,00000588,false,Rx,0,8,0B,00,72,00,00,80,00,00,
0,00000380,false,Rx,0,8,B0,80,00,76,20,00,00,FE,
0,00000380,false,Rx,0,8,B0,80,00,76,20,00,00,FE,
0,00000588,false,Rx,0,8,0B,00,72,00,00,80,00,00,
0,00000380,false,Rx,0,8,B0,80,00,76,20,00,00,FE,
0,00000380,false,Rx,0,8,B0,80,00,76,20,00,00,FE,
0,00000588,false,Rx,0,8,0B,00,72,00,00,80,00,00,
0,00000380,false,Rx,0,8,B0,80,00,76,20,00,00,FE,
0,00000380,false,Rx,0,8,B0,80,00,76,20,00,00,FE,
0,00000588,false,Rx,0,8,0B,00,72,00,00,80,00,00,
0,00000380,false,Rx,0,8,B0,80,00,76,20,00,00,FE,
0,00000380,false,Rx,0,8,B0,80,00,76,20,00,00,FE,
0,00000588,false,Rx,0,8,0B,00,72,00,00,80,00,00,
0,00000380,false,Rx,0,8,B0,80,00,76,20,00,00,FE,
0,00000380,false,Rx,0,8,B0,80,00,76,20,00,00,FE,
0,00000588,false,Rx,0,8,0B,00,72,00,00,80,00,00,
0,00000380,false,Rx,0,8,B0,80,00,76,20,00,00,FE,
0,00000380,false,Rx,0,8,B0,80,00,76,20,00,00,FE,
0,00000588,false,Rx,0,8,0B,00,72,00,00,80,00,00,
0,00000380,false,Rx,0,8,B0,80,00,76,20,00,00,FE,
0,00000380,false,Rx,0,8,B0,80,00,76,20,00,00,FE,
267000,00000588,false,Rx,0,8,0B,00,72,00,00,80,00,00,
0,00000380,false,Rx,0,8,B0,80,00,76,20,00,00,FE,
0,00000380,false,Rx,0,8,B0,80,00,76,20,00,00,FE,
0,00000588,false,Rx,0,8,0B,00,72,00,00,80,00,00,
0,00000380,false,Rx,0,8,B0,80,00,76,20,00,00,FE,
0,00000380,false,Rx,0,8,B0,80,00,76,20,00,00,FE,
0,00000588,false,Rx,0,8,0B,00,72,00,00,80,00,00,
0,00000380,false,Rx,0,8,B0,80,00,76,20,00,00,FE,
0,00000380,false,Rx,0,8,B0,80,00,76,20,00,00,FE,
325000,00000588,false,Rx,0,8,0B,00,72,00,00,80,00,00,
0,00000380,false,Rx,0,8,B0,80,00,76,20,00,00,FE,
0,00000380,false,Rx,0,8,B0,80,00,76,20,00,00,FE,
0,00000588,false,Rx,0,8,0B,00,72,00,00,80,00,00,
0,00000380,false,Rx,0,8,B0,80,00,76,20,00,00,FE,
0,00000380,false,Rx,0,8,B0,80,00,76,20,00,00,FE,
0,00000588,false,Rx,0,8,0B,00,72,00,00,80,00,00,
0,00000380,false,Rx,0,8,B0,80,00,76,20,00,00,FE,
0,00000380,false,Rx,0,8,B0,80,00,76,20,00,00,FE,
0,00000588,false,Rx,0,8,0B,00,72,00,00,80,00,00,
0,00000380,false,Rx,0,8,B0,80,00,76,20,00,00,FE,
0,00000380,false,Rx,0,8,B0,80,00,76,20,00,00,FE,
0,00000588,false,Rx,0,8,0B,00,72,00,00,80,00,00,
0,00000380,false,Rx,0,8,B0,80,00,76,20,00,00,FE,
0,00000380,false,Rx,0,8,B0,80,00,76,20,00,00,FE,
0,00000588,false,Rx,0,8,0B,00,72,00,00,80,00,00,
0,00000380,false,Rx,0,8,B0,80,00,76,20,00,00,FE,
0,00000380,false,Rx,0,8,B0,80,00,76,20,00,00,FE,
0,00000588,false,Rx,0,8,0B,00,72,00,00,80,00,00,
0,00000380,false,Rx,0,8,B0,80,00,76,20,00,00,FE,
0,00000380,false,Rx,0,8,B0,80,00,76,20,00,00,FE,
468000,00000588,false,Rx,0,8,0B,00,72,00,00,80,00,00,
0,00000380,false,Rx,0,8,B0,80,00,76,20,00,00,FE,
0,00000380,false,Rx,0,8,B0,80,00,76,20,00,00,FE,
0,00000588,false,Rx,0,8,0B,00,72,00,00,80,00,00,
0,00000380,false,Rx,0,8,B0,80,00,76,20,00,00,FE,
0,00000380,false,Rx,0,8,B0,80,00,76,20,00,00,FE,
505000,00000588,false,Rx,0,8,0B,00,72,00,00,80,00,00,
0,00000380,false,Rx,0,8,B0,80,00,76,20,00,00,FE,
0,00000380,false,Rx,0,8,B0,80,00,76,20,00,00,FE,
0,00000588,false,Rx,0,8,0B,00,72,00,00,80,00,00,
0,00000380,false,Rx,0,8,B0,80,00,76,20,00,00,FE,
0,00000380,false,Rx,0,8,B0,80,00,76,20,00,00,FE,
0,00000588,false,Rx,0,8,0B,00,72,00,00,80,00,00,
0,00000380,false,Rx,0,8,B0,80,00,76,20,00,00,FE,
0,00000380,false,Rx,0,8,B0,80,00,76,20,00,00,FE,
0,00000588,false,Rx,0,8,0B,00,72,00,00,80,00,00,
0,00000380,false,Rx,0,8,B0,80,00,76,20,00,00,FE,
0,00000380,false,Rx,0,8,B0,80,00,76,20,00,00,FE,
0,00000588,false,Rx,0,8,0B,00,72,00,00,80,00,00,
0,00000380,false,Rx,0,8,B0,80,00,76,20,00,00,FE,
0,00000380,false,Rx,0,8,B0,80,00,76,20,00,00,FE,
0,00000588,false,Rx,0,8,0B,00,72,00,00,80,00,00,
0,00000380,false,Rx,0,8,B0,80,00,76,20,00,00,FE,
0,00000380,false,Rx,0,8,B0,80,00,76,20,00,00,FE,
0,00000588,false,Rx,0,8,0B,00,72,00,00,80,00,00,
0,00000380,false,Rx,0,8,B0,80,00,76,20,00,00,FE,
0,00000380,false,Rx,0,8,B0,80,00,76,20,00,00,FE,
649000,00000588,false,Rx,0,8,0B,00,72,00,00,80,00,00,
0,00000380,false,Rx,0,8,B0,80,00,76,20,00,00,FE,
0,00000380,false,Rx,0,8,B0,80,00,76,20,00,00,FE,
0,00000588,false,Rx,0,8,0B,00,72,00,00,80,00,00,
0,00000380,false,Rx,0,8,B0,80,00,76,20,00,00,FE,
0,00000380,false,Rx,0,8,B0,80,00,76,20,00,00,FE,
685000,00000588,false,Rx,0,8,0B,00,72,00,00,80,00,00,
0,00000380,false,Rx,0,8,B0,80,00,76,20,00,00,FE,
0,00000380,false,Rx,0,8,B0,80,00,76,20,00,00,FE,
0,00000588,false,Rx,0,8,0B,00,72,00,00,80,00,00,
0,00000380,false,Rx,0,8,B0,80,00,76,20,00,00,FE,
0,00000380,false,Rx,0,8,B0,80,00,76,20,00,00,FE,
0,00000588,false,Rx,0,8,0B,00,72,00,00,80,00,00,
0,00000380,false,Rx,0,8,B0,80,00,76,20,00,00,FE,
0,00000380,false,Rx,0,8,B0,80,00,76,20,00,00,FE,
0,00000588,false,Rx,0,8,0B,00,72,00,00,80,00,00,
0,00000380,false,Rx,0,8,B0,80,00,76,20,00,00,FE,
0,00000380,false,Rx,0,8,B0,80,00,76,20,00,00,FE,
0,00000588,false,Rx,0,8,0B,00,72,00,00,80,00,00,
0,00000380,false,Rx,0,8,B0,80,00,76,20,00,00,FE,
0,00000380,false,Rx,0,8,B0,80,00,76,20,00,00,FE,
0,00000588,false,Rx,0,8,0B,00,72,00,00,80,00,00,
0,00000380,false,Rx,0,8,B0,80,00,76,20,00,00,FE,
0,00000740,false,Rx,0,1,A3,00,00,00,00,00,00,00,
0,00000380,false,Rx,0,8,B0,80,00,76,20,00,00,FE,
0,00000588,false,Rx,0,8,0B,00,72,00,00,80,00,00,
0,00000380,false,Rx,0,8,B0,80,00,76,20,00,00,FE,
0,00000380,false,Rx,0,8,B0,80,00,76,20,00,00,FE,
0,00000588,false,Rx,0,8,0B,00,72,00,00,80,00,00,
0,00000380,false,Rx,0,8,B0,80,00,76,20,00,00,FE,
0,00000380,false,Rx,0,8,B0,80,00,76,20,00,00,FE,
849000,00000588,false,Rx,0,8,0B,00,72,00,00,80,00,00,
0,00000380,false,Rx,0,8,B0,80,00,76,20,00,00,FE,
0,00000380,false,Rx,0,8,B0,80,00,76,20,00,00,FE,
0,00000588,false,Rx,0,8,0B,00,72,00,00,80,00,00,
0,00000380,false,Rx,0,8,B0,80,00,76,20,00,00,FE,
0,00000380,false,Rx,0,8,B0,80,00,76,20,00,00,FE,
886000,00000588,false,Rx,0,8,0B,00,72,00,00,80,00,00,
0,00000380,false,Rx,0,8,B0,80,00,76,20,00,00,FE,
0,00000380,false,Rx,0,8,B0,80,00,76,20,00,00,FE,
0,00000588,false,Rx,0,8,0B,00,72,00,00,80,00,00,
0,00000380,false,Rx,0,8,B0,80,00,76,20,00,00,FE,
0,00000380,false,Rx,0,8,B0,80,00,76,20,00,00,FE,
0,00000588,false,Rx,0,8,0B,00,72,00,00,80,00,00,
0,00000380,false,Rx,0,8,B0,80,00,76,20,00,00,FE,
0,00000380,false,Rx,0,8,B0,80,00,76,20,00,00,FE,
0,00000588,false,Rx,0,8,0B,00,72,00,00,80,00,00,
0,00000380,false,Rx,0,8,B0,80,00,76,20,00,00,FE,
0,00000380,false,Rx,0,8,B0,80,00,76,20,00,00,FE,
0,00000588,false,Rx,0,8,0B,00,72,00,00,80,00,00,
0,00000380,false,Rx,0,8,B0,80,00,76,20,00,00,FE,
0,00000380,false,Rx,0,8,B0,80,00,76,20,00,00,FE,
0,00000588,false,Rx,0,8,0B,00,72,00,00,80,00,00,
0,00000380,false,Rx,0,8,B0,80,00,76,20,00,00,FE,
0,00000380,false,Rx,0,8,B0,80,00,76,20,00,00,FE,
0,00000588,false,Rx,0,8,0B,00,72,00,00,80,00,00,
0,00000380,false,Rx,0,8,B0,80,00,76,20,00,00,FE,
0,00000380,false,Rx,0,8,B0,80,00,76,20,00,00,FE,
29000,00000588,false,Rx,0,8,0B,00,72,00,00,80,00,00,
0,00000380,false,Rx,0,8,B0,80,00,76,20,00,00,FE,
0,00000380,false,Rx,0,8,B0,80,00,76,20,00,00,FE,
0,00000588,false,Rx,0,8,0B,00,72,00,00,80,00,00,
0,00000380,false,Rx,0,8,B0,80,00,76,20,00,00,FE,
0,00000380,false,Rx,0,8,B0,80,00,76,20,00,00,FE,
66000,00000588,false,Rx,0,8,0B,00,72,00,00,80,00,00,
0,00000380,false,Rx,0,8,B0,80,00,76,20,00,00,FE,
0,00000380,false,Rx,0,8,B0,80,00,76,20,00,00,FE,
0,00000588,false,Rx,0,8,0B,00,72,00,00,80,00,00,
0,00000380,false,Rx,0,8,B0,80,00,76,20,00,00,FE,
0,00000380,false,Rx,0,8,B0,80,00,76,20,00,00,FE,
0,00000588,false,Rx,0,8,0B,00,72,00,00,80,00,00,
0,00000380,false,Rx,0,8,B0,80,00,76,20,00,00,FE,
0,00000380,false,Rx,0,8,B0,80,00,76,20,00,00,FE,
0,00000588,false,Rx,0,8,0B,00,72,00,00,80,00,00,
0,00000380,false,Rx,0,8,B0,80,00,76,20,00,00,FE,
0,00000380,false,Rx,0,8,B0,80,00,76,20,00,00,FE,
0,00000588,false,Rx,0,8,0B,00,72,00,00,80,00,00,
0,00000380,false,Rx,0,8,B0,80,00,76,20,00,00,FE,
0,00000380,false,Rx,0,8,B0,80,00,76,20,00,00,FE,
0,00000588,false,Rx,0,8,0B,00,72,00,00,80,00,00,
0,00000380,false,Rx,0,8,B0,80,00,76,20,00,00,FE,
0,00000380,false,Rx,0,8,B0,80,00,76,20,00,00,FE,
0,00000588,false,Rx,0,8,0B,00,72,00,00,80,00,00,
0,00000380,false,Rx,0,8,B0,80,00,76,20,00,00,FE,
0,00000380,false,Rx,0,8,B0,80,00,76,20,00,00,FE,
210000,00000588,false,Rx,0,8,0B,00,72,00,00,80,00,00,
0,00000380,false,Rx,0,8,B0,80,00,76,20,00,00,FE,
0,00000380,false,Rx,0,8,B0,80,00,76,20,00,00,FE,
0,00000588,false,Rx,0,8,0B,00,72,00,00,80,00,00,
0,00000380,false,Rx,0,8,B0,80,00,76,20,00,00,FE,
0,00000380,false,Rx,0,8,B0,80,00,76,20,00,00,FE,
0,00000588,false,Rx,0,8,0B,00,72,00,00,80,00,00,
0,00000380,false,Rx,0,8,B0,80,00,76,20,00,00,FE,
0,00000380,false,Rx,0,8,B0,80,00,76,20,00,00,FE,
267000,00000588,false,Rx,0,8,0B,00,72,00,00,80,00,00,
0,00000380,false,Rx,0,8,B0,80,00,76,20,00,00,FE,
0,00000380,false,Rx,0,8,B0,80,00,76,20,00,00,FE,
0,00000588,false,Rx,0,8,0B,00,72,00,00,80,00,00,
0,00000380,false,Rx,0,8,B0,80,00,76,20,00,00,FE,
0,00000380,false,Rx,0,8,B0,80,00,76,20,00,00,FE,
0,00000588,false,Rx,0,8,0B,00,72,00,00,80,00,00,
0,00000380,false,Rx,0,8,B0,80,00,76,20,00,00,FE,
0,00000380,false,Rx,0,8,B0,80,00,76,20,00,00,FE,
0,00000588,false,Rx,0,8,0B,00,72,00,00,80,00,00,
0,00000380,false,Rx,0,8,B0,80,00,76,20,00,00,FE,
0,00000380,false,Rx,0,8,B0,80,00,76,20,00,00,FE,
0,00000588,false,Rx,0,8,0B,00,72,00,00,80,00,00,
0,00000380,false,Rx,0,8,B0,80,00,76,20,00,00,FE,
0,00000380,false,Rx,0,8,B0,80,00,76,20,00,00,FE,
0,00000588,false,Rx,0,8,0B,00,72,00,00,80,00,00,
0,00000380,false,Rx,0,8,B0,80,00,76,20,00,00,FE,
0,00000380,false,Rx,0,8,B0,80,00,76,20,00,00,FE,
0,00000588,false,Rx,0,8,0B,00,72,00,00,80,00,00,
0,00000380,false,Rx,0,8,B0,80,00,76,20,00,00,FE,
0,00000380,false,Rx,0,8,B0,80,00,76,20,00,00,FE,
410000,00000588,false,Rx,0,8,0B,00,72,00,00,80,00,00,
0,00000380,false,Rx,0,8,B0,80,00,76,20,00,00,FE,
0,00000380,false,Rx,0,8,B0,80,00,76,20,00,00,FE,
0,00000588,false,Rx,0,8,0B,00,72,00,00,80,00,00,
0,00000380,false,Rx,0,8,B0,80,00,76,20,00,00,FE,
0,00000380,false,Rx,0,8,B0,80,00,76,20,00,00,FE,
447000,00000588,false,Rx,0,8,0B,00,72,00,00,80,00,00,
0,00000380,false,Rx,0,8,B0,80,00,76,20,00,00,FE,
0,00000380,false,Rx,0,8,B0,80,00,76,20,00,00,FE,
0,00000588,false,Rx,0,8,0B,00,72,00,00,80,00,00,
0,00000380,false,Rx,0,8,B0,80,00,76,20,00,00,FE,
0,00000380,false,Rx,0,8,B0,80,00,76,20,00,00,FE,
0,00000588,false,Rx,0,8,0B,00,72,00,00,80,00,00,
0,00000380,false,Rx,0,8,B0,80,00,76,20,00,00,FE,
0,00000380,false,Rx,0,8,B0,80,00,76,20,00,00,FE,
0,00000588,false,Rx,0,8,0B,00,72,00,00,80,00,00,
0,00000380,false,Rx,0,8,B0,80,00,76,20,00,00,FE,
0,00000380,false,Rx,0,8,B0,80,00,76,20,00,00,FE,
0,00000588,false,Rx,0,8,0B,00,72,00,00,80,00,00,
0,00000380,false,Rx,0,8,B0,80,00,76,20,00,00,FE,
0,00000380,false,Rx,0,8,B0,80,00,76,20,00,00,FE,
0,00000588,false,Rx,0,8,0B,00,72,00,00,80,00,00,
0,00000380,false,Rx,0,8,B0,80,00,76,20,00,00,FE,
0,00000380,false,Rx,0,8,B0,80,00,76,20,00,00,FE,
0,00000588,false,Rx,0,8,0B,00,72,00,00,80,00,00,
0,00000380,false,Rx,0,8,B0,80,00,76,20,00,00,FE,
0,00000380,false,Rx,0,8,B0,80,00,76,20,00,00,FE,
591000,00000588,false,Rx,0,8,0B,00,72,00,00,80,00,00,
0,00000380,false,Rx,0,8,B0,80,00,76,20,00,00,FE,
0,00000380,false,Rx,0,8,B0,80,00,76,20,00,00,FE,
0,00000588,false,Rx,0,8,0B,00,72,00,00,80,00,00,
0,00000380,false,Rx,0,8,B0,80,00,76,20,00,00,FE,
0,00000380,false,Rx,0,8,B0,80,00,76,20,00,00,FE,
627000,00000588,false,Rx,0,8,0B,00,72,00,00,80,00,00,
0,00000380,false,Rx,0,8,B0,80,00,76,20,00,00,FE,
0,00000380,false,Rx,0,8,B0,80,00,76,20,00,00,FE,
0,00000588,false,Rx,0,8,0B,00,72,00,00,80,00,00,
0,00000380,false,Rx,0,8,B0,80,00,76,20,00,00,FE,
0,00000380,false,Rx,0,8,B0,80,00,76,20,00,00,FE,
0,00000588,false,Rx,0,8,0B,00,72,00,00,80,00,00,
0,00000380,false,Rx,0,8,B0,80,00,76,20,00,00,FE,
0,00000380,false,Rx,0,8,B0,80,00,76,20,00,00,FE,
0,00000588,false,Rx,0,8,0B,00,72,00,00,80,00,00,
0,00000380,false,Rx,0,8,B0,80,00,76,20,00,00,FE,
0,00000380,false,Rx,0,8,B0,80,00,76,20,00,00,FE,
0,00000588,false,Rx,0,8,0B,00,72,00,00,80,00,00,
0,00000380,false,Rx,0,8,B0,80,00,76,20,00,00,FE,
0,00000380,false,Rx,0,8,B0,80,00,76,20,00,00,FE,
0,00000588,false,Rx,0,8,0B,00,72,00,00,80,00,00,
0,00000380,false,Rx,0,8,B0,80,00,76,20,00,00,FE,
0,00000380,false,Rx,0,8,B0,80,00,76,20,00,00,FE,
0,00000588,false,Rx,0,8,0B,00,72,00,00,80,00,00,
0,00000380,false,Rx,0,8,B0,80,00,76,20,00,00,FE,
0,00000380,false,Rx,0,8,B0,80,00,76,20,00,00,FE,
0,00000588,false,Rx,0,8,0B,00,72,00,00,80,00,00,
0,00000380,false,Rx,0,8,B0,80,00,76,20,00,00,FE,
0,00000380,false,Rx,0,8,B0,80,00,76,20,00,00,FE,
791000,00000588,false,Rx,0,8,0B,00,72,00,00,80,00,00,
0,00000380,false,Rx,0,8,B0,80,00,76,20,00,00,FE,
0,00000380,false,Rx,0,8,B0,80,00,76,20,00,00,FE,
0,00000588,false,Rx,0,8,0B,00,72,00,00,80,00,00,
0,00000380,false,Rx,0,8,B0,80,00,76,20,00,00,FE,
0,00000380,false,Rx,0,8,B0,80,00,76,20,00,00,FE,
828000,00000588,false,Rx,0,8,0B,00,72,00,00,80,00,00,
0,00000380,false,Rx,0,8,B0,80,00,76,20,00,00,FE,
0,00000380,false,Rx,0,8,B0,80,00,76,20,00,00,FE,
0,00000588,false,Rx,0,8,0B,00,72,00,00,80,00,00,
0,00000380,false,Rx,0,8,B0,80,00,76,20,00,00,FE,
0,00000380,false,Rx,0,8,B0,80,00,76,20,00,00,FE,
0,00000588,false,Rx,0,8,0B,00,72,00,00,80,00,00,
0,00000380,false,Rx,0,8,B0,80,00,76,20,00,00,FE,
0,00000380,false,Rx,0,8,B0,80,00,76,20,00,00,FE,
0,00000588,false,Rx,0,8,0B,00,72,00,00,80,00,00,
0,00000380,false,Rx,0,8,B0,80,00,76,20,00,00,FE,
0,00000380,false,Rx,0,8,B0,80,00,76,20,00,00,FE,
0,00000588,false,Rx,0,8,0B,00,72,00,00,80,00,00,
0,00000380,false,Rx,0,8,B0,80,00,76,20,00,00,FE,
0,00000380,false,Rx,0,8,B0,80,00,76,20,00,00,FE,
0,00000588,false,Rx,0,8,0B,00,72,00,00,80,00,00,
0,00000380,false,Rx,0,8,B0,80,00,76,20,00,00,FE,
0,00000380,false,Rx,0,8,B0,80,00,76,20,00,00,FE,
0,00000588,false,Rx,0,8,0B,00,72,00,00,80,00,00,
0,00000380,false,Rx,0,8,B0,80,00,76,20,00,00,FE,
0,00000380,false,Rx,0,8,B0,80,00,76,20,00,00,FE,
971000,00000588,false,Rx,0,8,0B,00,72,00,00,80,00,00,
0,00000380,false,Rx,0,8,B0,80,00,76,20,00,00,FE,
0,00000380,false,Rx,0,8,B0,80,00,76,20,00,00,FE,
0,00000588,false,Rx,0,8,0B,00,72,00,00,80,00,00,
0,00000380,false,Rx,0,8,B0,80,00,76,20,00,00,FE,
0,00000380,false,Rx,0,8,B0,80,00,76,20,00,00,FE,
8000,00000588,false,Rx,0,8,0B,00,72,00,00,80,00,00,
0,00000380,false,Rx,0,8,B0,80,00,76,20,00,00,FE,
0,00000380,false,Rx,0,8,B0,80,00,76,20,00,00,FE,
0,00000588,false,Rx,0,8,0B,00,72,00,00,80,00,00,
0,00000380,false,Rx,0,8,B0,80,00,76,20,00,00,FE,
0,00000380,false,Rx,0,8,B0,80,00,76,20,00,00,FE,
0,00000588,false,Rx,0,8,0B,00,72,00,00,80,00,00,
0,00000380,false,Rx,0,8,B0,80,00,76,20,00,00,FE,
0,00000380,false,Rx,0,8,B0,80,00,76,20,00,00,FE,
0,00000588,false,Rx,0,8,0B,00,72,00,00,80,00,00,
0,00000380,false,Rx,0,8,B0,80,00,76,20,00,00,FE,
0,00000380,false,Rx,0,8,B0,80,00,76,20,00,00,FE,
0,00000588,false,Rx,0,8,0B,00,72,00,00,80,00,00,
0,00000380,false,Rx,0,8,B0,80,00,76,20,00,00,FE,
0,00000380,false,Rx,0,8,B0,80,00,76,20,00,00,FE,
0,00000588,false,Rx,0,8,0B,00,72,00,00,80,00,00,
0,00000380,false,Rx,0,8,B0,80,00,76,20,00,00,FE,
0,00000380,false,Rx,0,8,B0,80,00,76,20,00,00,FE,
0,00000588,false,Rx,0,8,0B,00,72,00,00,80,00,00,
0,00000380,false,Rx,0,8,B0,80,00,76,20,00,00,FE,
0,00000380,false,Rx,0,8,B0,80,00,76,20,00,00,FE,
0,00000588,false,Rx,0,8,0B,00,72,00,00,80,00,00,
0,00000380,false,Rx,0,8,B0,80,00,76,20,00,00,FE,
0,00000380,false,Rx,0,8,B0,80,00,76,20,00,00,FE,
0,00000588,false,Rx,0,8,0B,00,72,00,00,80,00,00,
0,00000380,false,Rx,0,8,B0,80,00,76,20,00,00,FE,
0,00000380,false,Rx,0,8,B0,80,00,76,20,00,00,FE,
0,00000588,false,Rx,0,8,0B,00,72,00,00,80,00,00,
0,00000380,false,Rx,0,8,B0,80,00,76,20,00,00,FE,
0,00000380,false,Rx,0,8,B0,80,00,76,20,00,00,FE,
209000,00000588,false,Rx,0,8,0B,00,72,00,00,80,00,00,
0,00000380,false,Rx,0,8,B0,80,00,76,20,00,00,FE,
0,00000380,false,Rx,0,8,B0,80,00,76,20,00,00,FE,
0,00000588,false,Rx,0,8,0B,00,72,00,00,80,00,00,
0,00000380,false,Rx,0,8,B0,80,00,76,20,00,00,FE,
0,00000380,false,Rx,0,8,B0,80,00,76,20,00,00,FE,
0,00000588,false,Rx,0,8,0B,00,72,00,00,80,00,00,
0,00000380,false,Rx,0,8,B0,80,00,76,20,00,00,FE,
0,00000380,false,Rx,0,8,B0,80,00,76,20,00,00,FE,
0,00000588,false,Rx,0,8,0B,00,72,00,00,80,00,00,
0,00000380,false,Rx,0,8,B0,80,00,76,20,00,00,FE,
0,00000380,false,Rx,0,8,B0,80,00,76,20,00,00,FE,
0,00000588,false,Rx,0,8,0B,00,72,00,00,80,00,00,
0,00000380,false,Rx,0,8,B0,80,00,76,20,00,00,FE,
0,00000380,false,Rx,0,8,B0,80,00,76,20,00,00,FE,
0,00000588,false,Rx,0,8,0B,00,72,00,00,80,00,00,
0,00000380,false,Rx,0,8,B0,80,00,76,20,00,00,FE,
0,00000380,false,Rx,0,8,B0,80,00,76,20,00,00,FE,
0,00000588,false,Rx,0,8,0B,00,72,00,00,80,00,00,
0,00000380,false,Rx,0,8,B0,80,00,76,20,00,00,FE,
0,00000380,false,Rx,0,8,B0,80,00,76,20,00,00,FE,
353000,00000588,false,Rx,0,8,0B,00,72,00,00,80,00,00,
0,00000380,false,Rx,0,8,B0,80,00,76,20,00,00,FE,
0,00000380,false,Rx,0,8,B0,80,00,76,20,00,00,FE,
0,00000588,false,Rx,0,8,0B,00,72,00,00,80,00,00,
0,00000380,false,Rx,0,8,B0,80,00,76,20,00,00,FE,
0,00000380,false,Rx,0,8,B0,80,00,76,20,00,00,FE,
389000,00000588,false,Rx,0,8,0B,00,72,00,00,80,00,00,
0,00000380,false,Rx,0,8,B0,80,00,76,20,00,00,FE,
0,00000380,false,Rx,0,8,B0,80,00,76,20,00,00,FE,
0,00000588,false,Rx,0,8,0B,00,72,00,00,80,00,00,
0,00000380,false,Rx,0,8,B0,80,00,76,20,00,00,FE,
0,00000380,false,Rx,0,8,B0,80,00,76,20,00,00,FE,
0,00000588,false,Rx,0,8,0B,00,72,00,00,80,00,00,
0,00000380,false,Rx,0,8,B0,80,00,76,20,00,00,FE,
0,00000380,false,Rx,0,8,B0,80,00,76,20,00,00,FE,
0,00000588,false,Rx,0,8,0B,00,72,00,00,80,00,00,
0,00000380,false,Rx,0,8,B0,80,00,76,20,00,00,FE,
0,00000380,false,Rx,0,8,B0,80,00,76,20,00,00,FE,
0,00000588,false,Rx,0,8,0B,00,72,00,00,80,00,00,
0,00000380,false,Rx,0,8,B0,80,00,76,20,00,00,FE,
0,00000380,false,Rx,0,8,B0,80,00,76,20,00,00,FE,
0,00000588,false,Rx,0,8,0B,00,72,00,00,80,00,00,
0,00000380,false,Rx,0,8,B0,80,00,76,20,00,00,FE,
0,00000380,false,Rx,0,8,B0,80,00,76,20,00,00,FE,
0,00000588,false,Rx,0,8,0B,00,72,00,00,80,00,00,
0,00000380,false,Rx,0,8,B0,80,00,76,20,00,00,FE,
0,00000380,false,Rx,0,8,B0,80,00,76,20,00,00,FE,
533000,00000588,false,Rx,0,8,0B,00,72,00,00,80,00,00,
0,00000380,false,Rx,0,8,B0,80,00,76,20,00,00,FE,
0,00000380,false,Rx,0,8,B0,80,00,76,20,00,00,FE,
0,00000588,false,Rx,0,8,0B,00,72,00,00,80,00,00,
0,00000380,false,Rx,0,8,B0,80,00,76,20,00,00,FE,
0,00000380,false,Rx,0,8,B0,80,00,76,20,00,00,FE,
569000,00000588,false,Rx,0,8,0B,00,72,00,00,80,00,00,
0,00000380,false,Rx,0,8,B0,80,00,76,20,00,00,FE,
0,00000380,false,Rx,0,8,B0,80,00,76,20,00,00,FE,
590000,00000588,false,Rx,0,8,0B,00,72,00,00,80,00,00,
0,00000380,false,Rx,0,8,B0,80,00,76,20,00,00,FE,
0,00000380,false,Rx,0,8,B0,80,00,76,20,00,00,FE,
0,00000588,false,Rx,0,8,0B,00,72,00,00,80,00,00,
0,00000380,false,Rx,0,8,B0,80,00,76,20,00,00,FE,
0,00000380,false,Rx,0,8,B0,80,00,76,20,00,00,FE,
0,00000588,false,Rx,0,8,0B,00,72,00,00,80,00,00,
0,00000380,false,Rx,0,8,B0,80,00,76,20,00,00,FE,
0,00000380,false,Rx,0,8,B0,80,00,76,20,00,00,FE,
0,00000588,false,Rx,0,8,0B,00,72,00,00,80,00,00,
0,00000380,false,Rx,0,8,B0,80,00,76,20,00,00,FE,
0,00000380,false,Rx,0,8,B0,80,00,76,20,00,00,FE,
0,00000588,false,Rx,0,8,0B,00,72,00,00,80,00,00,
0,00000380,false,Rx,0,8,B0,80,00,76,20,00,00,FE,
0,00000380,false,Rx,0,8,B0,80,00,76,20,00,00,FE,
0,00000588,false,Rx,0,8,0B,00,72,00,00,80,00,00,
0,00000380,false,Rx,0,8,B0,80,00,76,20,00,00,FE,
0,00000380,false,Rx,0,8,B0,80,00,76,20,00,00,FE,
0,00000588,false,Rx,0,8,0B,00,72,00,00,80,00,00,
0,00000380,false,Rx,0,8,B0,80,00,76,20,00,00,FE,
0,00000380,false,Rx,0,8,B0,80,00,76,20,00,00,FE,
733000,00000588,false,Rx,0,8,0B,00,72,00,00,80,00,00,
0,00000380,false,Rx,0,8,B0,80,00,76,20,00,00,FE,
0,00000380,false,Rx,0,8,B0,80,00,76,20,00,00,FE,
0,00000588,false,Rx,0,8,0B,00,72,00,00,80,00,00,
0,00000380,false,Rx,0,8,B0,80,00,76,20,00,00,FE,
0,00000380,false,Rx,0,8,B0,80,00,76,20,00,00,FE,
770000,00000588,false,Rx,0,8,0B,00,72,00,00,80,00,00,
0,00000380,false,Rx,0,8,B0,80,00,76,20,00,00,FE,
0,00000380,false,Rx,0,8,B0,80,00,76,20,00,00,FE,
0,00000588,false,Rx,0,8,0B,00,72,00,00,80,00,00,
0,00000380,false,Rx,0,8,B0,80,00,76,20,00,00,FE,
0,00000380,false,Rx,0,8,B0,80,00,76,20,00,00,FE,
0,00000588,false,Rx,0,8,0B,00,72,00,00,80,00,00,
0,00000380,false,Rx,0,8,B0,80,00,76,20,00,00,FE,
0,00000380,false,Rx,0,8,B0,80,00,76,20,00,00,FE,
0,00000588,false,Rx,0,8,0B,00,72,00,00,80,00,00,
0,00000380,false,Rx,0,8,B0,80,00,76,20,00,00,FE,
0,00000380,false,Rx,0,8,B0,80,00,76,20,00,00,FE,
0,00000588,false,Rx,0,8,0B,00,72,00,00,80,00,00,
0,00000380,false,Rx,0,8,B0,80,00,76,20,00,00,FE,
0,00000380,false,Rx,0,8,B0,80,00,76,20,00,00,FE,
0,00000588,false,Rx,0,8,0B,00,72,00,00,80,00,00,
0,00000380,false,Rx,0,8,B0,80,00,76,20,00,00,FE,
0,00000380,false,Rx,0,8,B0,80,00,76,20,00,00,FE,
0,00000588,false,Rx,0,8,0B,00,72,00,00,80,00,00,
0,00000380,false,Rx,0,8,B0,80,00,76,20,00,00,FE,
0,00000380,false,Rx,0,8,B0,80,00,76,20,00,00,FE,
914000,00000588,false,Rx,0,8,0B,00,72,00,00,80,00,00,
0,00000380,false,Rx,0,8,B0,80,00,76,20,00,00,FE,
0,00000380,false,Rx,0,8,B0,80,00,76,20,00,00,FE,
0,00000588,false,Rx,0,8,0B,00,72,00,00,80,00,00,
0,00000380,false,Rx,0,8,B0,80,00,76,20,00,00,FE,
0,00000380,false,Rx,0,8,B0,80,00,76,20,00,00,FE,
950000,00000588,false,Rx,0,8,0B,00,72,00,00,80,00,00,
0,00000380,false,Rx,0,8,B0,80,00,76,20,00,00,FE,
0,00000380,false,Rx,0,8,B0,80,00,76,20,00,00,FE,
0,00000588,false,Rx,0,8,0B,00,72,00,00,80,00,00,
0,00000380,false,Rx,0,8,B0,80,00,76,20,00,00,FE,
0,00000380,false,Rx,0,8,B0,80,00,76,20,00,00,FE,
0,00000588,false,Rx,0,8,0B,00,72,00,00,80,00,00,
0,00000380,false,Rx,0,8,B0,80,00,76,20,00,00,FE,
0,00000380,false,Rx,0,8,B0,80,00,76,20,00,00,FE,
0,00000588,false,Rx,0,8,0B,00,72,00,00,80,00,00,
0,00000380,false,Rx,0,8,B0,80,00,76,20,00,00,FE,
0,00000380,false,Rx,0,8,B0,80,00,76,20,00,00,FE,
0,00000588,false,Rx,0,8,0B,00,72,00,00,80,00,00,
0,00000380,false,Rx,0,8,B0,80,00,76,20,00,00,FE,
0,00000380,false,Rx,0,8,B0,80,00,76,20,00,00,FE,
0,00000588,false,Rx,0,8,0B,00,72,00,00,80,00,00,
0,00000380,false,Rx,0,8,B0,80,00,76,20,00,00,FE,
0,00000380,false,Rx,0,8,B0,80,00,76,20,00,00,FE,
0,00000588,false,Rx,0,8,0B,00,72,00,00,80,00,00,
0,00000380,false,Rx,0,8,B0,80,00,76,20,00,00,FE,
0,00000380,false,Rx,0,8,B0,80,00,76,20,00,00,FE,
0,00000588,false,Rx,0,8,0B,00,72,00,00,80,00,00,
0,00000380,false,Rx,0,8,B0,80,00,76,20,00,00,FE,
0,00000380,false,Rx,0,8,B0,80,00,76,20,00,00,FE,
114000,00000588,false,Rx,0,8,0B,00,72,00,00,80,00,00,
0,00000380,false,Rx,0,8,B0,80,00,76,20,00,00,FE,
0,00000380,false,Rx,0,8,B0,80,00,76,20,00,00,FE,
0,00000588,false,Rx,0,8,0B,00,72,00,00,80,00,00,
0,00000380,false,Rx,0,8,B0,80,00,76,20,00,00,FE,
0,00000380,false,Rx,0,8,B0,80,00,76,20,00,00,FE,
151000,00000588,false,Rx,0,8,0B,00,72,00,00,80,00,00,
0,00000380,false,Rx,0,8,B0,80,00,76,20,00,00,FE,
0,00000380,false,Rx,0,8,B0,80,00,76,20,00,00,FE,
0,00000588,false,Rx,0,8,0B,00,72,00,00,80,00,00,
0,00000380,false,Rx,0,8,B0,80,00,76,20,00,00,FE,
0,00000380,false,Rx,0,8,B0,80,00,76,20,00,00,FE,
0,00000588,false,Rx,0,8,0B,00,72,00,00,80,00,00,
0,00000380,false,Rx,0,8,B0,80,00,76,20,00,00,FE,
0,00000380,false,Rx,0,8,B0,80,00,76,20,00,00,FE,
0,00000588,false,Rx,0,8,0B,00,72,00,00,80,00,00,
0,00000380,false,Rx,0,8,B0,80,00,76,20,00,00,FE,
0,00000380,false,Rx,0,8,B0,80,00,76,20,00,00,FE,
0,00000588,false,Rx,0,8,0B,00,72,00,00,80,00,00,
0,00000380,false,Rx,0,8,B0,80,00,76,20,00,00,FE,
0,00000380,false,Rx,0,8,B0,80,00,76,20,00,00,FE,
0,00000588,false,Rx,0,8,0B,00,72,00,00,80,00,00,
0,00000380,false,Rx,0,8,B0,80,00,76,20,00,00,FE,
0,00000380,false,Rx,0,8,B0,80,00,76,20,00,00,FE,
0,00000588,false,Rx,0,8,0B,00,72,00,00,80,00,00,
0,00000380,false,Rx,0,8,B0,80,00,76,20,00,00,FE,
0,00000380,false,Rx,0,8,B0,80,00,76,20,00,00,FE,
295000,00000588,false,Rx,0,8,0B,00,72,00,00,80,00,00,
0,00000380,false,Rx,0,8,B0,80,00,76,20,00,00,FE,
0,00000380,false,Rx,0,8,B0,80,00,76,20,00,00,FE,
0,00000588,false,Rx,0,8,0B,00,72,00,00,80,00,00,
0,00000380,false,Rx,0,8,B0,80,00,76,20,00,00,FE,
0,00000380,false,Rx,0,8,B0,80,00,76,20,00,00,FE,
331000,00000588,false,Rx,0,8,0B,00,72,00,00,80,00,00,
0,00000380,false,Rx,0,8,B0,80,00,76,20,00,00,FE,
0,00000380,false,Rx,0,8,B0,80,00,76,20,00,00,FE,
0,00000588,false,Rx,0,8,0B,00,72,00,00,80,00,00,
0,00000380,false,Rx,0,8,B0,80,00,76,20,00,00,FE,
0,00000380,false,Rx,0,8,B0,80,00,76,20,00,00,FE,
0,00000588,false,Rx,0,8,0B,00,72,00,00,80,00,00,
0,00000380,false,Rx,0,8,B0,80,00,76,20,00,00,FE,
0,00000380,false,Rx,0,8,B0,80,00,76,20,00,00,FE,
0,00000588,false,Rx,0,8,0B,00,72,00,00,80,00,00,
0,00000380,false,Rx,0,8,B0,80,00,76,20,00,00,FE,
0,00000380,false,Rx,0,8,B0,80,00,76,20,00,00,FE,
0,00000588,false,Rx,0,8,0B,00,72,00,00,80,00,00,
0,00000380,false,Rx,0,8,B0,80,00,76,20,00,00,FE,
0,00000380,false,Rx,0,8,B0,80,00,76,20,00,00,FE,
0,00000588,false,Rx,0,8,0B,00,72,00,00,80,00,00,
0,00000380,false,Rx,0,8,B0,80,00,76,20,00,00,FE,
0,00000380,false,Rx,0,8,B0,80,00,76,20,00,00,FE,
0,00000588,false,Rx,0,8,0B,00,72,00,00,80,00,00,
0,00000380,false,Rx,0,8,B0,80,00,76,20,00,00,FE,
0,00000380,false,Rx,0,8,B0,80,00,76,20,00,00,FE,
475000,00000588,false,Rx,0,8,0B,00,72,00,00,80,00,00,
0,00000380,false,Rx,0,8,B0,80,00,76,20,00,00,FE,
0,00000380,false,Rx,0,8,B0,80,00,76,20,00,00,FE,
0,00000588,false,Rx,0,8,0B,00,72,00,00,80,00,00,
0,00000380,false,Rx,0,8,B0,80,00,76,20,00,00,FE,
0,00000380,false,Rx,0,8,B0,80,00,76,20,00,00,FE,
0,00000588,false,Rx,0,8,0B,00,72,00,00,80,00,00,
0,00000380,false,Rx,0,8,B0,80,00,76,20,00,00,FE,
0,00000380,false,Rx,0,8,B0,80,00,76,20,00,00,FE,
532000,00000588,false,Rx,0,8,0B,00,72,00,00,80,00,00,
0,00000380,false,Rx,0,8,B0,80,00,76,20,00,00,FE,
0,00000380,false,Rx,0,8,B0,80,00,76,20,00,00,FE,
0,00000588,false,Rx,0,8,0B,00,72,00,00,80,00,00,
0,00000380,false,Rx,0,8,B0,80,00,76,20,00,00,FE,
0,00000380,false,Rx,0,8,B0,80,00,76,20,00,00,FE,
0,00000588,false,Rx,0,8,0B,00,72,00,00,80,00,00,
0,00000380,false,Rx,0,8,B0,80,00,76,20,00,00,FE,
0,00000380,false,Rx,0,8,B0,80,00,76,20,00,00,FE,
0,00000588,false,Rx,0,8,0B,00,72,00,00,80,00,00,
0,00000380,false,Rx,0,8,B0,80,00,76,20,00,00,FE,
0,00000380,false,Rx,0,8,B0,80,00,76,20,00,00,FE,
0,00000588,false,Rx,0,8,0B,00,72,00,00,80,00,00,
0,00000380,false,Rx,0,8,B0,80,00,76,20,00,00,FE,
0,00000380,false,Rx,0,8,B0,80,00,76,20,00,00,FE,
0,00000588,false,Rx,0,8,0B,00,72,00,00,80,00,00,
0,00000380,false,Rx,0,8,B0,80,00,76,20,00,00,FE,
0,00000380,false,Rx,0,8,B0,80,00,76,20,00,00,FE,
0,00000588,false,Rx,0,8,0B,00,72,00,00,80,00,00,
0,00000380,false,Rx,0,8,B0,80,00,76,20,00,00,FE,
0,00000380,false,Rx,0,8,B0,80,00,76,20,00,00,FE,
675000,00000588,false,Rx,0,8,0B,00,72,00,00,80,00,00,
0,00000380,false,Rx,0,8,B0,80,00,76,20,00,00,FE,
0,00000380,false,Rx,0,8,B0,80,00,76,20,00,00,FE,
0,00000588,false,Rx,0,8,0B,00,72,00,00,80,00,00,
0,00000380,false,Rx,0,8,B0,80,00,76,20,00,00,FE,
0,00000380,false,Rx,0,8,B0,80,00,76,20,00,00,FE,
712000,00000588,false,Rx,0,8,0B,00,72,00,00,80,00,00,
0,00000380,false,Rx,0,8,B0,80,00,76,20,00,00,FE,
0,00000380,false,Rx,0,8,B0,80,00,76,20,00,00,FE,
0,00000588,false,Rx,0,8,0B,00,72,00,00,80,00,00,
0,00000380,false,Rx,0,8,B0,80,00,76,20,00,00,FE,
0,00000380,false,Rx,0,8,B0,80,00,76,20,00,00,FE,
0,00000588,false,Rx,0,8,0B,00,72,00,00,80,00,00,
0,00000380,false,Rx,0,8,B0,80,00,76,20,00,00,FE,
0,00000380,false,Rx,0,8,B0,80,00,76,20,00,00,FE,
0,00000588,false,Rx,0,8,0B,00,72,00,00,80,00,00,
0,00000380,false,Rx,0,8,B0,80,00,76,20,00,00,FE,
0,00000380,false,Rx,0,8,B0,80,00,76,20,00,00,FE,
0,00000588,false,Rx,0,8,0B,00,72,00,00,80,00,00,
0,00000380,false,Rx,0,8,B0,80,00,76,20,00,00,FE,
0,00000380,false,Rx,0,8,B0,80,00,76,20,00,00,FE,
0,00000284,false,Rx,0,6,07,07,00,00,00,00,00,00,
0,00000380,false,Rx,0,8,B0,80,00,76,20,00,00,FE,
0,00000380,false,Rx,0,8,B0,80,00,76,20,00,00,FE,
0,00000588,false,Rx,0,8,0B,00,72,00,00,80,00,00,
0,00000380,false,Rx,0,8,B0,80,00,76,20,00,00,FE,
0,00000380,false,Rx,0,8,B0,80,00,76,20,00,00,FE,
0,00000284,false,Rx,0,6,09,09,00,00,00,00,00,00,
0,00000380,false,Rx,0,8,B0,80,00,76,20,00,00,FE,
0,00000380,false,Rx,0,8,B0,80,00,76,20,00,00,FE,
0,00000588,false,Rx,0,8,0B,00,72,00,00,80,00,00,
0,00000380,false,Rx,0,8,B0,80,00,76,20,00,00,FE,
0,00000380,false,Rx,0,8,B0,80,00,76,20,00,00,FE,
0,00000284,false,Rx,0,6,0B,0B,00,00,00,00,00,00,
0,00000380,false,Rx,0,8,B0,80,00,76,20,00,00,FE,
0,00000380,false,Rx,0,8,B0,80,00,76,20,00,00,FE,
0,00000588,false,Rx,0,8,0B,00,72,00,00,80,00,00,
0,00000380,false,Rx,0,8,B0,80,00,76,20,00,00,FE,
0,00000380,false,Rx,0,8,B0,80,00,76,20,00,00,FE,
0,00000284,false,Rx,0,6,0D,0D,00,00,00,00,00,00,
0,00000380,false,Rx,0,8,B0,80,00,76,20,00,00,FE,
0,00000380,false,Rx,0,8,B0,80,00,76,20,00,00,FE,
0,00000588,false,Rx,0,8,0B,00,72,00,00,80,00,00,
0,00000380,false,Rx,0,8,B0,80,00,76,20,00,00,FE,
0,00000380,false,Rx,0,8,B0,80,00,76,20,00,00,FE,
0,00000284,false,Rx,0,6,0F,0F,00,00,00,00,00,00,
0,00000380,false,Rx,0,8,B0,80,00,76,20,00,00,FE,
0,00000380,false,Rx,0,8,B0,80,00,76,20,00,00,FE,
0,00000284,false,Rx,0,6,00,00,00,00,00,00,00,00,
0,00000380,false,Rx,0,8,B0,80,00,76,20,00,00,FE,
0,00000380,false,Rx,0,8,B0,80,00,76,20,00,00,FE,
0,00000284,false,Rx,0,6,01,01,00,00,00,00,00,00,
0,00000380,false,Rx,0,8,B0,80,00,76,20,00,00,FE,
0,00000380,false,Rx,0,8,B0,80,00,76,20,00,00,FE,
0,00000284,false,Rx,0,6,02,02,00,00,00,00,00,00,
0,00000380,false,Rx,0,8,B0,80,00,76,20,00,00,FE,
0,00000380,false,Rx,0,8,B0,80,00,76,20,00,00,FE,
0,00000284,false,Rx,0,6,03,03,00,00,00,00,00,00,
0,00000300,false,Rx,0,6,A1,0F,8A,FF,4A,FF,00,00,
0,00000488,false,Rx,0,8,FF,23,00,72,FE,FF,FF,50,
0,00000380,false,Rx,0,8,B0,80,00,76,20,00,00,FE,
0,00000284,false,Rx,0,6,04,04,00,00,00,00,00,00,
0,00000380,false,Rx,0,8,B0,80,00,76,20,00,00,FE,
0,00000380,false,Rx,0,8,B0,80,00,76,20,00,00,FE,
0,00000284,false,Rx,0,6,05,05,00,00,00,00,00,00,
0,00000380,false,Rx,0,8,B0,80,00,76,20,00,00,FE,
0,00000380,false,Rx,0,8,B0,80,00,76,20,00,00,FE,
0,00000284,false,Rx,0,6,06,06,00,00,00,00,00,00,
0,00000380,false,Rx,0,8,B0,80,00,76,20,00,00,FE,
0,00000380,false,Rx,0,8,B0,80,00,76,20,00,00,FE,
0,00000284,false,Rx,0,6,07,07,00,00,00,00,00,00,
0,00000380,false,Rx,0,8,B0,80,00,76,20,00,00,FE,
0,00000380,false,Rx,0,8,B0,80,00,76,20,00,00,FE,
0,00000284,false,Rx,0,6,08,08,00,00,00,00,00,00,
0,00000380,false,Rx,0,8,B0,80,00,76,20,00,00,FE,
0,00000380,false,Rx,0,8,B0,80,00,76,20,00,00,FE,
0,00000284,false,Rx,0,6,09,09,00,00,00,00,00,00,
0,00000380,false,Rx,0,8,B0,80,00,76,20,00,00,FE,
0,00000380,false,Rx,0,8,B0,80,00,76,20,00,00,FE,
0,00000284,false,Rx,0,6,0A,0A,00,00,00,00,00,00,
0,00000380,false,Rx,0,8,B0,80,00,76,20,00,00,FE,
0,00000380,false,Rx,0,8,B0,80,00,76,20,00,00,FE,
0,00000284,false,Rx,0,6,0B,0B,00,00,00,00,00,00,
0,00000380,false,Rx,0,8,B0,80,00,76,20,00,00,FE,
0,00000380,false,Rx,0,8,B0,80,00,76,20,00,00,FE,
0,00000284,false,Rx,0,6,0C,0C,00,00,00,00,00,00,
0,00000380,false,Rx,0,8,B0,80,00,76,20,00,00,FE,
0,00000380,false,Rx,0,8,B0,80,00,76,20,00,00,FE,
0,00000284,false,Rx,0,6,0D,0D,00,00,00,00,00,00,
0,00000380,false,Rx,0,8,B0,80,00,76,20,00,00,FE,
0,00000380,false,Rx,0,8,B0,80,00,76,20,00,00,FE,
0,00000284,false,Rx,0,6,0E,0E,00,00,00,00,00,00,
0,00000380,false,Rx,0,8,B0,80,00,76,20,00,00,FE,
0,00000380,false,Rx,0,8,B0,80,00,76,20,00,00,FE,
0,00000284,false,Rx,0,6,0F,0F,00,00,00,00,00,00,
0,00000380,false,Rx,0,8,B0,80,00,76,20,00,00,FE,
0,00000380,false,Rx,0,8,B0,80,00,76,20,00,00,FE,
0,00000284,false,Rx,0,6,00,00,00,00,00,00,00,00,
0,00000380,false,Rx,0,8,B0,80,00,76,20,00,00,FE,
0,00000380,false,Rx,0,8,B0,80,00,76,20,00,00,FE,
0,00000284,false,Rx,0,6,01,01,00,00,00,00,00,00,
0,00000380,false,Rx,0,8,B0,80,00,76,20,00,00,FE,
0,00000380,false,Rx,0,8,B0,80,00,76,20,00,00,FE,
0,00000284,false,Rx,0,6,02,02,00,00,00,00,00,00,
0,00000380,false,Rx,0,8,B0,80,00,76,20,00,00,FE,
0,00000380,false,Rx,0,8,B0,80,00,76,20,00,00,FE,
0,00000284,false,Rx,0,6,03,03,00,00,00,00,00,00,
0,00000380,false,Rx,0,8,B0,80,00,76,20,00,00,FE,
0,00000380,false,Rx,0,8,B0,80,00,76,20,00,00,FE,
0,00000284,false,Rx,0,6,04,04,00,00,00,00,00,00,
0,00000380,false,Rx,0,8,B0,80,00,76,20,00,00,FE,
0,00000380,false,Rx,0,8,B0,80,00,76,20,00,00,FE,
0,00000284,false,Rx,0,6,05,05,00,00,00,00,00,00,
0,00000380,false,Rx,0,8,B0,80,00,76,20,00,00,FE,
0,00000380,false,Rx,0,8,B0,80,00,76,20,00,00,FE,
0,00000284,false,Rx,0,6,06,06,00,00,00,00,00,00,
0,00000380,false,Rx,0,8,B0,80,00,76,20,00,00,FE,
0,00000380,false,Rx,0,8,B0,80,00,76,20,00,00,FE,
0,00000284,false,Rx,0,6,07,07,00,00,00,00,00,00,
0,00000380,false,Rx,0,8,B0,80,00,76,20,00,00,FE,
0,00000380,false,Rx,0,8,B0,80,00,76,20,00,00,FE,
0,00000284,false,Rx,0,6,08,08,00,00,00,00,00,00,
0,00000380,false,Rx,0,8,B0,80,00,76,20,00,00,FE,
0,00000380,false,Rx,0,8,B0,80,00,76,20,00,00,FE,
0,00000284,false,Rx,0,6,09,09,00,00,00,00,00,00,
0,00000380,false,Rx,0,8,B0,80,00,76,20,00,00,FE,
0,00000380,false,Rx,0,8,B0,80,00,76,20,00,00,FE,
0,00000284,false,Rx,0,6,0A,0A,00,00,00,00,00,00,
0,00000380,false,Rx,0,8,B0,80,00,76,20,00,00,FE,
0,00000380,false,Rx,0,8,B0,80,00,76,20,00,00,FE,
0,00000284,false,Rx,0,6,0B,0B,00,00,00,00,00,00,
0,00000380,false,Rx,0,8,B0,80,00,76,20,00,00,FE,
0,00000380,false,Rx,0,8,B0,80,00,76,20,00,00,FE,
0,00000284,false,Rx,0,6,0C,0C,00,00,00,00,00,00,
0,00000380,false,Rx,0,8,B0,80,00,76,20,00,00,FE,
0,00000380,false,Rx,0,8,B0,80,00,76,20,00,00,FE,
0,00000740,false,Rx,0,1,A3,00,00,00,00,00,00,00,
0,00000284,false,Rx,0,6,0D,0D,00,00,00,00,00,00,
0,00000380,false,Rx,0,8,B0,80,00,76,20,00,00,FE,
0,00000380,false,Rx,0,8,B0,80,00,76,20,00,00,FE,
0,00000284,false,Rx,0,6,0E,0E,00,00,00,00,00,00,
0,00000380,false,Rx,0,8,B0,80,00,76,20,00,00,FE,
0,00000380,false,Rx,0,8,B0,80,00,76,20,00,00,FE,
0,00000284,false,Rx,0,6,0F,0F,00,00,00,00,00,00,
0,00000380,false,Rx,0,8,B0,80,00,76,20,00,00,FE,
0,00000380,false,Rx,0,8,B0,80,00,76,20,00,00,FE,
0,00000284,false,Rx,0,6,00,00,00,00,00,00,00,00,
